custom/mean_reward,terminal/collision_other,terminal/collision_vehicle,terminal/too_fast,terminal/stopped,custom/total_reward,custom/avg_speed,custom/overtake_reward,custom/blocked_time,terminal/off_track,terminal/route_done,custom/routes_completed,custom/total_distance,custom/overtakes,terminal/solid_line,time/time_elapsed,rollout/ep_len_mean,time/total_timesteps,train/std,time/episodes,rollout/ep_rew_mean,time/fps,attention/throttle/maneuver,attention/steer_share/prev_action,attention/steer_sensors_vs_route,attention/throttle/speed,attention/steer/sensors,attention/steer_share/next_angle,attention/throttle_share/maneuver,attention/steer/route,attention/steer_share/speed,attention/throttle_share/speed,attention/throttle/sensors,attention/steer_share/lidar,attention/throttle/waypoints,attention/steer/prev_action,attention/throttle/route,attention/steer/next_angle,attention/steer/lidar,attention/throttle_share/lidar,attention/throttle/prev_action,attention/throttle_share/waypoints,attention/steer/waypoints,attention/steer_share/maneuver,attention/throttle_share/prev_action,attention/steer/cam,attention/throttle/cam,attention/throttle/lidar,attention/throttle_share/cam,attention/steer_share/waypoints,attention/throttle_share/next_angle,attention/steer/speed,attention/throttle/next_angle,attention/steer_share/cam,attention/steer/maneuver,train/n_updates,train/ent_coef_loss,train/actor_loss,train/ent_coef,train/critic_loss,train/learning_rate
-0.1367357552096195,0.0,0.0,0.0,0.0,-24.47570018252189,23.167009587107774,15.987497538546068,0.0,1.0,0.0,0.02774869109947644,57.2913995506824,0,0.0,,,,,,,,,,,,,,,,,,,,,,,,,,,,,,,,,,,,,,,,,,,,,,
-0.4472295268986242,0.0,0.0,0.0,0.0,-38.90896884018031,16.05677590145963,0.0,0.0,1.0,0.0,0.006041079339508659,19.13680450466927,0,0.0,,,,,,,,,,,,,,,,,,,,,,,,,,,,,,,,,,,,,,,,,,,,,,
-0.2423808554528664,1.0,0.0,0.0,0.0,-11.634281061737587,9.559758779920708,0.0,0.0,0.0,0.0,0.0021249468763280916,6.24826686445158,0,0.0,,,,,,,,,,,,,,,,,,,,,,,,,,,,,,,,,,,,,,,,,,,,,,
-0.4340051513816057,0.0,0.0,0.0,0.0,-56.85467483099035,19.670024697806085,0.0,0.0,1.0,0.0,0.017675415104445636,35.54857487475965,0,0.0,,,,,,,,,,,,,,,,,,,,,,,,,,,,,,,,,,,,,,,,,,,,,,
,,,,,,,,,,,,,,,16,110.25,441,0.22313019633293152,4,-33.07424625,26,,,,,,,,,,,,,,,,,,,,,,,,,,,,,,,,,,,,,,,
-0.2339834390530934,0.0,0.0,0.0,0.0,-29.71589675974286,22.29110914530149,17.835125033811703,0.0,1.0,0.0,0.01857429718875502,39.03725459316047,0,0.0,,,,,,,,,,,,,,,,,,,,,,,,,,,,,,,,,,,,,,,,,,,,,,
-0.24641930750836302,0.0,0.0,0.0,0.0,-34.49870305117082,21.24553690959748,0.0,4.299999999999993,1.0,0.0,0.015430775825117874,41.050822783086915,0,0.0,,,,,,,,,,,,,,,,,,,,,,,,,,,,,,,,,,,,,,,,,,,,,,
0.04558174043705386,0.0,0.0,0.0,0.0,7.475405431676833,24.733031664529143,49.368396794153675,0.0,1.0,0.0,0.0265210608424337,56.03214129246771,0,0.0,,,,,,,,,,,,,,,,,,,,,,,,,,,,,,,,,,,,,,,,,,,,,,
-0.49593201979069734,0.0,0.0,0.0,0.0,-40.66642562283718,16.40526194535096,0.0,0.0,1.0,0.0,0.0065986802639472104,18.393950778990984,0,0.0,,,,,,,,,,,,,,,,,,,,,,,,,,,,,,,,,,,,,,,,,,,,,,
,,,,,,,,,,,,,,,34,118.75,950,0.22313019633293152,8,-28.76574575,27,,,,,,,,,,,,,,,,,,,,,,,,,,,,,,,,,,,,,,,
-0.0065164433914533205,0.0,0.0,0.0,0.0,-0.6190621221880654,17.86780742589723,0.0,0.0,1.0,0.0,0.013520540821632865,23.329796108417213,0,0.0,,,,,,,,,,,,,,,,,,,,,,,,,,,,,,,,,,,,,,,,,,,,,,
-0.22315896563791165,1.0,0.0,0.0,0.0,-16.960081388481285,15.939094496831821,0.0,0.0,0.0,0.0,0.007045171985080812,16.642330284696072,0,0.0,,,,,,,,,,,,,,,,,,,,,,,,,,,,,,,,,,,,,,,,,,,,,,
-0.1700199077262771,0.0,0.0,0.0,0.0,-11.391333817660565,12.538995107778838,0.0,3.149999999999997,1.0,0.0,0.005690636316606311,11.496377016417682,0,0.0,,,,,,,,,,,,,,,,,,,,,,,,,,,,,,,,,,,,,,,,,,,,,,
-0.40267169586942586,1.0,0.0,0.0,0.0,-31.408392277815217,13.07470704311826,0.0,0.0,0.0,0.0,0.005734450816056462,14.01931204693392,0,0.0,,,,,,,,,,,,,,,,,,,,,,,,,,,,,,,,,,,,,,,,,,,,,,
,,,,,,,,,,,,,,,45,105.16666666666667,1262,0.22313019633293152,12,-24.226376166666668,27,,,,,,,,,,,,,,,,,,,,,,,,,,,,,,,,,,,,,,,
-0.2942910887576224,0.0,0.0,0.0,0.0,-42.377916781097625,18.862761442434575,0.0,1.2000000000000004,1.0,0.0,0.015391380826737027,37.46752290322911,0,0.0,,,,,,,,,,,,,,,,,,,,,,,,,,,,,,,,,,,,,,,,,,,,,,
-0.16317272766204238,0.0,0.0,0.0,0.0,-19.254381864121,20.423196913606425,11.318284568839381,0.0,1.0,0.0,0.015151515151515152,33.195045550120994,0,0.0,,,,,,,,,,,,,,,,,,,,,,,,,,,,,,,,,,,,,,,,,,,,,,
-0.5928744594509716,0.0,0.0,0.0,0.0,-121.53926418744919,21.637167110305104,0.0,0.0,1.0,0.0,0.035045317220543805,61.31418222305365,0,0.0,,,,,,,,,,,,,,,,,,,,,,,,,,,,,,,,,,,,,,,,,,,,,,
-0.08271967611094666,0.0,0.0,0.0,0.0,-11.994353036087265,20.922979284245947,0.0,0.0,1.0,0.0,0.020678685047720042,41.85501065000426,0,0.0,,,,,,,,,,,,,,,,,,,,,,,,,,,,,,,,,,,,,,,,,,,,,,
,,,,,,,,,,,,,,,67,116.875,1870,0.22313019633293152,16,-30.394111875000004,27,,,,,,,,,,,,,,,,,,,,,,,,,,,,,,,,,,,,,,,
-0.3283605362017301,1.0,0.0,0.0,0.0,-57.134733299101036,27.395983277509917,0.0,0.0,0.0,0.0,0.01290609701824655,65.95426884200424,0,0.0,,,,,,,,,,,,,,,,,,,,,,,,,,,,,,,,,,,,,,,,,,,,,,
-0.23936203339146012,0.0,0.0,0.0,0.0,-17.23406640418513,12.104724664632506,0.0,0.0,1.0,0.0,0.005349977708426215,11.920630188658834,0,0.0,,,,,,,,,,,,,,,,,,,,,,,,,,,,,,,,,,,,,,,,,,,,,,
-0.4188019626490418,0.0,0.0,0.0,0.0,-73.70914542623136,22.30237720589777,0.0,0.0,1.0,0.0,0.025393600812595226,54.23921686341055,0,0.0,,,,,,,,,,,,,,,,,,,,,,,,,,,,,,,,,,,,,,,,,,,,,,
-0.08193262015223186,0.0,0.0,0.0,0.0,-7.8655315346142585,16.319869153921086,0.0,0.0,1.0,0.0,0.009075194468452896,21.53588803485036,0,0.0,,,,,,,,,,,,,,,,,,,,,,,,,,,,,,,,,,,,,,,,,,,,,,
,,,,,,,,,,,,,,,86,119.2,2384,0.22313019633293152,20,-32.133631300000005,27,,,,,,,,,,,,,,,,,,,,,,,,,,,,,,,,,,,,,,,
-0.27048792577544495,0.0,0.0,0.0,0.0,-26.507816725993603,17.273371156972427,9.792630539795518,0.0,1.0,0.0,0.008115419296663661,23.232584154233336,0,0.0,,,,,,,,,,,,,,,,,,,,,,,,,,,,,,,,,,,,,,,,,,,,,,
-0.4220823908733361,0.0,0.0,0.0,0.0,-79.77357187506053,22.994038901925812,14.535836368500542,0.0,1.0,0.0,0.03866317169069463,60.00912346318364,0,0.0,,,,,,,,,,,,,,,,,,,,,,,,,,,,,,,,,,,,,,,,,,,,,,
-0.09184982250764183,0.0,0.0,0.0,0.0,-12.675275506054572,20.96499648566873,8.685795643974224,0.0,1.0,0.0,0.014178482068390326,39.90367067675106,0,0.0,,,,,,,,,,,,,,,,,,,,,,,,,,,,,,,,,,,,,,,,,,,,,,
-0.43781281164643165,0.0,0.0,0.0,0.0,-74.86599079153982,24.766319134223,0.0,0.0,1.0,0.0,0.026222894604135148,58.49963001185097,0,0.0,,,,,,,,,,,,,,,,,,,,,,,,,,,,,,,,,,,,,,,,,,,,,,
,,,,,,,,,,,,,,,105,124.0,2976,0.22313019633293152,24,-34.87161008333333,28,,,,,,,,,,,,,,,,,,,,,,,,,,,,,,,,,,,,,,,
0.005980430115397398,0.0,0.0,0.0,0.0,0.7296124740784826,18.14375414529797,21.11690051978457,0.7000000000000001,1.0,0.0,0.015772870662460567,30.500696656061336,0,0.0,,,,,,,,,,,,,,,,,,,,,,,,,,,,,,,,,,,,,,,,,,,,,,
-0.4118815706489888,0.0,0.0,0.0,0.0,-46.130735912686745,18.606728031132267,0.0,0.0,1.0,0.0,0.011538461538461539,28.675268380437046,0,0.0,,,,,,,,,,,,,,,,,,,,,,,,,,,,,,,,,,,,,,,,,,,,,,
-0.09491200733367897,0.0,0.0,0.0,0.0,-9.396288726034218,15.484276770452245,11.188205850988286,0.0,1.0,0.0,0.009220839096357769,21.084626261610538,0,0.0,,,,,,,,,,,,,,,,,,,,,,,,,,,,,,,,,,,,,,,,,,,,,,
-0.028724879172712377,0.0,0.0,0.0,0.0,-2.671413763062251,18.091861292466554,0.0,0.0,1.0,0.0,0.011404872991187144,23.11864875839092,0,0.0,,,,,,,,,,,,,,,,,,,,,,,,,,,,,,,,,,,,,,,,,,,,,,
,,,,,,,,,,,,,,,121,121.35714285714286,3398,0.22313019633293152,28,-31.949969571428568,27,,,,,,,,,,,,,,,,,,,,,,,,,,,,,,,,,,,,,,,
-0.4705582887320819,0.0,0.0,0.0,0.0,-43.291362563351534,15.605706689070876,0.0,0.0,1.0,0.0,0.006929637526652452,19.682736480608582,0,0.0,,,,,,,,,,,,,,,,,,,,,,,,,,,,,,,,,,,,,,,,,,,,,,
-0.3915847711770715,1.0,0.0,0.0,0.0,-30.54361215181158,11.800354153918981,0.0,0.0,0.0,0.0,0.007366482504604052,12.696258729323745,0,0.0,,,,,,,,,,,,,,,,,,,,,,,,,,,,,,,,,,,,,,,,,,,,,,
-0.47885278683973287,0.0,0.0,0.0,0.0,-64.16627343652421,19.959671610858404,0.0,0.0,1.0,0.0,0.018920422927100722,36.88571422803216,0,0.0,,,,,,,,,,,,,,,,,,,,,,,,,,,,,,,,,,,,,,,,,,,,,,
-0.3060098739823743,0.0,0.0,0.0,0.0,-29.376947902307933,20.968125914584288,10.307602055092959,0.0,1.0,0.0,0.012115093387178193,27.675617322558537,0,0.0,,,,,,,,,,,,,,,,,,,,,,,,,,,,,,,,,,,,,,,,,,,,,,
,,,,,,,,,,,,,,,135,118.5625,3794,0.22313019633293152,32,-33.20002196875,27,,,,,,,,,,,,,,,,,,,,,,,,,,,,,,,,,,,,,,,
-0.5279910954008912,1.0,0.0,0.0,0.0,-88.17451293194883,23.62401944223622,0.0,0.0,0.0,0.0,0.02206836867157075,54.57791778969113,0,0.0,,,,,,,,,,,,,,,,,,,,,,,,,,,,,,,,,,,,,,,,,,,,,,
-0.2153910383694778,0.0,0.0,0.0,0.0,-27.35466187292368,19.16501742575144,0.0,0.0,1.0,0.0,0.018983466013472138,33.551757307523076,0,0.0,,,,,,,,,,,,,,,,,,,,,,,,,,,,,,,,,,,,,,,,,,,,,,
-0.29809300229224484,0.0,0.0,0.0,0.0,-36.36734627965387,18.358608510661604,0.0,0.0,1.0,0.0,0.011519716437749225,30.84985577437328,0,0.0,,,,,,,,,,,,,,,,,,,,,,,,,,,,,,,,,,,,,,,,,,,,,,
-0.3726841236891254,1.0,0.0,0.0,0.0,-42.11330597687117,18.843312310234364,0.0,0.0,0.0,0.0,0.010984182776801407,29.49028337385971,0,0.0,,,,,,,,,,,,,,,,,,,,,,,,,,,,,,,,,,,,,,,,,,,,,,
,,,,,,,,,,,,,,,154,119.97222222222223,4319,0.22313019633293152,36,-34.912052499999994,28,,,,,,,,,,,,,,,,,,,,,,,,,,,,,,,,,,,,,,,
0.02118828356458,0.0,0.0,0.0,0.0,2.7332885798308197,18.129648782543416,0.0,1.1500000000000004,1.0,0.0,0.018007878446820485,32.23597092041746,0,0.0,,,,,,,,,,,,,,,,,,,,,,,,,,,,,,,,,,,,,,,,,,,,,,
-0.0630597245371306,0.0,0.0,0.0,0.0,-5.990673831027407,16.990629924191552,0.0,0.0,1.0,0.0,0.01154068090017311,22.195706272730604,0,0.0,,,,,,,,,,,,,,,,,,,,,,,,,,,,,,,,,,,,,,,,,,,,,,
-0.4559578953197544,0.0,0.0,0.0,0.0,-49.243452694533474,16.910411966499495,0.0,0.0,1.0,0.0,0.008932769158439116,25.141389173688367,0,0.0,,,,,,,,,,,,,,,,,,,,,,,,,,,,,,,,,,,,,,,,,,,,,,
-0.24491350433292164,0.0,0.0,0.0,0.0,-18.613426329302044,11.363708236561521,0.0,3.049999999999997,1.0,0.0,0.005212858384013901,11.833651060369448,0,0.0,,,,,,,,,,,,,,,,,,,,,,,,,,,,,,,,,,,,,,,,,,,,,,
,,,,,,,,,,,,,,,168,118.075,4723,0.22313019633293152,40,-33.203995875,28,,,,,,,,,,,,,,,,,,,,,,,,,,,,,,,,,,,,,,,
-0.08385960974721778,0.0,0.0,0.0,0.0,-11.65648575486327,21.045563212293864,14.355491019358768,0.0,1.0,0.0,0.015957446808510637,40.35412666806951,0,0.0,,,,,,,,,,,,,,,,,,,,,,,,,,,,,,,,,,,,,,,,,,,,,,
-0.2289191315618147,0.0,0.0,0.0,0.0,-36.169222786766724,22.285174969899085,0.0,0.0,1.0,0.0,0.025671641791044777,48.62144080188591,0,0.0,,,,,,,,,,,,,,,,,,,,,,,,,,,,,,,,,,,,,,,,,,,,,,
-0.1682090034666621,0.0,0.0,0.0,0.0,-12.95209326693298,12.853320630020345,7.470296864406756,0.0,1.0,0.0,0.005620608899297424,13.54403579980135,0,0.0,,,,,,,,,,,,,,,,,,,,,,,,,,,,,,,,,,,,,,,,,,,,,,
-0.479446792756114,0.0,0.0,0.0,0.0,-98.76603930775948,28.86341388064973,0.0,0.0,1.0,0.0,0.033585222502099076,82.25172227306757,0,0.0,,,,,,,,,,,,,,,,,,,,,,,,,,,,,,,,,,,,,,,,,,,,,,
,,,,,,,,,,,,,,,192,120.43181818181819,5299,0.22313019633293152,44,-33.821069,27,,,,,,,,,,,,,,,,,,,,,,,,,,,,,,,,,,,,,,,
-0.27952263504663005,0.0,0.0,0.0,0.0,-27.672740869616373,16.259208592398238,5.679248129514377,0.0,1.0,0.0,0.00864260294865277,22.10596504062414,0,0.0,,,,,,,,,,,,,,,,,,,,,,,,,,,,,,,,,,,,,,,,,,,,,,
-0.3310474100998928,0.0,0.0,0.0,0.0,-32.1115987796896,17.05004338571672,7.643815645837338,0.0,1.0,0.0,0.011703511053315995,22.729690962238237,0,0.0,,,,,,,,,,,,,,,,,,,,,,,,,,,,,,,,,,,,,,,,,,,,,,
-0.21432967835184438,0.0,0.0,0.0,0.0,-13.074110379462507,11.901258417256791,0.0,0.0,1.0,0.0,0.004962779156327543,9.904217382427305,0,0.0,,,,,,,,,,,,,,,,,,,,,,,,,,,,,,,,,,,,,,,,,,,,,,
-0.11311252704378796,0.0,0.0,0.0,0.0,-20.925817503100774,23.726698955908187,0.0,0.0,1.0,0.0,0.037283621837549935,60.68977754935622,0,0.0,,,,,,,,,,,,,,,,,,,,,,,,,,,,,,,,,,,,,,,,,,,,,,
,,,,,,,,,,,,,,,208,119.52083333333333,5737,0.22313019633293152,48,-32.965305479166666,27,,,,,,,,,,,,,,,,,,,,,,,,,,,,,,,,,,,,,,,
-0.1552959996609819,0.0,0.0,0.0,0.0,-12.889567971861497,13.79636110984545,10.788120224096112,0.0,1.0,0.0,0.0071633237822349575,15.708756988635287,0,0.0,,,,,,,,,,,,,,,,,,,,,,,,,,,,,,,,,,,,,,,,,,,,,,
-0.3181318031751879,0.0,0.0,0.0,0.0,-36.58515736514661,19.752883487233067,0.0,0.0,1.0,0.0,0.012881679389312978,31.29664126341231,0,0.0,,,,,,,,,,,,,,,,,,,,,,,,,,,,,,,,,,,,,,,,,,,,,,
-0.2917481436443625,0.0,0.0,0.0,0.0,-27.424325502570078,17.149655564306542,8.812178940902989,0.0,1.0,0.0,0.008458646616541353,22.129683627630584,0,0.0,,,,,,,,,,,,,,,,,,,,,,,,,,,,,,,,,,,,,,,,,,,,,,
-0.1963674401468013,0.0,0.0,0.0,0.0,-12.960251049688885,12.012601037972845,0.0,0.0,1.0,0.0,0.0064591896652965355,10.784826789051294,0,0.0,,,,,,,,,,,,,,,,,,,,,,,,,,,,,,,,,,,,,,,,,,,,,,
,,,,,,,,,,,,,,,222,117.13461538461539,6091,0.22313019633293152,52,-32.165717788461535,27,,,,,,,,,,,,,,,,,,,,,,,,,,,,,,,,,,,,,,,
-0.17533278589124357,0.0,0.0,0.0,0.0,-27.176581813142754,22.069427297840235,0.0,0.0,1.0,0.0,0.022483940042826552,47.21872372995131,0,0.0,,,,,,,,,,,,,,,,,,,,,,,,,,,,,,,,,,,,,,,,,,,,,,
-0.10746100940841681,0.0,0.0,0.0,0.0,-8.274497724448095,14.728663005497541,0.0,0.0,1.0,0.0,0.01020408163265306,15.542674533557147,0,0.0,,,,,,,,,,,,,,,,,,,,,,,,,,,,,,,,,,,,,,,,,,,,,,
-0.41385748979589804,0.0,0.0,0.0,0.0,-27.72845181632517,12.859508186836665,0.0,0.0,1.0,0.0,0.0047370914258645196,11.774244345258921,0,0.0,,,,,,,,,,,,,,,,,,,,,,,,,,,,,,,,,,,,,,,,,,,,,,
-0.2770245017703286,0.0,0.0,0.0,0.0,-27.702450177032862,17.57916355691968,8.176620802950595,2.3,1.0,0.0,0.009576612903225807,24.16446867818013,0,0.0,,,,,,,,,,,,,,,,,,,,,,,,,,,,,,,,,,,,,,,,,,,,,,
,,,,,,,,,,,,,,,236,115.82142857142857,6486,0.22313019633293152,56,-31.498619053571424,27,,,,,,,,,,,,,,,,,,,,,,,,,,,,,,,,,,,,,,,
-0.24950883286279632,0.0,0.0,0.0,0.0,-27.695480447770393,17.984886083972107,0.0,0.0,1.0,0.0,0.015300546448087432,27.500810403726064,0,0.0,,,,,,,,,,,,,,,,,,,,,,,,,,,,,,,,,,,,,,,,,,,,,,
-0.07491543123430161,0.0,0.0,0.0,0.0,-19.10343496474691,25.939071916669967,0.0,0.0,1.0,0.0,0.044617958728388175,91.51641064020805,0,0.0,,,,,,,,,,,,,,,,,,,,,,,,,,,,,,,,,,,,,,,,,,,,,,
-0.0009976385059842796,0.0,0.0,0.0,0.0,-0.1267000902600035,21.32905569845247,0.0,0.0,1.0,0.0,0.025225225225225224,37.3503836626187,0,0.0,,,,,,,,,,,,,,,,,,,,,,,,,,,,,,,,,,,,,,,,,,,,,,
-0.022357853895435882,0.0,0.0,0.0,0.0,-3.1077416914655878,21.34055209053257,10.082613053031842,0.0,1.0,0.0,0.020161290322580645,40.93137859692797,0,0.0,,,,,,,,,,,,,,,,,,,,,,,,,,,,,,,,,,,,,,,,,,,,,,
,,,,,,,,,,,,,,,257,118.56666666666666,7114,0.22313019633293152,60,-30.23612838333333,27,,,,,,,,,,,,,,,,,,,,,,,,,,,,,,,,,,,,,,,
0.0018060768785127077,0.0,0.0,0.0,0.0,0.19325022600085973,17.63781987216887,0.0,0.0,1.0,0.0,0.010454362685967028,25.97151806484908,0,0.0,,,,,,,,,,,,,,,,,,,,,,,,,,,,,,,,,,,,,,,,,,,,,,
-0.24816781424079062,0.0,0.0,0.0,0.0,-13.152894154761903,11.330626907110682,0.0,2.4499999999999993,1.0,0.0,0.004542873367404884,8.168426716700196,0,0.0,,,,,,,,,,,,,,,,,,,,,,,,,,,,,,,,,,,,,,,,,,,,,,
-0.194873003964094,0.0,0.0,0.0,0.0,-36.05150573335739,24.519764614587245,0.0,0.0,1.0,0.0,0.02887909936368086,62.68701941915788,0,0.0,,,,,,,,,,,,,,,,,,,,,,,,,,,,,,,,,,,,,,,,,,,,,,
-0.06893145345075627,0.0,0.0,0.0,0.0,-11.511552726276296,22.713195414402144,0.0,0.0,1.0,0.0,0.022760290556900726,52.374514701310545,0,0.0,,,,,,,,,,,,,,,,,,,,,,,,,,,,,,,,,,,,,,,,,,,,,,
,,,,,,,,,,,,,,,275,119.09375,7622,0.22313019633293152,64,-29.29865259375,27,,,,,,,,,,,,,,,,,,,,,,,,,,,,,,,,,,,,,,,
-0.3896419174364526,0.0,0.0,0.0,0.0,-49.09488159699303,21.32021056037341,0.0,0.0,1.0,0.0,0.02135678391959799,37.06422367179766,0,0.0,,,,,,,,,,,,,,,,,,,,,,,,,,,,,,,,,,,,,,,,,,,,,,
-0.09089337999381067,1.0,0.0,0.0,0.0,-7.816830679467717,14.727638786663912,11.827568299372516,1.7500000000000009,0.0,0.0,0.009155645981688708,17.548125765984878,0,0.0,,,,,,,,,,,,,,,,,,,,,,,,,,,,,,,,,,,,,,,,,,,,,,
-0.08509848824440933,0.0,0.0,0.0,0.0,-10.722409518795574,22.88616101736906,10.05931102947436,0.0,1.0,0.0,0.023483365949119372,39.7634331737645,0,0.0,,,,,,,,,,,,,,,,,,,,,,,,,,,,,,,,,,,,,,,,,,,,,,
-0.3024301249118002,0.0,0.0,0.0,0.0,-36.89647523923963,20.966137307732108,11.127225225460474,0.0,1.0,0.0,0.0191713048855906,35.262617771863006,0,0.0,,,,,,,,,,,,,,,,,,,,,,,,,,,,,,,,,,,,,,,,,,,,,,
,,,,,,,,,,,,,,,290,118.79411764705883,8078,0.22313019633293152,68,-29.118642985294116,27,,,,,,,,,,,,,,,,,,,,,,,,,,,,,,,,,,,,,,,
-0.2959575170222215,0.0,0.0,0.0,0.0,-15.981705919199962,9.834762214543192,0.0,2.549999999999999,1.0,0.0,0.0031376064545047063,7.202022088225931,0,0.0,,,,,,,,,,,,,,,,,,,,,,,,,,,,,,,,,,,,,,,,,,,,,,
-0.28665207142992716,0.0,0.0,0.0,0.0,-31.818379928721917,19.33556862003893,0.0,0.0,1.0,0.0,0.01488833746898263,29.538279893400613,0,0.0,,,,,,,,,,,,,,,,,,,,,,,,,,,,,,,,,,,,,,,,,,,,,,
-0.43412028545103726,0.0,0.0,0.0,0.0,-56.001516823183806,17.462236971807332,0.0,0.0,1.0,0.0,0.011283497884344146,31.049500071210787,0,0.0,,,,,,,,,,,,,,,,,,,,,,,,,,,,,,,,,,,,,,,,,,,,,,
-0.23893956996925728,0.0,0.0,0.0,0.0,-14.814253338093952,11.1076540358953,0.0,0.0,1.0,0.0,0.005070993914807302,9.394711119355634,0,0.0,,,,,,,,,,,,,,,,,,,,,,,,,,,,,,,,,,,,,,,,,,,,,,
,,,,,,,,,,,,,,,302,117.08333333333333,8430,0.22313019633293152,72,-29.154263027777777,27,,,,,,,,,,,,,,,,,,,,,,,,,,,,,,,,,,,,,,,
-0.1444108758302114,0.0,0.0,0.0,0.0,-18.77341385792748,22.755671345913896,25.27969518206302,0.0,1.0,0.0,0.018682399213372666,40.78862821939401,0,0.0,,,,,,,,,,,,,,,,,,,,,,,,,,,,,,,,,,,,,,,,,,,,,,
-0.20836162705667946,0.0,0.0,0.0,0.0,-12.918420877514126,12.364632885852243,0.0,2.9499999999999975,1.0,0.0,0.005038937242327073,10.476076605264097,0,0.0,,,,,,,,,,,,,,,,,,,,,,,,,,,,,,,,,,,,,,,,,,,,,,
-0.4979101573602013,0.0,0.0,0.0,0.0,-60.247129040584355,22.125831960842245,0.0,0.0,1.0,0.0,0.02238314680710994,36.906598418718204,0,0.0,,,,,,,,,,,,,,,,,,,,,,,,,,,,,,,,,,,,,,,,,,,,,,
-0.31596083413864656,0.0,0.0,0.0,0.0,-35.07165258938977,16.021745626153987,0.0,0.0,1.0,0.0,0.014867485455720749,24.466147403698415,0,0.0,,,,,,,,,,,,,,,,,,,,,,,,,,,,,,,,,,,,,,,,,,,,,,
,,,,,,,,,,,,,,,317,116.44736842105263,8850,0.22313019633293152,76,-29.296590973684207,27,,,,,,,,,,,,,,,,,,,,,,,,,,,,,,,,,,,,,,,
-0.18836770783579157,0.0,0.0,0.0,0.0,-24.864537434324486,17.086062693167996,16.969178370985365,0.0,1.0,0.0,0.014970059880239521,31.070376050367486,0,0.0,,,,,,,,,,,,,,,,,,,,,,,,,,,,,,,,,,,,,,,,,,,,,,
-0.2539669483100583,0.0,0.0,0.0,0.0,-28.19033126241647,18.89840953499905,11.23112127796475,0.0,1.0,0.0,0.015654351909830933,28.890824460890144,0,0.0,,,,,,,,,,,,,,,,,,,,,,,,,,,,,,,,,,,,,,,,,,,,,,
-0.18244233103673885,0.0,0.0,0.0,0.0,-11.493866855314547,12.434989538811841,4.235843806358533,2.1500000000000004,1.0,0.0,0.0037974683544303796,10.706710901111364,0,0.0,,,,,,,,,,,,,,,,,,,,,,,,,,,,,,,,,,,,,,,,,,,,,,
-0.37840780495640175,1.0,0.0,0.0,0.0,-39.73281952042218,18.98329520472982,0.0,0.0,0.0,0.0,0.010407239819004524,27.44205134594813,0,0.0,,,,,,,,,,,,,,,,,,,,,,,,,,,,,,,,,,,,,,,,,,,,,,
,,,,,,,,,,,,,,,332,115.7125,9257,0.22313019633293152,80,-29.14057285,27,,,,,,,,,,,,,,,,,,,,,,,,,,,,,,,,,,,,,,,
-0.17125888204163867,1.0,0.0,0.0,0.0,-15.24204050170584,11.721362600910394,8.38316041820615,2.3,0.0,0.0,0.008877615726062143,14.343871918550576,0,0.0,,,,,,,,,,,,,,,,,,,,,,,,,,,,,,,,,,,,,,,,,,,,,,
-0.050380354217130455,0.0,0.0,0.0,0.0,-4.987655067495915,16.279480488275073,0.0,0.0,1.0,0.0,0.012535612535612535,22.15516231660149,0,0.0,,,,,,,,,,,,,,,,,,,,,,,,,,,,,,,,,,,,,,,,,,,,,,
-0.4633664153236767,0.0,0.0,0.0,0.0,-44.946542286396635,19.08453450007113,0.0,0.0,1.0,0.0,0.010384215991692628,25.427398897940293,0,0.0,,,,,,,,,,,,,,,,,,,,,,,,,,,,,,,,,,,,,,,,,,,,,,
-0.0535005646435286,0.0,0.0,0.0,0.0,-5.5105581582834455,17.512349430942606,15.294649246867063,0.0,1.0,0.0,0.010304851867754402,24.818466641474515,0,0.0,,,,,,,,,,,,,,,,,,,,,,,,,,,,,,,,,,,,,,,,,,,,,,
,,,,,,,,,,,,,,,345,114.77380952380952,9641,0.22313019633293152,84,-28.596956,27,,,,,,,,,,,,,,,,,,,,,,,,,,,,,,,,,,,,,,,
-0.2513625291461348,0.0,0.0,0.0,0.0,-23.87944026888281,18.27363564022311,0.0,0.0,1.0,0.0,0.007068607068607069,23.890353376744315,0,0.0,,,,,,,,,,,,,,,,,,,,,,,,,,,,,,,,,,,,,,,,,,,,,,
-0.37094841847010307,0.0,0.0,0.0,0.0,-47.48139756417319,21.956500400130682,0.0,0.0,1.0,0.0,0.017048794826572605,38.75958797021303,0,0.0,,,,,,,,,,,,,,,,,,,,,,,,,,,,,,,,,,,,,,,,,,,,,,
-0.17773872192385504,0.0,0.0,0.0,0.0,-12.797187978517563,12.471974197783263,0.0,0.0,1.0,0.0,0.004880032533550223,12.272019293624908,0,0.0,,,,,,,,,,,,,,,,,,,,,,,,,,,,,,,,,,,,,,,,,,,,,,
,,,,,,,,,,,,,,,,,,,,,,0.0028454302810132504,5.564851760864258,4.310420513153076,0.0037718224339187145,0.05821897089481354,5.580780029296875,4.721954822540283,0.013506563380360603,6.503371715545654,6.25929069519043,0.03009120374917984,26.054777145385742,0.005678508896380663,0.0063777887262403965,0.007507499773055315,0.006396044045686722,0.029860969632864,22.827163696289062,0.0034147596452385187,9.423412322998047,0.006884817034006119,4.737298965454102,5.666749477386475,0.05220605060458183,0.028047872707247734,0.0137555543333292,46.54507827758789,6.007252216339111,4.556347846984863,0.007453411817550659,0.0027456365060061216,45.55167007446289,0.005429343786090612,,,,,,
-0.2694553660154202,0.0,0.0,0.0,0.0,-33.95137611794294,17.06855990422779,9.120502307536402,0.0,1.0,0.0,0.013034410844629822,29.61101549793966,0,0.0,,,,,,,,,,,,,,,,,,,,,,,,,,,,,,,,,,,,,,,,,57,-0.01533700991421938,-2.4768524169921875,0.9945833086967468,3.0038540363311768,9.80087207532755e-05
,,,,,,,,,,,,,,,362,114.29545454545455,10058,0.22314132750034332,88,-28.64165211363636,27,,,,,,,,,,,,,,,,,,,,,,,,,,,,,,,,,,,,,,,
-0.2229978495894179,0.0,0.0,0.0,0.0,-16.94783656879576,10.616481035501335,0.0,3.5499999999999954,1.0,0.0,0.007371007371007371,11.036200347502017,0,0.0,,,,,,,,,,,,,,,,,,,,,,,,,,,,,,,,,,,,,,,,,132,-0.04072248190641403,-4.453677654266357,0.9872400164604187,1.176421880722046,9.799394641368799e-05
-0.21518640527052854,1.0,0.0,0.0,0.0,-14.202302747854883,9.452193495431084,0.0,0.0,0.0,0.0,0.00404040404040404,8.492635025875643,0,0.0,,,,,,,,,,,,,,,,,,,,,,,,,,,,,,,,,,,,,,,,,197,-0.06754277646541595,-5.693872451782227,0.9810143113136292,0.3122013211250305,9.79811428914955e-05
-0.3310298555305135,0.0,0.0,0.0,0.0,-32.77195569752084,19.755687653111107,0.0,3.4499999999999957,1.0,0.0,0.011342155009451797,26.896273791673593,0,0.0,,,,,,,,,,,,,,,,,,,,,,,,,,,,,,,,,,,,,,,,,295,-0.09756195545196533,-6.113077163696289,0.9716241955757141,1.5276789665222168,9.796184070898749e-05
-0.1787294167588922,0.0,0.0,0.0,0.0,-15.54945925802362,12.48117741663293,0.0,0.0,1.0,0.0,0.006573181419807186,14.88682997028809,0,0.0,,,,,,,,,,,,,,,,,,,,,,,,,,,,,,,,,,,,,,,,,381,-0.11984752863645554,-8.434011459350586,0.9635412693023682,0.48829466104507446,9.79449036335195e-05
,,,,,,,,,,,,,,,378,112.84782608695652,10382,0.22309407591819763,92,-28.26478586956522,27,,,,,,,,,,,,,,,,,,,,,,,,,,,,,,,,,,,,,,,
-0.42125190718218297,0.0,0.0,0.0,0.0,-31.17264113148154,14.73633321388496,0.0,0.0,1.0,0.0,0.009234828496042216,14.953009504824877,0,0.0,,,,,,,,,,,,,,,,,,,,,,,,,,,,,,,,,,,,,,,,,454,-0.14521187543869019,-9.361024856567383,0.9565924406051636,0.2071632295846939,9.793052796854202e-05
-0.5106526016543984,0.0,0.0,0.0,0.0,-65.8741856134174,20.434115379278417,0.0,0.0,1.0,0.0,0.01919616076784643,36.32452634628862,0,0.0,,,,,,,,,,,,,,,,,,,,,,,,,,,,,,,,,,,,,,,,,582,-0.17978015542030334,-10.468263626098633,0.9446972012519836,0.2632583975791931,9.790532388303802e-05
-0.27783805767905234,0.0,0.0,0.0,0.0,-18.615149864496505,10.97499536407816,0.0,0.0,1.0,0.0,0.005030181086519115,10.03328190773027,0,0.0,,,,,,,,,,,,,,,,,,,,,,,,,,,,,,,,,,,,,,,,,648,-0.13454732298851013,-10.978034973144531,0.9386030435562134,3.3889222145080566,9.7892329300448e-05
-0.260954748513353,0.0,0.0,0.0,0.0,-22.181153623635005,13.216299054613739,0.0,3.7999999999999945,1.0,0.0,0.007020623080298377,15.402300691697747,0,0.0,,,,,,,,,,,,,,,,,,,,,,,,,,,,,,,,,,,,,,,,,732,-0.2552783489227295,-13.741485595703125,0.930920422077179,0.28189510107040405,9.787579199448801e-05
,,,,,,,,,,,,,,,394,111.80208333333333,10733,0.22309143841266632,96,-28.527362406250003,27,,,,,,,,,,,,,,,,,,,,,,,,,,,,,,,,,,,,,,,
-0.33919140469814,0.0,0.0,0.0,0.0,-21.36905849598282,8.949980818171822,0.0,1.7500000000000009,1.0,0.0,0.003796095444685466,7.652470430766698,0,0.0,,,,,,,,,,,,,,,,,,,,,,,,,,,,,,,,,,,,,,,,,794,-0.25728097558021545,-14.247069358825684,0.9252204895019531,0.34403640031814575,9.786358678838201e-05
-0.29896443553819435,0.0,0.0,0.0,0.0,-18.834759438906243,10.287267614049329,0.0,0.0,1.0,0.0,0.003751563151313047,8.825790111673996,0,0.0,,,,,,,,,,,,,,,,,,,,,,,,,,,,,,,,,,,,,,,,,856,-0.2693274915218353,-14.918495178222656,0.9197154641151428,0.32041990756988525,9.785138234723201e-05
-0.08569773053865203,0.0,0.0,0.0,0.0,-8.912563976019811,16.89311661174456,0.0,0.9000000000000002,1.0,0.0,0.012377514182568335,24.14968547830358,0,0.0,,,,,,,,,,,,,,,,,,,,,,,,,,,,,,,,,,,,,,,,,959,-0.33099445700645447,-16.53626251220703,0.9105148315429688,0.551604151725769,9.78311089182595e-05
-0.1829323111676581,0.0,0.0,0.0,0.0,-21.403080406616,18.872345334402823,0.0,0.0,1.0,0.0,0.017554479418886198,30.427482091472484,0,0.0,,,,,,,,,,,,,,,,,,,,,,,,,,,,,,,,,,,,,,,,,1075,-0.3579285740852356,-16.166748046875,0.900248646736145,1.3709807395935059,9.780827923468752e-05
,,,,,,,,,,,,,,,412,110.76,11076,0.22305506467819214,100,-28.095696120000003,26,,,,,,,,,,,,,,,,,,,,,,,,,,,,,,,,,,,,,,,
-0.2016175803152506,0.0,0.0,0.0,0.0,-16.93587674648105,13.839676917804578,0.0,4.049999999999994,1.0,0.0,0.006911447084233261,15.956339050317183,0,0.0,,,,,,,,,,,,,,,,,,,,,,,,,,,,,,,,,,,,,,,,,1158,-0.41739392280578613,-17.844100952148438,0.8929458260536194,0.64454185962677,9.7791945845918e-05
-0.26979337803410697,0.0,0.0,0.0,0.0,-18.88553646238749,10.883130400549236,0.0,0.0,1.0,0.0,0.004035512510088781,10.399993316270411,0,0.0,,,,,,,,,,,,,,,,,,,,,,,,,,,,,,,,,,,,,,,,,1227,-0.4134531617164612,-17.0905704498291,0.8869417309761047,0.8282285928726196,9.777836853013551e-05
-0.23868242076691074,0.0,0.0,0.0,0.0,-13.366215562947001,12.943051511304764,0.0,0.0,1.0,0.0,0.004694835680751174,9.873506693169475,0,0.0,,,,,,,,,,,,,,,,,,,,,,,,,,,,,,,,,,,,,,,,,1282,-0.39585012197494507,-18.388221740722656,0.8821566104888916,0.5170378088951111,9.776754671063801e-05
-0.43057851764219013,1.0,0.0,0.0,0.0,-75.35124058738327,26.95458249855279,0.0,0.0,0.0,0.0,0.031545741324921134,65.12813483644277,0,0.0,,,,,,,,,,,,,,,,,,,,,,,,,,,,,,,,,,,,,,,,,1456,-0.47110694646835327,-18.98954200744629,0.8673467040061951,1.2036283016204834,9.773331437363199e-05
,,,,,,,,,,,,,,,430,110.16,11457,0.22301971912384033,104,-28.022348560000005,26,,,,,,,,,,,,,,,,,,,,,,,,,,,,,,,,,,,,,,,
-0.2797942374368471,0.0,0.0,0.0,0.0,-36.65304510422697,21.843651271548847,0.0,0.0,1.0,0.0,0.0109204368174727,39.475567321293056,0,0.0,,,,,,,,,,,,,,,,,,,,,,,,,,,,,,,,,,,,,,,,,1586,-0.4650670886039734,-20.646102905273438,0.8565355539321899,0.6550621390342712,9.770774242190201e-05
-0.12335336368302767,0.0,0.0,0.0,0.0,-10.978449367789462,14.423337857280744,0.0,0.0,1.0,0.0,0.008504252126063032,17.648644379572943,0,0.0,,,,,,,,,,,,,,,,,,,,,,,,,,,,,,,,,,,,,,,,,1674,-0.5675308704376221,-19.819902420043945,0.8492395877838135,0.6124521493911743,9.769043408646201e-05
-0.12678751987702636,0.0,0.0,0.0,0.0,-10.903726709424268,14.31001488113548,0.0,0.0,1.0,0.0,0.007319304666056725,16.869988346938044,0,0.0,,,,,,,,,,,,,,,,,,,,,,,,,,,,,,,,,,,,,,,,,1759,-0.6281993389129639,-20.143104553222656,0.8422091007232666,0.7186901569366455,9.767371727105951e-05
-0.20619919559489233,0.0,0.0,0.0,0.0,-14.846342082832248,10.81839597453742,0.0,0.0,1.0,0.0,0.005141388174807198,10.634755233535543,0,0.0,,,,,,,,,,,,,,,,,,,,,,,,,,,,,,,,,,,,,,,,,1830,-0.660588264465332,-22.587383270263672,0.8364624977111816,1.171919345855713,9.765975491555e-05
,,,,,,,,,,,,,,,449,108.81,11831,0.22300294041633606,108,-27.782107980000006,26,,,,,,,,,,,,,,,,,,,,,,,,,,,,,,,,,,,,,,,
-0.2751816979339724,0.0,0.0,0.0,0.0,-17.611628667774234,10.9141553875138,0.0,0.0,1.0,0.0,0.004466501240694789,9.531213462701999,0,0.0,,,,,,,,,,,,,,,,,,,,,,,,,,,,,,,,,,,,,,,,,1893,-0.6444626450538635,-22.06252670288086,0.8313725590705872,0.9635413885116577,9.76473666231755e-05
-0.28489095093248723,0.0,0.0,0.0,0.0,-15.38411135035431,11.017116570041788,0.0,0.0,1.0,0.0,0.003575076608784474,8.084044377552345,0,0.0,,,,,,,,,,,,,,,,,,,,,,,,,,,,,,,,,,,,,,,,,1946,-0.507742166519165,-22.325462341308594,0.8270636200904846,1.7462456226348877,9.763694533814201e-05
-0.06789902241652081,0.0,0.0,0.0,0.0,-6.789902241652081,18.336741235003597,0.0,0.0,1.0,0.0,0.010638297872340425,25.210364766360726,0,0.0,,,,,,,,,,,,,,,,,,,,,,,,,,,,,,,,,,,,,,,,,2045,-0.5745908617973328,-21.23573112487793,0.8191686868667603,1.025887131690979,9.761748066148751e-05
-0.4241911139746649,0.0,0.0,0.0,0.0,-76.77859162941435,22.1921370246475,0.0,0.0,1.0,0.0,0.022241604884430877,55.44447377623874,0,0.0,,,,,,,,,,,,,,,,,,,,,,,,,,,,,,,,,,,,,,,,,2225,-0.7073230147361755,-22.644834518432617,0.8050169348716736,0.8379725217819214,9.75820953371875e-05
,,,,,,,,,,,,,,,468,109.64,12226,0.22299082577228546,112,-28.346078430000002,26,,,,,,,,,,,,,,,,,,,,,,,,,,,,,,,,,,,,,,,
-0.22537516502291044,0.0,0.0,0.0,0.0,-15.776261551603731,11.186622475872257,0.0,2.000000000000001,1.0,0.0,0.005135387488328665,10.723904537502676,0,0.0,,,,,,,,,,,,,,,,,,,,,,,,,,,,,,,,,,,,,,,,,2294,-0.7975485920906067,-23.54150390625,0.7996008396148682,0.8490396738052368,9.7568532672382e-05
-0.1248843435596203,0.0,0.0,0.0,0.0,-12.36355001240241,16.42516757420384,0.0,0.0,1.0,0.0,0.01452020202020202,22.38019665237516,0,0.0,,,,,,,,,,,,,,,,,,,,,,,,,,,,,,,,,,,,,,,,,2392,-0.6309950351715088,-21.69408416748047,0.7920868396759033,1.1361658573150635,9.754927138556801e-05
-0.22842845033206013,0.0,0.0,0.0,0.0,-16.90370532457245,12.44901350229913,0.0,2.9999999999999973,1.0,0.0,0.00851900393184797,12.585441877658013,0,0.0,,,,,,,,,,,,,,,,,,,,,,,,,,,,,,,,,,,,,,,,,2465,-0.731072723865509,-22.292552947998047,0.7865332365036011,0.7625654935836792,9.753492493438751e-05
-0.03376512212054965,0.0,0.0,0.0,0.0,-10.298362246767642,28.290606668810856,57.85814227451736,0.0,1.0,0.0,0.07787151200519143,119.41273176833056,1,0.0,,,,,,,,,,,,,,,,,,,,,,,,,,,,,,,,,,,,,,,,,2769,-0.784461259841919,-23.195140838623047,0.7637888789176941,1.2906323671340942,9.747519221241951e-05
,,,,,,,,,,,,,,,492,109.0,12770,0.2229524552822113,116,-26.943604470000004,25,,,,,,,,,,,,,,,,,,,,,,,,,,,,,,,,,,,,,,,
-0.3317305876142191,0.0,1.0,0.0,0.0,-71.3220763370571,27.159626272698077,0.0,0.0,0.0,0.0,0.03817550818046604,80.77800311276224,0,0.0,,,,,,,,,,,,,,,,,,,,,,,,,,,,,,,,,,,,,,,,,2983,-0.8824281692504883,-23.26336669921875,0.7483655214309692,0.9456111192703247,9.743315454975551e-05
-0.0023248320531818506,0.0,0.0,0.0,0.0,-0.3394254797645502,21.732654961006645,0.0,0.0,1.0,0.0,0.02598752598752599,43.79910909535829,0,0.0,,,,,,,,,,,,,,,,,,,,,,,,,,,,,,,,,,,,,,,,,3128,-0.9815790057182312,-21.821096420288086,0.7380660772323608,0.9788339138031006,9.740467626620801e-05
-0.16801751553704983,0.0,0.0,0.0,0.0,-28.73099515683552,21.325322314774667,0.0,0.0,1.0,0.0,0.0209819555182543,50.37617391778622,0,0.0,,,,,,,,,,,,,,,,,,,,,,,,,,,,,,,,,,,,,,,,,3298,-1.0126819610595703,-24.306732177734375,0.726125955581665,0.7274985313415527,9.7371293261998e-05
-0.23291602796658606,0.0,0.0,0.0,0.0,-26.552427188190812,16.843579264290494,0.0,0.0,1.0,0.0,0.012102196324518153,26.4445227549877,0,0.0,,,,,,,,,,,,,,,,,,,,,,,,,,,,,,,,,,,,,,,,,3411,-1.0421355962753296,-22.16499900817871,0.718357503414154,0.7009576559066772,9.734910656463952e-05
,,,,,,,,,,,,,,,523,110.28,13412,0.22289851307868958,120,-26.651502149999995,25,,,,,,,,,,,,,,,,,,,,,,,,,,,,,,,,,,,,,,,
-0.06224195385543026,0.0,1.0,0.0,0.0,-13.070810309640354,25.1878258430557,0.0,0.0,0.0,0.0,0.042715038033937974,73.17441070417408,0,0.0,,,,,,,,,,,,,,,,,,,,,,,,,,,,,,,,,,,,,,,,,3620,-1.0851333141326904,-21.767642974853516,0.7040081024169922,1.4311823844909668,9.730807768780001e-05
0.16608848070889004,0.0,1.0,0.0,0.0,43.18300498431141,31.11549402965204,85.11946235016745,0.0,0.0,0.0,0.06360022714366836,112.1617521144799,1,0.0,,,,,,,,,,,,,,,,,,,,,,,,,,,,,,,,,,,,,,,,,3879,-1.217108964920044,-23.317899703979492,0.6867993474006653,0.8077417612075806,9.725724535077951e-05
-0.5572865324181893,0.0,0.0,0.0,0.0,-89.72313171932848,20.78007246495506,0.0,0.0,1.0,0.0,0.02732919254658385,46.11898703867337,0,0.0,,,,,,,,,,,,,,,,,,,,,,,,,,,,,,,,,,,,,,,,,4039,-1.3076026439666748,-23.080110549926758,0.6763265132904053,0.8580185174942017,9.722584980533949e-05
-0.20622743004967362,0.0,1.0,0.0,0.0,-25.984656186258874,19.80720137550915,0.0,1.850000000000001,0.0,0.0,0.01585820895522388,34.44155459199101,0,0.0,,,,,,,,,,,,,,,,,,,,,,,,,,,,,,,,,,,,,,,,,4164,-1.3713247776031494,-21.10654067993164,0.6682998538017273,0.5294444561004639,9.720132558015201e-05
,,,,,,,,,,,,,,,560,111.89,14165,0.2228333055973053,124,-25.567114719999996,25,,,,,,,,,,,,,,,,,,,,,,,,,,,,,,,,,,,,,,,
-0.5139028821315949,0.0,0.0,0.0,0.0,-66.29347179497573,23.00443666309163,0.0,0.0,1.0,0.0,0.021670190274841437,40.91392393480055,0,0.0,,,,,,,,,,,,,,,,,,,,,,,,,,,,,,,,,,,,,,,,,4292,-1.3483470678329468,-22.68798065185547,0.6601057052612305,0.9295181035995483,9.7176215995768e-05
-0.44484762098833175,0.0,1.0,0.0,0.0,-269.577658318929,32.23275764023692,0.0,0.0,0.0,0.0,0.13524590163934427,270.86678697747993,0,0.0,,,,,,,,,,,,,,,,,,,,,,,,,,,,,,,,,,,,,,,,,4897,-1.5210258960723877,-21.873483657836914,0.6230381727218628,0.8587027788162231,9.705757810059549e-05
-0.04349495077428981,0.0,1.0,0.0,0.0,-7.394141631629267,20.963927740192542,0.0,8.449999999999985,0.0,0.0,0.02141957160856783,49.26251045917161,0,0.0,,,,,,,,,,,,,,,,,,,,,,,,,,,,,,,,,,,,,,,,,5066,-1.4598374366760254,-20.784564971923828,0.6131330132484436,0.9358645081520081,9.7024450943422e-05
-0.11461705198862747,1.0,0.0,0.0,0.0,-13.754046238635297,18.746737407296987,0.0,0.0,0.0,0.0,0.021290751829673986,31.184411941096187,0,0.0,,,,,,,,,,,,,,,,,,,,,,,,,,,,,,,,,,,,,,,,,5185,-1.5779818296432495,-20.65228843688965,0.6061290502548218,0.721421480178833,9.70011281303875e-05
,,,,,,,,,,,,,,,605,117.88,15186,0.22277389466762543,128,-28.564736430000004,25,,,,,,,,,,,,,,,,,,,,,,,,,,,,,,,,,,,,,,,
0.13658911907822385,0.0,0.0,0.0,0.0,57.367430012854015,23.695339654992146,29.07853340776671,0.0,1.0,0.0,0.06387327542156362,137.8870095462771,0,0.0,,,,,,,,,,,,,,,,,,,,,,,,,,,,,,,,,,,,,,,,,5604,-1.6784807443618774,-21.280780792236328,0.5824761390686035,0.7097742557525635,9.691903073919202e-05
0.10959489316584825,0.0,0.0,0.0,0.0,20.823029701511167,25.173430028621656,0.0,0.0,1.0,0.0,0.03426791277258567,66.12464873609133,0,0.0,,,,,,,,,,,,,,,,,,,,,,,,,,,,,,,,,,,,,,,,,5793,-1.5672625303268433,-20.776290893554688,0.5721298456192017,0.5109649300575256,9.688201017547552e-05
-0.6700283351545231,0.0,0.0,0.0,0.0,-506.54142137681947,27.946135304349053,0.0,5.14999999999999,1.0,0.0,0.16987740805604204,293.06926829894655,0,0.0,,,,,,,,,,,,,,,,,,,,,,,,,,,,,,,,,,,,,,,,,6548,-2.031184673309326,-20.217628479003906,0.5323626399040222,0.3560839295387268,9.6734194712248e-05
0.035549716608795634,0.0,0.0,0.0,0.0,5.368007207928141,20.375293774400497,0.0,0.0,1.0,0.0,0.02616464582003829,42.457537272479385,0,0.0,,,,,,,,,,,,,,,,,,,,,,,,,,,,,,,,,,,,,,,,,6698,-2.9805984497070312,-20.266794204711914,0.5247788429260254,1.1428790092468262,9.6704840908798e-05
,,,,,,,,,,,,,,,684,129.05,16699,0.22269684076309204,132,-31.120784020000006,24,,,,,,,,,,,,,,,,,,,,,,,,,,,,,,,,,,,,,,,
0.14689222279497222,0.0,1.0,0.0,0.0,40.836037937002274,29.85248445512003,108.24076498418866,0.0,0.0,0.0,0.06674684305472038,114.97579506773036,0,0.0,,,,,,,,,,,,,,,,,,,,,,,,,,,,,,,,,,,,,,,,,6975,-2.0418763160705566,-17.952411651611328,0.5111526846885681,0.4129340648651123,9.665064598718751e-05
0.13996017175581477,0.0,0.0,0.0,0.0,47.02661770995376,31.229186924943335,140.41432303253572,1.2000000000000004,1.0,0.0,0.06951871657754011,145.38729792227969,1,0.0,,,,,,,,,,,,,,,,,,,,,,,,,,,,,,,,,,,,,,,,,7310,-2.2816269397735596,-17.537324905395508,0.49504607915878296,0.5766435861587524,9.658512379195e-05
-0.6275077140306182,0.0,0.0,0.0,0.0,-75.92843339770481,14.838800188495172,0.0,0.0,1.0,0.0,0.0033016921172100704,24.743814556277357,0,0.0,,,,,,,,,,,,,,,,,,,,,,,,,,,,,,,,,,,,,,,,,7430,-2.040034770965576,-18.17629051208496,0.4893735945224762,0.4520324468612671,9.656165858755e-05
-0.07397147987724713,0.0,0.0,0.0,0.0,-11.021750501709821,16.37378138124566,0.0,0.0,1.0,0.0,0.02103960396039604,33.710512483114144,0,0.0,,,,,,,,,,,,,,,,,,,,,,,,,,,,,,,,,,,,,,,,,7578,-2.1720809936523438,-17.582286834716797,0.4824756383895874,0.6538834571838379,9.6532722115358e-05
,,,,,,,,,,,,,,,726,132.6,17579,0.22266387939453125,136,-29.16944423,24,,,,,,,,,,,,,,,,,,,,,,,,,,,,,,,,,,,,,,,
0.07316453805073637,0.0,1.0,0.0,0.0,17.19366644192305,25.600972755206943,0.0,2.4499999999999993,0.0,0.0,0.05,83.34227633103728,0,0.0,,,,,,,,,,,,,,,,,,,,,,,,,,,,,,,,,,,,,,,,,7812,-2.483262062072754,-17.42049789428711,0.4719095826148987,0.5842748284339905,9.648698010072799e-05
0.2846011808368022,0.0,1.0,0.0,0.0,258.1332710189796,35.55838339049672,30.671847106401046,2.9499999999999975,0.0,0.0,0.16947791164658635,447.5732624299417,0,0.0,,,,,,,,,,,,,,,,,,,,,,,,,,,,,,,,,,,,,,,,,8718,-2.684650421142578,-15.470865249633789,0.43295177817344666,0.5565836429595947,9.6309979170638e-05
0.10452784079961626,0.0,1.0,0.0,0.0,20.487456796724786,27.819785175831278,0.0,1.5500000000000007,0.0,0.0,0.03662258392675483,75.49912781873718,0,0.0,,,,,,,,,,,,,,,,,,,,,,,,,,,,,,,,,,,,,,,,,8913,-2.876460075378418,-15.90717887878418,0.4250108301639557,0.47302037477493286,9.627190430611552e-05
0.023662067586773045,0.0,1.0,0.0,0.0,3.9988894221646447,26.448193104838726,0.0,0.8000000000000002,0.0,0.0,0.03841387856257745,61.8405898604542,0,0.0,,,,,,,,,,,,,,,,,,,,,,,,,,,,,,,,,,,,,,,,,9081,-3.0353121757507324,-15.668024063110352,0.41823920607566833,0.5166187286376953,9.623910741381951e-05
,,,,,,,,,,,,,,,794,143.59,19082,0.22261200845241547,140,-25.46228553000001,24,,,,,,,,,,,,,,,,,,,,,,,,,,,,,,,,,,,,,,,
-0.03200240734207459,0.0,0.0,0.0,0.0,-5.184389989416083,24.72255155614552,0.0,1.0500000000000003,1.0,0.0,0.02425629290617849,55.353300196584314,0,0.0,,,,,,,,,,,,,,,,,,,,,,,,,,,,,,,,,,,,,,,,,9242,-2.868422031402588,-15.850358963012695,0.41188400983810425,0.5431544780731201,9.620768232911801e-05
0.13563738593969668,0.0,1.0,0.0,0.0,45.0316121319793,32.36063510534583,0.0,4.099999999999993,0.0,0.0,0.08858057630736393,148.88512079790235,0,0.0,,,,,,,,,,,,,,,,,,,,,,,,,,,,,,,,,,,,,,,,,9573,-2.799208641052246,-16.32663917541504,0.39912867546081543,0.3815803527832031,9.61430916817355e-05
-0.5137544745335477,0.0,0.0,0.0,0.0,-54.45797430055606,13.988800500560266,0.0,0.0,1.0,0.0,0.00375234521575985,20.406100499501918,0,0.0,,,,,,,,,,,,,,,,,,,,,,,,,,,,,,,,,,,,,,,,,9678,-3.2448489665985107,-15.619221687316895,0.3951687216758728,0.5603765249252319,9.612260675655801e-05
0.09374649402965467,0.0,0.0,0.0,0.0,18.28056633578266,23.123285249349838,0.0,9.600000000000001,1.0,0.0,0.0397196261682243,62.28031286213081,0,0.0,,,,,,,,,,,,,,,,,,,,,,,,,,,,,,,,,,,,,,,,,9872,-2.7496416568756104,-13.984505653381348,0.3879871666431427,0.43448373675346375,9.6084764190208e-05
,,,,,,,,,,,,,,,831,145.74,19873,0.22261236608028412,144,-23.825915380000005,23,,,,,,,,,,,,,,,,,,,,,,,,,,,,,,,,,,,,,,,
,,,,,,,,,,,,,,,,,,,,,,0.001906452002003789,21.168333053588867,1.3396897315979004,0.010459093376994133,0.31704890727996826,1.5051219463348389,2.187565326690674,0.2366584688425064,3.8915534019470215,12.001324653625488,0.04566129297018051,12.5531005859375,0.013118656352162361,0.17770522832870483,0.014220465905964375,0.012635290622711182,0.1053815484046936,10.261857032775879,0.010464925318956375,15.053050994873047,0.227683424949646,2.1879501342773438,12.008017539978027,0.26504409313201904,0.041024185717105865,0.008943155407905579,47.0733528137207,27.12175941467285,1.4148305654525757,0.032669052481651306,0.0012330175377428532,31.572181701660156,0.01836754009127617,9999,-2.7987866401672363,-15.912205696105957,0.3833303153514862,0.824102520942688,9.60599950200995e-05
0.017689790841943397,0.0,0.0,0.0,0.0,3.2372317240756416,23.975294640495648,0.0,1.5000000000000007,1.0,0.0,0.026707530647985988,60.625312168267556,0,0.0,,,,,,,,,,,,,,,,,,,,,,,,,,,,,,,,,,,,,,,,,10054,-2.899209499359131,-15.738966941833496,0.3813513219356537,0.45091450214385986,9.6049269210142e-05
0.23178200708579025,1.0,0.0,0.0,0.0,65.82609001236443,28.504427489148995,39.90019959839709,2.9999999999999973,0.0,0.0,0.04818763326226013,112.1811576577893,1,0.0,,,,,,,,,,,,,,,,,,,,,,,,,,,,,,,,,,,,,,,,,10337,-3.622396469116211,-13.977274894714355,0.37125200033187866,0.5282020568847656,9.599408956011548e-05
0.2525257481516498,0.0,1.0,0.0,0.0,108.33354595705777,32.71409656871946,65.27225865115346,4.049999999999994,0.0,0.0,0.07819611088125776,194.65994153276552,1,0.0,,,,,,,,,,,,,,,,,,,,,,,,,,,,,,,,,,,,,,,,,10765,-2.950629472732544,-13.158145904541016,0.35649383068084717,0.47312742471694946,9.59106679298875e-05
0.010338364055196081,0.0,1.0,0.0,0.0,1.8092137096593142,25.051014042843313,0.0,8.699999999999989,0.0,0.0,0.039769082745349585,60.653356437338516,0,0.0,,,,,,,,,,,,,,,,,,,,,,,,,,,,,,,,,,,,,,,,,10939,-2.9084830284118652,-14.588106155395508,0.3506784737110138,0.48147717118263245,9.58767639512395e-05
,,,,,,,,,,,,,,,882,152.03,20940,0.22256796061992645,148,-21.09601189,23,,,,,,,,,,,,,,,,,,,,,,,,,,,,,,,,,,,,,,,
-0.14363590959100284,0.0,1.0,0.0,0.0,-41.79804969098183,28.09543614675111,0.0,0.0,0.0,0.0,0.057770961145194276,113.30414623813704,0,0.0,,,,,,,,,,,,,,,,,,,,,,,,,,,,,,,,,,,,,,,,,11229,-2.7534990310668945,-11.802997589111328,0.3412274718284607,0.3599560260772705,9.58202707088795e-05
0.04597662482509436,0.0,0.0,0.0,0.0,9.655091213269817,22.25310754646054,0.0,10.350000000000012,1.0,0.0,0.03282478039759593,64.6521911531454,0,0.0,,,,,,,,,,,,,,,,,,,,,,,,,,,,,,,,,,,,,,,,,11438,-3.4716439247131348,-13.109209060668945,0.3345854580402374,0.361794114112854,9.577956699047801e-05
-0.43979553593453735,0.0,0.0,0.0,0.0,-119.62438577419417,24.176420922684848,0.0,0.0,1.0,0.0,0.014436958614051972,91.01838744059205,0,0.0,,,,,,,,,,,,,,,,,,,,,,,,,,,,,,,,,,,,,,,,,11709,-2.8321447372436523,-15.16687297821045,0.3261457085609436,0.31343549489974976,9.572680142775951e-05
0.31393581058656267,0.0,0.0,0.0,0.0,177.3737329814079,37.165845497160284,108.6679073381374,8.14999999999998,1.0,0.0,0.19759341355288157,291.21469084592536,2,0.0,,,,,,,,,,,,,,,,,,,,,,,,,,,,,,,,,,,,,,,,,12273,-3.089949607849121,-10.422140121459961,0.3092707097530365,0.5165074467658997,9.56170336096355e-05
,,,,,,,,,,,,,,,948,161.83,22274,0.22259120643138885,152,-19.94135499,23,,,,,,,,,,,,,,,,,,,,,,,,,,,,,,,,,,,,,,,
0.07349213930378107,0.0,1.0,0.0,0.0,13.890014328414622,25.511474778921663,7.992180906731299,2.2,0.0,0.0,0.0272879932829555,66.58397489751223,0,0.0,,,,,,,,,,,,,,,,,,,,,,,,,,,,,,,,,,,,,,,,,12461,-4.525171279907227,-12.73034954071045,0.30384838581085205,0.43501314520835876,9.558045840383952e-05
0.23394405643715116,0.0,1.0,0.0,0.0,67.60983231033669,31.603176055717277,0.0,4.399999999999992,0.0,0.0,0.06336405529953917,126.51382982567884,0,0.0,,,,,,,,,,,,,,,,,,,,,,,,,,,,,,,,,,,,,,,,,12749,-3.556229591369629,-13.790597915649414,0.2957450747489929,0.37346506118774414,9.55244419415995e-05
0.07511973381372297,0.0,1.0,0.0,0.0,25.240230561410918,37.149849265876455,0.0,2.4499999999999993,0.0,0.0,0.11616161616161616,173.04202420648653,0,0.0,,,,,,,,,,,,,,,,,,,,,,,,,,,,,,,,,,,,,,,,,13084,-4.622185707092285,-12.221078872680664,0.2866048216819763,0.44201940298080444,9.5459304670072e-05
0.058116260649881325,0.0,1.0,0.0,0.0,10.635275698928282,25.48730542101006,42.68667561652428,0.0,0.0,0.0,0.036521739130434785,64.50569508504122,0,0.0,,,,,,,,,,,,,,,,,,,,,,,,,,,,,,,,,,,,,,,,,13266,-3.3120388984680176,-11.132946014404297,0.28176364302635193,0.34022849798202515,9.5423926022222e-05
,,,,,,,,,,,,,,,994,167.81,23267,0.22255468368530273,156,-17.858781630000003,23,,,,,,,,,,,,,,,,,,,,,,,,,,,,,,,,,,,,,,,
0.3090729987770217,1.0,0.0,0.0,0.0,134.44675446800446,38.237502305021245,91.78011761081594,3.2999999999999963,0.0,0.0,0.1051912568306011,230.56852772948332,1,0.0,,,,,,,,,,,,,,,,,,,,,,,,,,,,,,,,,,,,,,,,,13700,-4.469003677368164,-11.27407169342041,0.27051952481269836,0.32234692573547363,9.5339588155e-05
-0.28613793268339965,0.0,0.0,0.0,0.0,-33.47813812395776,19.813840895285306,0.0,0.0,1.0,0.0,0.01056338028169014,31.989029550459236,0,0.0,,,,,,,,,,,,,,,,,,,,,,,,,,,,,,,,,,,,,,,,,13816,-3.432548999786377,-11.06682300567627,0.26759785413742065,0.34133490920066833,9.531705258467202e-05
0.3018547385066562,0.0,1.0,0.0,0.0,108.36585112388957,39.339302038129176,0.0,0.44999999999999996,0.0,0.0,0.07991886409736308,195.94889508839697,0,0.0,,,,,,,,,,,,,,,,,,,,,,,,,,,,,,,,,,,,,,,,,14174,-4.429003715515137,-11.802709579467773,0.2587900459766388,0.3545270562171936,9.5247520036462e-05
-0.040943361293061684,0.0,1.0,0.0,0.0,-4.872259993874341,26.147712308549256,12.61708604604468,0.0,0.0,0.0,0.02036949313121743,42.94308296684176,0,0.0,,,,,,,,,,,,,,,,,,,,,,,,,,,,,,,,,,,,,,,,,14292,-3.6405234336853027,-11.493391990661621,0.2559851109981537,0.5013452768325806,9.522460707576801e-05
,,,,,,,,,,,,,,,1045,171.79,24293,0.22256501019001007,160,-15.31594279,23,,,,,,,,,,,,,,,,,,,,,,,,,,,,,,,,,,,,,,,
-0.5393150043628956,0.0,1.0,0.0,0.0,-85.2117706893375,29.5006973598394,0.0,0.0,0.0,0.0,0.03750721292556261,64.51647955365479,0,0.0,,,,,,,,,,,,,,,,,,,,,,,,,,,,,,,,,,,,,,,,,14449,-4.492535591125488,-12.501625061035156,0.2522734999656677,0.46171295642852783,9.519412548329952e-05
0.1369805774667696,0.0,1.0,0.0,0.0,39.587386887896415,40.78226492830495,120.37746864709993,0.6,0.0,0.0,0.10897049969897651,163.4795690374449,1,0.0,,,,,,,,,,,,,,,,,,,,,,,,,,,,,,,,,,,,,,,,,14737,-4.297375679016113,-11.058574676513672,0.24562686681747437,0.39184457063674927,9.51382229573155e-05
0.20219924115056767,0.0,1.0,0.0,0.0,46.50582546463056,30.528035205395323,0.6899502871989738,0.0,0.0,0.0,0.050028425241614556,97.19329975033179,0,0.0,,,,,,,,,,,,,,,,,,,,,,,,,,,,,,,,,,,,,,,,,14966,-4.232211112976074,-11.894027709960938,0.24042922258377075,0.39023226499557495,9.509378446502199e-05
0.060480057667826506,0.0,1.0,0.0,0.0,18.0230571850123,23.67965375918343,0.0,14.850000000000076,0.0,0.0,0.041666666666666664,97.6968360816827,0,0.0,,,,,,,,,,,,,,,,,,,,,,,,,,,,,,,,,,,,,,,,,15263,-3.886368751525879,-11.3638916015625,0.2339160144329071,0.5011805295944214,9.50361658073155e-05
,,,,,,,,,,,,,,,1090,176.42,25264,0.22256414592266083,164,-14.52167077,23,,,,,,,,,,,,,,,,,,,,,,,,,,,,,,,,,,,,,,,
-0.18514054717246453,0.0,1.0,0.0,0.0,-25.36425496262764,23.29609589939007,0.0,5.949999999999987,0.0,0.0,0.02197802197802198,44.116971685085446,0,0.0,,,,,,,,,,,,,,,,,,,,,,,,,,,,,,,,,,,,,,,,,15399,-3.901911973953247,-10.720041275024414,0.23096193373203278,0.3092230558395386,9.500978736549951e-05
0.3389640252369237,1.0,0.0,0.0,0.0,115.24776858055407,35.258645379941434,60.287071851844836,0.65,0.0,0.0,0.07746811525743977,166.27851005410776,0,0.0,,,,,,,,,,,,,,,,,,,,,,,,,,,,,,,,,,,,,,,,,15738,-4.308557033538818,-12.440717697143555,0.22380387783050537,0.47549906373023987,9.4944051242078e-05
0.3288472723989224,0.0,1.0,0.0,0.0,106.21766898485194,41.62876405028935,34.523518040370085,0.0,0.0,0.0,0.08152924919391985,186.45198448374867,0,0.0,,,,,,,,,,,,,,,,,,,,,,,,,,,,,,,,,,,,,,,,,16060,-4.4553632736206055,-11.049005508422852,0.21729020774364471,0.4553969204425812,9.48816327982e-05
-0.08775059557602366,0.0,0.0,0.0,0.0,-9.477064322210556,23.78787294422614,0.0,0.0,1.0,0.0,0.017082785808147174,35.435281690210104,0,0.0,,,,,,,,,,,,,,,,,,,,,,,,,,,,,,,,,,,,,,,,,16167,-4.557921409606934,-10.531929016113281,0.2151722013950348,0.4165955185890198,9.486089583295549e-05
,,,,,,,,,,,,,,,1133,180.9,26168,0.22252441942691803,168,-11.610123609999999,23,,,,,,,,,,,,,,,,,,,,,,,,,,,,,,,,,,,,,,,
0.24538102461557726,0.0,1.0,0.0,0.0,96.68012369853744,38.022493250549886,0.0,0.0,0.0,0.0,0.10526315789473684,207.8716912851669,0,0.0,,,,,,,,,,,,,,,,,,,,,,,,,,,,,,,,,,,,,,,,,16560,-4.004271507263184,-10.293462753295898,0.20756205916404724,0.46543750166893005,9.47847506432e-05
0.2921588636758743,0.0,1.0,0.0,0.0,71.28676273691333,35.84140521558413,35.38546749545945,2.6999999999999984,0.0,0.0,0.07590132827324478,121.12030261103064,1,0.0,,,,,,,,,,,,,,,,,,,,,,,,,,,,,,,,,,,,,,,,,16803,-4.282188415527344,-9.826800346374512,0.20296820998191833,0.4806320071220398,9.47376838804955e-05
0.14809210742764314,0.0,1.0,0.0,0.0,26.508487229548123,37.002988789926945,12.31874436552837,0.44999999999999996,0.0,0.0,0.060013046314416174,91.69269325071946,0,0.0,,,,,,,,,,,,,,,,,,,,,,,,,,,,,,,,,,,,,,,,,16981,-3.6125617027282715,-11.145227432250977,0.19962933659553528,0.34140467643737793,9.47032144489195e-05
0.33587178070935003,0.0,1.0,0.0,0.0,171.63047994247788,44.629242262488106,69.4999463163616,7.299999999999982,0.0,0.0,0.2028811524609844,316.4443591814488,1,0.0,,,,,,,,,,,,,,,,,,,,,,,,,,,,,,,,,,,,,,,,,17491,-3.6420092582702637,-10.269673347473145,0.19048763811588287,0.49769145250320435,9.46044886305595e-05
,,,,,,,,,,,,,,,1198,190.62,27492,0.22254188358783722,172,-6.7629065200000005,22,,,,,,,,,,,,,,,,,,,,,,,,,,,,,,,,,,,,,,,
-0.577276934408067,0.0,1.0,0.0,0.0,-63.500462784887375,24.237154088308,0.0,0.0,0.0,0.0,0.022402287893231648,36.81293131271377,0,0.0,,,,,,,,,,,,,,,,,,,,,,,,,,,,,,,,,,,,,,,,,17600,-4.642792701721191,-11.715240478515625,0.18859043717384338,0.46590864658355713,9.458339512000002e-05
-0.0296985251119436,0.0,1.0,0.0,0.0,-3.029249561418247,28.949257632688212,24.613121598993526,0.0,0.0,0.0,0.026515151515151516,40.71665110019967,0,0.0,,,,,,,,,,,,,,,,,,,,,,,,,,,,,,,,,,,,,,,,,17701,-3.724576950073242,-11.11943244934082,0.18684931099414825,0.564252495765686,9.45638518673995e-05
0.20118394175601187,0.0,1.0,0.0,0.0,37.01784528310618,36.92334651345679,43.18143748396648,0.0,0.0,0.0,0.04103011785246617,94.073692582082,0,0.0,,,,,,,,,,,,,,,,,,,,,,,,,,,,,,,,,,,,,,,,,17884,-4.361472129821777,-10.892454147338867,0.1837443709373474,0.6174601316452026,9.4528446986872e-05
0.3547485054550251,0.0,1.0,0.0,0.0,157.86308492748617,41.41976149792122,0.0,1.4000000000000006,0.0,0.0,0.1572289156626506,255.70990410307422,0,0.0,,,,,,,,,,,,,,,,,,,,,,,,,,,,,,,,,,,,,,,,,18328,-3.841571092605591,-9.02315616607666,0.17654532194137573,0.40163475275039673,9.4442574320608e-05
,,,,,,,,,,,,,,,1235,194.79,28329,0.22261866927146912,176,-4.209288180000001,22,,,,,,,,,,,,,,,,,,,,,,,,,,,,,,,,,,,,,,,
0.19009659096061765,0.0,1.0,0.0,0.0,41.25096023845403,32.53062296663376,63.14963639170638,0.0,0.0,0.0,0.0467436974789916,97.77347193658352,0,0.0,,,,,,,,,,,,,,,,,,,,,,,,,,,,,,,,,,,,,,,,,18544,-4.595847129821777,-10.259695053100586,0.17303228378295898,0.5542491674423218,9.4400812613632e-05
0.024805035403852885,0.0,1.0,0.0,0.0,3.0510193546739046,29.481622827785486,16.533753234493776,0.0,0.0,0.0,0.02375181774115366,50.05631106486544,0,0.0,,,,,,,,,,,,,,,,,,,,,,,,,,,,,,,,,,,,,,,,,18666,-4.464935302734375,-9.20175552368164,0.1710926741361618,0.601563572883606,9.4377229085822e-05
-0.14780936235870246,0.0,1.0,0.0,0.0,-26.31006649984904,25.16823032523321,0.0,1.0000000000000002,0.0,0.0,0.03581421376608842,61.92698470875621,0,0.0,,,,,,,,,,,,,,,,,,,,,,,,,,,,,,,,,,,,,,,,,18843,-4.187894344329834,-8.484119415283203,0.1683526635169983,0.48119238018989563,9.434301890557551e-05
0.27046310300626525,0.0,0.0,0.0,0.0,39.21714993590846,33.35522623368406,0.0,0.0,1.0,0.0,0.036939313984168866,66.8475236534141,0,0.0,,,,,,,,,,,,,,,,,,,,,,,,,,,,,,,,,,,,,,,,,18987,-6.12237548828125,-8.420215606689453,0.1662064641714096,0.40573281049728394,9.431519149381551e-05
,,,,,,,,,,,,,,,1266,197.31,28988,0.22266465425491333,180,-2.5943820099999986,22,,,,,,,,,,,,,,,,,,,,,,,,,,,,,,,,,,,,,,,
0.08803135315395898,0.0,0.0,0.0,0.0,13.028640266785928,25.625581225492212,0.0,0.0,1.0,0.0,0.025310834813499113,52.41498798457906,0,0.0,,,,,,,,,,,,,,,,,,,,,,,,,,,,,,,,,,,,,,,,,19134,-4.210681915283203,-8.824517250061035,0.16397322714328766,0.42835208773612976,9.4286788600622e-05
-0.011958006738324232,0.0,0.0,0.0,0.0,-1.1240526334024779,24.145298514916263,0.0,0.0,1.0,0.0,0.015552099533437015,31.257954267319292,0,0.0,,,,,,,,,,,,,,,,,,,,,,,,,,,,,,,,,,,,,,,,,19227,-6.061531066894531,-9.280113220214844,0.16258887946605682,0.40387681126594543,9.426882164413551e-05
0.07643528062255978,0.0,1.0,0.0,0.0,16.35715005322779,24.855162478577732,0.0,10.650000000000016,0.0,0.0,0.03280839895013123,73.67626133246813,0,0.0,,,,,,,,,,,,,,,,,,,,,,,,,,,,,,,,,,,,,,,,,19440,-5.231973171234131,-10.115160942077637,0.15947839617729187,0.35907432436943054,9.42276780032e-05
0.31741068497678016,0.0,1.0,0.0,0.0,91.0968665883359,41.57751302671641,47.46431043552658,1.1500000000000004,0.0,0.0,0.06870860927152318,165.3908010921441,1,0.0,,,,,,,,,,,,,,,,,,,,,,,,,,,,,,,,,,,,,,,,,19726,-4.683145046234131,-8.55693531036377,0.15541058778762817,0.640264630317688,9.4172447690062e-05
,,,,,,,,,,,,,,,1301,200.86,29727,0.22270360589027405,184,-0.69604479,22,,,,,,,,,,,,,,,,,,,,,,,,,,,,,,,,,,,,,,,
0.24978994645898775,0.0,0.0,0.0,0.0,39.71660148697905,32.21366659070051,38.00906473022506,0.0,1.0,0.0,0.04578155657292348,70.83412982616574,0,0.0,,,,,,,,,,,,,,,,,,,,,,,,,,,,,,,,,,,,,,,,,19884,-5.079421043395996,-8.928990364074707,0.15319408476352692,0.49206048250198364,9.4141942818872e-05
,,,,,,,,,,,,,,,,,,,,,,0.016458716243505478,17.15617561340332,1.2240532636642456,0.09386467188596725,0.4171496629714966,0.8773344159126282,4.880454063415527,0.3407937288284302,6.814698696136475,27.833412170410156,0.13765168190002441,14.640676498413086,0.03710368275642395,0.2097473442554474,0.05038633942604065,0.010726084001362324,0.17899346351623535,15.129868507385254,0.023984096944332123,11.002243995666504,0.3372708559036255,2.2883570194244385,7.111932754516602,0.3745468854904175,0.11164149641990662,0.05102357268333435,33.10472106933594,27.586894989013672,0.9373670220375061,0.08331489562988281,0.0031611518934369087,30.635868072509766,0.02797691337764263,19999,-5.289674758911133,-9.391502380371094,0.15160878002643585,0.5978002548217773,9.411974303009951e-05
0.35036492192851854,0.0,1.0,0.0,0.0,107.56203103205519,40.67063882901149,40.69627851995118,3.049999999999997,0.0,0.0,0.10157618213660245,173.09011724730954,0,0.0,,,,,,,,,,,,,,,,,,,,,,,,,,,,,,,,,,,,,,,,,20190,-6.626154899597168,-10.55242919921875,0.14896613359451294,0.3862816393375397,9.408287789195e-05
0.47155568819282184,0.0,1.0,0.0,0.0,492.304138473306,42.17891027930541,87.72599592154938,7.4499999999999815,0.0,0.0,0.3815789473684211,611.3321127118543,2,0.0,,,,,,,,,,,,,,,,,,,,,,,,,,,,,,,,,,,,,,,,,21233,-5.024876594543457,-8.905447959899902,0.13554130494594574,0.4122779965400696,9.388169527875551e-05
0.08117571424550593,0.0,1.0,0.0,0.0,9.497558566724194,30.225959113497257,0.0,1.7000000000000008,0.0,0.0,0.019043760129659644,48.82597085181624,0,0.0,,,,,,,,,,,,,,,,,,,,,,,,,,,,,,,,,,,,,,,,,21349,-5.697246074676514,-8.725034713745117,0.13414114713668823,0.4891700744628906,9.385933360019952e-05
,,,,,,,,,,,,,,,1377,212.92,31350,0.22266103327274323,188,6.9737357300000005,22,,,,,,,,,,,,,,,,,,,,,,,,,,,,,,,,,,,,,,,
0.4616251584702115,0.0,1.0,0.0,0.0,413.1545168308393,41.15122683379873,45.95251468913775,1.4500000000000006,0.0,0.0,0.21660649819494585,511.18440698925406,0,0.0,,,,,,,,,,,,,,,,,,,,,,,,,,,,,,,,,,,,,,,,,22243,-5.9377031326293945,-11.344463348388672,0.1238146647810936,0.3181873559951782,9.368708429937549e-05
-0.5055718174639919,0.0,1.0,0.0,0.0,-77.35248807199076,27.90719937743215,0.0,0.0,0.0,0.0,0.03281423804226919,59.060737748630345,0,0.0,,,,,,,,,,,,,,,,,,,,,,,,,,,,,,,,,,,,,,,,,22395,-4.093692779541016,-9.974682807922363,0.12207870185375214,0.46504828333854675,9.365781388448752e-05
-0.06975948447454046,0.0,1.0,0.0,0.0,-7.464264838775829,26.51906650156731,31.415512692224365,1.6500000000000008,0.0,0.0,0.018553758325404377,39.202677983790636,0,0.0,,,,,,,,,,,,,,,,,,,,,,,,,,,,,,,,,,,,,,,,,22501,-4.678005218505859,-10.115999221801758,0.1209273487329483,0.35338783264160156,9.363740434259951e-05
0.41303341480325395,0.0,1.0,0.0,0.0,292.84069109550705,37.274189421165474,0.0,4.749999999999991,0.0,0.0,0.22679045092838196,366.6958117829636,0,0.0,,,,,,,,,,,,,,,,,,,,,,,,,,,,,,,,,,,,,,,,,23209,-4.462602615356445,-10.270201683044434,0.11354270577430725,0.5097098350524902,9.35011413492595e-05
,,,,,,,,,,,,,,,1461,228.28,33210,0.22254136204719543,192,13.980235830000002,22,,,,,,,,,,,,,,,,,,,,,,,,,,,,,,,,,,,,,,,
-0.17105085464331807,0.0,1.0,0.0,0.0,-35.74962862045348,33.58367245981098,28.650162198887934,0.0,0.0,0.0,0.04889112903225806,97.20946821477264,0,0.0,,,,,,,,,,,,,,,,,,,,,,,,,,,,,,,,,,,,,,,,,23417,-4.238492488861084,-8.451152801513672,0.11147306114435196,0.38087964057922363,9.34611282409555e-05
0.24526573579409805,0.0,0.0,0.0,0.0,151.5742247207526,35.06093776512936,117.3046404058897,0.0,1.0,0.0,0.14056224899598393,300.7083596275188,1,0.0,,,,,,,,,,,,,,,,,,,,,,,,,,,,,,,,,,,,,,,,,24034,-4.354928016662598,-9.119386672973633,0.10558861494064331,0.4554867148399353,9.3342486159022e-05
0.20435622648830934,0.0,1.0,0.0,0.0,33.71877737057104,33.12441218709341,41.445608718227355,0.0,0.0,0.0,0.04264264264264264,75.63809703849256,0,0.0,,,,,,,,,,,,,,,,,,,,,,,,,,,,,,,,,,,,,,,,,24198,-4.432261943817139,-9.977920532226562,0.10404891520738602,0.35036611557006836,9.331096356879802e-05
0.24131356086621555,0.0,1.0,0.0,0.0,117.03707702011454,37.543531348842194,98.09424029793314,6.549999999999985,0.0,0.0,0.13791295228106976,252.5655931502115,1,0.0,,,,,,,,,,,,,,,,,,,,,,,,,,,,,,,,,,,,,,,,,24682,-4.582893371582031,-11.202695846557617,0.09968815743923187,0.4848097562789917,9.321796469183801e-05
,,,,,,,,,,,,,,,1533,239.5,34683,0.22244064509868622,196,18.02447164,22,,,,,,,,,,,,,,,,,,,,,,,,,,,,,,,,,,,,,,,
0.32990522418990653,0.0,1.0,0.0,0.0,193.65436659947514,33.40268697412942,139.08064141395644,2.25,0.0,0.0,0.13239141810570382,271.9703191504814,1,0.0,,,,,,,,,,,,,,,,,,,,,,,,,,,,,,,,,,,,,,,,,25268,-6.343228340148926,-8.685966491699219,0.09474366903305054,0.6385897397994995,9.310542926648801e-05
0.1371380423653897,0.0,1.0,0.0,0.0,20.159292227712285,29.41688943823826,22.827496143646325,2.3499999999999996,0.0,0.0,0.031202046035805626,59.808335185283795,0,0.0,,,,,,,,,,,,,,,,,,,,,,,,,,,,,,,,,,,,,,,,,25414,-4.329386234283447,-10.853124618530273,0.093547023832798,0.39734476804733276,9.307740206390199e-05
-0.2215200321479619,0.0,1.0,0.0,0.0,-53.82936781195474,34.130542026532765,0.0,0.0,0.0,0.0,0.07026044821320412,114.9359722379595,0,0.0,,,,,,,,,,,,,,,,,,,,,,,,,,,,,,,,,,,,,,,,,25656,-4.615830421447754,-10.501026153564453,0.09162351489067078,0.5470969080924988,9.3030955358432e-05
0.015927149469864843,0.0,1.0,0.0,0.0,1.4812249006974305,29.804842965240862,8.461171136631657,0.0,0.0,0.0,0.016926503340757237,38.265998136252165,0,0.0,,,,,,,,,,,,,,,,,,,,,,,,,,,,,,,,,,,,,,,,,25748,-4.294340133666992,-10.12158489227295,0.0909029096364975,0.5047703981399536,9.301330099064801e-05
,,,,,,,,,,,,,,,1585,246.73,35749,0.22246083617210388,200,20.34432141,22,,,,,,,,,,,,,,,,,,,,,,,,,,,,,,,,,,,,,,,
0.28659108700995856,0.0,1.0,0.0,0.0,52.732760009832376,36.25645399759795,32.22322409806604,0.6,0.0,0.0,0.047667862634546386,92.39540138328448,0,0.0,,,,,,,,,,,,,,,,,,,,,,,,,,,,,,,,,,,,,,,,,25931,-5.7708258628845215,-11.002847671508789,0.0894920751452446,0.5823047161102295,9.29781891577195e-05
0.2745503327353231,0.0,1.0,0.0,0.0,57.930120207153166,37.443639206879624,89.37635969712622,0.0,0.0,0.0,0.07778510217534608,109.4581149527803,0,0.0,,,,,,,,,,,,,,,,,,,,,,,,,,,,,,,,,,,,,,,,,26141,-3.3863632678985596,-11.216743469238281,0.08787208050489426,0.37969446182250977,9.293790510215952e-05
0.3718491651750259,0.0,0.0,0.0,0.0,191.50232006513835,33.66831894539989,123.5883125500458,6.549999999999985,1.0,0.0,0.14029180695847362,240.49940048577264,1,0.0,,,,,,,,,,,,,,,,,,,,,,,,,,,,,,,,,,,,,,,,,26655,-6.319974899291992,-8.390629768371582,0.0840616226196289,0.49768880009651184,9.28393421079875e-05
0.06413970160101203,0.0,1.0,0.0,0.0,13.982454949020621,33.53312479410108,54.78501555576858,0.9000000000000002,0.0,0.0,0.0670886075949367,101.26917615486309,0,0.0,,,,,,,,,,,,,,,,,,,,,,,,,,,,,,,,,,,,,,,,,26872,-4.407557010650635,-9.355831146240234,0.08246687054634094,0.4466695785522461,9.2797746666208e-05
,,,,,,,,,,,,,,,1637,254.16,36873,0.2223367840051651,204,24.751186660000002,22,,,,,,,,,,,,,,,,,,,,,,,,,,,,,,,,,,,,,,,
0.10606037885634136,0.0,1.0,0.0,0.0,34.46962312831094,37.72598683921591,24.25126559142076,0.0,0.0,0.0,0.10938511326860842,170.0043056923896,0,0.0,,,,,,,,,,,,,,,,,,,,,,,,,,,,,,,,,,,,,,,,,27196,-3.111546516418457,-8.031778335571289,0.0801958292722702,0.5044511556625366,9.273565847039201e-05
0.34030903847317096,0.0,1.0,0.0,0.0,78.61138788730248,39.10372877409566,31.60668110455355,2.25,0.0,0.0,0.07793840351979887,125.19744439329952,0,0.0,,,,,,,,,,,,,,,,,,,,,,,,,,,,,,,,,,,,,,,,,27426,-4.1233015060424805,-10.475217819213867,0.0786895677447319,0.3911186754703522,9.269159619486202e-05
-0.033863112278637066,0.0,0.0,0.0,0.0,-3.0138169927986986,27.018636883132714,0.0,0.0,1.0,0.0,0.018746652383502947,33.13271124381572,0,0.0,,,,,,,,,,,,,,,,,,,,,,,,,,,,,,,,,,,,,,,,,27514,-3.553800106048584,-8.953868865966797,0.07810412347316742,0.5279689431190491,9.2674740369502e-05
0.18344525663551375,0.0,1.0,0.0,0.0,28.434014778504633,30.99837529534432,41.35670170709134,0.0,0.0,0.0,0.041666666666666664,66.46570006385446,0,0.0,,,,,,,,,,,,,,,,,,,,,,,,,,,,,,,,,,,,,,,,,27668,-4.652377128601074,-10.591943740844727,0.07708973437547684,0.6503193378448486,9.2645246383288e-05
,,,,,,,,,,,,,,,1676,258.38,37669,0.2223908007144928,208,26.870014379999997,22,,,,,,,,,,,,,,,,,,,,,,,,,,,,,,,,,,,,,,,
0.27293284287613767,0.0,1.0,0.0,0.0,70.14374061916737,32.03582930321257,38.00856603327199,2.9499999999999975,0.0,0.0,0.05401844532279315,114.09469758160412,0,0.0,,,,,,,,,,,,,,,,,,,,,,,,,,,,,,,,,,,,,,,,,27924,-2.8949432373046875,-8.682129859924316,0.07540218532085419,0.6063492298126221,9.259622786271202e-05
0.44976440772659365,0.0,1.0,0.0,0.0,276.6051107518551,41.43397435432175,82.64613868975717,5.449999999999989,0.0,0.0,0.13947590870667795,353.63121480029076,0,0.0,,,,,,,,,,,,,,,,,,,,,,,,,,,,,,,,,,,,,,,,,28538,-5.009050369262695,-9.537866592407227,0.0715993270277977,0.4314965009689331,9.247871315567802e-05
0.20233642304340133,0.0,0.0,0.0,0.0,23.06635222694775,27.760782198421186,0.0,5.549999999999988,1.0,0.0,0.026159334126040427,43.70552535634488,0,0.0,,,,,,,,,,,,,,,,,,,,,,,,,,,,,,,,,,,,,,,,,28651,-3.995429277420044,-8.305353164672852,0.07091173529624939,0.43598923087120056,9.24570940301995e-05
0.43836225210117225,0.0,1.0,0.0,0.0,222.24966181529433,40.14727099471396,161.0076756594161,0.9500000000000003,0.0,0.0,0.11772260273972603,282.4622169211507,1,0.0,,,,,,,,,,,,,,,,,,,,,,,,,,,,,,,,,,,,,,,,,29157,-4.613896369934082,-9.5429105758667,0.0679478794336319,0.35033947229385376,9.236031742957551e-05
,,,,,,,,,,,,,,,1742,269.32,39158,0.22229981422424316,212,33.958422170000006,22,,,,,,,,,,,,,,,,,,,,,,,,,,,,,,,,,,,,,,,
0.23518221891393054,0.0,1.0,0.0,0.0,40.45134165319605,34.152098366202,50.042875338697954,4.199999999999993,0.0,0.0,0.04519505233111323,81.26600876729935,0,0.0,,,,,,,,,,,,,,,,,,,,,,,,,,,,,,,,,,,,,,,,,29328,-3.9637808799743652,-8.245450019836426,0.06700707226991653,0.5311501026153564,9.2327623812608e-05
0.1329150839679943,0.0,1.0,0.0,0.0,15.949810076159316,31.985565733857715,0.0,2.3,0.0,0.0,0.027632950990615225,52.98671503015794,0,0.0,,,,,,,,,,,,,,,,,,,,,,,,,,,,,,,,,,,,,,,,,29447,-5.763236045837402,-11.372781753540039,0.06637119501829147,0.4793592393398285,9.23048755479955e-05
0.4799703178428906,0.0,1.0,0.0,0.0,145.43100630639586,40.85037083831472,0.0,0.0,0.0,0.0,0.07377417903733693,171.64267932623625,0,0.0,,,,,,,,,,,,,,,,,,,,,,,,,,,,,,,,,,,,,,,,,29749,-3.5257208347320557,-10.286799430847168,0.06471676379442215,1.5496571063995361,9.22471573085995e-05
,,,,,,,,,,,,,,,,,,,,,,0.027834106236696243,15.837974548339844,1.3896106481552124,0.16300269961357117,0.4939594268798828,1.438989520072937,4.691013336181641,0.3554660677909851,6.908479690551758,27.471616744995117,0.23252597451210022,15.814589500427246,0.06781304627656937,0.21396833658218384,0.08831655979156494,0.019440501928329468,0.21365240216255188,16.18401336669922,0.04266763851046562,11.428853988647461,0.3431639075279236,2.7063040733337402,7.190978527069092,0.4308635890483856,0.1888713389635086,0.09602776169776917,31.83138084411621,25.40105438232422,1.202143669128418,0.09333238005638123,0.007132913451641798,31.89259910583496,0.03656170517206192,29999,-4.45261287689209,-10.528392791748047,0.0633666142821312,0.3644927144050598,9.21993910400995e-05
0.3250823157764209,0.0,0.0,0.0,0.0,146.93720673094225,30.885335663680053,0.0,15.950000000000092,1.0,0.0,0.13222632226322265,193.64133230480365,0,0.0,,,,,,,,,,,,,,,,,,,,,,,,,,,,,,,,,,,,,,,,,30200,-4.49876594543457,-11.561271667480469,0.06233315169811249,0.41979140043258667,9.216099598000001e-05
,,,,,,,,,,,,,,,1790,274.31,40201,0.22224512696266174,216,37.99741781000001,22,,,,,,,,,,,,,,,,,,,,,,,,,,,,,,,,,,,,,,,
0.3442935863726717,0.0,0.0,0.0,0.0,58.18561609698152,31.92226683818537,0.0,5.699999999999988,1.0,0.0,0.04918032786885246,74.67503215163015,0,0.0,,,,,,,,,,,,,,,,,,,,,,,,,,,,,,,,,,,,,,,,,30368,-4.780994892120361,-11.289993286132812,0.0614551417529583,0.4008755087852478,9.212891075468801e-05
0.49465438912136017,0.0,0.0,0.0,0.0,221.60516632636936,37.760906240489284,0.0,4.549999999999992,1.0,0.0,0.10096818810511757,234.68072937987745,0,0.0,,,,,,,,,,,,,,,,,,,,,,,,,,,,,,,,,,,,,,,,,30815,-7.328117370605469,-10.316765785217285,0.05922987312078476,0.4325014352798462,9.20435684903875e-05
0.2809492763676335,0.0,1.0,0.0,0.0,58.15650020810014,32.77470575823558,65.05483506257482,0.0,0.0,0.0,0.057194461167971104,93.91298712138087,1,0.0,,,,,,,,,,,,,,,,,,,,,,,,,,,,,,,,,,,,,,,,,31021,-4.404683589935303,-12.05177116394043,0.0582171268761158,0.4006156623363495,9.200425188287951e-05
0.31698029476337997,0.0,1.0,0.0,0.0,63.07907865791262,37.307325241105005,39.37878583223805,0.0,0.0,0.0,0.04148207813129279,102.85262915305793,0,0.0,,,,,,,,,,,,,,,,,,,,,,,,,,,,,,,,,,,,,,,,,31219,-3.7974929809570312,-9.484582901000977,0.05728774890303612,0.42104488611221313,9.196647009311951e-05
,,,,,,,,,,,,,,,1836,278.08,41220,0.2222219705581665,220,43.27501386,22,,,,,,,,,,,,,,,,,,,,,,,,,,,,,,,,,,,,,,,
0.42523680378087914,0.0,0.0,0.0,0.0,226.2259796114277,37.30349914654311,128.53377700272392,3.2999999999999963,1.0,0.0,0.16594694632942628,275.2974666720256,1,0.0,,,,,,,,,,,,,,,,,,,,,,,,,,,,,,,,,,,,,,,,,31750,-3.7829060554504395,-9.73288631439209,0.054799724370241165,0.5259611010551453,9.186518471875001e-05
0.4500671305966808,0.0,0.0,0.0,0.0,134.57007204840755,42.84792331102313,0.0,0.0,1.0,0.0,0.11885790172642763,177.67693427670747,0,0.0,,,,,,,,,,,,,,,,,,,,,,,,,,,,,,,,,,,,,,,,,32048,-5.047863483428955,-10.449931144714355,0.05344049260020256,0.4331015348434448,9.1808367413248e-05
0.16964658981431333,0.0,1.0,0.0,0.0,25.107695292518372,38.88406623686262,11.161755575344634,0.0,0.0,0.0,0.036414565826330535,79.63781276764348,0,0.0,,,,,,,,,,,,,,,,,,,,,,,,,,,,,,,,,,,,,,,,,32195,-6.6205878257751465,-10.878204345703125,0.052786555141210556,0.3589225709438324,9.17803465934875e-05
0.48957634774448683,0.0,1.0,0.0,0.0,179.18494327448218,44.69307173527962,104.5288811865599,2.849999999999998,0.0,0.0,0.11982464685825621,226.87925139116123,1,0.0,,,,,,,,,,,,,,,,,,,,,,,,,,,,,,,,,,,,,,,,,32560,-7.386449813842773,-9.764440536499023,0.05125665292143822,0.6574656963348389,9.171078968319999e-05
,,,,,,,,,,,,,,,1899,283.96,42561,0.22216828167438507,224,49.77973989000001,22,,,,,,,,,,,,,,,,,,,,,,,,,,,,,,,,,,,,,,,
0.29178376842186365,0.0,1.0,0.0,0.0,127.50950680035442,41.38725630713269,97.52696406635076,5.749999999999988,0.0,0.0,0.17936925098554535,250.89596587326378,1,0.0,,,,,,,,,,,,,,,,,,,,,,,,,,,,,,,,,,,,,,,,,32996,-5.301187515258789,-9.030353546142578,0.04938650131225586,0.5910860300064087,9.1627737273592e-05
0.04397082213861652,0.0,0.0,1.0,0.0,14.510371305743451,38.4713687716151,0.0,4.199999999999993,0.0,0.0,0.09226037929267042,175.91423923522234,0,0.0,,,,,,,,,,,,,,,,,,,,,,,,,,,,,,,,,,,,,,,,,33325,-6.635911464691162,-11.391077041625977,0.04807591810822487,0.5717970132827759,9.156509203468748e-05
0.1439814733882412,0.0,1.0,0.0,0.0,38.01110897449567,25.69640257146379,94.15988299735416,0.0,0.0,0.0,0.0606826801517067,93.91350681707263,0,0.0,,,,,,,,,,,,,,,,,,,,,,,,,,,,,,,,,,,,,,,,,33588,-10.087162971496582,-10.182673454284668,0.047090888023376465,0.49753957986831665,9.151502941752802e-05
0.5035339280289262,0.0,0.0,0.0,0.0,158.10965340108282,39.03317876854046,0.0,9.049999999999994,1.0,0.0,0.1111111111111111,169.98721377830952,0,0.0,,,,,,,,,,,,,,,,,,,,,,,,,,,,,,,,,,,,,,,,,33901,-5.067193508148193,-12.240436553955078,0.04592328891158104,0.4629034698009491,9.145546713119951e-05
,,,,,,,,,,,,,,,1960,287.16,43902,0.2220611423254013,228,56.731339469999995,22,,,,,,,,,,,,,,,,,,,,,,,,,,,,,,,,,,,,,,,
0.050818469138024534,0.0,1.0,0.0,0.0,4.878573037250355,29.477048401462934,0.0,4.749999999999991,0.0,0.0,0.02469844916714532,39.00788945751265,0,0.0,,,,,,,,,,,,,,,,,,,,,,,,,,,,,,,,,,,,,,,,,33996,-9.109102249145508,-11.684887886047363,0.045550085604190826,0.3750525414943695,9.1437392977592e-05
0.4844283755058106,0.0,1.0,0.0,0.0,158.40807879040005,40.85134733732006,69.76659999126683,0.0,0.0,0.0,0.08596406022340942,185.2545075993985,1,0.0,,,,,,,,,,,,,,,,,,,,,,,,,,,,,,,,,,,,,,,,,34322,-4.336014747619629,-11.948522567749023,0.0443585142493248,0.4448040723800659,9.137538374855802e-05
-0.07039219320006905,0.0,1.0,0.0,0.0,-5.349806683205248,25.254316849593497,0.0,1.4500000000000006,0.0,0.0,0.013839056893900564,26.47609078476671,0,0.0,,,,,,,,,,,,,,,,,,,,,,,,,,,,,,,,,,,,,,,,,34397,-3.9430038928985596,-12.993812561035156,0.04410526156425476,0.47013986110687256,9.136112081409551e-05
0.3230561572572697,0.0,0.0,0.0,0.0,65.90345608048302,35.38473615634978,40.40682320984423,0.2,1.0,0.0,0.04574838388861263,99.95459945034236,0,0.0,,,,,,,,,,,,,,,,,,,,,,,,,,,,,,,,,,,,,,,,,34600,-4.028968811035156,-11.431978225708008,0.04339675232768059,0.37867701053619385,9.132252142000001e-05
,,,,,,,,,,,,,,,1993,279.02,44601,0.22195099294185638,232,63.20168881999999,22,,,,,,,,,,,,,,,,,,,,,,,,,,,,,,,,,,,,,,,
-0.07684641328934268,0.0,1.0,0.0,0.0,-7.069870022619526,23.68683658469999,13.574762543250165,0.0,0.0,0.0,0.013882461823229986,30.219152171630412,0,0.0,,,,,,,,,,,,,,,,,,,,,,,,,,,,,,,,,,,,,,,,,34691,-4.358529090881348,-11.16625690460205,0.0430833175778389,0.36609727144241333,9.13052209053595e-05
0.45466454424705455,0.0,1.0,0.0,0.0,125.48741421218705,41.69841636421114,0.0,4.6499999999999915,0.0,0.0,0.06439066551426102,159.61814164742827,0,0.0,,,,,,,,,,,,,,,,,,,,,,,,,,,,,,,,,,,,,,,,,34966,-3.0464277267456055,-12.213013648986816,0.042163148522377014,0.4097362458705902,9.1252949145022e-05
-0.08611860392686438,0.0,0.0,0.0,0.0,-9.128572016247624,17.996974396169644,0.0,0.0,1.0,0.0,0.010931806350858927,26.314828425005544,0,0.0,,,,,,,,,,,,,,,,,,,,,,,,,,,,,,,,,,,,,,,,,35071,-7.101572513580322,-10.433816909790039,0.041816532611846924,0.40819108486175537,9.123299480657952e-05
0.24452824538912873,0.0,1.0,0.0,0.0,94.63243096559282,36.080839063315736,0.0,6.699999999999984,0.0,0.0,0.12740544127405443,193.73261783178896,0,0.0,,,,,,,,,,,,,,,,,,,,,,,,,,,,,,,,,,,,,,,,,35457,-3.5044946670532227,-12.979106903076172,0.04056825861334801,0.40266749262809753,9.11596577154755e-05
,,,,,,,,,,,,,,,2033,278.79,45458,0.22186890244483948,236,65.22966133,22,,,,,,,,,,,,,,,,,,,,,,,,,,,,,,,,,,,,,,,
-0.27267096596690044,0.0,1.0,0.0,0.0,-15.542245060113324,23.28176850698196,0.0,0.0,0.0,0.0,0.011516314779270634,18.226538849063218,0,0.0,,,,,,,,,,,,,,,,,,,,,,,,,,,,,,,,,,,,,,,,,35513,-7.1662702560424805,-10.182122230529785,0.04037633165717125,0.5286030769348145,9.11490206003155e-05
0.3467052102493774,0.0,0.0,0.0,0.0,120.65341316678334,40.21188882303081,49.24858160156322,0.0,1.0,0.0,0.08171206225680934,194.04195406474173,1,0.0,,,,,,,,,,,,,,,,,,,,,,,,,,,,,,,,,,,,,,,,,35860,-3.190817356109619,-11.985568046569824,0.03929506987333298,0.31270933151245117,9.10831223902e-05
0.39702045231589356,0.0,0.0,0.0,0.0,81.78621317707407,33.586252197668244,0.0,5.549999999999988,1.0,0.0,0.061458931648477884,95.83387418789789,0,0.0,,,,,,,,,,,,,,,,,,,,,,,,,,,,,,,,,,,,,,,,,36065,-4.302464485168457,-10.71548080444336,0.038673169910907745,0.44007056951522827,9.10442024303875e-05
0.1453413057301268,0.0,1.0,0.0,0.0,73.68804200517428,42.13680988855976,54.779137356525474,2.0500000000000007,0.0,0.0,0.12200252419015566,296.41885829903185,0,0.0,,,,,,,,,,,,,,,,,,,,,,,,,,,,,,,,,,,,,,,,,36571,-7.516936779022217,-10.786693572998047,0.03714393079280853,0.46837472915649414,9.09481723750795e-05
,,,,,,,,,,,,,,,2083,274.9,46572,0.22183442115783691,240,64.83949951,22,,,,,,,,,,,,,,,,,,,,,,,,,,,,,,,,,,,,,,,
0.04632408344706539,0.0,1.0,0.0,0.0,38.86590601208786,24.728281167724997,154.28802830008783,0.0,0.0,0.0,0.13390058217644424,287.882814001292,0,0.0,,,,,,,,,,,,,,,,,,,,,,,,,,,,,,,,,,,,,,,,,37409,-6.545450210571289,-12.570165634155273,0.03481266275048256,0.45519205927848816,9.07892465214595e-05
0.07742424646145345,0.0,1.0,0.0,0.0,6.658485195684996,30.19553663513664,0.0,0.0,0.0,0.0,0.014882182720132286,35.78374214656651,0,0.0,,,,,,,,,,,,,,,,,,,,,,,,,,,,,,,,,,,,,,,,,37494,-4.506126880645752,-10.631782531738281,0.03458628058433533,0.49678799510002136,9.0773134163582e-05
0.0890567405830771,0.0,0.0,0.0,0.0,8.460390355392324,27.66923386614445,0.0,0.0,1.0,0.0,0.012981744421906694,36.31229220284149,0,0.0,,,,,,,,,,,,,,,,,,,,,,,,,,,,,,,,,,,,,,,,,37588,-4.351895332336426,-12.600912094116211,0.03434072062373161,0.332581490278244,9.075531746552801e-05
0.3141828208764564,0.0,0.0,0.0,0.0,38.01612132605122,30.28146500331346,0.0,0.0,1.0,0.0,0.02599903707270101,50.67901233676821,0,0.0,,,,,,,,,,,,,,,,,,,,,,,,,,,,,,,,,,,,,,,,,37708,-3.493494987487793,-11.572561264038086,0.03402254730463028,0.47968125343322754,9.073257529976801e-05
,,,,,,,,,,,,,,,2133,278.36,47709,0.22173625230789185,244,65.71857682,22,,,,,,,,,,,,,,,,,,,,,,,,,,,,,,,,,,,,,,,
0.40933631871503406,1.0,0.0,0.0,0.0,203.0308140826569,38.756933994170055,101.75567285750124,0.0,0.0,0.0,0.1169844020797227,266.8113486878574,0,0.0,,,,,,,,,,,,,,,,,,,,,,,,,,,,,,,,,,,,,,,,,38203,-4.736328125,-12.237305641174316,0.03278188779950142,0.4146130383014679,9.06387941562955e-05
0.28996948516511634,0.0,1.0,0.0,0.0,98.00968598580931,38.646678884764306,129.64090164349997,0.0,0.0,0.0,0.1163076923076923,181.1372007187456,0,0.0,,,,,,,,,,,,,,,,,,,,,,,,,,,,,,,,,,,,,,,,,38540,-2.0928611755371094,-11.706472396850586,0.031943317502737045,0.34729883074760437,9.05749750942e-05
0.11698487586197304,0.0,0.0,0.0,0.0,9.826729572405736,27.254096828875824,0.0,0.0,1.0,0.0,0.013110307414104882,31.52909065131098,0,0.0,,,,,,,,,,,,,,,,,,,,,,,,,,,,,,,,,,,,,,,,,38623,-3.1576108932495117,-10.679515838623047,0.03173201158642769,0.6965382099151611,9.05592605148355e-05
-0.04750931433912255,0.0,1.0,0.0,0.0,-4.08580103316454,25.439613308100252,15.285091147376669,0.0,0.0,0.0,0.013297872340425532,30.290382239967585,0,0.0,,,,,,,,,,,,,,,,,,,,,,,,,,,,,,,,,,,,,,,,,38708,-3.9395835399627686,-11.25172233581543,0.03152802959084511,0.5230669379234314,9.054316869176801e-05
,,,,,,,,,,,,,,,2181,277.69,48709,0.22154688835144043,248,66.99433029999999,22,,,,,,,,,,,,,,,,,,,,,,,,,,,,,,,,,,,,,,,
0.013978111846295245,0.0,1.0,0.0,0.0,1.3838330727832293,26.969016863728598,10.652201571029995,0.0,0.0,0.0,0.01768642447418738,36.83516677189618,0,0.0,,,,,,,,,,,,,,,,,,,,,,,,,,,,,,,,,,,,,,,,,38806,-5.073748588562012,-10.830074310302734,0.03130399435758591,0.4014023542404175,9.0524617550782e-05
0.01755615671437778,0.0,1.0,0.0,0.0,1.4044925371502224,29.154482408706095,4.032974599054079,2.000000000000001,0.0,0.0,0.014187446259673258,32.13641923945397,0,0.0,,,,,,,,,,,,,,,,,,,,,,,,,,,,,,,,,,,,,,,,,38885,-2.966212272644043,-12.33358383178711,0.03111875243484974,0.4790228307247162,9.050966445088751e-05
0.4252155258502025,0.0,1.0,0.0,0.0,317.2107822842511,36.09417637957049,53.235866418323106,2.1000000000000005,0.0,0.0,0.20246659815005139,373.69004913419485,1,0.0,,,,,,,,,,,,,,,,,,,,,,,,,,,,,,,,,,,,,,,,,39630,-2.058943748474121,-11.819635391235352,0.02947714366018772,0.4100675880908966,9.036871212155001e-05
0.3681845175333416,0.0,1.0,0.0,0.0,60.75044539300136,36.26470719344035,0.0,2.5999999999999988,0.0,0.0,0.034626616604088445,82.86059904517606,0,0.0,,,,,,,,,,,,,,,,,,,,,,,,,,,,,,,,,,,,,,,,,39794,-5.809819221496582,-13.603371620178223,0.02913179248571396,0.39313554763793945,9.033769852238201e-05
,,,,,,,,,,,,,,,2234,275.21,49795,0.2213265299797058,252,70.54576195,22,,,,,,,,,,,,,,,,,,,,,,,,,,,,,,,,,,,,,,,
,,,,,,,,,,,,,,,,,,,,,,0.027662105858325958,16.187780380249023,1.46988046169281,0.18302392959594727,0.48499196767807007,1.7324506044387817,3.8754942417144775,0.3299533426761627,7.1497483253479,25.64187240600586,0.29988357424736023,17.36328887939453,0.07434271275997162,0.21309733390808105,0.09423597902059555,0.022806130349636078,0.2285718321800232,17.209697723388672,0.05306510627269745,10.41550350189209,0.31735140085220337,3.1096723079681396,7.434484958648682,0.39952602982521057,0.24399617314338684,0.1228376105427742,34.18415832519531,24.107362747192383,1.2387884855270386,0.09411989897489548,0.008842096664011478,30.34969711303711,0.04093599319458008,39999,-5.153491973876953,-11.747055053710938,0.028715601190924644,0.411684513092041,9.02989390500995e-05
0.17376101306099126,0.0,1.0,0.0,0.0,105.99421796720466,21.531939102561584,123.92619109223739,3.8499999999999943,0.0,0.0,0.07952204367531933,182.1724413409829,0,0.0,,,,,,,,,,,,,,,,,,,,,,,,,,,,,,,,,,,,,,,,,40403,-1.300615906715393,-12.450640678405762,0.027918128296732903,0.3782501816749573,9.02225790096955e-05
0.576480233209859,0.0,0.0,0.0,0.0,246.15705958060977,39.49487412749705,74.64437784568632,4.499999999999992,1.0,0.0,0.10802775024777007,233.9629351971671,1,0.0,,,,,,,,,,,,,,,,,,,,,,,,,,,,,,,,,,,,,,,,,40829,-3.581007719039917,-12.037372589111328,0.02705668844282627,0.3733310401439667,9.014209593047951e-05
0.3089173261142285,0.0,1.0,0.0,0.0,56.531870678903815,34.71850278839402,26.556420596294185,0.39999999999999997,0.0,0.0,0.04075091575091575,88.0546192433685,0,0.0,,,,,,,,,,,,,,,,,,,,,,,,,,,,,,,,,,,,,,,,,41011,-0.7942651510238647,-13.866752624511719,0.026719920337200165,0.4655972421169281,9.01077221510395e-05
0.18621628725675138,0.0,1.0,0.0,0.0,26.256496503201944,30.55839842574777,26.95769968153077,3.049999999999997,0.0,0.0,0.03026967528893781,59.582630150951445,0,0.0,,,,,,,,,,,,,,,,,,,,,,,,,,,,,,,,,,,,,,,,,41151,-1.496535062789917,-11.167632102966309,0.026449285447597504,0.3391297161579132,9.008128526769951e-05
,,,,,,,,,,,,,,,2296,278.85,51152,0.22108718752861023,256,73.72140487,22,,,,,,,,,,,,,,,,,,,,,,,,,,,,,,,,,,,,,,,
0.45772004375127134,0.0,0.0,0.0,0.0,219.24790095685898,34.939307415191635,0.0,9.45,1.0,0.0,0.11121365943700968,232.16033149929717,0,0.0,,,,,,,,,,,,,,,,,,,,,,,,,,,,,,,,,,,,,,,,,41629,-2.578362464904785,-12.146718978881836,0.025597726926207542,0.41958773136138916,8.999105158727949e-05
0.21336841438063855,1.0,0.0,0.0,0.0,51.63515628011453,32.82597581613192,67.03560068927811,1.5500000000000007,0.0,0.0,0.049586776859504134,110.00982073228806,1,0.0,,,,,,,,,,,,,,,,,,,,,,,,,,,,,,,,,,,,,,,,,41870,-3.7081010341644287,-12.194303512573242,0.0251531433314085,0.4462212324142456,8.994557444155001e-05
0.38087724042069,0.0,1.0,0.0,0.0,78.46071152666214,36.409270172414686,27.583474231637233,2.5999999999999988,0.0,0.0,0.05620608899297424,103.92684197146446,0,0.0,,,,,,,,,,,,,,,,,,,,,,,,,,,,,,,,,,,,,,,,,42075,-3.28271222114563,-10.971517562866211,0.024800635874271393,0.5853180885314941,8.990689965968752e-05
0.31854919357107764,0.0,1.0,0.0,0.0,185.0770814647961,40.59292070116116,46.48165093887854,4.299999999999993,0.0,0.0,0.12612982744453574,327.2996208500117,0,0.0,,,,,,,,,,,,,,,,,,,,,,,,,,,,,,,,,,,,,,,,,42655,-5.8057098388671875,-12.235029220581055,0.023849455639719963,0.5499081015586853,8.979752362798751e-05
,,,,,,,,,,,,,,,2362,283.63,52656,0.22077441215515137,260,77.0209913,22,,,,,,,,,,,,,,,,,,,,,,,,,,,,,,,,,,,,,,,
0.18361563851915205,0.0,1.0,0.0,0.0,50.31068495424766,39.76698904543425,0.0,0.0,0.0,0.0,0.0954653937947494,150.99364223331213,0,0.0,,,,,,,,,,,,,,,,,,,,,,,,,,,,,,,,,,,,,,,,,42928,-2.2464547157287598,-12.081818580627441,0.02338816039264202,0.3622470498085022,8.974606463180801e-05
0.09300685339518318,0.0,1.0,0.0,0.0,94.49496304950611,29.551763867219794,101.57616727695975,7.79999999999998,0.0,0.0,0.22582480091012513,416.68170428741723,0,0.0,,,,,,,,,,,,,,,,,,,,,,,,,,,,,,,,,,,,,,,,,43943,-6.386138916015625,-12.685773849487305,0.021878227591514587,0.4800596833229065,8.955487280127551e-05
0.4715193807324129,0.0,1.0,0.0,0.0,156.07291502242867,38.53295110118647,125.342465460936,3.049999999999997,0.0,0.0,0.12257661038148843,176.8857093071565,1,0.0,,,,,,,,,,,,,,,,,,,,,,,,,,,,,,,,,,,,,,,,,44273,-3.7202608585357666,-14.525325775146484,0.021395305171608925,0.49645882844924927,8.94927560736355e-05
-0.039555008412238093,0.0,1.0,0.0,0.0,-3.045735647742333,28.312552591604504,0.0,0.0,0.0,0.0,0.01588201928530913,30.00277522020042,0,0.0,,,,,,,,,,,,,,,,,,,,,,,,,,,,,,,,,,,,,,,,,44349,-6.65096378326416,-12.097414016723633,0.021293651312589645,0.3616698980331421,8.947845347319952e-05
,,,,,,,,,,,,,,,2445,290.86,54350,0.22014030814170837,264,79.81027460000001,22,,,,,,,,,,,,,,,,,,,,,,,,,,,,,,,,,,,,,,,
0.2712219115089525,0.0,1.0,0.0,0.0,32.5466293810743,35.884570729631236,1.15463823932939,0.0,0.0,0.0,0.03740648379052369,59.60875533800572,0,0.0,,,,,,,,,,,,,,,,,,,,,,,,,,,,,,,,,,,,,,,,,44468,-3.505363941192627,-10.235140800476074,0.021164972335100174,0.44651663303375244,8.945606092088801e-05
0.22719680165925515,0.0,0.0,0.0,0.0,398.2759933086743,29.395761195067696,325.811913771654,12.900000000000048,1.0,0.0,0.43429581614614027,715.2336920071393,1,0.0,,,,,,,,,,,,,,,,,,,,,,,,,,,,,,,,,,,,,,,,,46220,-3.335724353790283,-12.04932689666748,0.019112933427095413,0.34638428688049316,8.91267084958e-05
0.1900872962815936,0.0,0.0,0.0,0.0,97.32469569617592,41.30929127731997,0.0,2.1000000000000005,1.0,0.0,0.13591756624141316,293.51607493590564,0,0.0,,,,,,,,,,,,,,,,,,,,,,,,,,,,,,,,,,,,,,,,,46731,-2.5048155784606934,-12.640634536743164,0.018593447282910347,0.4021974205970764,8.903076243291951e-05
0.4417348664347021,0.0,1.0,0.0,0.0,224.40131214882868,34.366923921688866,174.82179209667774,0.0,0.0,0.0,0.1504950495049505,242.22263406775892,2,0.0,,,,,,,,,,,,,,,,,,,,,,,,,,,,,,,,,,,,,,,,,47238,-1.136826753616333,-12.472918510437012,0.018103551119565964,0.42469334602355957,8.893561877007801e-05
,,,,,,,,,,,,,,,2593,310.71,57239,0.2192084789276123,268,85.46951971,22,,,,,,,,,,,,,,,,,,,,,,,,,,,,,,,,,,,,,,,
0.3518790313026317,1.0,0.0,0.0,0.0,176.99515274522375,39.315035640625766,77.8946701832204,0.8500000000000002,0.0,0.0,0.13320555821753713,274.2633997965604,0,0.0,,,,,,,,,,,,,,,,,,,,,,,,,,,,,,,,,,,,,,,,,47740,-3.1052052974700928,-12.604843139648438,0.017680758610367775,0.40697968006134033,8.88414638062e-05
-0.25311577168560345,0.0,0.0,0.0,0.0,-44.54837581666621,21.785769277201073,0.0,0.6,1.0,0.0,0.01849345963013081,52.93976453412324,0,0.0,,,,,,,,,,,,,,,,,,,,,,,,,,,,,,,,,,,,,,,,,47915,-3.473682165145874,-11.988862037658691,0.017544379457831383,0.4245155453681946,8.88086526488875e-05
0.41763107935568017,0.0,1.0,0.0,0.0,88.5377888234042,37.213380043162886,0.6395343559250873,1.5500000000000007,0.0,0.0,0.06839186691312385,109.32031585462391,0,0.0,,,,,,,,,,,,,,,,,,,,,,,,,,,,,,,,,,,,,,,,,48126,-1.6115411520004272,-12.474902153015137,0.01739598996937275,0.5020413994789124,8.8769099871662e-05
0.2800942732764664,0.0,0.0,0.0,0.0,31.650652880240706,28.540480748950337,0.0,5.449999999999989,1.0,0.0,0.022935779816513763,44.54594801366329,0,0.0,,,,,,,,,,,,,,,,,,,,,,,,,,,,,,,,,,,,,,,,,48238,-2.5853075981140137,-13.596755027770996,0.017305081710219383,0.39463141560554504,8.8748108632078e-05
,,,,,,,,,,,,,,,2640,307.47,58239,0.21890319883823395,272,84.33481335999998,22,,,,,,,,,,,,,,,,,,,,,,,,,,,,,,,,,,,,,,,
0.39941506878640254,1.0,0.0,0.0,0.0,132.20638776829924,36.19206888506389,85.79058726530077,1.0000000000000002,0.0,0.0,0.07681498829039812,166.0227659828961,0,0.0,,,,,,,,,,,,,,,,,,,,,,,,,,,,,,,,,,,,,,,,,48568,-2.2269375324249268,-12.64236831665039,0.017072174698114395,0.37601742148399353,8.868627395708801e-05
,,,,,,,,,,,,,,,,,,,,,,0.02594815194606781,15.920792579650879,1.3512483835220337,0.21026092767715454,0.5041952133178711,1.613891839981079,3.179673910140991,0.3731328845024109,7.239836692810059,25.765270233154297,0.33817559480667114,17.45668601989746,0.08247818052768707,0.22699101269245148,0.10286127030849457,0.023010093718767166,0.2488890439271927,17.33919334411621,0.06452281773090363,10.10683536529541,0.3584717810153961,3.3656764030456543,7.906594276428223,0.4171816110610962,0.28236889839172363,0.14149880409240723,34.60134506225586,25.142648696899414,1.101089358329773,0.10322211682796478,0.00898558646440506,29.26046371459961,0.04798619821667671,49999,-8.80426025390625,-13.803027153015137,0.01608622819185257,0.3971990942955017,8.84183870600995e-05
0.20617552022942928,0.0,1.0,0.0,0.0,397.9187540427985,29.927674350799904,420.06396785191185,0.0,0.0,0.0,0.37951002227171493,801.8740318175405,2,0.0,,,,,,,,,,,,,,,,,,,,,,,,,,,,,,,,,,,,,,,,,50497,1.6357723474502563,-13.079266548156738,0.015774378553032875,0.412045955657959,8.83252557573955e-05
0.005388976451760436,0.0,1.0,0.0,0.0,0.44728504549611614,25.025086200987477,0.0,0.0,0.0,0.0,0.013862332695984704,28.657236874103546,0,0.0,,,,,,,,,,,,,,,,,,,,,,,,,,,,,,,,,,,,,,,,,50579,0.7436864376068115,-13.580228805541992,0.01575847715139389,0.3421185612678528,8.830992561647948e-05
0.45484856421508324,0.0,0.0,0.0,0.0,180.12003142917297,34.23352151982588,0.0,7.199999999999982,1.0,0.0,0.12606577344701583,188.11186608392745,0,0.0,,,,,,,,,,,,,,,,,,,,,,,,,,,,,,,,,,,,,,,,,50974,0.5081071257591248,-14.514217376708984,0.015527443028986454,0.3993890881538391,8.823609795326201e-05
,,,,,,,,,,,,,,,2765,326.46,60975,0.21806716918945312,276,90.15822577,22,,,,,,,,,,,,,,,,,,,,,,,,,,,,,,,,,,,,,,,
0.4532232051091806,0.0,1.0,0.0,0.0,137.32663114808173,36.0564960953266,48.99563574826124,3.899999999999994,0.0,0.0,0.09394313967861558,151.4851791167166,1,0.0,,,,,,,,,,,,,,,,,,,,,,,,,,,,,,,,,,,,,,,,,51276,0.5298614501953125,-11.85243034362793,0.01537067350000143,0.4428575932979584,8.8179673443512e-05
0.35699749263440217,0.0,1.0,0.0,0.0,112.81120767247108,34.2995023763327,91.98280175157335,4.249999999999993,0.0,0.0,0.06983240223463687,150.26205385429785,1,0.0,,,,,,,,,,,,,,,,,,,,,,,,,,,,,,,,,,,,,,,,,51591,-0.7019965648651123,-14.23611831665039,0.015213550068438053,0.7212272882461548,8.81208394024595e-05
0.35551323019236253,0.0,0.0,0.0,0.0,138.6501597750214,37.98724681824344,0.0,5.549999999999988,1.0,0.0,0.13690476190476192,205.48175729252398,0,0.0,,,,,,,,,,,,,,,,,,,,,,,,,,,,,,,,,,,,,,,,,51980,-0.5271673798561096,-12.776006698608398,0.014999077655375004,0.36749380826950073,8.804821127979999e-05
0.3597683899209893,0.0,0.0,0.0,0.0,190.67724665812432,29.32356406191536,0.0,16.5500000000001,1.0,0.0,0.11372360844529751,215.63319879211485,0,0.0,,,,,,,,,,,,,,,,,,,,,,,,,,,,,,,,,,,,,,,,,52509,-2.3394086360931396,-11.072315216064453,0.01478508859872818,0.5279439687728882,8.79494928205595e-05
,,,,,,,,,,,,,,,2836,335.22,62510,0.21750164031982422,280,95.38078760000002,22,,,,,,,,,,,,,,,,,,,,,,,,,,,,,,,,,,,,,,,
0.4099273103839716,0.0,0.0,0.0,0.0,493.55248170230186,31.286013632756465,266.2070543732171,17.25000000000011,1.0,0.0,0.26745329400196655,522.8776573706418,2,0.0,,,,,,,,,,,,,,,,,,,,,,,,,,,,,,,,,,,,,,,,,53712,-0.1953212320804596,-13.586050033569336,0.014357448555529118,0.4510009288787842,8.772520428492801e-05
0.05423457586658704,0.0,1.0,0.0,0.0,6.020037921191161,25.326616233054363,0.0,1.7500000000000009,0.0,0.0,0.019066733567486203,38.76261130254716,0,0.0,,,,,,,,,,,,,,,,,,,,,,,,,,,,,,,,,,,,,,,,,53822,1.7592507600784302,-12.563310623168945,0.014330138452351093,0.526596188545227,8.7704710144558e-05
0.5698484653394879,0.0,0.0,0.0,0.0,1278.7399562218106,40.062300292761506,166.56144628513204,5.799999999999987,1.0,0.0,0.6701735928458706,1248.061531694606,1,0.0,,,,,,,,,,,,,,,,,,,,,,,,,,,,,,,,,,,,,,,,,56065,-5.013967514038086,-13.560930252075195,0.013731438666582108,0.3512389063835144,8.72873411303875e-05
0.0416526248194757,0.0,1.0,0.0,0.0,3.248904735919105,30.25909478234664,0.0,1.7500000000000009,0.0,0.0,0.018161805173362685,32.464310145936906,0,0.0,,,,,,,,,,,,,,,,,,,,,,,,,,,,,,,,,,,,,,,,,56142,2.9421446323394775,-13.445988655090332,0.013717812485992908,0.6351393461227417,8.7273031034318e-05
,,,,,,,,,,,,,,,3017,364.16,66143,0.2162051945924759,284,112.00493215,21,,,,,,,,,,,,,,,,,,,,,,,,,,,,,,,,,,,,,,,
0.3729565343642607,0.0,1.0,0.0,0.0,133.14548276804106,31.001250232556693,67.49807752016541,2.3499999999999996,0.0,0.0,0.07015810276679842,153.43133650906384,0,0.0,,,,,,,,,,,,,,,,,,,,,,,,,,,,,,,,,,,,,,,,,56498,2.167328119277954,-14.706962585449219,0.013639419339597225,0.39270275831222534,8.720688540839801e-05
0.5530433942600927,0.0,1.0,0.0,0.0,783.6624896665514,38.29038510848766,191.6227576056328,7.84999999999998,0.0,0.0,0.3931578947368421,753.2598295500502,2,0.0,,,,,,,,,,,,,,,,,,,,,,,,,,,,,,,,,,,,,,,,,57914,-3.559983253479004,-15.254103660583496,0.013416483998298645,0.3272908926010132,8.6944038983902e-05
,,,,,,,,,,,,,,,,,,,,,,0.023852989077568054,13.892501831054688,1.345344066619873,0.17888864874839783,0.49836623668670654,1.5599892139434814,2.9455933570861816,0.37043774127960205,8.256454467773438,22.090866088867188,0.3362302780151367,18.084333419799805,0.09115670621395111,0.19182059168815613,0.10733545571565628,0.021539535373449326,0.24969924986362457,19.486745834350586,0.07212130725383759,11.2568941116333,0.3580056428909302,3.1167750358581543,8.90622329711914,0.4026482105255127,0.27611178159713745,0.1578008532524109,34.096900939941406,25.92836570739746,1.2167737483978271,0.11400091648101807,0.009853257797658443,29.161579132080078,0.04303484037518501,59999,3.504180908203125,-14.887572288513184,0.013160875998437405,0.3992292881011963,8.65577350700995e-05
0.4141427494545105,0.0,1.0,0.0,0.0,978.6193169610084,37.66380470112987,252.01966071662434,7.84999999999998,0.0,0.0,0.8342105263157895,1235.587063850835,3,0.0,,,,,,,,,,,,,,,,,,,,,,,,,,,,,,,,,,,,,,,,,60276,2.1240670680999756,-15.335746765136719,0.013147014193236828,0.8518330454826355,8.650647825951199e-05
0.5452383149556508,0.0,1.0,0.0,0.0,468.359712546904,38.74044446602263,307.37472262749657,5.399999999999989,0.0,0.0,0.18925941966219142,461.8527631768957,2,0.0,,,,,,,,,,,,,,,,,,,,,,,,,,,,,,,,,,,,,,,,,61134,-2.361384391784668,-15.25800895690918,0.013058513402938843,0.36788177490234375,8.634780857262199e-05
,,,,,,,,,,,,,,,3243,397.85,71135,0.2143924981355667,288,129.15199887999998,21,,,,,,,,,,,,,,,,,,,,,,,,,,,,,,,,,,,,,,,
0.36835724517364554,0.0,1.0,0.0,0.0,57.463730247088705,37.695291203147455,32.024818118466584,0.0,0.0,0.0,0.037188208616780044,81.3459572289139,0,0.0,,,,,,,,,,,,,,,,,,,,,,,,,,,,,,,,,,,,,,,,,61289,1.1787307262420654,-17.067243576049805,0.013052891939878464,0.43423300981521606,8.631916009133949e-05
0.5236998255225193,0.0,0.0,0.0,0.0,288.5586038629081,35.994018829888475,61.59256829669984,2.799999999999998,1.0,0.0,0.15792682926829268,275.2630418119952,1,0.0,,,,,,,,,,,,,,,,,,,,,,,,,,,,,,,,,,,,,,,,,61839,-5.357693195343018,-17.21000862121582,0.013026602566242218,0.31112587451934814,8.621754277113951e-05
-0.5288063269864086,0.0,1.0,0.0,0.0,-204.64804854374012,31.663299489527464,0.0,0.0,0.0,0.0,0.08387698042870456,169.91204784880392,0,0.0,,,,,,,,,,,,,,,,,,,,,,,,,,,,,,,,,,,,,,,,,62225,-1.0328642129898071,-15.1646146774292,0.013018766418099403,0.4213384985923767,8.614626183718751e-05
-0.0017313073990446578,1.0,0.0,0.0,0.0,-0.6907916522188184,29.990066624111396,52.98486383618967,2.499999999999999,0.0,0.0,0.07568066451315182,165.81333129107952,0,0.0,,,,,,,,,,,,,,,,,,,,,,,,,,,,,,,,,,,,,,,,,62623,2.190087080001831,-16.744953155517578,0.01301656849682331,0.484332799911499,8.60727959628355e-05
,,,,,,,,,,,,,,,3316,394.14,72624,0.2139759361743927,292,124.34704925999999,21,,,,,,,,,,,,,,,,,,,,,,,,,,,,,,,,,,,,,,,
0.48966225771207367,0.0,1.0,0.0,0.0,143.4710415096376,38.39321879378212,113.63425158699127,2.9499999999999975,0.0,0.0,0.0660633484162896,156.0283813998103,1,0.0,,,,,,,,,,,,,,,,,,,,,,,,,,,,,,,,,,,,,,,,,62915,-1.2277436256408691,-16.49814796447754,0.013024335727095604,0.3862055242061615,8.601891642388752e-05
-0.12064439047382763,0.0,1.0,0.0,0.0,-7.600596599851141,24.704467351688727,0.0,3.099999999999997,0.0,0.0,0.015180265654648957,21.367403335869312,0,0.0,,,,,,,,,,,,,,,,,,,,,,,,,,,,,,,,,,,,,,,,,62977,-1.0851469039916992,-15.486640930175781,0.013010779395699501,0.5675259828567505,8.600747843163551e-05
0.10192719457108623,1.0,0.0,0.0,0.0,9.377301900539933,27.026320255176362,0.0,0.0,0.0,0.0,0.013653483992467044,34.44732946623117,0,0.0,,,,,,,,,,,,,,,,,,,,,,,,,,,,,,,,,,,,,,,,,63068,-3.9102251529693604,-15.520383834838867,0.012999189086258411,0.42478281259536743,8.5990691796088e-05
0.1763781676029587,0.0,1.0,0.0,0.0,142.86631575839655,30.059570139960538,181.60600754732687,0.0,0.0,0.0,0.1310116086235489,337.9222274934873,1,0.0,,,,,,,,,,,,,,,,,,,,,,,,,,,,,,,,,,,,,,,,,63877,-0.9845385551452637,-14.827262878417969,0.013010622933506966,0.4342339336872101,8.584152920733551e-05
,,,,,,,,,,,,,,,3371,391.95,73878,0.21350622177124023,296,124.56238538999997,21,,,,,,,,,,,,,,,,,,,,,,,,,,,,,,,,,,,,,,,
0.3978603759825072,0.0,1.0,0.0,0.0,60.8726375253236,38.380657929636186,0.0,2.2,0.0,0.0,0.0418732782369146,81.29947761166841,0,0.0,,,,,,,,,,,,,,,,,,,,,,,,,,,,,,,,,,,,,,,,,64029,-1.1420648097991943,-15.702695846557617,0.013023963198065758,0.40948349237442017,8.58135181376795e-05
-0.09532229597783314,0.0,1.0,0.0,0.0,-132.8792805930994,34.46683733302216,78.77119084067212,5.749999999999988,0.0,0.0,0.43544303797468353,667.022560890764,1,0.0,,,,,,,,,,,,,,,,,,,,,,,,,,,,,,,,,,,,,,,,,65422,0.6249150037765503,-15.067658424377441,0.013081185519695282,0.4840679466724396,8.5557025569358e-05
0.22513957314941735,0.0,1.0,0.0,0.0,23.189376034389987,35.64062574788368,0.0,0.0,0.0,0.0,0.019583843329253364,50.66169502586126,0,0.0,,,,,,,,,,,,,,,,,,,,,,,,,,,,,,,,,,,,,,,,,65524,1.1933536529541016,-16.408794403076172,0.013083307072520256,0.39944154024124146,8.5538259520312e-05
-0.03829023149298795,0.0,1.0,0.0,0.0,-17.154023708858603,32.62883410519622,0.0,7.7499999999999805,0.0,0.0,0.09834368530020704,202.78984549827874,0,0.0,,,,,,,,,,,,,,,,,,,,,,,,,,,,,,,,,,,,,,,,,65971,0.007442139089107513,-15.556097984313965,0.01306914072483778,0.6746553778648376,8.545604448767951e-05
,,,,,,,,,,,,,,,3478,402.23,75972,0.21276767551898956,300,122.28801734000001,21,,,,,,,,,,,,,,,,,,,,,,,,,,,,,,,,,,,,,,,
0.5719017877539455,0.0,1.0,0.0,0.0,217.32267934649929,43.99658277803506,34.86330272377158,0.0,0.0,0.0,0.0982532751091703,231.92696193233132,0,0.0,,,,,,,,,,,,,,,,,,,,,,,,,,,,,,,,,,,,,,,,,66350,3.081031322479248,-13.738130569458008,0.013108798302710056,0.5467423796653748,8.538636758875e-05
0.5280428331096062,0.0,0.0,0.0,0.0,449.3644509762749,37.80430478573007,93.36670992235128,5.299999999999989,1.0,0.0,0.27674418604651163,446.55551277380437,0,0.0,,,,,,,,,,,,,,,,,,,,,,,,,,,,,,,,,,,,,,,,,67200,0.8461338877677917,-14.36702823638916,0.013175763189792633,0.5251785516738892,8.523020408e-05
0.22150473836212495,0.0,1.0,0.0,0.0,33.89022496940512,31.61940263373529,48.94008608283077,0.0,0.0,0.0,0.03848396501457726,66.90777302533388,0,0.0,,,,,,,,,,,,,,,,,,,,,,,,,,,,,,,,,,,,,,,,,67352,1.229813575744629,-15.290616989135742,0.01319209672510624,0.4638078808784485,8.520229352444801e-05
0.512286673049077,0.0,1.0,0.0,0.0,232.06586289123192,36.74277436516038,161.09522287491214,2.9499999999999975,0.0,0.0,0.11767702496179318,230.8062798390165,1,0.0,,,,,,,,,,,,,,,,,,,,,,,,,,,,,,,,,,,,,,,,,67804,-10.49856185913086,-15.209550857543945,0.013193770311772823,0.394459992647171,8.511932351039201e-05
,,,,,,,,,,,,,,,3566,409.32,77805,0.21226866543293,304,128.45297296,21,,,,,,,,,,,,,,,,,,,,,,,,,,,,,,,,,,,,,,,
0.013281274913845145,0.0,1.0,0.0,0.0,1.182033467332218,29.486365314455036,33.62250060557704,1.5000000000000007,0.0,0.0,0.017874396135265702,36.18243186082691,0,0.0,,,,,,,,,,,,,,,,,,,,,,,,,,,,,,,,,,,,,,,,,67892,-4.4127726554870605,-15.151277542114258,0.013206541538238525,0.7252546548843384,8.5103174784568e-05
0.2622230883721215,0.0,0.0,0.0,0.0,159.16941464187775,23.953475122095163,0.0,29.25000000000028,1.0,0.0,0.0995091477019188,201.5718901725486,0,0.0,,,,,,,,,,,,,,,,,,,,,,,,,,,,,,,,,,,,,,,,,68498,-0.15089359879493713,-15.547906875610352,0.013273937627673149,0.42438262701034546,8.499201063239801e-05
0.5666602441291494,0.0,1.0,0.0,0.0,371.1624599045929,38.887962102873324,139.52380589541355,8.04999999999998,0.0,0.0,0.16251113089937666,353.50600753654726,1,0.0,,,,,,,,,,,,,,,,,,,,,,,,,,,,,,,,,,,,,,,,,69152,3.3292932510375977,-12.802436828613281,0.013303655199706554,0.4825408458709717,8.4872123390848e-05
,,,,,,,,,,,,,,,,,,,,,,0.027099978178739548,14.91312313079834,1.4405102729797363,0.21535323560237885,0.487989604473114,1.7542164325714111,3.0436596870422363,0.3387616276741028,7.838825225830078,24.18680763244629,0.36245521903038025,19.33196258544922,0.08585870265960693,0.20121857523918152,0.10411068797111511,0.023669147863984108,0.2608407139778137,18.912845611572266,0.0793834701180458,9.642985343933105,0.3255468010902405,2.963736057281494,8.915736198425293,0.39224058389663696,0.303714781999588,0.16839520633220673,34.11089324951172,24.127592086791992,1.1870719194412231,0.10576705634593964,0.01056938897818327,29.070541381835938,0.03998885303735733,69999,-0.7950424551963806,-16.295352935791016,0.013363566249608994,0.476448655128479,8.47169830800995e-05
0.5371163494789583,1.0,0.0,0.0,0.0,726.1813044955516,39.39232460728007,174.01643524600667,0.5499999999999999,0.0,0.0,0.3924566768603466,739.4965489720926,1,0.0,,,,,,,,,,,,,,,,,,,,,,,,,,,,,,,,,,,,,,,,,70503,-6.946674346923828,-14.889054298400879,0.013369984924793243,0.3625807762145996,8.46247359343955e-05
,,,,,,,,,,,,,,,3699,428.35,80504,0.21161702275276184,308,139.64491299999997,21,,,,,,,,,,,,,,,,,,,,,,,,,,,,,,,,,,,,,,,
0.42836629044280594,0.0,1.0,0.0,0.0,428.36629044280596,40.35246832924909,188.73362183040064,1.1000000000000003,0.0,0.0,0.23231441048034934,560.1153303422034,2,0.0,,,,,,,,,,,,,,,,,,,,,,,,,,,,,,,,,,,,,,,,,71502,-3.0839056968688965,-15.304136276245117,0.013413229025900364,0.5195666551589966,8.444203831239802e-05
0.6089630586966992,0.0,1.0,0.0,0.0,517.0096368334977,42.03175155759253,192.04961565123125,9.199999999999996,0.0,0.0,0.19330855018587362,495.3101383037865,2,0.0,,,,,,,,,,,,,,,,,,,,,,,,,,,,,,,,,,,,,,,,,72350,-3.7334649562835693,-15.44670295715332,0.013426755554974079,0.4431553781032562,8.428711148875e-05
0.49038954905977106,0.0,0.0,0.0,0.0,119.65504997058414,37.00845204662118,0.0,6.249999999999986,1.0,0.0,0.08548585485854858,125.16033824789338,0,0.0,,,,,,,,,,,,,,,,,,,,,,,,,,,,,,,,,,,,,,,,,72593,0.5457910895347595,-14.275472640991211,0.01345031801611185,0.4815570116043091,8.424274256307549e-05
0.4616867654374339,0.0,1.0,0.0,0.0,437.67905363468736,40.11944637931573,117.36627743424398,4.749999999999991,0.0,0.0,0.2093698175787728,527.9477213239297,2,0.0,,,,,,,,,,,,,,,,,,,,,,,,,,,,,,,,,,,,,,,,,73540,1.7207216024398804,-15.112667083740234,0.01352353673428297,0.3594389259815216,8.406994369420001e-05
,,,,,,,,,,,,,,,3835,443.83,83541,0.21091191470623016,312,148.75136465,21,,,,,,,,,,,,,,,,,,,,,,,,,,,,,,,,,,,,,,,
0.6714795434806803,0.0,0.0,0.0,0.0,1451.7387730052308,43.65189719631538,131.41342790347724,3.149999999999997,1.0,0.0,0.6908809891808346,1310.3324344158173,1,0.0,,,,,,,,,,,,,,,,,,,,,,,,,,,,,,,,,,,,,,,,,75701,3.6318023204803467,-16.334115982055664,0.013598158024251461,0.2927658259868622,8.36762948093995e-05
0.11068583120772502,0.0,0.0,0.0,0.0,96.51804481313621,30.056018974408744,231.3618249747583,0.0,1.0,0.0,0.18778801843317972,363.4626162983477,1,0.0,,,,,,,,,,,,,,,,,,,,,,,,,,,,,,,,,,,,,,,,,76572,0.0038674622774124146,-16.787078857421875,0.013598539866507053,0.3991657793521881,8.351789576280801e-05
0.3802683298021531,0.0,1.0,0.0,0.0,464.68789901823106,28.59810768653615,195.79018239977344,36.150000000000084,0.0,0.0,0.29767441860465116,484.9703105473891,1,0.0,,,,,,,,,,,,,,,,,,,,,,,,,,,,,,,,,,,,,,,,,77793,-0.4981074035167694,-14.638824462890625,0.013635043054819107,0.39953604340553284,8.32961002794755e-05
0.659841133722713,0.0,0.0,0.0,0.0,1373.7892404106885,43.09379305887749,90.17278220651683,0.8500000000000002,1.0,0.0,0.6408839779005525,1245.761238642037,0,0.0,,,,,,,,,,,,,,,,,,,,,,,,,,,,,,,,,,,,,,,,,79874,3.0682568550109863,-17.30419921875,0.013601814396679401,0.32910656929016113,8.2918768919662e-05
,,,,,,,,,,,,,,,4126,496.74,89875,0.20950712263584137,316,179.12889378,21,,,,,,,,,,,,,,,,,,,,,,,,,,,,,,,,,,,,,,,
,,,,,,,,,,,,,,,,,,,,,,0.034800007939338684,14.399810791015625,1.3813585042953491,0.22054368257522583,0.47100961208343506,1.5677075386047363,3.8197286128997803,0.34097564220428467,7.713548183441162,24.207382202148438,0.33905401825904846,19.85878562927246,0.09697876870632172,0.19041401147842407,0.11702105402946472,0.02073037624359131,0.2626000642776489,19.488525390625,0.08995719254016876,10.644612312316895,0.33103328943252563,3.4312150478363037,9.873907089233398,0.37018781900405884,0.28227508068084717,0.17755208909511566,30.9831600189209,25.033960342407227,0.9826849699020386,0.10199908912181854,0.008952846750617027,27.994970321655273,0.04537222534418106,79999,1.2037837505340576,-16.68337631225586,0.013602787628769875,0.4064176678657532,8.289613109009951e-05
0.3263595460024212,0.0,1.0,0.0,0.0,335.17125374448653,34.616556082237736,217.94669041756217,5.349999999999989,0.0,0.0,0.3242065961418793,493.26545941643417,1,0.0,,,,,,,,,,,,,,,,,,,,,,,,,,,,,,,,,,,,,,,,,80900,2.835094451904297,-16.984668731689453,0.013593443669378757,0.39732277393341064,8.2733049595e-05
0.08689858797166512,0.0,1.0,0.0,0.0,14.859658543154737,36.45576225140521,58.14046864040677,0.0,0.0,0.0,0.04914285714285714,86.36601741332561,0,0.0,,,,,,,,,,,,,,,,,,,,,,,,,,,,,,,,,,,,,,,,,81070,-5.704154968261719,-16.553245544433594,0.01361327338963747,0.411381334066391,8.270229761755001e-05
0.3028733182791725,0.0,1.0,0.0,0.0,99.3424483955686,29.213460848150422,82.18484362100992,0.7000000000000001,0.0,0.0,0.06509433962264151,132.76325723249465,1,0.0,,,,,,,,,,,,,,,,,,,,,,,,,,,,,,,,,,,,,,,,,81397,-3.167245388031006,-17.379108428955078,0.013587092980742455,0.40730080008506775,8.264316145509551e-05
0.5799189584226663,0.0,1.0,0.0,0.0,445.3777600686077,38.573558540148404,272.1597910159273,0.0,0.0,0.0,0.18516930990141447,411.12342181708664,3,0.0,,,,,,,,,,,,,,,,,,,,,,,,,,,,,,,,,,,,,,,,,82164,2.4547781944274902,-16.37358283996582,0.013644780032336712,0.42795443534851074,8.2504537188152e-05
,,,,,,,,,,,,,,,4228,509.45,92165,0.20898748934268951,320,184.0661414,21,,,,,,,,,,,,,,,,,,,,,,,,,,,,,,,,,,,,,,,
0.4715765382746195,0.0,1.0,0.0,0.0,81.11116458323455,39.18503606287034,0.0,2.3,0.0,0.0,0.045545545545545546,93.3585335444659,0,0.0,,,,,,,,,,,,,,,,,,,,,,,,,,,,,,,,,,,,,,,,,82335,1.9784122705459595,-19.079971313476562,0.013647910207509995,0.5099422931671143,8.24736473463875e-05
0.5274081977400003,0.0,0.0,0.0,0.0,249.9914857287601,37.54002742724049,110.20160922693591,3.049999999999997,1.0,0.0,0.12240437158469945,246.7361471541226,2,0.0,,,,,,,,,,,,,,,,,,,,,,,,,,,,,,,,,,,,,,,,,82808,0.6872680187225342,-16.6148624420166,0.013647578656673431,0.5196147561073303,8.238823382396801e-05
0.052430958363494456,0.0,1.0,0.0,0.0,4.299338585806545,27.065740964768437,0.0,4.049999999999994,0.0,0.0,0.01900674432863274,30.690931791905314,0,0.0,,,,,,,,,,,,,,,,,,,,,,,,,,,,,,,,,,,,,,,,,82889,1.4322211742401123,-17.51138687133789,0.013651750050485134,0.46559399366378784,8.23736114489395e-05
-0.21341000688848796,0.0,1.0,0.0,0.0,-70.42530227320103,34.083046951496826,51.39741700536654,0.0,0.0,0.0,0.09725536992840096,155.93822169397026,0,0.0,,,,,,,,,,,,,,,,,,,,,,,,,,,,,,,,,,,,,,,,,83218,0.21213829517364502,-17.712982177734375,0.013653403148055077,0.39735257625579834,8.231423275463799e-05
,,,,,,,,,,,,,,,4277,506.58,93219,0.20872986316680908,324,181.06713817,21,,,,,,,,,,,,,,,,,,,,,,,,,,,,,,,,,,,,,,,
0.44977265506588926,0.0,1.0,0.0,0.0,1259.36343418449,37.414902154391626,338.9191302178774,4.6499999999999915,0.0,0.0,0.9224358974358975,1454.5041712354869,4,0.0,,,,,,,,,,,,,,,,,,,,,,,,,,,,,,,,,,,,,,,,,86017,-0.12010705471038818,-17.319414138793945,0.013762620277702808,0.4185729920864105,8.18099337967555e-05
0.617486428529736,0.0,0.0,0.0,0.0,1426.3936499036902,41.410977690561694,160.35430573748036,3.099999999999997,1.0,0.0,0.6306976744186047,1328.1041938997805,1,0.0,,,,,,,,,,,,,,,,,,,,,,,,,,,,,,,,,,,,,,,,,88326,1.3246588706970215,-18.820110321044922,0.013784543611109257,0.3183909058570862,8.1395092226462e-05
1.7182235147332506e-05,0.0,1.0,0.0,0.0,0.0012714854009026055,26.128712258905622,0.0,2.000000000000001,0.0,0.0,0.011868131868131869,26.717047287151217,0,0.0,,,,,,,,,,,,,,,,,,,,,,,,,,,,,,,,,,,,,,,,,88399,-8.850959777832031,-14.493236541748047,0.013796268962323666,0.293824702501297,8.138199413849951e-05
0.436812153643471,0.0,0.0,0.0,0.0,328.91955169353366,32.916383592144804,0.0,17.700000000000117,1.0,0.0,0.18864950078822912,344.01894788630307,0,0.0,,,,,,,,,,,,,,,,,,,,,,,,,,,,,,,,,,,,,,,,,89151,2.020963668823242,-16.684402465820312,0.013814021833240986,0.3659478724002838,8.12471276196995e-05
,,,,,,,,,,,,,,,4561,552.5,99152,0.20761626958847046,328,207.83251084000003,21,,,,,,,,,,,,,,,,,,,,,,,,,,,,,,,,,,,,,,,
0.32021432777847597,0.0,0.0,0.0,0.0,133.209160355846,31.097513209873416,76.68766815461355,6.149999999999986,1.0,0.0,0.11567635903919089,179.40691578551196,0,0.0,,,,,,,,,,,,,,,,,,,,,,,,,,,,,,,,,,,,,,,,,89566,2.1131951808929443,-17.901325225830078,0.013825337402522564,0.4209228754043579,8.1172748141422e-05
0.43192708904990723,0.0,0.0,0.0,0.0,60.469792466987016,34.472379585662125,0.0,6.699999999999984,1.0,0.0,0.03594420600858369,66.8034349558875,0,0.0,,,,,,,,,,,,,,,,,,,,,,,,,,,,,,,,,,,,,,,,,89705,0.673183798789978,-17.120437622070312,0.013802078552544117,0.5074505805969238,8.114784315898751e-05
,,,,,,,,,,,,,,,,,,,,,,0.03584587574005127,13.86974048614502,1.3272130489349365,0.22914525866508484,0.4704580307006836,1.4400451183319092,3.8893988132476807,0.3544706106185913,7.928012847900391,24.863035202026367,0.33943426609039307,19.25205421447754,0.08753398805856705,0.18509775400161743,0.11118917167186737,0.01921803131699562,0.2569270730018616,19.19953155517578,0.09196056425571442,9.497734069824219,0.34263890981674194,3.122299909591675,9.978032112121582,0.3831906318664551,0.29104748368263245,0.1769486963748932,31.579635620117188,25.674610137939453,0.9926279187202454,0.10580279678106308,0.009148359298706055,28.71323013305664,0.04166845977306366,89999,-3.6442642211914062,-16.719327926635742,0.013800413347780704,0.5013841986656189,8.10951791000995e-05
0.5423068842976517,0.0,1.0,0.0,0.0,377.98789835546324,41.75837139406143,179.6558989147347,0.0,0.0,0.0,0.16710642040457344,403.98243127856404,1,0.0,,,,,,,,,,,,,,,,,,,,,,,,,,,,,,,,,,,,,,,,,90401,1.6044472455978394,-18.620384216308594,0.01379142701625824,0.37067005038261414,8.102319689969952e-05
0.6097711441524221,0.0,0.0,0.0,0.0,770.1409550645091,39.58775570393836,116.36371752761882,5.749999999999988,1.0,0.0,0.3726899383983573,694.1095807477832,0,0.0,,,,,,,,,,,,,,,,,,,,,,,,,,,,,,,,,,,,,,,,,91663,-0.056441813707351685,-18.312808990478516,0.013748446479439735,0.39777636528015137,8.07974318741155e-05
,,,,,,,,,,,,,,,4680,570.63,101664,0.20708313584327698,332,219.01006908999997,21,,,,,,,,,,,,,,,,,,,,,,,,,,,,,,,,,,,,,,,
-0.212002399833678,0.0,1.0,0.0,0.0,-13.356151189521714,22.15818304940739,0.0,0.7500000000000001,0.0,0.0,0.00905624404194471,19.26195184327662,0,0.0,,,,,,,,,,,,,,,,,,,,,,,,,,,,,,,,,,,,,,,,,91725,-3.512810230255127,-19.012699127197266,0.0137444157153368,0.3488728404045105,8.078634857468752e-05
0.6876665482210186,0.0,1.0,0.0,0.0,778.438532586193,43.377838129285045,56.27144662656826,1.0500000000000003,0.0,0.0,0.40271493212669685,681.7061987128109,0,0.0,,,,,,,,,,,,,,,,,,,,,,,,,,,,,,,,,,,,,,,,,92856,0.45361071825027466,-18.259185791015625,0.013721921481192112,0.3152768015861511,8.0584301995232e-05
0.5375454514996186,0.0,0.0,0.0,0.0,709.022450527997,37.20940569619603,352.61867652398905,3.999999999999994,1.0,0.0,0.342964151952916,681.2429038370028,3,0.0,,,,,,,,,,,,,,,,,,,,,,,,,,,,,,,,,,,,,,,,,94174,1.2323243618011475,-18.581043243408203,0.013629069551825523,0.4189748167991638,8.034917011646201e-05
0.6651690892226181,0.0,0.0,0.0,0.0,970.4817011757998,41.75607058662948,227.0717373256819,9.299999999999997,1.0,0.0,0.47982786444324904,845.7573765069246,3,0.0,,,,,,,,,,,,,,,,,,,,,,,,,,,,,,,,,,,,,,,,,95632,2.4992728233337402,-17.210674285888672,0.013469649478793144,0.3794756531715393,8.008946488268802e-05
,,,,,,,,,,,,,,,4869,601.75,105633,0.20629841089248657,336,241.4167204,21,,,,,,,,,,,,,,,,,,,,,,,,,,,,,,,,,,,,,,,
0.5960431097484284,0.0,1.0,0.0,0.0,354.0496071905665,39.25417212272437,0.0,8.74999999999999,0.0,0.0,0.13208369659982563,323.5882470495999,0,0.0,,,,,,,,,,,,,,,,,,,,,,,,,,,,,,,,,,,,,,,,,96225,3.1063218116760254,-18.664525985717773,0.013418864458799362,0.3818550109863281,7.99839581871875e-05
0.5344678795222155,0.0,1.0,0.0,0.0,383.7479374969507,35.89873685068636,157.70556716239273,5.04999999999999,0.0,0.0,0.14674868189806678,357.7195927873254,2,0.0,,,,,,,,,,,,,,,,,,,,,,,,,,,,,,,,,,,,,,,,,96942,-2.901827573776245,-17.78116226196289,0.013361826539039612,0.3621852993965149,7.985648284071801e-05
0.10173961242480706,0.0,0.0,0.0,0.0,8.749606668533406,27.292054776638224,0.0,0.0,1.0,0.0,0.015233949945593036,32.340398534201086,0,0.0,,,,,,,,,,,,,,,,,,,,,,,,,,,,,,,,,,,,,,,,,97027,0.23649610579013824,-19.106138229370117,0.013342649675905704,0.40461695194244385,7.984137748353552e-05
-0.11603190719134934,0.0,0.0,0.0,1.0,-12.41541406947438,0.36745769938941736,0.0,0.0,0.0,0.0,0.000423908435777872,0.4996900702826679,0,0.0,,,,,,,,,,,,,,,,,,,,,,,,,,,,,,,,,,,,,,,,,97133,-3.3435099124908447,-18.967449188232422,0.013334476388990879,0.3319419026374817,7.98225422290555e-05
,,,,,,,,,,,,,,,4939,605.62,107134,0.20601916313171387,340,246.15006675000004,21,,,,,,,,,,,,,,,,,,,,,,,,,,,,,,,,,,,,,,,
0.4728912829863936,0.0,0.0,0.0,0.0,970.3729126880796,32.82675582542565,280.758283472855,43.94999999999964,1.0,0.0,0.5067720090293454,935.1989591941237,0,0.0,,,,,,,,,,,,,,,,,,,,,,,,,,,,,,,,,,,,,,,,,99184,-0.20476949214935303,-20.317846298217773,0.013146350160241127,0.35350361466407776,7.945853801267202e-05
,,,,,,,,,,,,,,,,,,,,,,0.03443203121423721,14.23072338104248,1.2258520126342773,0.22824876010417938,0.4456253945827484,1.3483935594558716,3.5676136016845703,0.363523006439209,7.77805757522583,23.64958953857422,0.36721301078796387,19.728925704956055,0.08803657442331314,0.18921522796154022,0.11180365085601807,0.017928574234247208,0.26232069730758667,19.975706100463867,0.10130579769611359,9.121752738952637,0.3551013171672821,3.313147783279419,10.496620178222656,0.3575875759124756,0.31176185607910156,0.19279110431671143,32.302650451660156,26.70688247680664,0.8860620260238647,0.1034189835190773,0.00855163112282753,26.893871307373047,0.04405243322253227,99999,1.5156190395355225,-20.35015106201172,0.01304943859577179,0.26998239755630493,7.931412711009951e-05
0.5449396567193892,0.0,1.0,0.0,0.0,524.7768894207718,37.80099613743205,381.34248264706486,0.0,0.0,0.0,0.21294642857142856,505.1828128322959,4,0.0,,,,,,,,,,,,,,,,,,,,,,,,,,,,,,,,,,,,,,,,,100146,-0.30304083228111267,-20.237627029418945,0.013036763295531273,0.3413381278514862,7.928809406094201e-05
0.6054851415251601,0.0,1.0,0.0,0.0,1020.84794861142,40.95285213116177,264.924948993002,9.399999999999999,0.0,0.0,0.38914993592481845,958.5401514358819,2,0.0,,,,,,,,,,,,,,,,,,,,,,,,,,,,,,,,,,,,,,,,,101831,-4.349307537078857,-19.320058822631836,0.01287874300032854,0.3742077946662903,7.89899951698195e-05
0.3372491048414339,0.0,1.0,0.0,0.0,43.16788541970354,35.7787659319801,0.6263112030529251,0.15000000000000002,0.0,0.0,0.03182496270512183,63.37224511243403,0,0.0,,,,,,,,,,,,,,,,,,,,,,,,,,,,,,,,,,,,,,,,,101958,-0.2619395852088928,-18.953937530517578,0.012869480066001415,0.5362709760665894,7.8967550079518e-05
,,,,,,,,,,,,,,,5174,642.5,111959,0.20491524040699005,344,270.82171407,21,,,,,,,,,,,,,,,,,,,,,,,,,,,,,,,,,,,,,,,
0.6611042102922611,0.0,0.0,0.0,0.0,345.0963977725603,41.55671614541634,0.0,9.600000000000001,1.0,0.0,0.1956521739130435,301.029327718541,0,0.0,,,,,,,,,,,,,,,,,,,,,,,,,,,,,,,,,,,,,,,,,102479,1.0958492755889893,-20.649267196655273,0.012815553694963455,0.3474976420402527,7.88755057813795e-05
0.4288975684005372,0.0,1.0,0.0,0.0,305.80396626958304,32.93248018021394,106.51083810640637,6.499999999999985,0.0,0.0,0.13522012578616352,325.8405258618295,1,0.0,,,,,,,,,,,,,,,,,,,,,,,,,,,,,,,,,,,,,,,,,103191,1.6956638097763062,-20.299331665039062,0.01275523379445076,0.3161044418811798,7.874980514685949e-05
-0.042761201046944655,0.0,1.0,0.0,0.0,-2.9077616711922367,27.14118167063336,0.0,0.0,0.0,0.0,0.012968967114404817,25.501599565148354,0,0.0,,,,,,,,,,,,,,,,,,,,,,,,,,,,,,,,,,,,,,,,,103258,1.4611486196517944,-20.446456909179688,0.012743155471980572,0.4240036606788635,7.8737981769118e-05
0.4237626200445156,0.0,1.0,0.0,0.0,566.5706229995174,33.57577682111822,363.50793548867085,4.049999999999994,0.0,0.0,0.3991282689912827,623.0785110946745,3,0.0,,,,,,,,,,,,,,,,,,,,,,,,,,,,,,,,,,,,,,,,,104594,2.554354667663574,-19.332088470458984,0.012647068127989769,0.329453706741333,7.8502406591182e-05
,,,,,,,,,,,,,,,5307,658.86,114595,0.20432856678962708,348,279.89953203,21,,,,,,,,,,,,,,,,,,,,,,,,,,,,,,,,,,,,,,,
0.27492752908492174,0.0,0.0,0.0,0.0,114.36985209932745,31.086264040053397,126.9323467358427,2.000000000000001,1.0,0.0,0.10027700831024931,179.32331795664504,0,0.0,,,,,,,,,,,,,,,,,,,,,,,,,,,,,,,,,,,,,,,,,105009,1.9247565269470215,-18.997459411621094,0.012648853473365307,0.39054253697395325,7.84293024730595e-05
0.48281033117922795,0.0,1.0,0.0,0.0,332.17350785130884,39.27577214483625,136.3958908539584,3.399999999999996,0.0,0.0,0.23425692695214106,374.95973373856395,1,0.0,,,,,,,,,,,,,,,,,,,,,,,,,,,,,,,,,,,,,,,,,105696,1.5132434368133545,-19.794879913330078,0.012550839222967625,0.42059528827667236,7.8308359659392e-05
0.6262888578312651,0.0,1.0,0.0,0.0,319.4073174939452,41.53026142031661,64.3368358274838,1.2000000000000004,0.0,0.0,0.13692535837864558,293.8881857478991,0,0.0,,,,,,,,,,,,,,,,,,,,,,,,,,,,,,,,,,,,,,,,,106205,0.8004195690155029,-20.57958221435547,0.01253329124301672,0.3292825222015381,7.82188134014875e-05
0.36379942162377094,0.0,1.0,0.0,0.0,195.360289411965,32.50889623820103,103.46138913485278,5.749999999999988,0.0,0.0,0.09655172413793103,242.18965662736446,0,0.0,,,,,,,,,,,,,,,,,,,,,,,,,,,,,,,,,,,,,,,,,106741,0.2954808473587036,-21.386638641357422,0.012488608248531818,0.38636237382888794,7.81245728775595e-05
,,,,,,,,,,,,,,,5405,669.47,116742,0.2038910686969757,352,285.70514616,21,,,,,,,,,,,,,,,,,,,,,,,,,,,,,,,,,,,,,,,
0.466888689967356,0.0,1.0,0.0,0.0,285.7358782600219,39.78166813527199,54.20577752900108,8.499999999999986,0.0,0.0,0.18617844249613202,337.91013812460005,1,0.0,,,,,,,,,,,,,,,,,,,,,,,,,,,,,,,,,,,,,,,,,107352,-3.3715155124664307,-19.985702514648438,0.01245956402271986,0.7999389171600342,7.8017215444448e-05
0.5899715953289494,0.0,1.0,0.0,0.0,426.5494634228304,39.29464988383263,44.411559774106586,8.549999999999986,0.0,0.0,0.18244575936883628,394.3153407946229,0,0.0,,,,,,,,,,,,,,,,,,,,,,,,,,,,,,,,,,,,,,,,,108074,0.652698278427124,-20.15444564819336,0.01241434458643198,0.3380358815193176,7.7890450212862e-05
0.5049576448919806,0.0,1.0,0.0,0.0,292.37047639245674,40.35994085007174,75.40158588189763,2.549999999999999,0.0,0.0,0.2089820359281437,324.40131543856114,1,0.0,,,,,,,,,,,,,,,,,,,,,,,,,,,,,,,,,,,,,,,,,108652,-2.390692710876465,-20.583005905151367,0.012366252020001411,0.326585590839386,7.7789042561848e-05
0.6634872087591516,0.0,1.0,0.0,0.0,711.9217749985696,44.086233295973564,127.05203752081879,7.499999999999981,0.0,0.0,0.3276661514683153,656.7504095090553,1,0.0,,,,,,,,,,,,,,,,,,,,,,,,,,,,,,,,,,,,,,,,,109724,1.045776128768921,-19.969802856445312,0.012261595577001572,0.3753494322299957,7.760114069951201e-05
,,,,,,,,,,,,,,,5553,685.73,119725,0.20322607457637787,356,298.52152563,21,,,,,,,,,,,,,,,,,,,,,,,,,,,,,,,,,,,,,,,
0.22940423307829072,0.0,1.0,0.0,0.0,29.822550300177795,32.964770076228085,0.0,0.39999999999999997,0.0,0.0,0.030330882352941176,59.51294800080359,0,0.0,,,,,,,,,,,,,,,,,,,,,,,,,,,,,,,,,,,,,,,,,109853,-0.8506956696510315,-20.631866455078125,0.012244243174791336,0.407064288854599,7.75785447900955e-05
,,,,,,,,,,,,,,,,,,,,,,0.04044933617115021,14.11934757232666,1.273965835571289,0.2627244293689728,0.4369676113128662,1.1423856019973755,3.738368272781372,0.3429979085922241,7.737872123718262,24.2812557220459,0.38879990577697754,20.503267288208008,0.08285568654537201,0.18411268293857574,0.10443484783172607,0.014896415174007416,0.26735734939575195,20.652690887451172,0.11641483008861542,7.657605171203613,0.3340449333190918,3.9256742000579834,10.759175300598145,0.3514734208583832,0.3484518527984619,0.22346317768096924,32.20426940917969,25.617446899414062,0.7066397666931152,0.10089986771345139,0.007645878940820694,26.95401382446289,0.051189783960580826,109999,-0.9404399991035461,-21.517900466918945,0.012239829637110233,0.4023295044898987,7.75529751200995e-05
0.4706543255612301,0.0,0.0,0.0,0.0,580.3167834169967,38.4754138327734,95.69019472775763,25.900000000000233,1.0,0.0,0.2956001708671508,658.4565355549566,1,0.0,,,,,,,,,,,,,,,,,,,,,,,,,,,,,,,,,,,,,,,,,111085,-0.9033684134483337,-21.049602508544922,0.012121863663196564,0.46102792024612427,7.73629119338875e-05
0.46680481609022245,0.0,1.0,0.0,0.0,102.23025472375872,38.994159857047016,69.03151118564526,2.549999999999999,0.0,0.0,0.05747126436781609,118.3555659269914,0,0.0,,,,,,,,,,,,,,,,,,,,,,,,,,,,,,,,,,,,,,,,,111303,-0.7146193981170654,-21.17620849609375,0.01208469644188881,0.41439974308013916,7.732478757199551e-05
0.3005608167155086,0.0,1.0,0.0,0.0,69.730109477998,27.27440785185328,0.0,8.499999999999986,0.0,0.0,0.055345911949685536,87.68468439951539,0,0.0,,,,,,,,,,,,,,,,,,,,,,,,,,,,,,,,,,,,,,,,,111534,0.7877966165542603,-21.700820922851562,0.012043140828609467,0.4547377824783325,7.728440005902199e-05
,,,,,,,,,,,,,,,5642,688.79,121535,0.20274430513381958,360,300.99831410999997,21,,,,,,,,,,,,,,,,,,,,,,,,,,,,,,,,,,,,,,,
0.5601118466284363,0.0,1.0,0.0,0.0,176.43523168795744,40.649982726996164,64.51554386725805,3.7999999999999945,0.0,0.0,0.09764503159103963,177.61362614296377,1,0.0,,,,,,,,,,,,,,,,,,,,,,,,,,,,,,,,,,,,,,,,,111848,-0.08968383073806763,-21.502361297607422,0.012017888016998768,0.31563007831573486,7.722951804284801e-05
0.20749499417551467,0.0,0.0,0.0,0.0,25.521884283588307,23.126745282486894,0.0,1.800000000000001,1.0,0.0,0.01667344448962993,39.32390333339572,0,0.0,,,,,,,,,,,,,,,,,,,,,,,,,,,,,,,,,,,,,,,,,111970,1.2743425369262695,-19.36837387084961,0.011995005421340466,0.3874746263027191,7.720819974955e-05
0.1328693815390902,0.0,0.0,0.0,0.0,11.161028049283576,27.49409811454261,0.0,3.7499999999999947,1.0,0.0,0.01619047619047619,31.813173907343298,0,0.0,,,,,,,,,,,,,,,,,,,,,,,,,,,,,,,,,,,,,,,,,112053,-0.22219634056091309,-22.711795806884766,0.011981497518718243,0.29311901330947876,7.71936980134955e-05
0.2735737736157496,0.0,0.0,0.0,0.0,912.9156825557563,22.932462996347812,0.0,161.40000000000245,1.0,0.0,0.45037220843672454,1062.310775320977,0,0.0,,,,,,,,,,,,,,,,,,,,,,,,,,,,,,,,,,,,,,,,,115389,-2.160634756088257,-21.623287200927734,0.011722544208168983,0.3560047149658203,7.661196793143951e-05
,,,,,,,,,,,,,,,5814,710.4,125390,0.20187561213970184,364,309.28455769,21,,,,,,,,,,,,,,,,,,,,,,,,,,,,,,,,,,,,,,,
0.29805437365245535,0.0,1.0,0.0,0.0,154.09411117831942,38.41570986457047,56.751264516998546,7.149999999999983,0.0,0.0,0.17412935323383086,275.5405555269681,0,0.0,,,,,,,,,,,,,,,,,,,,,,,,,,,,,,,,,,,,,,,,,115905,-0.8754299879074097,-21.122621536254883,0.011689807288348675,0.4584723711013794,7.652218586798752e-05
0.5889583308692331,0.0,1.0,0.0,0.0,143.11687440122364,41.548416651001254,0.0,2.0500000000000007,0.0,0.0,0.0949367088607595,140.05567727796733,0,0.0,,,,,,,,,,,,,,,,,,,,,,,,,,,,,,,,,,,,,,,,,116147,1.2805583477020264,-20.941883087158203,0.0116492984816432,0.45031827688217163,7.648009702809549e-05
0.4105033462440257,0.0,1.0,0.0,0.0,249.17553117012358,31.311074038273954,98.10267221395473,3.949999999999994,0.0,0.0,0.1530720338983051,263.7227640962228,0,0.0,,,,,,,,,,,,,,,,,,,,,,,,,,,,,,,,,,,,,,,,,116753,-0.12336046993732452,-19.70665740966797,0.011625314131379128,0.43647539615631104,7.637475213939551e-05
0.17853618420132575,0.0,0.0,0.0,0.0,11.247779604683522,24.84078613565481,0.0,2.9999999999999973,1.0,0.0,0.014109347442680775,21.46190617280081,0,0.0,,,,,,,,,,,,,,,,,,,,,,,,,,,,,,,,,,,,,,,,,116815,2.2102036476135254,-21.153583526611328,0.01162039302289486,0.3662910461425781,7.636397840038751e-05
,,,,,,,,,,,,,,,5885,695.77,126816,0.2015872746706009,368,307.33541435,21,,,,,,,,,,,,,,,,,,,,,,,,,,,,,,,,,,,,,,,
0.2015148418746114,0.0,1.0,0.0,0.0,158.7936953971938,34.426885172585315,212.9239691290265,2.6999999999999984,0.0,0.0,0.18172537008677897,376.52372174616903,2,0.0,,,,,,,,,,,,,,,,,,,,,,,,,,,,,,,,,,,,,,,,,117602,0.7071466445922852,-21.737295150756836,0.011556156910955906,0.43043801188468933,7.6227287905198e-05
0.5161194343467662,1.0,0.0,0.0,0.0,193.54478788003735,36.23103830064847,86.06169964667309,2.5999999999999988,0.0,0.0,0.08473040326234708,188.37311813235283,0,0.0,,,,,,,,,,,,,,,,,,,,,,,,,,,,,,,,,,,,,,,,,117976,2.049736976623535,-19.061614990234375,0.011524477042257786,0.48714375495910645,7.616237272931201e-05
0.6908981152579502,0.0,1.0,0.0,0.0,482.24688445004927,44.63384387018452,73.736890724523,4.799999999999991,0.0,0.0,0.30733333333333335,432.4510294031352,1,0.0,,,,,,,,,,,,,,,,,,,,,,,,,,,,,,,,,,,,,,,,,118673,2.7452926635742188,-20.99631118774414,0.011475060135126114,0.3279029130935669,7.60414687224355e-05
0.5094914500535871,0.0,0.0,0.0,0.0,147.24302906548667,35.02618246419493,51.32077499898777,1.3000000000000005,1.0,0.0,0.072544080604534,140.22222210746258,1,0.0,,,,,,,,,,,,,,,,,,,,,,,,,,,,,,,,,,,,,,,,,118961,2.658586025238037,-20.615468978881836,0.011452751234173775,0.37396442890167236,7.599153948233951e-05
,,,,,,,,,,,,,,,5984,707.23,128962,0.20114663243293762,372,314.62734613,21,,,,,,,,,,,,,,,,,,,,,,,,,,,,,,,,,,,,,,,
,,,,,,,,,,,,,,,,,,,,,,0.03777791187167168,13.610657691955566,1.2518677711486816,0.26874661445617676,0.43822181224823,1.1491801738739014,3.4204630851745605,0.35005438327789307,7.337680339813232,24.332679748535156,0.3976884186267853,21.246397018432617,0.09195219725370407,0.1754813939332962,0.11400672793388367,0.01481631025671959,0.27392852306365967,20.624237060546875,0.12831050157546997,8.32547664642334,0.3434520959854126,4.004464149475098,11.617405891418457,0.3353821337223053,0.34129825234413147,0.227788046002388,30.90160369873047,26.63877296447754,0.7781326770782471,0.09460426867008209,0.008594224229454994,26.012849807739258,0.05162931978702545,119999,-2.0206737518310547,-19.621173858642578,0.011370140127837658,0.3552404046058655,7.581172313009951e-05
0.7171621084077631,0.0,0.0,0.0,0.0,1456.5562421761667,44.98736013512289,224.73602792159392,11.150000000000023,1.0,0.0,0.7102085620197585,1268.5854246653616,2,0.0,,,,,,,,,,,,,,,,,,,,,,,,,,,,,,,,,,,,,,,,,120991,1.571638822555542,-21.36941909790039,0.01134068425744772,0.4088685214519501,7.564007588705951e-05
0.5331710784078805,0.0,1.0,0.0,0.0,795.4912489845576,34.78745975283443,477.55525787304987,2.5999999999999988,0.0,0.0,0.4619700748129676,720.496278911829,4,0.0,,,,,,,,,,,,,,,,,,,,,,,,,,,,,,,,,,,,,,,,,122482,1.1971821784973145,-21.797405242919922,0.01122501865029335,0.2542942762374878,7.5382454292238e-05
0.5696188518511813,0.0,0.0,0.0,0.0,261.4550529996922,38.21855868570862,0.0,10.450000000000014,1.0,0.0,0.13931398416886542,243.44961238931865,0,0.0,,,,,,,,,,,,,,,,,,,,,,,,,,,,,,,,,,,,,,,,,122940,-3.6352996826171875,-21.292179107666016,0.011212009936571121,0.27150025963783264,7.530340783819999e-05
0.2488830814455224,0.0,1.0,0.0,0.0,205.32854219255597,33.83621865205614,160.73728810695727,7.84999999999998,0.0,0.0,0.20480668756530826,387.4053082886385,3,0.0,,,,,,,,,,,,,,,,,,,,,,,,,,,,,,,,,,,,,,,,,123764,-0.6535155177116394,-22.415159225463867,0.011166284792125225,0.35090672969818115,7.516129836575201e-05
,,,,,,,,,,,,,,,6221,727.9,133765,0.20004364848136902,376,334.70873242,21,,,,,,,,,,,,,,,,,,,,,,,,,,,,,,,,,,,,,,,
0.3482530367483357,0.0,1.0,0.0,0.0,119.79904464142749,27.715458289531323,0.0,17.15000000000011,0.0,0.0,0.07195767195767196,132.17659731395543,0,0.0,,,,,,,,,,,,,,,,,,,,,,,,,,,,,,,,,,,,,,,,,124107,2.3104443550109863,-19.24456024169922,0.011154641397297382,0.28630852699279785,7.510218340117551e-05
0.6071611841130433,0.0,1.0,0.0,0.0,943.5284801116693,40.50989512713081,204.13102870234542,12.050000000000036,0.0,0.0,0.4159090909090909,873.8663118686527,3,0.0,,,,,,,,,,,,,,,,,,,,,,,,,,,,,,,,,,,,,,,,,125660,1.6535475254058838,-21.812240600585938,0.011108244769275188,0.4075569212436676,7.483482174220001e-05
0.4314473017242468,0.0,0.0,0.0,0.0,474.1605845949472,30.598598622489355,63.112774437438645,31.40000000000031,1.0,0.0,0.3064312736443884,466.6787234004587,1,0.0,,,,,,,,,,,,,,,,,,,,,,,,,,,,,,,,,,,,,,,,,126758,1.4241154193878174,-23.044658660888672,0.011034520342946053,0.3033604621887207,7.464608168111801e-05
0.5368226513130966,1.0,0.0,0.0,0.0,160.50997274261587,36.674898235204395,59.30941432600426,1.6000000000000008,0.0,0.0,0.071461716937355,151.92711220216006,1,0.0,,,,,,,,,,,,,,,,,,,,,,,,,,,,,,,,,,,,,,,,,127056,0.8827754259109497,-22.583465576171875,0.011028418317437172,0.2180297076702118,7.4594898540032e-05
,,,,,,,,,,,,,,,6373,745.47,137057,0.19934582710266113,380,345.8940607900001,21,,,,,,,,,,,,,,,,,,,,,,,,,,,,,,,,,,,,,,,
0.5823293313404168,0.0,1.0,0.0,0.0,467.61045306635464,43.71735914080508,86.72980784057494,3.2999999999999963,0.0,0.0,0.28457772337821297,487.26144767180085,0,0.0,,,,,,,,,,,,,,,,,,,,,,,,,,,,,,,,,,,,,,,,,127858,-1.9069161415100098,-22.281070709228516,0.010998343117535114,0.28467145562171936,7.4457238402318e-05
0.5501748859017441,0.0,1.0,0.0,0.0,322.40248313842204,39.39691250456379,139.94586812255685,4.599999999999992,0.0,0.0,0.15063350539652745,320.26571897324175,0,0.0,,,,,,,,,,,,,,,,,,,,,,,,,,,,,,,,,,,,,,,,,128443,-2.988584518432617,-21.073198318481445,0.010997949168086052,0.32474619150161743,7.435690619277551e-05
0.48223705683396123,0.0,1.0,0.0,0.0,145.15335410702232,36.953905461900455,77.30733497609526,3.2499999999999964,0.0,0.0,0.07528029898558462,154.23958341032267,0,0.0,,,,,,,,,,,,,,,,,,,,,,,,,,,,,,,,,,,,,,,,,128743,1.115741491317749,-19.736785888671875,0.01097908616065979,0.28795167803764343,7.43054801948755e-05
0.6088602481546613,0.0,1.0,0.0,0.0,236.84663653216325,40.91335563594156,50.71273372031128,3.7999999999999945,0.0,0.0,0.13066666666666665,220.77169769257307,1,0.0,,,,,,,,,,,,,,,,,,,,,,,,,,,,,,,,,,,,,,,,,129131,0.9281982183456421,-22.920181274414062,0.010960767976939678,0.263078510761261,7.423899579851949e-05
,,,,,,,,,,,,,,,6466,729.89,139132,0.19896328449249268,384,339.79645945,21,,,,,,,,,,,,,,,,,,,,,,,,,,,,,,,,,,,,,,,
0.218286061902535,0.0,1.0,0.0,0.0,72.90754467544669,33.858777159715025,108.76758556428497,1.950000000000001,0.0,0.0,0.08574549426542873,156.73099355236627,0,0.0,,,,,,,,,,,,,,,,,,,,,,,,,,,,,,,,,,,,,,,,,129464,0.5304899215698242,-22.8970947265625,0.010937502607703209,0.3047163784503937,7.4181959625952e-05
,,,,,,,,,,,,,,,,,,,,,,0.043148916214704514,12.842547416687012,1.1935102939605713,0.2846727967262268,0.41523295640945435,1.1349884271621704,3.845102310180664,0.34790897369384766,7.919344902038574,25.36786651611328,0.3814869523048401,20.046865463256836,0.09347593784332275,0.1636643409729004,0.11605937778949738,0.014464195817708969,0.25547555088996887,20.611536026000977,0.12432029843330383,8.329861640930176,0.34584522247314453,4.414089679718018,11.078475952148438,0.33776599168777466,0.3342127799987793,0.23129825294017792,29.782493591308594,27.1380672454834,0.9846559762954712,0.10092346370220184,0.011049599386751652,26.504098892211914,0.05625278502702713,129999,0.5889593362808228,-22.13594627380371,0.010901059955358505,0.5160219669342041,7.409037114009952e-05
0.3784499965833,0.0,1.0,0.0,0.0,393.58799644663196,33.20648598729351,318.5330611822493,2.1500000000000004,0.0,0.0,0.3158227848101266,479.28510156366974,3,0.0,,,,,,,,,,,,,,,,,,,,,,,,,,,,,,,,,,,,,,,,,130503,-0.0967949628829956,-22.87887191772461,0.010903619229793549,0.40121033787727356,7.40041417543955e-05
0.5488865858298323,0.0,1.0,0.0,0.0,121.85282205422277,40.65350960196601,0.0,4.799999999999991,0.0,0.0,0.07225738396624473,125.13908115774393,0,0.0,,,,,,,,,,,,,,,,,,,,,,,,,,,,,,,,,,,,,,,,,130724,0.5597975850105286,-21.547489166259766,0.010889635421335697,0.3956800699234009,7.396634679551202e-05
0.40112942727625744,0.0,1.0,0.0,0.0,523.8750320227922,29.364650646000023,300.60681481572794,1.800000000000001,0.0,0.0,0.3481806775407779,532.3531965669245,2,0.0,,,,,,,,,,,,,,,,,,,,,,,,,,,,,,,,,,,,,,,,,132029,0.4933620095252991,-22.042552947998047,0.010914876125752926,0.31944042444229126,7.37433665656795e-05
,,,,,,,,,,,,,,,6620,708.95,142030,0.1983209252357483,388,327.28082338,21,,,,,,,,,,,,,,,,,,,,,,,,,,,,,,,,,,,,,,,
0.015256852043226223,0.0,1.0,0.0,0.0,1.2052913114148716,26.01601198401152,3.9960111237191445,0.7500000000000001,0.0,0.0,0.015393073117097306,28.35238619078882,0,0.0,,,,,,,,,,,,,,,,,,,,,,,,,,,,,,,,,,,,,,,,,132107,2.838820457458496,-21.265066146850586,0.010923205874860287,0.4836997985839844,7.373004974517551e-05
0.6138732918395707,0.0,1.0,0.0,0.0,906.0769787552064,41.81139993520143,343.7957307576211,3.8499999999999943,0.0,0.0,0.5663492063492064,856.6224647983909,2,0.0,,,,,,,,,,,,,,,,,,,,,,,,,,,,,,,,,,,,,,,,,133582,-0.7618799209594727,-21.617666244506836,0.010886401869356632,0.2705567479133606,7.3478453177038e-05
0.4032594206573456,0.0,0.0,0.0,0.0,193.96778133618324,29.690171113957092,0.0,18.150000000000123,1.0,0.0,0.12393405343945424,198.00304192770272,0,0.0,,,,,,,,,,,,,,,,,,,,,,,,,,,,,,,,,,,,,,,,,134062,1.2492945194244385,-21.405723571777344,0.010901102796196938,0.3465787172317505,7.3396671054478e-05
0.5095004879680839,0.0,1.0,0.0,0.0,126.35612101608481,39.61079203644364,32.6369745261077,1.0000000000000002,0.0,0.0,0.08328267477203648,136.14417079184204,0,0.0,,,,,,,,,,,,,,,,,,,,,,,,,,,,,,,,,,,,,,,,,134309,-2.952695369720459,-20.661636352539062,0.0108925960958004,0.6103265285491943,7.33546052043595e-05
,,,,,,,,,,,,,,,6729,716.86,144310,0.1978587508201599,392,338.15216696000005,21,,,,,,,,,,,,,,,,,,,,,,,,,,,,,,,,,,,,,,,
0.3598155819796476,0.0,1.0,0.0,0.0,828.6552852991284,24.486837930362096,0.0,114.04999999999566,0.0,0.0,0.3915841584158416,782.8687404319644,0,0.0,,,,,,,,,,,,,,,,,,,,,,,,,,,,,,,,,,,,,,,,,136611,1.3369646072387695,-22.661794662475586,0.010845562443137169,0.4253478944301605,7.29631421394395e-05
0.35423604747052956,0.0,1.0,0.0,0.0,182.0773283998522,36.08770183409238,76.10911628518588,0.0,0.0,0.0,0.15450121654501217,257.3680408447981,0,0.0,,,,,,,,,,,,,,,,,,,,,,,,,,,,,,,,,,,,,,,,,137124,-0.2741781175136566,-21.967517852783203,0.010849902406334877,0.2894265353679657,7.2876048401912e-05
0.21877844971725968,0.0,0.0,0.0,0.0,141.54965696706702,20.56194609729854,0.0,32.15000000000031,1.0,0.0,0.09530516431924882,184.325573570095,0,0.0,,,,,,,,,,,,,,,,,,,,,,,,,,,,,,,,,,,,,,,,,137770,1.3123044967651367,-22.821136474609375,0.010832920670509338,0.3001892566680908,7.276644930355001e-05
0.36586201749590197,0.0,0.0,0.0,0.0,215.85859032258216,28.4770104994437,0.0,20.05000000000015,1.0,0.0,0.15934755332496864,233.03551964182407,0,0.0,,,,,,,,,,,,,,,,,,,,,,,,,,,,,,,,,,,,,,,,,138359,2.1815881729125977,-22.363140106201172,0.0108319241553545,0.28171461820602417,7.266659309165951e-05
,,,,,,,,,,,,,,,6931,744.82,148360,0.19720008969306946,396,348.95455174,21,,,,,,,,,,,,,,,,,,,,,,,,,,,,,,,,,,,,,,,
0.4670858022639844,0.0,1.0,0.0,0.0,142.92825549277921,36.527494275244436,107.64226276860651,4.299999999999993,0.0,0.0,0.08289054197662062,154.96113630221225,1,0.0,,,,,,,,,,,,,,,,,,,,,,,,,,,,,,,,,,,,,,,,,138664,1.3146802186965942,-21.711524963378906,0.010837017558515072,0.33001822233200073,7.2614911997152e-05
0.2980431843106135,0.0,1.0,0.0,0.0,56.92624820332718,31.66230343447736,26.53875850545989,0.7000000000000001,0.0,0.0,0.039341262580054895,83.87310107983649,0,0.0,,,,,,,,,,,,,,,,,,,,,,,,,,,,,,,,,,,,,,,,,138854,-3.4321494102478027,-23.215267181396484,0.010833158157765865,0.3228899836540222,7.2582726574942e-05
0.654435421867363,0.0,1.0,0.0,0.0,299.0769877933849,43.07424897364715,58.31446156788215,2.8999999999999977,0.0,0.0,0.10841836734693877,273.09118196740746,0,0.0,,,,,,,,,,,,,,,,,,,,,,,,,,,,,,,,,,,,,,,,,139310,2.0510222911834717,-22.344947814941406,0.010829733684659004,0.2682804465293884,7.250551087194999e-05
,,,,,,,,,,,,,,,,,,,,,,0.04916338622570038,12.175641059875488,1.263165831565857,0.2798200249671936,0.42801403999328613,1.0475807189941406,4.28066349029541,0.33884233236312866,8.04492473602295,24.36397361755371,0.41027677059173584,21.45234489440918,0.09942147880792618,0.15866973996162415,0.12990616261959076,0.01365179568529129,0.27956128120422363,21.367313385009766,0.11069926619529724,8.656643867492676,0.3328522741794586,5.1712517738342285,9.638602256774902,0.3462088108062744,0.35252517461776733,0.24540340900421143,30.694421768188477,25.541669845581055,0.9983810782432556,0.10483932495117188,0.01146639883518219,26.566593170166016,0.06739038228988647,139999,0.2861781716346741,-22.508769989013672,0.010822311043739319,0.5814734697341919,7.238891915009951e-05
0.7011018336966817,0.0,0.0,0.0,0.0,1892.9749509810406,43.210028391895804,179.26470211029135,2.6499999999999986,1.0,0.0,0.9993682880606444,1619.6906084865332,1,0.0,,,,,,,,,,,,,,,,,,,,,,,,,,,,,,,,,,,,,,,,,142009,-0.8698776960372925,-21.82430648803711,0.010735305957496166,0.3117886781692505,7.204932924005949e-05
,,,,,,,,,,,,,,,7102,760.38,152010,0.19654150307178497,400,373.53332904999996,21,,,,,,,,,,,,,,,,,,,,,,,,,,,,,,,,,,,,,,,
0.4854376227240318,0.0,0.0,0.0,0.0,209.70905301678172,40.094102510272464,92.85988809596037,2.8999999999999977,1.0,0.0,0.1085972850678733,240.16694816108793,1,0.0,,,,,,,,,,,,,,,,,,,,,,,,,,,,,,,,,,,,,,,,,142440,-0.3453517258167267,-21.211523056030273,0.010719642974436283,0.2606501579284668,7.19766163832e-05
0.647075751177408,0.0,1.0,0.0,0.0,457.48255608242744,43.510641189133274,99.64101542803122,8.599999999999987,0.0,0.0,0.21162912519643792,426.9975184286013,1,0.0,,,,,,,,,,,,,,,,,,,,,,,,,,,,,,,,,,,,,,,,,143146,-4.6286187171936035,-21.901649475097656,0.010670618154108524,0.30516716837882996,7.1857588882942e-05
0.6430573641296367,0.0,1.0,0.0,0.0,282.9452402170401,43.03051127448266,69.92166994732754,1.1500000000000004,0.0,0.0,0.10665491405905686,262.74816518463194,0,0.0,,,,,,,,,,,,,,,,,,,,,,,,,,,,,,,,,,,,,,,,,143585,-0.6704729795455933,-22.845861434936523,0.010657057166099548,0.30677759647369385,7.178362604638751e-05
0.6312374644260532,0.0,0.0,0.0,0.0,534.6581323688671,39.632915700742146,64.25744862492607,17.450000000000113,1.0,0.0,0.2988364972443356,465.9704700997099,1,0.0,,,,,,,,,,,,,,,,,,,,,,,,,,,,,,,,,,,,,,,,,144431,-1.3935385942459106,-22.087059020996094,0.010597620159387589,0.33025044202804565,7.164119990921951e-05
,,,,,,,,,,,,,,,7212,766.27,154432,0.19612446427345276,404,379.05484669,21,,,,,,,,,,,,,,,,,,,,,,,,,,,,,,,,,,,,,,,
0.5886650741862715,0.0,1.0,0.0,0.0,473.8753847199485,41.47402902997513,182.01825209623135,8.999999999999993,0.0,0.0,0.2538940809968847,463.31644140020944,2,0.0,,,,,,,,,,,,,,,,,,,,,,,,,,,,,,,,,,,,,,,,,145235,0.4774430990219116,-23.688236236572266,0.010567469522356987,0.19869251549243927,7.15059765698875e-05
0.1435995527657794,0.0,1.0,0.0,0.0,122.92121716750717,35.42367635747318,151.6124070384623,8.449999999999985,0.0,0.0,0.18679007151872107,420.87318047787994,2,0.0,,,,,,,,,,,,,,,,,,,,,,,,,,,,,,,,,,,,,,,,,146090,2.4594624042510986,-21.083179473876953,0.010531923733651638,0.38695743680000305,7.136231676594999e-05
0.6911030117293723,0.0,1.0,0.0,0.0,1962.7325533114174,45.188435525016445,207.91772465477504,6.449999999999985,0.0,0.0,0.7471839799749687,1781.9541248548776,2,0.0,,,,,,,,,,,,,,,,,,,,,,,,,,,,,,,,,,,,,,,,,148929,0.02418382465839386,-21.967578887939453,0.010368067771196365,0.22489318251609802,7.08863424905795e-05
0.3874054864650669,0.0,1.0,0.0,0.0,129.00602699286728,29.0199041621132,0.0,16.6000000000001,0.0,0.0,0.0691542288557214,133.97881714999676,0,0.0,,,,,,,,,,,,,,,,,,,,,,,,,,,,,,,,,,,,,,,,,149261,2.401289224624634,-23.33663558959961,0.010336490347981453,0.2659074068069458,7.083078557903951e-05
,,,,,,,,,,,,,,,7442,787.58,159262,0.19534434378147125,408,393.36324637999996,21,,,,,,,,,,,,,,,,,,,,,,,,,,,,,,,,,,,,,,,
,,,,,,,,,,,,,,,,,,,,,,0.048858918249607086,12.570510864257812,1.2235890626907349,0.2862418293952942,0.40730559825897217,1.151564598083496,4.153796672821045,0.3328777551651001,8.80126667022705,24.335176467895508,0.4172077775001526,20.200870513916016,0.09940792620182037,0.15944522619247437,0.12602515518665314,0.01460652519017458,0.2562292218208313,21.499229431152344,0.12476429343223572,8.451278686523438,0.3243677616119385,5.312030792236328,10.606978416442871,0.33474409580230713,0.35085076093673706,0.2528840899467468,29.82797622680664,25.572847366333008,1.1255639791488647,0.11163587868213654,0.013239416293799877,26.39090919494629,0.06737816333770752,149999,-1.2004194259643555,-23.287494659423828,0.010294714942574501,0.24740268290042877,7.07073671600995e-05
0.6839948689397681,0.0,0.0,0.0,0.0,2629.9602710734084,41.38299205229468,362.0506571159375,38.599999999999945,0.0,1.0,1.0,2209.021296914667,5,0.0,,,,,,,,,,,,,,,,,,,,,,,,,,,,,,,,,,,,,,,,,153105,-3.098451852798462,-23.111392974853516,0.01013245154172182,0.30429208278656006,7.018912748198749e-05
0.5848868899141152,0.0,1.0,0.0,0.0,1189.075047195396,38.09374051195486,219.27113874140312,36.90000000000004,0.0,0.0,0.7281491002570694,1075.015463700518,2,0.0,,,,,,,,,,,,,,,,,,,,,,,,,,,,,,,,,,,,,,,,,155137,0.9761502742767334,-23.13069725036621,0.010011435486376286,0.2001434564590454,6.985112476251551e-05
0.7114655358532636,0.0,1.0,0.0,0.0,1033.759423594792,44.00563414116186,116.03596335010826,2.3499999999999996,0.0,0.0,0.42277904328018223,887.7299732975662,1,0.0,,,,,,,,,,,,,,,,,,,,,,,,,,,,,,,,,,,,,,,,,156589,-0.6863745450973511,-25.45321273803711,0.009904797188937664,0.28466492891311646,6.96101025446395e-05
0.7654268086932511,0.0,1.0,0.0,0.0,1594.384042508042,46.3005465666163,92.89343120163454,5.549999999999988,0.0,0.0,0.7211993687532877,1339.136229896918,1,0.0,,,,,,,,,,,,,,,,,,,,,,,,,,,,,,,,,,,,,,,,,158671,-0.09046933054924011,-24.382802963256836,0.009743726812303066,0.20042169094085693,6.92652366709795e-05
,,,,,,,,,,,,,,,7884,851.31,168672,0.19368405640125275,412,442.8058171100001,21,,,,,,,,,,,,,,,,,,,,,,,,,,,,,,,,,,,,,,,
0.25097826649112526,0.0,1.0,0.0,0.0,167.15152548308942,27.358291641497622,0.0,26.250000000000238,0.0,0.0,0.12814538676607642,252.73225779179484,0,0.0,,,,,,,,,,,,,,,,,,,,,,,,,,,,,,,,,,,,,,,,,159336,1.3397386074066162,-24.161230087280273,0.009691957384347916,0.2650449275970459,6.915526674915202e-05
0.6792511151917607,0.0,1.0,0.0,0.0,423.8526958796587,43.44078154847109,75.75418318098389,6.5999999999999845,0.0,0.0,0.21739130434782608,376.29284391738474,1,0.0,,,,,,,,,,,,,,,,,,,,,,,,,,,,,,,,,,,,,,,,,159959,0.5131380558013916,-26.33349609375,0.009661909192800522,0.24570432305335999,6.905232213725951e-05
,,,,,,,,,,,,,,,,,,,,,,0.04383969306945801,12.884360313415527,1.2429307699203491,0.3177623450756073,0.4086754322052002,1.2461906671524048,3.623366594314575,0.328799843788147,9.079896926879883,26.263174057006836,0.4060872197151184,20.726558685302734,0.0945299044251442,0.16607950627803802,0.12193650007247925,0.016063407063484192,0.26716551184654236,21.87253761291504,0.13117161393165588,7.812931060791016,0.32259055972099304,4.80695915222168,10.841382026672363,0.3381001353263855,0.3447170853614807,0.26463931798934937,28.490995407104492,25.026405334472656,1.0956158638000488,0.11703993380069733,0.013256031088531017,26.229629516601562,0.061961736530065536,159999,2.015897035598755,-24.731719970703125,0.009659016504883766,0.2324792742729187,6.90457151700995e-05
0.47273496752617905,0.0,1.0,0.0,0.0,936.0152357018345,31.726988592082645,311.232267778938,41.34999999999979,0.0,0.0,0.5438701923076923,872.0898477360606,2,0.0,,,,,,,,,,,,,,,,,,,,,,,,,,,,,,,,,,,,,,,,,161938,1.5064969062805176,-24.459678649902344,0.009529124945402145,0.2463989555835724,6.8725824246478e-05
0.6455432605004403,0.0,1.0,0.0,0.0,260.7994772421779,42.055540351553745,0.0,2.849999999999998,0.0,0.0,0.11567164179104478,235.73251882381737,0,0.0,,,,,,,,,,,,,,,,,,,,,,,,,,,,,,,,,,,,,,,,,162341,0.2843053340911865,-24.9200439453125,0.009506624191999435,0.2608993649482727,6.86594323179595e-05
,,,,,,,,,,,,,,,8068,824.67,172342,0.19295227527618408,416,426.81666687999996,21,,,,,,,,,,,,,,,,,,,,,,,,,,,,,,,,,,,,,,,
0.5299764715572585,0.0,1.0,0.0,0.0,144.68357673513157,40.403122987176964,78.80342846071767,0.0,0.0,0.0,0.09736842105263158,152.87689785845578,1,0.0,,,,,,,,,,,,,,,,,,,,,,,,,,,,,,,,,,,,,,,,,162613,1.303307294845581,-25.6234130859375,0.009480156004428864,0.19172552227973938,6.86146401530155e-05
0.5728504496430795,0.0,1.0,0.0,0.0,762.4639484749388,37.026104392873215,136.0361726913483,35.65000000000011,0.0,0.0,0.47938829787234044,683.9873198540881,1,0.0,,,,,,,,,,,,,,,,,,,,,,,,,,,,,,,,,,,,,,,,,163943,-1.0439687967300415,-26.49750328063965,0.009464121423661709,0.19522376358509064,6.839583164127551e-05
0.5928627943881662,0.0,1.0,0.0,0.0,1652.9014707542076,38.99675360180348,246.6836905112738,42.39999999999973,0.0,0.0,0.9764121663563005,1509.4891571439803,4,0.0,,,,,,,,,,,,,,,,,,,,,,,,,,,,,,,,,,,,,,,,,166730,0.7101828455924988,-26.208627700805664,0.009314035065472126,0.21213746070861816,6.793846254355e-05
0.49871499394271895,0.0,1.0,0.0,0.0,571.0286680644132,34.75681443390028,52.53243152363535,34.1500000000002,0.0,0.0,0.25778210116731515,552.4816813338548,1,0.0,,,,,,,,,,,,,,,,,,,,,,,,,,,,,,,,,,,,,,,,,167874,2.079606056213379,-24.96486473083496,0.009257315658032894,0.24723273515701294,6.7751170407662e-05
,,,,,,,,,,,,,,,8323,857.1,177875,0.1918344348669052,420,449.17993229,21,,,,,,,,,,,,,,,,,,,,,,,,,,,,,,,,,,,,,,,
,,,,,,,,,,,,,,,,,,,,,,0.05165015533566475,12.821520805358887,1.2116528749465942,0.3204515874385834,0.3884366750717163,1.1614776849746704,4.230433940887451,0.32058411836624146,9.738449096679688,26.24675941467285,0.40696197748184204,20.005014419555664,0.09444604068994522,0.15909865498542786,0.12691786885261536,0.014412450604140759,0.24823659658432007,21.273895263671875,0.1310463696718216,7.735653877258301,0.30981874465942383,5.420249938964844,10.733423233032227,0.32120540738105774,0.3500720262527466,0.25973695516586304,28.67283821105957,24.96782684326172,1.106992483139038,0.12084168195724487,0.013515478931367397,25.885459899902344,0.06725835800170898,169999,-3.558075428009033,-25.531299591064453,0.009155919775366783,0.18921144306659698,6.74039631800995e-05
0.7072713093271478,0.0,1.0,0.0,0.0,1777.3728003391225,44.823048801705546,109.10488771349355,14.650000000000073,0.0,0.0,0.8349869451697128,1564.055596315302,0,0.0,,,,,,,,,,,,,,,,,,,,,,,,,,,,,,,,,,,,,,,,,170386,2.2280056476593018,-25.199356079101562,0.009149194695055485,0.31707122921943665,6.734082734510202e-05
0.6476463925281899,0.0,1.0,0.0,0.0,896.3426072590148,40.9378824697295,220.72140774637487,20.15000000000015,0.0,0.0,0.420662100456621,786.691041091457,2,0.0,,,,,,,,,,,,,,,,,,,,,,,,,,,,,,,,,,,,,,,,,171769,1.3258743286132812,-26.03697967529297,0.009091181680560112,0.22444969415664673,6.71154459514195e-05
0.7013612364752361,0.0,1.0,0.0,0.0,754.664690447354,44.20453928939021,310.52783876298383,5.1999999999999895,0.0,0.0,0.26430976430976433,660.3667782153934,4,0.0,,,,,,,,,,,,,,,,,,,,,,,,,,,,,,,,,,,,,,,,,172844,2.4493672847747803,-25.87548828125,0.0090378662571311,0.2029074728488922,6.694052086943201e-05
0.6459990139664951,0.0,1.0,0.0,0.0,231.26764700000524,41.95993066088798,34.53536431930785,0.0,0.0,0.0,0.08730493462673977,208.41150153335184,0,0.0,,,,,,,,,,,,,,,,,,,,,,,,,,,,,,,,,,,,,,,,,173201,2.4415721893310547,-25.492713928222656,0.009024244733154774,0.20619812607765198,6.68824803368995e-05
,,,,,,,,,,,,,,,8579,899.83,183202,0.19094915688037872,424,483.12452605999994,21,,,,,,,,,,,,,,,,,,,,,,,,,,,,,,,,,,,,,,,
0.6833419857968734,0.0,1.0,0.0,0.0,1566.9031734322307,41.887147434119534,419.70221218391106,21.050000000000164,0.0,0.0,0.7358166189111748,1333.5756745478138,4,0.0,,,,,,,,,,,,,,,,,,,,,,,,,,,,,,,,,,,,,,,,,175493,0.6256239414215088,-25.94558334350586,0.008957134559750557,0.2371905893087387,6.651045447837549e-05
0.6522965700325339,0.0,1.0,0.0,0.0,371.1567483485118,42.69652259302876,79.15388447903662,2.9499999999999975,0.0,0.0,0.20349967595593,337.18230866175145,0,0.0,,,,,,,,,,,,,,,,,,,,,,,,,,,,,,,,,,,,,,,,,176061,-0.6980565786361694,-27.23436737060547,0.008951827883720398,0.14639848470687866,6.641842122423949e-05
-0.004160118356676716,0.0,1.0,0.0,0.0,-0.3577701786741976,23.09222053415285,0.0,0.0,0.0,0.0,0.012869399428026692,27.39454456837848,0,0.0,,,,,,,,,,,,,,,,,,,,,,,,,,,,,,,,,,,,,,,,,176146,-8.314458847045898,-26.30375099182129,0.008943528868258,0.2509191036224365,6.640465416494199e-05
0.6256772780982094,0.0,1.0,0.0,0.0,396.67939431426475,40.009079326580945,39.883777810112115,15.950000000000092,0.0,0.0,0.1647627416520211,352.04008108749986,1,0.0,,,,,,,,,,,,,,,,,,,,,,,,,,,,,,,,,,,,,,,,,176779,-2.0231008529663086,-26.920644760131836,0.008930101059377193,0.16479666531085968,6.630217528667949e-05
,,,,,,,,,,,,,,,8742,876.28,186780,0.19039388000965118,428,476.32156243,21,,,,,,,,,,,,,,,,,,,,,,,,,,,,,,,,,,,,,,,
0.7103425417505442,0.0,1.0,0.0,0.0,1636.6292161932538,44.147558908074984,337.6756853654419,2.0500000000000007,0.0,0.0,0.9142857142857143,1412.1903537716717,2,0.0,,,,,,,,,,,,,,,,,,,,,,,,,,,,,,,,,,,,,,,,,179082,-2.3207173347473145,-27.24907875061035,0.008858232758939266,0.4485626220703125,6.593000627103801e-05
,,,,,,,,,,,,,,,,,,,,,,0.05005756765604019,12.934429168701172,1.2589974403381348,0.31545349955558777,0.3842941224575043,1.201746940612793,4.07269811630249,0.3052382171154022,10.904417991638184,25.665388107299805,0.41354620456695557,20.166303634643555,0.10447010397911072,0.1597605049610138,0.13251732289791107,0.014843462035059929,0.24908551573753357,21.33962059020996,0.1285078078508377,8.499717712402344,0.2946544885635376,5.231443881988525,10.455431938171387,0.31750985980033875,0.3564988672733307,0.2622854709625244,29.004852294921875,23.855628967285156,0.9622812867164612,0.134686678647995,0.011827407404780388,25.706031799316406,0.06461654603481293,179999,-1.7107188701629639,-25.937580108642578,0.00882117822766304,0.18254265189170837,6.57821111900995e-05
0.6573127499783001,0.0,1.0,0.0,0.0,899.8611547202929,42.02959151107759,328.941423983227,1.4500000000000006,0.0,0.0,0.3983622350674374,798.6238262411207,3,0.0,,,,,,,,,,,,,,,,,,,,,,,,,,,,,,,,,,,,,,,,,180450,1.2079473733901978,-26.519325256347656,0.008819120936095715,0.21483728289604187,6.570943464875e-05
0.36759565051320797,0.0,0.0,0.0,0.0,804.2992833228991,32.001479118255446,164.4029209105407,70.89999999999812,1.0,0.0,0.4606741573033708,971.6469995209482,2,0.0,,,,,,,,,,,,,,,,,,,,,,,,,,,,,,,,,,,,,,,,,182637,1.1996941566467285,-26.235980987548828,0.00872524082660675,0.2271096259355545,6.535758387001552e-05
0.642077940382076,0.0,0.0,0.0,0.0,2124.6359047242895,40.35759229203228,406.9593456217152,42.39999999999973,0.0,1.0,1.0,1854.2437705453485,5,0.0,,,,,,,,,,,,,,,,,,,,,,,,,,,,,,,,,,,,,,,,,185945,-2.009359836578369,-25.748310089111328,0.008601736277341843,0.21424609422683716,6.48271920809875e-05
,,,,,,,,,,,,,,,9169,942.82,195946,0.18899746239185333,432,517.5577399599999,21,,,,,,,,,,,,,,,,,,,,,,,,,,,,,,,,,,,,,,,
0.597028663503065,0.0,1.0,0.0,0.0,808.9738390466531,42.094136366837546,256.7582270220452,0.1,0.0,0.0,0.4267740312028183,791.8711430691183,2,0.0,,,,,,,,,,,,,,,,,,,,,,,,,,,,,,,,,,,,,,,,,187299,1.5474529266357422,-25.30009651184082,0.008573244325816631,0.20783346891403198,6.46107250923995e-05
0.5722589432960422,0.0,1.0,0.0,0.0,335.9159997147768,40.64972018443898,197.22179418825095,1.7000000000000008,0.0,0.0,0.20077972709551656,331.1844520494342,1,0.0,,,,,,,,,,,,,,,,,,,,,,,,,,,,,,,,,,,,,,,,,187885,0.1704026311635971,-24.312484741210938,0.008563580922782421,0.2103044092655182,6.45171530858875e-05
0.49393049155829866,0.0,1.0,0.0,0.0,292.9007814940711,38.77793514018879,67.1258351457272,11.55000000000003,0.0,0.0,0.2118591723285979,319.13111280836165,0,0.0,,,,,,,,,,,,,,,,,,,,,,,,,,,,,,,,,,,,,,,,,188477,2.6884100437164307,-25.231082916259766,0.008563552983105183,0.19396883249282837,6.44226923931355e-05
0.6264762585956023,0.0,1.0,0.0,0.0,519.9752946343499,39.80674321830131,37.74139959703949,15.000000000000078,0.0,0.0,0.3097861309138043,458.6343012191355,1,0.0,,,,,,,,,,,,,,,,,,,,,,,,,,,,,,,,,,,,,,,,,189306,1.2326416969299316,-27.482498168945312,0.008531900122761726,0.26511210203170776,6.429053272278201e-05
,,,,,,,,,,,,,,,9321,936.74,199307,0.18846873939037323,436,512.68953378,21,,,,,,,,,,,,,,,,,,,,,,,,,,,,,,,,,,,,,,,
,,,,,,,,,,,,,,,,,,,,,,0.054269857704639435,12.736747741699219,1.2131658792495728,0.3013385534286499,0.37604790925979614,1.2111575603485107,4.3510661125183105,0.3099723756313324,9.492847442626953,24.159709930419922,0.4186179041862488,20.52275276184082,0.10871247947216034,0.15553006529808044,0.13891607522964478,0.014789599925279617,0.250605970621109,22.6441593170166,0.13289853930473328,8.715983390808105,0.30209434032440186,5.272765159606934,10.655092239379883,0.3177880644798279,0.35505229234695435,0.28243544697761536,28.466188430786133,24.73926544189453,1.0077919960021973,0.11591838300228119,0.012569960206747055,26.024463653564453,0.06438641250133514,189999,2.452765941619873,-26.165607452392578,0.00853099673986435,0.2525405287742615,6.41801592000995e-05
0.5350545758249254,0.0,1.0,0.0,0.0,399.6857681412193,35.44418372836872,5.1992412666930825,21.45000000000017,0.0,0.0,0.20751720487030176,367.4518322881777,0,0.0,,,,,,,,,,,,,,,,,,,,,,,,,,,,,,,,,,,,,,,,,190052,-3.160233497619629,-26.92729949951172,0.008532592095434666,0.23197951912879944,6.4171721869048e-05
0.5290727980965076,0.0,1.0,0.0,0.0,553.9392196070435,44.62134563985416,78.54759667433724,7.94999999999998,0.0,0.0,0.2648578811369509,648.5778471883386,0,0.0,,,,,,,,,,,,,,,,,,,,,,,,,,,,,,,,,,,,,,,,,191098,1.480099081993103,-27.93605613708496,0.008529589511454105,0.17502132058143616,6.4005318357598e-05
0.23448491918955838,0.0,1.0,0.0,0.0,127.3253111199302,22.471594933901997,0.0,27.10000000000025,0.0,0.0,0.10576923076923077,169.23645385727286,0,0.0,,,,,,,,,,,,,,,,,,,,,,,,,,,,,,,,,,,,,,,,,191640,-2.167266845703125,-26.815303802490234,0.008507655002176762,0.2143886834383011,6.391917961519999e-05
0.6609495566644912,0.0,0.0,0.0,0.0,1692.0308650610975,42.6940830793981,255.59848872330903,21.55000000000017,0.0,1.0,1.0,1517.2485977374017,2,0.0,,,,,,,,,,,,,,,,,,,,,,,,,,,,,,,,,,,,,,,,,194199,1.071100115776062,-26.134723663330078,0.008450590074062347,0.2543694078922272,6.35132735442995e-05
,,,,,,,,,,,,,,,9542,970.66,204200,0.1876934915781021,440,533.0780280399999,21,,,,,,,,,,,,,,,,,,,,,,,,,,,,,,,,,,,,,,,
0.6511520128592622,0.0,1.0,0.0,0.0,871.2413932056927,43.14589176191015,255.73177042337375,8.549999999999986,0.0,0.0,0.3220701454234388,801.4853303432465,3,0.0,,,,,,,,,,,,,,,,,,,,,,,,,,,,,,,,,,,,,,,,,195536,1.4575064182281494,-26.63373565673828,0.00843131449073553,0.22249466180801392,6.330171820595201e-05
0.26975115783704007,0.0,1.0,0.0,0.0,39.923171359881934,34.1949955629799,47.68227806498772,3.699999999999995,0.0,0.0,0.036885245901639344,69.98732341825962,0,0.0,,,,,,,,,,,,,,,,,,,,,,,,,,,,,,,,,,,,,,,,,195683,-1.9538474082946777,-26.27872085571289,0.00843783002346754,0.2168121635913849,6.32784799006555e-05
0.47771059937103977,0.0,1.0,0.0,0.0,731.3749276370619,37.415600242319506,241.93321107363153,19.800000000000146,0.0,0.0,0.40735221063089916,795.1450277455151,2,0.0,,,,,,,,,,,,,,,,,,,,,,,,,,,,,,,,,,,,,,,,,197213,1.2440838813781738,-25.883543014526367,0.00844317115843296,0.23497000336647034,6.30368671232155e-05
0.7312691233262708,0.0,1.0,0.0,0.0,1602.2106492078594,44.09502933349235,304.47380211984904,8.999999999999993,0.0,0.0,0.8981302385557705,1341.48810876254,3,0.0,,,,,,,,,,,,,,,,,,,,,,,,,,,,,,,,,,,,,,,,,199403,0.6941839456558228,-26.07456398010254,0.00848272256553173,0.18912486732006073,6.26918398326955e-05
,,,,,,,,,,,,,,,9791,974.45,209404,0.18681804835796356,444,539.93387308,21,,,,,,,,,,,,,,,,,,,,,,,,,,,,,,,,,,,,,,,
,,,,,,,,,,,,,,,,,,,,,,0.04993295297026634,12.491631507873535,1.279560923576355,0.277826189994812,0.3782709240913391,1.2693967819213867,4.083158016204834,0.29562556743621826,10.077913284301758,22.718629837036133,0.4359055459499359,20.755325317382812,0.10630562901496887,0.15084275603294373,0.13614818453788757,0.015328606590628624,0.2506310045719147,23.34747886657715,0.1306348592042923,8.692910194396973,0.28296345472335815,5.397288799285889,10.682380676269531,0.3209136724472046,0.3600672483444214,0.2855163812637329,29.443714141845703,23.43284797668457,1.0317331552505493,0.121695876121521,0.01261706743389368,26.575590133666992,0.06517498195171356,199999,-0.10592629015445709,-26.5975284576416,0.008492832072079182,0.2707866430282593,6.25981072100995e-05
0.607741302867794,0.0,0.0,0.0,0.0,1757.5878478936604,39.011908375224415,324.921676449533,56.44999999999893,0.0,1.0,1.0,1566.0766714978963,3,0.0,,,,,,,,,,,,,,,,,,,,,,,,,,,,,,,,,,,,,,,,,202294,-1.127111792564392,-27.048477172851562,0.008513270877301693,0.18115004897117615,6.223783387238201e-05
0.6926835436595713,0.0,0.0,0.0,0.0,1869.552884337183,42.86349833157861,368.01168793407396,27.500000000000256,0.0,1.0,1.0,1606.2362190652639,3,0.0,,,,,,,,,,,,,,,,,,,,,,,,,,,,,,,,,,,,,,,,,204992,1.2912774085998535,-26.949481964111328,0.008491629734635353,0.1503887176513672,6.181563722636802e-05
0.1823756819010819,0.0,1.0,0.0,0.0,60.73110207306027,26.77736450953844,0.0,11.500000000000028,0.0,0.0,0.08084577114427861,123.54509427584708,0,0.0,,,,,,,,,,,,,,,,,,,,,,,,,,,,,,,,,,,,,,,,,205324,-2.0381534099578857,-27.78029441833496,0.008482592180371284,0.2369500994682312,6.176378428511202e-05
0.5296359117607963,0.0,1.0,0.0,0.0,1003.660052786709,41.00797749950302,270.9425962929452,21.50000000000017,0.0,0.0,0.5067204301075269,1079.0872214389965,3,0.0,,,,,,,,,,,,,,,,,,,,,,,,,,,,,,,,,,,,,,,,,207218,1.0444175004959106,-27.556589126586914,0.008455540053546429,0.19270089268684387,6.146839212263799e-05
,,,,,,,,,,,,,,,10155,1026.24,217219,0.1857314109802246,448,574.7056764900001,21,,,,,,,,,,,,,,,,,,,,,,,,,,,,,,,,,,,,,,,
0.00600578777506524,0.0,1.0,0.0,0.0,0.39037620537924056,27.546186165513575,0.0,0.0,0.0,0.0,0.012239347234814143,24.6536475289613,0,0.0,,,,,,,,,,,,,,,,,,,,,,,,,,,,,,,,,,,,,,,,,207282,1.3286666870117188,-27.423564910888672,0.008457672782242298,0.16636572778224945,6.1458423018638e-05
0.7603806350908519,0.0,0.0,0.0,0.0,798.3996668453944,45.65811203605904,131.1963577502786,3.2999999999999963,1.0,0.0,0.43620364550597107,665.5259320661426,1,0.0,,,,,,,,,,,,,,,,,,,,,,,,,,,,,,,,,,,,,,,,,208331,1.9632540941238403,-27.576749801635742,0.008456229232251644,0.309742271900177,6.12951393433195e-05
-0.35390142764386945,0.0,1.0,0.0,0.0,-35.036241336743075,30.14160761283444,0.0,2.799999999999998,0.0,0.0,0.018777292576419215,41.18527558632195,0,0.0,,,,,,,,,,,,,,,,,,,,,,,,,,,,,,,,,,,,,,,,,208429,-0.2879672348499298,-28.190174102783203,0.008459318429231644,0.22168684005737305,6.127989619007951e-05
0.400933399570853,0.0,1.0,0.0,0.0,67.75774452747416,36.290631750972956,26.909982751636807,1.4500000000000006,0.0,0.0,0.039627039627039624,85.13641875237226,0,0.0,,,,,,,,,,,,,,,,,,,,,,,,,,,,,,,,,,,,,,,,,208597,1.7046916484832764,-27.856369018554688,0.00845368206501007,0.16130685806274414,6.12537695166955e-05
,,,,,,,,,,,,,,,10219,1018.56,218598,0.18555524945259094,452,573.4076823,21,,,,,,,,,,,,,,,,,,,,,,,,,,,,,,,,,,,,,,,
-0.27375905633722686,0.0,1.0,0.0,0.0,-14.509229985873024,21.300290172441738,0.0,0.0,0.0,0.0,0.010343206393982134,15.489794122288004,0,0.0,,,,,,,,,,,,,,,,,,,,,,,,,,,,,,,,,,,,,,,,,208649,0.2306216061115265,-27.860301971435547,0.008450283668935299,0.21463090181350708,6.124568382749951e-05
,,,,,,,,,,,,,,,,,,,,,,0.05527877435088158,12.985855102539062,1.3421767950057983,0.3217579424381256,0.39312586188316345,1.2450507879257202,4.2107062339782715,0.2929016947746277,10.41549301147461,24.50901222229004,0.42806464433670044,21.077795028686523,0.1080360859632492,0.15855363011360168,0.13893407583236694,0.015201720409095287,0.25735393166542053,22.828327178955078,0.14633888006210327,8.229348182678223,0.2792242765426636,5.443140029907227,11.146956443786621,0.3170088827610016,0.36817556619644165,0.29969364404678345,28.044748306274414,22.8690185546875,1.0308951139450073,0.12717023491859436,0.013533742167055607,25.963651657104492,0.06645920872688293,209999,-3.6057651042938232,-25.933637619018555,0.00844784639775753,0.2689371109008789,6.10359552200995e-05
0.5970310675051449,0.0,1.0,0.0,0.0,1010.7735972862104,38.708595783969514,292.683617419419,16.200000000000095,0.0,0.0,0.40167548500881833,909.8614947292954,2,0.0,,,,,,,,,,,,,,,,,,,,,,,,,,,,,,,,,,,,,,,,,210341,0.419196218252182,-26.424949645996094,0.008445067331194878,0.22694383561611176,6.09828815499595e-05
0.2683453211470662,0.0,1.0,0.0,0.0,35.68992771255981,29.834589017793764,0.0,2.7499999999999982,0.0,0.0,0.026071586389748123,54.92782578896731,0,0.0,,,,,,,,,,,,,,,,,,,,,,,,,,,,,,,,,,,,,,,,,210473,-2.540640115737915,-26.318653106689453,0.008454584516584873,0.23771308362483978,6.09624032010355e-05
0.5743307056872279,0.0,1.0,0.0,0.0,159.08960547536213,44.37433985912314,0.0,2.6999999999999984,0.0,0.0,0.07440212577502214,170.49934044480324,0,0.0,,,,,,,,,,,,,,,,,,,,,,,,,,,,,,,,,,,,,,,,,210749,-1.6690454483032227,-26.664520263671875,0.008447089232504368,0.21428412199020386,6.09195960395995e-05
,,,,,,,,,,,,,,,10320,1010.25,220750,0.18524274230003357,456,568.1523453700001,21,,,,,,,,,,,,,,,,,,,,,,,,,,,,,,,,,,,,,,,
0.6950558327566145,0.0,1.0,0.0,0.0,1905.8430934186372,42.24349741925597,138.2701956894323,29.400000000000283,0.0,0.0,0.8228228228228228,1608.2303853761405,2,0.0,,,,,,,,,,,,,,,,,,,,,,,,,,,,,,,,,,,,,,,,,213490,1.6355702877044678,-26.45659828186035,0.008478520438075066,0.1722903996706009,6.049529411995001e-05
0.35341775589073193,0.0,1.0,0.0,0.0,822.0497002018425,27.444082066861608,153.1437421400422,85.49999999999729,0.0,0.0,0.4408352668213457,885.8740947246552,1,0.0,,,,,,,,,,,,,,,,,,,,,,,,,,,,,,,,,,,,,,,,,215815,1.1246240139007568,-26.857017517089844,0.008408686146140099,0.19397658109664917,6.01365602153875e-05
0.7637331868250063,0.0,1.0,0.0,0.0,1531.2850395841376,45.58114986315072,105.26355010584754,8.549999999999986,0.0,0.0,0.6860772895712017,1268.9192601572722,1,0.0,,,,,,,,,,,,,,,,,,,,,,,,,,,,,,,,,,,,,,,,,217819,1.5060744285583496,-28.647994995117188,0.008337963372468948,0.1837671399116516,5.98282179277195e-05
0.6138238049710389,0.0,1.0,0.0,0.0,171.25684158691988,41.950313791417216,0.0,2.000000000000001,0.0,0.0,0.09698403311649911,162.4259344842285,0,0.0,,,,,,,,,,,,,,,,,,,,,,,,,,,,,,,,,,,,,,,,,218097,1.9603850841522217,-28.19367218017578,0.008320345543324947,0.16918513178825378,5.97855070201955e-05
,,,,,,,,,,,,,,,10662,1065.63,228098,0.18429292738437653,460,604.6356951299999,21,,,,,,,,,,,,,,,,,,,,,,,,,,,,,,,,,,,,,,,
0.38257780075623854,0.0,1.0,0.0,0.0,176.36836614862597,30.91433758118371,0.0,15.450000000000085,0.0,0.0,0.1355081555834379,197.6529835946858,0,0.0,,,,,,,,,,,,,,,,,,,,,,,,,,,,,,,,,,,,,,,,,218557,-2.0360395908355713,-26.74700164794922,0.008303695358335972,0.20767726004123688,5.9714868073775505e-05
,,,,,,,,,,,,,,,,,,,,,,0.05172787979245186,12.021334648132324,1.3831005096435547,0.3154388666152954,0.390327513217926,1.102750539779663,4.07573938369751,0.28221195936203003,11.002723693847656,24.854036331176758,0.4066060185432434,21.764554977416992,0.10808512568473816,0.14521737396717072,0.136422261595726,0.013321194797754288,0.2629151940345764,22.41998291015625,0.14912107586860657,8.5162353515625,0.2712402939796448,5.437648773193359,11.749537467956543,0.3167036771774292,0.34675318002700806,0.2845466732978821,27.321353912353516,22.453720092773438,1.0631144046783447,0.13291257619857788,0.013492681086063385,26.217254638671875,0.06568663567304611,219999,-2.3463821411132812,-27.986370086669922,0.008250338025391102,0.1959700584411621,5.949370323009949e-05
0.6715738161454893,0.0,1.0,0.0,0.0,2088.5945682124716,42.26799814124153,348.11784905662,34.550000000000175,0.0,0.0,0.9627714581178903,1825.0768855288625,3,0.0,,,,,,,,,,,,,,,,,,,,,,,,,,,,,,,,,,,,,,,,,221666,1.408991813659668,-27.686485290527344,0.008192850276827812,0.1878017783164978,5.9238544987822e-05
0.40968872886333996,0.0,1.0,0.0,0.0,246.22292604686731,31.477092362868273,41.842388583981496,4.399999999999992,0.0,0.0,0.17577639751552795,262.4025378630031,0,0.0,,,,,,,,,,,,,,,,,,,,,,,,,,,,,,,,,,,,,,,,,222266,0.19668248295783997,-26.738040924072266,0.008165378123521805,0.24396377801895142,5.914684172822201e-05
0.42484988056129747,0.0,1.0,0.0,0.0,80.72147730664652,36.567068805522005,0.0,5.449999999999989,0.0,0.0,0.056682267290691625,96.25356577918865,0,0.0,,,,,,,,,,,,,,,,,,,,,,,,,,,,,,,,,,,,,,,,,222455,0.7794464230537415,-27.12038803100586,0.008162369020283222,0.25495147705078125,5.9117970038987514e-05
,,,,,,,,,,,,,,,10867,1070.66,232456,0.18375369906425476,464,619.29443023,21,,,,,,,,,,,,,,,,,,,,,,,,,,,,,,,,,,,,,,,
0.7072487790081823,0.0,1.0,0.0,0.0,625.2079206432331,43.67206512361007,242.95008437953607,5.799999999999987,0.0,0.0,0.3313373253493014,535.914445694536,2,0.0,,,,,,,,,,,,,,,,,,,,,,,,,,,,,,,,,,,,,,,,,223338,-0.2884860038757324,-25.717910766601562,0.008140718564391136,0.1582302451133728,5.8983176913277994e-05
0.4769661791865249,0.0,1.0,0.0,0.0,105.409525600222,38.49941796477736,74.95857882081074,0.0,0.0,0.0,0.06606942889137737,117.8885684851557,1,0.0,,,,,,,,,,,,,,,,,,,,,,,,,,,,,,,,,,,,,,,,,223558,-4.416747570037842,-28.02646827697754,0.00812905840575695,0.17476031184196472,5.894961726671801e-05
0.35502043132496797,1.0,0.0,0.0,0.0,368.51120771531674,30.27386407511085,169.1430519027092,29.10000000000028,0.0,0.0,0.2753012048192771,436.0654619822744,1,0.0,,,,,,,,,,,,,,,,,,,,,,,,,,,,,,,,,,,,,,,,,224595,-4.370092391967773,-28.107097625732422,0.008097408339381218,0.2357492297887802,5.87915589954875e-05
0.7087316728503101,0.0,0.0,0.0,0.0,2155.253017137793,44.513057124897706,380.5297192142747,9.049999999999994,0.0,1.0,1.0,1879.2774912305176,4,0.0,,,,,,,,,,,,,,,,,,,,,,,,,,,,,,,,,,,,,,,,,227635,1.5849189758300781,-28.295860290527344,0.008031773380935192,0.16582337021827698,5.83294391258875e-05
,,,,,,,,,,,,,,,11112,1108.2,237636,0.1831129789352417,468,646.2640207899999,21,,,,,,,,,,,,,,,,,,,,,,,,,,,,,,,,,,,,,,,
0.48071906794553027,0.0,1.0,0.0,0.0,82.20296061868568,39.19887105973303,0.0,4.749999999999991,0.0,0.0,0.04808184143222506,92.78626726660877,0,0.0,,,,,,,,,,,,,,,,,,,,,,,,,,,,,,,,,,,,,,,,,227805,2.364591121673584,-27.90602684020996,0.008025281131267548,0.16655653715133667,5.83036511934875e-05
0.241417774132106,0.0,1.0,0.0,0.0,68.5626478535181,26.418062570932143,82.39008916709535,0.9000000000000002,0.0,0.0,0.054647599591419814,103.88212916604243,1,0.0,,,,,,,,,,,,,,,,,,,,,,,,,,,,,,,,,,,,,,,,,228088,1.0278189182281494,-26.72706413269043,0.008006654679775238,0.18201148509979248,5.826073462652801e-05
0.3873063768035021,0.0,1.0,0.0,0.0,58.09595652052532,34.48874375624599,0.0,4.399999999999992,0.0,0.0,0.04774535809018567,71.6269431244582,0,0.0,,,,,,,,,,,,,,,,,,,,,,,,,,,,,,,,,,,,,,,,,228237,1.0751572847366333,-27.835899353027344,0.007992362603545189,0.2179756462574005,5.823814538281549e-05
0.4001931276131448,0.0,1.0,0.0,0.0,545.0630398091032,36.94394693082514,176.8658756042539,10.700000000000017,0.0,0.0,0.3630892678034102,698.2925289855339,2,0.0,,,,,,,,,,,,,,,,,,,,,,,,,,,,,,,,,,,,,,,,,229598,-5.056634902954102,-27.724353790283203,0.007945293560624123,0.1973843276500702,5.803201455959801e-05
,,,,,,,,,,,,,,,11213,1106.37,239599,0.18286548554897308,472,643.98709967,21,,,,,,,,,,,,,,,,,,,,,,,,,,,,,,,,,,,,,,,
0.2619189698402988,0.0,1.0,0.0,0.0,43.74046796332989,31.19270562141151,8.852718322946842,0.5499999999999999,0.0,0.0,0.0337869544814641,72.11745402403176,0,0.0,,,,,,,,,,,,,,,,,,,,,,,,,,,,,,,,,,,,,,,,,229764,2.0990164279937744,-28.297090530395508,0.007940635085105896,0.2822021543979645,5.800689818175201e-05
,,,,,,,,,,,,,,,,,,,,,,0.06443335115909576,12.861105918884277,1.2756197452545166,0.32760873436927795,0.3679737150669098,1.1596555709838867,4.892660140991211,0.2884666323661804,10.513723373413086,24.876529693603516,0.4090157151222229,20.733915328979492,0.11603705585002899,0.15262281894683838,0.1518860161304474,0.013761639595031738,0.24604949355125427,21.7326602935791,0.14425444602966309,8.811118125915527,0.2712031602859497,6.206916332244873,10.953768730163574,0.3046394884586334,0.35931164026260376,0.28620588779449463,27.28384780883789,22.853546142578125,1.4494138956069946,0.12476641684770584,0.01908789575099945,25.671133041381836,0.07365751266479492,229999,1.7741129398345947,-27.311838150024414,0.0079301493242383,0.27312254905700684,5.797135124009951e-05
0.5916380871970885,0.0,1.0,0.0,0.0,1631.7378444895703,37.981102193538284,378.45102071125115,54.449999999999044,0.0,0.0,0.7908057851239669,1454.2532113364432,4,0.0,,,,,,,,,,,,,,,,,,,,,,,,,,,,,,,,,,,,,,,,,232521,-2.670182704925537,-28.704326629638672,0.007891865447163582,0.18497084081172943,5.7590556326379504e-05
0.2024080570761462,0.0,1.0,0.0,0.0,21.050437935919206,33.73118543958847,37.21865322335923,0.0,0.0,0.0,0.029658284977433915,48.42704625916667,0,0.0,,,,,,,,,,,,,,,,,,,,,,,,,,,,,,,,,,,,,,,,,232624,1.164815068244934,-27.539752960205078,0.007890965789556503,0.21746133267879486,5.757503133491201e-05
0.6913034787961124,0.0,1.0,0.0,0.0,600.0514195950255,43.586946649666054,142.499374021068,6.349999999999985,0.0,0.0,0.2831765935214211,525.219906157814,2,0.0,,,,,,,,,,,,,,,,,,,,,,,,,,,,,,,,,,,,,,,,,233491,0.611161470413208,-26.957698822021484,0.007872787304222584,0.1673153042793274,5.74444337745595e-05
,,,,,,,,,,,,,,,11408,1097.27,243492,0.182204008102417,476,639.7645904999999,21,,,,,,,,,,,,,,,,,,,,,,,,,,,,,,,,,,,,,,,
0.6351319145806459,0.0,1.0,0.0,0.0,1041.6163399122593,40.45307442338124,270.6543133943957,24.20000000000021,0.0,0.0,0.433597621407334,921.1367566594854,3,0.0,,,,,,,,,,,,,,,,,,,,,,,,,,,,,,,,,,,,,,,,,235130,-1.9769635200500488,-27.542556762695312,0.007822512648999691,0.17691954970359802,5.7197957331550006e-05
0.5467579310722329,0.0,1.0,0.0,0.0,868.2515945427059,39.54530661431998,360.3918269847992,7.89999999999998,0.0,0.0,0.5351089588377724,871.8185302354395,4,0.0,,,,,,,,,,,,,,,,,,,,,,,,,,,,,,,,,,,,,,,,,236717,0.8878408670425415,-28.028743743896484,0.007784268818795681,0.14247797429561615,5.695981016985551e-05
0.5265862837123828,0.0,1.0,0.0,0.0,96.89187620307844,39.99237983255974,0.0,3.949999999999994,0.0,0.0,0.055406132329209254,101.9740443052724,0,0.0,,,,,,,,,,,,,,,,,,,,,,,,,,,,,,,,,,,,,,,,,236900,-2.188995838165283,-27.40192413330078,0.007782382890582085,0.21229985356330872,5.6932381194999993e-05
0.6274733442850967,0.0,1.0,0.0,0.0,654.4546980893558,40.18956277730407,116.7484571712455,19.600000000000144,0.0,0.0,0.3770186335403727,581.8533477261662,2,0.0,,,,,,,,,,,,,,,,,,,,,,,,,,,,,,,,,,,,,,,,,237942,1.0054298639297485,-27.403358459472656,0.007758025545626879,0.30097585916519165,5.6776327918718004e-05
,,,,,,,,,,,,,,,11633,1108.86,247943,0.18151940405368805,480,649.39675476,21,,,,,,,,,,,,,,,,,,,,,,,,,,,,,,,,,,,,,,,
0.41280319139799365,0.0,1.0,0.0,0.0,366.5692339614184,32.159660010147746,0.0,31.600000000000314,0.0,0.0,0.24777711914641376,396.2706962954253,0,0.0,,,,,,,,,,,,,,,,,,,,,,,,,,,,,,,,,,,,,,,,,238829,-3.4574856758117676,-28.7581844329834,0.007732534781098366,0.23380537331104279,5.6643658188479514e-05
0.11533468226896817,0.0,1.0,0.0,0.0,11.764137591434753,25.82143061792975,0.0,2.2,0.0,0.0,0.02155365963179165,36.369195859413594,0,0.0,,,,,,,,,,,,,,,,,,,,,,,,,,,,,,,,,,,,,,,,,238930,-2.8342576026916504,-28.861820220947266,0.007732350379228592,0.26421448588371277,5.662856141755e-05
0.6698519528264293,0.0,1.0,0.0,0.0,549.9484532704985,43.38456841415437,264.6422294122331,0.35,0.0,0.0,0.2262135922330097,494.39060062356293,3,0.0,,,,,,,,,,,,,,,,,,,,,,,,,,,,,,,,,,,,,,,,,239750,2.83016300201416,-27.512271881103516,0.007717425003647804,0.30305981636047363,5.650606871875e-05
,,,,,,,,,,,,,,,,,,,,,,0.06353716552257538,13.440383911132812,1.2777212858200073,0.3016221225261688,0.3642137944698334,1.0110101699829102,4.883426189422607,0.2850494980812073,10.710761070251465,23.182485580444336,0.40981900691986084,20.290361404418945,0.1126997247338295,0.1599571406841278,0.155420184135437,0.012032268568873405,0.24148032069206238,22.511112213134766,0.15291930735111237,8.662029266357422,0.2714901864528656,6.817376613616943,11.753281593322754,0.29655686020851135,0.3570558428764343,0.29288703203201294,27.443086624145508,22.81193733215332,1.564579963684082,0.12747126817703247,0.020356399938464165,24.918161392211914,0.08113518357276917,239999,0.33810317516326904,-28.735950469970703,0.0077117010951042175,0.1722387671470642,5.646889925009951e-05
0.630054987292865,0.0,1.0,0.0,0.0,293.6056240784751,41.26637761911664,154.2522553632616,6.649999999999984,0.0,0.0,0.17589774802191113,266.81105791125447,2,0.0,,,,,,,,,,,,,,,,,,,,,,,,,,,,,,,,,,,,,,,,,240215,1.7449357509613037,-28.812450408935547,0.007703913375735283,0.1785053014755249,5.6436665849387494e-05
,,,,,,,,,,,,,,,11742,1110.84,250216,0.18124321103096008,484,649.8954999900001,21,,,,,,,,,,,,,,,,,,,,,,,,,,,,,,,,,,,,,,,
0.45585478767976456,0.0,0.0,0.0,0.0,492.32317069414574,30.70781839949843,157.21722045203794,37.899999999999984,1.0,0.0,0.2343973320628871,460.1713575394824,2,0.0,,,,,,,,,,,,,,,,,,,,,,,,,,,,,,,,,,,,,,,,,241294,-2.7385668754577637,-28.088809967041016,0.007676670793443918,0.2292652279138565,5.6275787106382004e-05
0.636969020543673,0.0,1.0,0.0,0.0,766.2737317140386,41.574458116158276,180.2526931133928,1.7500000000000009,0.0,0.0,0.47875166002656044,694.2278792252764,1,0.0,,,,,,,,,,,,,,,,,,,,,,,,,,,,,,,,,,,,,,,,,242496,0.8143153190612793,-29.82453727722168,0.007652428932487965,0.20835420489311218,5.6096841886591995e-05
0.5925391375215595,0.0,0.0,0.0,0.0,1720.7336553626087,37.57709893046332,388.6553318461262,50.549999999999265,1.0,0.0,1.0,1514.8747452972457,5,0.0,,,,,,,,,,,,,,,,,,,,,,,,,,,,,,,,,,,,,,,,,245399,1.060513973236084,-28.240283966064453,0.007658736780285835,0.1788628101348877,5.566584959549952e-05
0.5878218531534157,0.0,1.0,0.0,0.0,163.41447517664957,41.437280718355396,0.0,3.999999999999994,0.0,0.0,0.10841121495327102,159.8940317388624,0,0.0,,,,,,,,,,,,,,,,,,,,,,,,,,,,,,,,,,,,,,,,,245676,1.119351863861084,-30.05992317199707,0.007658116053789854,0.16812752187252045,5.562481258911201e-05
,,,,,,,,,,,,,,,11997,1136.47,255677,0.18050247430801392,488,670.2028331599998,21,,,,,,,,,,,,,,,,,,,,,,,,,,,,,,,,,,,,,,,
0.2251804707616951,0.0,1.0,0.0,0.0,68.22968264079361,39.26941630201117,66.18311473145852,3.4499999999999957,0.0,0.0,0.11373801916932907,164.9432733412832,0,0.0,,,,,,,,,,,,,,,,,,,,,,,,,,,,,,,,,,,,,,,,,245978,-2.769735813140869,-28.470829010009766,0.007663851138204336,0.2150719314813614,5.5580089280158e-05
0.6220607787801594,0.0,1.0,0.0,0.0,232.02867048499945,42.466764612661905,40.68491843658382,2.25,0.0,0.0,0.10712401055408971,219.75143226329237,0,0.0,,,,,,,,,,,,,,,,,,,,,,,,,,,,,,,,,,,,,,,,,246350,1.6760365962982178,-29.440704345703125,0.007652093190699816,0.2365773469209671,5.552502458874999e-05
0.6447687820561382,0.0,1.0,0.0,0.0,244.36736839927636,43.24336394025894,58.54894726684459,1.1000000000000003,0.0,0.0,0.09548167092924126,227.37778955581598,1,0.0,,,,,,,,,,,,,,,,,,,,,,,,,,,,,,,,,,,,,,,,,246728,0.6496597528457642,-29.18894386291504,0.007635669317096472,0.22581899166107178,5.5469099965407995e-05
0.4265648095030611,0.0,1.0,0.0,0.0,773.7885644385528,33.964338932774,459.90112176343905,10.450000000000014,0.0,0.0,0.42507068803016024,855.0182964317501,2,0.0,,,,,,,,,,,,,,,,,,,,,,,,,,,,,,,,,,,,,,,,,248541,0.8173468112945557,-28.524948120117188,0.007624543271958828,0.18577834963798523,5.52012641437595e-05
,,,,,,,,,,,,,,,12135,1142.32,258542,0.1801367551088333,492,671.1087974899998,21,,,,,,,,,,,,,,,,,,,,,,,,,,,,,,,,,,,,,,,
0.349991278851303,0.0,1.0,0.0,0.0,62.99843019323454,33.67344954868405,0.0,5.999999999999987,0.0,0.0,0.05069370330843116,83.96740407240577,0,0.0,,,,,,,,,,,,,,,,,,,,,,,,,,,,,,,,,,,,,,,,,248720,2.0875158309936523,-26.98085594177246,0.00762648181989789,0.25329887866973877,5.5174855820799994e-05
,,,,,,,,,,,,,,,,,,,,,,0.0653076320886612,13.012019157409668,1.2588287591934204,0.31863585114479065,0.36245596408843994,1.0761746168136597,4.857200622558594,0.2879311144351959,10.261034965515137,23.698274612426758,0.4160449206829071,20.737552642822266,0.11643040180206299,0.15479566156864166,0.15601859986782074,0.012802560813724995,0.24670138955116272,21.81252670288086,0.15141728520393372,8.65941333770752,0.2736828029155731,6.618837833404541,11.261534690856934,0.3008444905281067,0.3767518401145935,0.2932809591293335,28.02060317993164,23.005592346191406,1.6904455423355103,0.12206897139549255,0.02272893488407135,25.288785934448242,0.07874007523059845,249999,-1.1349072456359863,-27.760066986083984,0.007614846341311932,0.18420450389385223,5.4986347260099506e-05
0.4298966255999501,0.0,1.0,0.0,0.0,895.904567750296,33.13471732447675,417.43416470709235,20.80000000000016,0.0,0.0,0.5005091649694501,958.5809209402651,4,0.0,,,,,,,,,,,,,,,,,,,,,,,,,,,,,,,,,,,,,,,,,250803,-2.5159621238708496,-29.22412109375,0.007622344419360161,0.24725653231143951,5.48680143784955e-05
0.4229539484967956,0.0,1.0,0.0,0.0,116.31233583661879,36.29878368883841,116.18656106163367,1.900000000000001,0.0,0.0,0.06172839506172839,138.41339661367238,1,0.0,,,,,,,,,,,,,,,,,,,,,,,,,,,,,,,,,,,,,,,,,251077,2.273195266723633,-28.08082389831543,0.007626557722687721,0.17628324031829834,5.482771639293551e-05
0.7373316302187076,0.0,1.0,0.0,0.0,783.7835229224862,45.36108545058385,150.51056451475756,2.0500000000000007,0.0,0.0,0.41134751773049644,669.4260599967092,3,0.0,,,,,,,,,,,,,,,,,,,,,,,,,,,,,,,,,,,,,,,,,252139,-0.015227898955345154,-29.37600326538086,0.007639813702553511,0.25863146781921387,5.46716661044395e-05
,,,,,,,,,,,,,,,12304,1137.8,262140,0.17958062887191772,496,676.0173774499999,21,,,,,,,,,,,,,,,,,,,,,,,,,,,,,,,,,,,,,,,
0.43318058707790424,0.0,1.0,0.0,0.0,268.1387834012227,39.646746980198,109.59789238923702,7.79999999999998,0.0,0.0,0.13616652211621855,340.50200150720775,1,0.0,,,,,,,,,,,,,,,,,,,,,,,,,,,,,,,,,,,,,,,,,252757,1.1784340143203735,-27.472850799560547,0.007645925972610712,0.23719491064548492,5.45809604843755e-05
0.686626611155647,0.0,1.0,0.0,0.0,1645.8439869400859,43.32427286753058,299.70126568189585,13.600000000000058,0.0,0.0,0.7656166577682861,1442.032832021825,3,0.0,,,,,,,,,,,,,,,,,,,,,,,,,,,,,,,,,,,,,,,,,255153,1.3625867366790771,-28.00452423095703,0.007701036985963583,0.24603036046028137,5.42300112841955e-05
0.7069070181076446,0.0,0.0,0.0,0.0,2476.295284431079,44.805845316113974,620.3805240751111,8.249999999999982,0.0,1.0,1.0,2179.1734867068008,6,0.0,,,,,,,,,,,,,,,,,,,,,,,,,,,,,,,,,,,,,,,,,258655,-4.213382720947266,-28.48029327392578,0.00777258537709713,0.19422736763954163,5.3719118147987506e-05
,,,,,,,,,,,,,,,,,,,,,,0.06264889240264893,13.499783515930176,1.1838189363479614,0.33469125628471375,0.355160653591156,1.0267548561096191,4.604908466339111,0.30001264810562134,10.367364883422852,24.6009521484375,0.4110835790634155,20.910715103149414,0.12027750164270401,0.1638646125793457,0.14888593554496765,0.012463074177503586,0.25382083654403687,21.53746223449707,0.15542824566364288,8.840808868408203,0.2876076102256775,6.303696155548096,11.424509048461914,0.293716698884964,0.37072187662124634,0.2930130362510681,27.249330520629883,23.694196701049805,1.742026925086975,0.12584233283996582,0.023699941113591194,24.197486877441406,0.07651624083518982,259999,-0.05272742360830307,-28.972187042236328,0.0078011308796703815,0.16236929595470428,5.3523695270099505e-05
0.3181170415350822,0.0,1.0,0.0,0.0,524.5750014913506,33.14641792009225,219.99742783151575,36.20000000000008,0.0,0.0,0.47997535428219346,758.7286621145904,1,0.0,,,,,,,,,,,,,,,,,,,,,,,,,,,,,,,,,,,,,,,,,260303,1.875102162361145,-27.236053466796875,0.007796865422278643,0.4751634895801544,5.347954232499551e-05
,,,,,,,,,,,,,,,12701,1182.94,270304,0.17863662540912628,500,701.2468435899999,21,,,,,,,,,,,,,,,,,,,,,,,,,,,,,,,,,,,,,,,
0.7088175358092721,0.0,1.0,0.0,0.0,665.5796661249065,43.977993853622415,316.97704181532043,4.899999999999991,0.0,0.0,0.2267273479520066,573.2907120492309,4,0.0,,,,,,,,,,,,,,,,,,,,,,,,,,,,,,,,,,,,,,,,,261241,-0.3213718831539154,-28.530967712402344,0.007798877079039812,0.2413681447505951,5.334342316805949e-05
0.4031139739471598,0.0,1.0,0.0,0.0,187.04488391148215,30.507590182249515,0.0,18.05000000000012,0.0,0.0,0.12247191011235956,196.4511728323996,0,0.0,,,,,,,,,,,,,,,,,,,,,,,,,,,,,,,,,,,,,,,,,261704,1.1986758708953857,-28.45160675048828,0.007801432628184557,0.14992576837539673,5.327629882979201e-05
0.7493699702894243,0.0,0.0,0.0,0.0,2186.66157330454,45.88155524913415,136.04183084362626,10.800000000000018,0.0,1.0,1.0,1858.841947954148,1,0.0,,,,,,,,,,,,,,,,,,,,,,,,,,,,,,,,,,,,,,,,,264621,0.11491872370243073,-27.495532989501953,0.0078062997199594975,0.21056106686592102,5.2854382017279503e-05
0.18854815771914737,0.0,1.0,0.0,0.0,116.14566515499479,21.869729338363754,0.0,29.15000000000028,0.0,0.0,0.09261806510774874,186.71773185115308,0,0.0,,,,,,,,,,,,,,,,,,,,,,,,,,,,,,,,,,,,,,,,,265236,1.6813253164291382,-28.431884765625,0.007801663130521774,0.20364832878112793,5.2765644141751996e-05
,,,,,,,,,,,,,,,12934,1208.05,275237,0.17812983691692352,504,717.9553284500001,21,,,,,,,,,,,,,,,,,,,,,,,,,,,,,,,,,,,,,,,
0.6145912168197799,0.0,1.0,0.0,0.0,646.5499600944084,39.67771515541748,199.62806399333306,8.199999999999982,0.0,0.0,0.3532863849765258,579.3780737202615,2,0.0,,,,,,,,,,,,,,,,,,,,,,,,,,,,,,,,,,,,,,,,,266287,0.5029422044754028,-27.353662490844727,0.007787799462676048,0.206223726272583,5.2614170383715507e-05
0.5799165905842906,0.0,1.0,0.0,0.0,510.90651630476,41.43547135394481,231.68053851014415,5.249999999999989,0.0,0.0,0.2635,506.7308475263417,3,0.0,,,,,,,,,,,,,,,,,,,,,,,,,,,,,,,,,,,,,,,,,267167,-0.006329849362373352,-29.824138641357422,0.007793426979333162,0.2601366639137268,5.2487510815955514e-05
0.012402953411573187,0.0,1.0,0.0,0.0,0.8682067388101231,27.48277768384752,0.0,3.4499999999999957,0.0,0.0,0.017490952955367914,26.529005270451307,0,0.0,,,,,,,,,,,,,,,,,,,,,,,,,,,,,,,,,,,,,,,,,267236,2.4920012950897217,-27.492618560791016,0.007792517077177763,0.2416379302740097,5.247758606975199e-05
0.4238187686017595,0.0,1.0,0.0,0.0,86.03521002615717,33.83179112962939,0.0,6.999999999999983,0.0,0.0,0.05272013460459899,95.20364910177886,0,0.0,,,,,,,,,,,,,,,,,,,,,,,,,,,,,,,,,,,,,,,,,267438,-0.11787822842597961,-28.51702880859375,0.007794152479618788,0.2578030824661255,5.2448536462477986e-05
,,,,,,,,,,,,,,,13051,1181.77,277439,0.17791545391082764,508,703.51357557,21,,,,,,,,,,,,,,,,,,,,,,,,,,,,,,,,,,,,,,,
0.46074641651782455,0.0,1.0,0.0,0.0,1073.0784040700134,35.860089566459,395.91536482928296,33.95000000000021,0.0,0.0,0.5060745705906996,1159.28885929659,2,0.0,,,,,,,,,,,,,,,,,,,,,,,,,,,,,,,,,,,,,,,,,269766,1.4757095575332642,-27.73822021484375,0.007818298414349556,0.22794848680496216,5.2114332968222e-05
-0.02368699047543504,0.0,1.0,0.0,0.0,-1.6344023428050178,28.120617755849658,5.621629643038294,0.0,0.0,0.0,0.0157251019219569,26.67695682682097,0,0.0,,,,,,,,,,,,,,,,,,,,,,,,,,,,,,,,,,,,,,,,,269834,0.9031546711921692,-27.335620880126953,0.007823411375284195,0.21768757700920105,5.2104587221822e-05
0.001494980645357963,0.0,1.0,0.0,0.0,0.21228725164083073,23.261698332131274,0.0,6.099999999999986,0.0,0.0,0.030427150380339378,45.66862254450098,0,0.0,,,,,,,,,,,,,,,,,,,,,,,,,,,,,,,,,,,,,,,,,269975,-0.6496263742446899,-27.842708587646484,0.007824952714145184,0.1900021731853485,5.208438206218751e-05
,,,,,,,,,,,,,,,,,,,,,,0.057165637612342834,13.437132835388184,1.3193169832229614,0.30933907628059387,0.3743727207183838,1.0592175722122192,4.26197624206543,0.28376251459121704,10.69027042388916,23.062732696533203,0.42175376415252686,20.95609474182129,0.1251678466796875,0.16413789987564087,0.1515865921974182,0.01293860375881195,0.2559838891029358,21.530384063720703,0.15614935755729675,9.331871032714844,0.2716020941734314,6.1544342041015625,11.641694068908691,0.31109991669654846,0.38184723258018494,0.28878578543663025,28.46856689453125,22.234678268432617,1.7027753591537476,0.13058429956436157,0.022839225828647614,25.468162536621094,0.07517793774604797,269999,-3.3417534828186035,-26.08096694946289,0.007825045846402645,0.23655442893505096,5.208094328009951e-05
0.7227406705078729,0.0,1.0,0.0,0.0,1700.608797705025,43.89334224875716,339.28482550349304,6.999999999999983,0.0,0.0,0.7563372995344024,1434.0730764511973,4,0.0,,,,,,,,,,,,,,,,,,,,,,,,,,,,,,,,,,,,,,,,,272327,0.3481903672218323,-27.837718963623047,0.007838602177798748,0.19173312187194824,5.17479262254355e-05
,,,,,,,,,,,,,,,13281,1136.56,282328,0.17734195291996002,512,666.76443861,21,,,,,,,,,,,,,,,,,,,,,,,,,,,,,,,,,,,,,,,
0.24563906524498363,0.0,1.0,0.0,0.0,30.45924409037797,34.35550125607257,42.6779908378285,1.950000000000001,0.0,0.0,0.027260336210813266,58.93953258055262,0,0.0,,,,,,,,,,,,,,,,,,,,,,,,,,,,,,,,,,,,,,,,,272450,1.5318238735198975,-27.296329498291016,0.007842262275516987,0.1920844316482544,5.1730361248750004e-05
0.5558436320062843,0.0,1.0,0.0,0.0,362.9658917001036,42.65099290588051,100.95935669488615,4.749999999999991,0.0,0.0,0.20616790405482582,386.49228683672845,2,0.0,,,,,,,,,,,,,,,,,,,,,,,,,,,,,,,,,,,,,,,,,273102,1.8314539194107056,-27.645458221435547,0.007849403657019138,0.261913001537323,5.163730286919801e-05
0.6740448666324105,0.0,1.0,0.0,0.0,738.7531738291219,42.508351864044805,97.86832103243874,2.25,0.0,0.0,0.2693806842789086,646.7729091811925,1,0.0,,,,,,,,,,,,,,,,,,,,,,,,,,,,,,,,,,,,,,,,,274197,1.4735405445098877,-28.271034240722656,0.007868778891861439,0.20577193796634674,5.14812065134955e-05
0.03382535146030963,0.0,1.0,0.0,0.0,2.503076008062912,27.2905753557062,0.0,0.0,0.0,0.0,0.015920398009950248,27.82686140574515,0,0.0,,,,,,,,,,,,,,,,,,,,,,,,,,,,,,,,,,,,,,,,,274270,2.3678600788116455,-29.20330047607422,0.00787125900387764,0.2555057406425476,5.1470808573549994e-05
,,,,,,,,,,,,,,,13369,1119.29,284271,0.17712713778018951,516,660.23517993,21,,,,,,,,,,,,,,,,,,,,,,,,,,,,,,,,,,,,,,,
0.6935343889196254,0.0,1.0,0.0,0.0,1311.4735294470115,43.8558765547886,360.02451065808765,20.300000000000153,0.0,0.0,0.7581863979848866,1151.3870627712458,3,0.0,,,,,,,,,,,,,,,,,,,,,,,,,,,,,,,,,,,,,,,,,276160,-2.6417760848999023,-28.11078643798828,0.007889984175562859,0.20525868237018585,5.120197078720001e-05
0.654645543646036,0.0,0.0,0.0,0.0,1295.5435308755052,42.565603144148476,259.3684442355693,20.550000000000157,1.0,0.0,0.7598008711885501,1169.4500742852688,2,0.0,,,,,,,,,,,,,,,,,,,,,,,,,,,,,,,,,,,,,,,,,278138,2.5559821128845215,-26.44231414794922,0.007892975583672523,0.2600458264350891,5.0921376950878e-05
0.4590357229493728,0.0,1.0,0.0,0.0,197.3853608682303,33.86213901775644,0.0,13.00000000000005,0.0,0.0,0.10556621880998081,202.0428855633363,0,0.0,,,,,,,,,,,,,,,,,,,,,,,,,,,,,,,,,,,,,,,,,278567,-1.1037671566009521,-27.53357696533203,0.00790125597268343,0.17862555384635925,5.08606228921555e-05
0.5444388114693584,0.0,1.0,0.0,0.0,688.7150965087384,42.593111119675314,324.755862437418,9.5,0.0,0.0,0.34039480019258544,747.9077340085059,4,0.0,,,,,,,,,,,,,,,,,,,,,,,,,,,,,,,,,,,,,,,,,279831,1.5655393600463867,-29.471710205078125,0.00790959782898426,0.16671329736709595,5.0681830851819505e-05
,,,,,,,,,,,,,,,13623,1119.57,289832,0.17647568881511688,520,663.8555784699998,21,,,,,,,,,,,,,,,,,,,,,,,,,,,,,,,,,,,,,,,
,,,,,,,,,,,,,,,,,,,,,,0.05970108136534691,13.153164863586426,1.366653561592102,0.3093644976615906,0.3809066712856293,1.0306099653244019,4.542265892028809,0.2787148654460907,11.407886505126953,23.537527084350586,0.4198789596557617,21.614498138427734,0.11222051829099655,0.16237367689609528,0.14504671096801758,0.012722712010145187,0.26682746410369873,21.879762649536133,0.14426790177822113,8.538127899169922,0.2640216648578644,5.721124649047852,10.976404190063477,0.3170833885669708,0.37814605236053467,0.28757572174072266,28.77066993713379,21.3872127532959,1.7552357912063599,0.14082850515842438,0.023069866001605988,25.68550682067871,0.07062635570764542,279999,-9.464910507202148,-27.629671096801758,0.007901937700808048,0.15479135513305664,5.0658091290099505e-05
0.5040207045568632,0.0,1.0,0.0,0.0,97.2759959794746,39.0412586991114,0.0,4.899999999999991,0.0,0.0,0.05104521147301896,104.46841973415576,0,0.0,,,,,,,,,,,,,,,,,,,,,,,,,,,,,,,,,,,,,,,,,280023,-1.2953073978424072,-27.388412475585938,0.007902567274868488,0.18387512862682343,5.065470038263551e-05
0.5618216287806844,0.0,1.0,0.0,0.0,223.6050082547124,38.94188699112273,89.08837739314085,3.049999999999997,0.0,0.0,0.10336976320582877,214.93417590484023,1,0.0,,,,,,,,,,,,,,,,,,,,,,,,,,,,,,,,,,,,,,,,,280420,1.17146897315979,-26.888717651367188,0.007916778326034546,0.32377803325653076,5.05986257518e-05
0.4288061397127335,0.0,1.0,0.0,0.0,65.1785332363355,38.73477703081756,31.935502889921423,2.849999999999998,0.0,0.0,0.03252367229312474,81.44994717184454,0,0.0,,,,,,,,,,,,,,,,,,,,,,,,,,,,,,,,,,,,,,,,,280571,2.0975358486175537,-28.02895164489746,0.007913174107670784,0.17693671584129333,5.05773058510795e-05
0.5570649088010549,0.0,1.0,0.0,0.0,235.63845642284622,39.33330065526761,177.17003032462372,0.0,0.0,0.0,0.12985436893203883,230.8716539721936,2,0.0,,,,,,,,,,,,,,,,,,,,,,,,,,,,,,,,,,,,,,,,,280993,0.6642860174179077,-27.987667083740234,0.007903660647571087,0.17922759056091309,5.0517747141875506e-05
,,,,,,,,,,,,,,,13674,1077.92,290994,0.1763717383146286,524,633.47608098,21,,,,,,,,,,,,,,,,,,,,,,,,,,,,,,,,,,,,,,,
0.5860651567447102,0.0,1.0,0.0,0.0,134.20892089453864,42.41622571661442,0.0,3.099999999999997,0.0,0.0,0.09090909090909091,134.66568918153644,0,0.0,,,,,,,,,,,,,,,,,,,,,,,,,,,,,,,,,,,,,,,,,281221,-1.3210885524749756,-27.154197692871094,0.007900080643594265,0.2587822377681732,5.048558324867951e-05
0.48757279124510905,0.0,1.0,0.0,0.0,649.9345307297303,38.42132952302419,127.60184655864427,26.40000000000024,0.0,0.0,0.4482338611449452,710.9084524475038,2,0.0,,,,,,,,,,,,,,,,,,,,,,,,,,,,,,,,,,,,,,,,,282553,0.742626965045929,-27.987104415893555,0.00789657048881054,0.23115640878677368,5.029788515199549e-05
0.6673708541361874,0.0,0.0,0.0,0.0,2090.2055151545387,42.39809803289894,503.9619376525255,16.750000000000103,0.0,1.0,1.0,1843.6248273346573,3,0.0,,,,,,,,,,,,,,,,,,,,,,,,,,,,,,,,,,,,,,,,,285684,-1.9523435831069946,-27.10934829711914,0.007894748821854591,0.2391468733549118,4.9858072271671994e-05
0.5392670280353412,0.0,1.0,0.0,0.0,207.61780579360635,37.82359619946269,37.85105338763398,3.599999999999995,0.0,0.0,0.1154508902929351,201.9480199282989,0,0.0,,,,,,,,,,,,,,,,,,,,,,,,,,,,,,,,,,,,,,,,,286068,1.1896779537200928,-28.61349868774414,0.007885914295911789,0.2637830674648285,4.9804265932088e-05
,,,,,,,,,,,,,,,13923,1092.89,296069,0.17587189376354218,528,640.95193327,21,,,,,,,,,,,,,,,,,,,,,,,,,,,,,,,,,,,,,,,
0.40622183977027587,0.0,0.0,0.0,0.0,122.27277377085304,29.46210080794417,0.0,12.30000000000004,1.0,0.0,0.06748140276301806,122.93215760227758,0,0.0,,,,,,,,,,,,,,,,,,,,,,,,,,,,,,,,,,,,,,,,,286368,1.4850207567214966,-27.927085876464844,0.007883045822381973,0.2226829081773758,4.9762250146688007e-05
0.6452651392846935,0.0,1.0,0.0,0.0,1393.1274357156533,41.38104655369788,186.54113590197363,32.250000000000306,0.0,0.0,0.6313010081613059,1240.4375541675836,0,0.0,,,,,,,,,,,,,,,,,,,,,,,,,,,,,,,,,,,,,,,,,288526,-1.444300889968872,-26.2431583404541,0.007900257594883442,0.1961141675710678,4.9460544381262e-05
0.663540435631083,0.0,1.0,0.0,0.0,760.4173392332211,42.43077492858538,175.97025291446005,6.199999999999986,0.0,0.0,0.27086007702182285,675.0229019224644,2,0.0,,,,,,,,,,,,,,,,,,,,,,,,,,,,,,,,,,,,,,,,,289671,1.3113386631011963,-26.71636962890625,0.00789956096559763,0.2465311884880066,4.9300840469979494e-05
,,,,,,,,,,,,,,,,,,,,,,0.06090864539146423,13.284123420715332,1.235245704650879,0.31869009137153625,0.36525046825408936,1.1768802404403687,4.492316246032715,0.29569053649902344,10.6997652053833,23.504981994628906,0.4110621511936188,21.199575424194336,0.12351188063621521,0.16308292746543884,0.15551847219467163,0.014448003843426704,0.26025721430778503,21.77956199645996,0.156518816947937,9.10961627960205,0.27508366107940674,6.155214309692383,11.54404354095459,0.3078603744506836,0.374042272567749,0.2952961325645447,27.587482452392578,22.40728187561035,1.9820013046264648,0.13135598599910736,0.026872778311371803,25.077150344848633,0.0755646675825119,289999,-0.5222088098526001,-27.986190795898438,0.007893416099250317,0.2394452691078186,4.92551393000995e-05
0.6849816967728543,0.0,1.0,0.0,0.0,1788.4872102739225,42.220835817579236,400.1273905699968,26.100000000000236,0.0,0.0,0.8161341016238869,1530.563492424786,4,0.0,,,,,,,,,,,,,,,,,,,,,,,,,,,,,,,,,,,,,,,,,292281,1.5513564348220825,-29.45723533630371,0.0078938789665699,0.2618139386177063,4.8937774394619504e-05
,,,,,,,,,,,,,,,14217,1063.36,302282,0.17527911067008972,532,626.9407252800002,21,,,,,,,,,,,,,,,,,,,,,,,,,,,,,,,,,,,,,,,
0.5892206856679676,0.0,1.0,0.0,0.0,744.7749466843111,43.38390173999507,271.5197754908954,2.9999999999999973,0.0,0.0,0.3745819397993311,761.282120921649,2,0.0,,,,,,,,,,,,,,,,,,,,,,,,,,,,,,,,,,,,,,,,,293544,1.9892350435256958,-26.97644805908203,0.00788947194814682,0.20243942737579346,4.876257051363199e-05
0.7667403648099902,0.0,0.0,0.0,0.0,2458.9363499456385,45.73954490865105,358.5071591711589,11.300000000000026,0.0,1.0,1.0,2036.6822348348796,4,0.0,,,,,,,,,,,,,,,,,,,,,,,,,,,,,,,,,,,,,,,,,296750,-6.0828986167907715,-27.80262565612793,0.0078356908634305,0.1690126359462738,4.831925846874999e-05
0.6552784768905071,0.0,1.0,0.0,0.0,1148.703169989059,44.84884579921347,199.7758477428466,2.3499999999999996,0.0,0.0,0.4756975697569757,1091.5577134545892,1,0.0,,,,,,,,,,,,,,,,,,,,,,,,,,,,,,,,,,,,,,,,,298502,1.7597039937973022,-27.90094757080078,0.007796976715326309,0.1710796058177948,4.807786365839799e-05
0.3699774949314502,0.0,1.0,0.0,0.0,162.7900977698381,37.709682108079456,78.34561602324516,6.0499999999999865,0.0,0.0,0.14619532654284004,230.13042710348964,0,0.0,,,,,,,,,,,,,,,,,,,,,,,,,,,,,,,,,,,,,,,,,298941,-0.1434861719608307,-28.471492767333984,0.007778498809784651,0.16801214218139648,4.80174728773595e-05
,,,,,,,,,,,,,,,14529,1096.35,308942,0.1746767908334732,536,652.51511177,21,,,,,,,,,,,,,,,,,,,,,,,,,,,,,,,,,,,,,,,
,,,,,,,,,,,,,,,,,,,,,,0.05867534130811691,13.792830467224121,1.223850965499878,0.3570268154144287,0.35738420486450195,1.208699107170105,4.261287689208984,0.2920161187648773,11.552799224853516,25.92901611328125,0.40057802200317383,19.785137176513672,0.12870743870735168,0.17114457488059998,0.1569375991821289,0.01499781385064125,0.24549847841262817,20.812957763671875,0.16543883085250854,9.347357749938965,0.27855706214904785,6.435456275939941,12.014968872070312,0.3074224591255188,0.35580918192863464,0.28658178448677063,25.840585708618164,22.449382781982422,1.793829083442688,0.1433497667312622,0.02469993755221367,24.775693893432617,0.07985261082649231,299999,-0.7238920331001282,-27.734893798828125,0.007751687429845333,0.1864444613456726,4.78720873100995e-05
0.634053927069687,0.0,1.0,0.0,0.0,831.8787523154293,42.17641162876357,187.02011603711418,11.900000000000034,0.0,0.0,0.4631519274376417,768.2108623581007,1,0.0,,,,,,,,,,,,,,,,,,,,,,,,,,,,,,,,,,,,,,,,,300252,1.976426601409912,-28.609901428222656,0.007752622943371534,0.19163575768470764,4.783735419864801e-05
0.43426876654679053,0.0,0.0,0.0,0.0,940.1918795738015,28.481829429805096,239.31618209675483,70.74999999999812,1.0,0.0,0.5441717791411043,855.892913739197,3,0.0,,,,,,,,,,,,,,,,,,,,,,,,,,,,,,,,,,,,,,,,,302416,2.2372241020202637,-26.629962921142578,0.007674131076782942,0.23890453577041626,4.7540789827072e-05
0.6499868001934922,0.0,0.0,0.0,0.0,557.6886745660163,40.75801105442411,123.09176668074379,10.400000000000013,1.0,0.0,0.22622803064443442,485.46759835467674,1,0.0,,,,,,,,,,,,,,,,,,,,,,,,,,,,,,,,,,,,,,,,,303273,2.2278316020965576,-26.90910530090332,0.007661761250346899,0.21881170570850372,4.74236002666355e-05
0.41581659770387003,0.0,0.0,1.0,0.0,671.959621889454,33.39430159896594,248.84926011301977,41.749999999999766,0.0,0.0,0.48243412797992474,748.9683414231986,3,0.0,,,,,,,,,,,,,,,,,,,,,,,,,,,,,,,,,,,,,,,,,304888,0.2640247344970703,-27.259368896484375,0.0076589337550103664,0.19316664338111877,4.7203156028127994e-05
,,,,,,,,,,,,,,,14829,1106.89,314889,0.17401929199695587,540,654.80248942,21,,,,,,,,,,,,,,,,,,,,,,,,,,,,,,,,,,,,,,,
0.381289715140332,0.0,1.0,0.0,0.0,276.0537537616004,35.2403835391435,0.0,19.45000000000014,0.0,0.0,0.17309697601668406,354.00629113800824,0,0.0,,,,,,,,,,,,,,,,,,,,,,,,,,,,,,,,,,,,,,,,,305611,1.3937044143676758,-28.526288986206055,0.007671412546187639,0.1966436207294464,4.710463618043951e-05
0.37943237004136177,0.0,1.0,0.0,0.0,371.8437226405345,27.78310280128642,105.81958365051283,35.30000000000013,0.0,0.0,0.16440608302507193,377.73268067557365,1,0.0,,,,,,,,,,,,,,,,,,,,,,,,,,,,,,,,,,,,,,,,,306590,-0.13785767555236816,-26.603759765625,0.007671598810702562,0.19178257882595062,4.697139819595001e-05
0.7032818657989157,0.0,0.0,0.0,0.0,492.297306059241,43.302800248229254,163.17881708815165,6.149999999999986,1.0,0.0,0.2600243013365735,420.73525075241923,2,0.0,,,,,,,,,,,,,,,,,,,,,,,,,,,,,,,,,,,,,,,,,307289,0.1125984936952591,-27.6109619140625,0.007676008157432079,0.19106358289718628,4.687638379733952e-05
0.6200859709312705,0.0,1.0,0.0,0.0,386.3135598901815,41.52126090550142,89.75029404429189,5.4999999999999885,0.0,0.0,0.14486578610992756,358.9984487053007,2,0.0,,,,,,,,,,,,,,,,,,,,,,,,,,,,,,,,,,,,,,,,,307911,0.010939359664916992,-27.546672821044922,0.0076856003142893314,0.20566518604755402,4.6791917690139496e-05
,,,,,,,,,,,,,,,14968,1085.08,317912,0.17373035848140717,544,637.6200714400001,21,,,,,,,,,,,,,,,,,,,,,,,,,,,,,,,,,,,,,,,
0.42249956193366933,0.0,1.0,0.0,0.0,274.62471525688505,30.050895813683248,129.36122695832307,10.95000000000002,0.0,0.0,0.13339596054485675,270.9871833641082,0,0.0,,,,,,,,,,,,,,,,,,,,,,,,,,,,,,,,,,,,,,,,,308560,2.488483428955078,-26.8106746673584,0.007687840145081282,0.2088267058134079,4.670386712320001e-05
0.11574266261133984,0.0,1.0,0.0,0.0,11.805751586356664,28.0459218445621,21.111392808538277,1.4500000000000006,0.0,0.0,0.017833259028087384,39.47689818311483,0,0.0,,,,,,,,,,,,,,,,,,,,,,,,,,,,,,,,,,,,,,,,,308661,0.05031788349151611,-28.712120056152344,0.007694518193602562,0.30441945791244507,4.6690171875639496e-05
0.6144299932905724,0.0,1.0,0.0,0.0,427.64327533023834,39.49287293379435,50.74627001352233,13.100000000000051,0.0,0.0,0.23670212765957446,381.50350922252983,1,0.0,,,,,,,,,,,,,,,,,,,,,,,,,,,,,,,,,,,,,,,,,309356,0.20511585474014282,-26.07406234741211,0.007696125656366348,0.18265441060066223,4.6595987346232005e-05
,,,,,,,,,,,,,,,,,,,,,,0.055264249444007874,13.28116226196289,1.332276701927185,0.3377530872821808,0.3745666444301605,1.2459802627563477,3.9965057373046875,0.2811477780342102,11.987417221069336,24.4250545501709,0.41921553015708923,21.257097244262695,0.13533127307891846,0.1631334125995636,0.15974560379981995,0.015304460190236568,0.2611023783683777,21.395145416259766,0.1637411117553711,9.786656379699707,0.26492840051651,5.61806583404541,11.841151237487793,0.3075888156890869,0.37135839462280273,0.2958551049232483,26.85526466369629,21.568586349487305,1.700225830078125,0.14724226295948029,0.023510964587330818,25.04169273376465,0.06900708377361298,309999,1.9102095365524292,-27.24616813659668,0.007703409530222416,0.2095629721879959,4.650893532009951e-05
0.2811772139493276,0.0,0.0,0.0,0.0,461.4118080908466,24.90327862434389,139.451168226282,60.399999999998705,1.0,0.0,0.2720323741007194,566.9680647850037,1,0.0,,,,,,,,,,,,,,,,,,,,,,,,,,,,,,,,,,,,,,,,,310996,-3.2137975692749023,-27.723445892333984,0.007725179195404053,0.2296491265296936,4.637411998559199e-05
,,,,,,,,,,,,,,,15113,1037.78,320997,0.1733999103307724,548,602.45749127,21,,,,,,,,,,,,,,,,,,,,,,,,,,,,,,,,,,,,,,,
0.7693471716633126,0.0,0.0,0.0,0.0,2518.073292854022,46.05631139688943,439.8182105931064,6.149999999999986,0.0,1.0,1.0,2092.974310462363,4,0.0,,,,,,,,,,,,,,,,,,,,,,,,,,,,,,,,,,,,,,,,,314268,1.6406370401382446,-27.193870544433594,0.007760685868561268,0.2242567539215088,4.5933066714488e-05
0.5175898230221223,0.0,1.0,0.0,0.0,156.82971637570304,36.37713714180894,0.0,4.699999999999991,0.0,0.0,0.06511627906976744,152.88383362162858,0,0.0,,,,,,,,,,,,,,,,,,,,,,,,,,,,,,,,,,,,,,,,,314570,1.51695716381073,-29.28521156311035,0.007753435987979174,0.13340020179748535,4.589246564755e-05
0.3315684611648862,0.0,1.0,0.0,0.0,62.3348706989986,32.13284981473341,70.55847337732718,0.5499999999999999,0.0,0.0,0.037069726390114736,83.69665634678677,0,0.0,,,,,,,,,,,,,,,,,,,,,,,,,,,,,,,,,,,,,,,,,314757,-5.830361366271973,-27.894393920898438,0.0077526927925646305,0.23992350697517395,4.5867334350375504e-05
0.6511114181213681,0.0,1.0,0.0,0.0,322.9512633881986,43.634880222247304,30.186872896004026,2.2,0.0,0.0,0.19361022364217254,300.301398023963,0,0.0,,,,,,,,,,,,,,,,,,,,,,,,,,,,,,,,,,,,,,,,,315252,1.091793417930603,-28.402803421020508,0.007770991418510675,0.18883593380451202,4.5800843918648005e-05
,,,,,,,,,,,,,,,15307,1066.55,325253,0.1729630082845688,552,624.74426723,21,,,,,,,,,,,,,,,,,,,,,,,,,,,,,,,,,,,,,,,
0.6082740303641,0.0,1.0,0.0,0.0,224.45311720435288,43.94709062951696,46.21227713014857,1.5500000000000007,0.0,0.0,0.10354609929078014,224.9181761853397,0,0.0,,,,,,,,,,,,,,,,,,,,,,,,,,,,,,,,,,,,,,,,,315620,3.3423986434936523,-26.604930877685547,0.007768250070512295,0.16600699722766876,4.57514442478e-05
0.6171464948185448,0.0,1.0,0.0,0.0,901.0338824350754,41.5828023318864,367.27776102397195,6.449999999999985,0.0,0.0,0.5775577557755776,842.6014787144959,3,0.0,,,,,,,,,,,,,,,,,,,,,,,,,,,,,,,,,,,,,,,,,317079,-0.15193206071853638,-28.468334197998047,0.00778779573738575,0.20292341709136963,4.555585588797951e-05
0.5145883754162291,0.0,1.0,0.0,0.0,204.29158504024298,36.127421041659645,0.0,10.450000000000014,0.0,0.0,0.14127604166666666,198.98796760849655,0,0.0,,,,,,,,,,,,,,,,,,,,,,,,,,,,,,,,,,,,,,,,,317475,0.2908029556274414,-28.63934898376465,0.0077836597338318825,0.1976686716079712,4.5502842624687506e-05
0.5623111584907035,0.0,1.0,0.0,0.0,520.1378216039006,36.33223196985952,99.5366357000141,20.10000000000015,0.0,0.0,0.3119032463399109,466.44273152016103,1,0.0,,,,,,,,,,,,,,,,,,,,,,,,,,,,,,,,,,,,,,,,,318399,0.3567061424255371,-27.79538345336914,0.007772966753691435,0.184414803981781,4.537926636849951e-05
,,,,,,,,,,,,,,,15453,1076.5,328400,0.17265085875988007,556,631.3329922900001,21,,,,,,,,,,,,,,,,,,,,,,,,,,,,,,,,,,,,,,,
0.15637325660077633,0.0,0.0,0.0,0.0,17.670177995887727,28.358881919318453,0.0,4.549999999999992,1.0,0.0,0.028112449799196786,44.32074145041406,0,0.0,,,,,,,,,,,,,,,,,,,,,,,,,,,,,,,,,,,,,,,,,318511,1.648859977722168,-28.17933464050293,0.007780349813401699,0.2088925540447235,4.5364298973539496e-05
0.3714675264304098,0.0,0.0,0.0,0.0,194.27751632310432,26.116589848874366,0.0,23.100000000000193,1.0,0.0,0.12188044109112015,189.4039143002592,0,0.0,,,,,,,,,,,,,,,,,,,,,,,,,,,,,,,,,,,,,,,,,319033,-2.470571279525757,-26.244457244873047,0.007786287926137447,0.2573491930961609,4.52945731513555e-05
0.4389254747484331,0.0,1.0,0.0,0.0,406.88391509179746,31.28532009108636,87.51191858048134,32.65000000000028,0.0,0.0,0.22584089695675388,402.34082028176636,1,0.0,,,,,,,,,,,,,,,,,,,,,,,,,,,,,,,,,,,,,,,,,319959,-0.15522253513336182,-28.53901481628418,0.007808946538716555,0.1736624836921692,4.5171016697259506e-05
,,,,,,,,,,,,,,,,,,,,,,0.04866979643702507,12.950379371643066,1.3193542957305908,0.3300083577632904,0.3702094852924347,1.1989574432373047,3.5496275424957275,0.2805989980697632,12.596981048583984,24.06845474243164,0.42598581314086914,21.95225715637207,0.12915414571762085,0.1587904691696167,0.15391691029071808,0.01470096129924059,0.26916658878326416,22.617753982543945,0.1573282927274704,9.419581413269043,0.2636672854423523,5.423186302185059,11.47440242767334,0.2988666594028473,0.37114548683166504,0.3101174533367157,27.068702697753906,21.503753662109375,1.8014756441116333,0.15445730090141296,0.0247004646807909,24.374486923217773,0.06649614870548248,319999,-2.072679042816162,-27.41717529296875,0.007807077839970589,0.20799928903579712,4.5165683330099514e-05
0.2516728437666124,0.0,1.0,0.0,0.0,27.432339970560754,35.0397177387709,28.042903373256955,0.0,0.0,0.0,0.025202092249167855,52.74165749177337,0,0.0,,,,,,,,,,,,,,,,,,,,,,,,,,,,,,,,,,,,,,,,,320067,1.3487625122070312,-28.13648796081543,0.007808473892509937,0.1864885687828064,4.51566173366555e-05
,,,,,,,,,,,,,,,15532,1019.7,330068,0.17250099778175354,560,593.49340184,21,,,,,,,,,,,,,,,,,,,,,,,,,,,,,,,,,,,,,,,
0.6456553552525766,0.0,1.0,0.0,0.0,327.9929204683089,42.63543769218623,62.1488353303874,2.849999999999998,0.0,0.0,0.14876898899947616,300.60980476439,0,0.0,,,,,,,,,,,,,,,,,,,,,,,,,,,,,,,,,,,,,,,,,320574,-4.234635829925537,-27.43343162536621,0.007820218801498413,0.2164817750453949,4.508905136286201e-05
0.6324414338026823,0.0,1.0,0.0,0.0,784.8598193491287,42.610096834577305,327.64094491605863,13.350000000000055,0.0,0.0,0.4432018834608593,734.0548599530011,5,0.0,,,,,,,,,,,,,,,,,,,,,,,,,,,,,,,,,,,,,,,,,321814,1.749953269958496,-26.25611114501953,0.007837902754545212,0.25366178154945374,4.4924016794302e-05
0.4302728501312833,0.0,1.0,0.0,0.0,136.3964934916168,37.85127444354617,137.4502537828205,0.8000000000000002,0.0,0.0,0.10600255427841634,166.36003662645817,0,0.0,,,,,,,,,,,,,,,,,,,,,,,,,,,,,,,,,,,,,,,,,322130,2.405240058898926,-28.589275360107422,0.007832542061805725,0.1719013750553131,4.488200852155e-05
0.4916165850170081,0.0,0.0,0.0,0.0,995.0319680744244,34.1197254819626,341.7404818649824,55.39999999999899,1.0,0.0,0.5336156696664902,958.4766768889967,2,0.0,,,,,,,,,,,,,,,,,,,,,,,,,,,,,,,,,,,,,,,,,324153,2.2870736122131348,-27.62487030029297,0.007867923006415367,0.1890040636062622,4.461354662719551e-05
,,,,,,,,,,,,,,,15729,1016.98,334154,0.1721188873052597,564,590.0129068800001,21,,,,,,,,,,,,,,,,,,,,,,,,,,,,,,,,,,,,,,,
0.5787534684207237,0.0,1.0,0.0,0.0,537.6619721628523,42.532680955177774,152.89338285286289,5.04999999999999,0.0,0.0,0.27850557981562346,548.5122469477355,1,0.0,,,,,,,,,,,,,,,,,,,,,,,,,,,,,,,,,,,,,,,,,325081,-0.8794629573822021,-26.649328231811523,0.007881917990744114,0.28316718339920044,4.4490669017819506e-05
0.709221273198582,0.0,0.0,0.0,0.0,799.2923748948019,45.3470953615177,89.98653749673063,0.0,1.0,0.0,0.45640074211502785,709.5009012930095,1,0.0,,,,,,,,,,,,,,,,,,,,,,,,,,,,,,,,,,,,,,,,,326207,0.605097770690918,-28.132081985473633,0.007893137633800507,0.22993043065071106,4.434180411147551e-05
0.5066919792006902,0.0,1.0,0.0,0.0,698.2215473385511,33.81489131487676,325.74190299708295,15.500000000000085,0.0,0.0,0.3127917833800187,646.8044651094824,2,0.0,,,,,,,,,,,,,,,,,,,,,,,,,,,,,,,,,,,,,,,,,327584,2.5265674591064453,-27.670318603515625,0.007930712774395943,0.18144622445106506,4.4160098227071995e-05
0.5489426420609795,0.0,1.0,0.0,0.0,226.16436852912358,39.160679885151986,73.8422815384014,4.799999999999991,0.0,0.0,0.10109289617486339,223.79319784766994,0,0.0,,,,,,,,,,,,,,,,,,,,,,,,,,,,,,,,,,,,,,,,,327995,-0.962753176689148,-26.4666748046875,0.007944433018565178,0.34971970319747925,4.41059366924875e-05
,,,,,,,,,,,,,,,15920,1003.6,337996,0.17172420024871826,568,580.080376,21,,,,,,,,,,,,,,,,,,,,,,,,,,,,,,,,,,,,,,,
0.2198090980360675,0.0,1.0,0.0,0.0,68.58043858725306,39.74335032564478,38.45688918219941,4.599999999999992,0.0,0.0,0.10542540073982737,171.89719042833894,0,0.0,,,,,,,,,,,,,,,,,,,,,,,,,,,,,,,,,,,,,,,,,328306,-0.04417441040277481,-25.525283813476562,0.007952920161187649,0.23399192094802856,4.4064975488782e-05
0.6198618184475518,0.0,1.0,0.0,0.0,580.1906620669085,42.044267541394085,291.46989357960155,3.099999999999997,0.0,0.0,0.2755150934355534,546.050766479224,2,0.0,,,,,,,,,,,,,,,,,,,,,,,,,,,,,,,,,,,,,,,,,329241,2.1803274154663086,-26.585529327392578,0.00798300001770258,0.16793292760849,4.39419443800595e-05
,,,,,,,,,,,,,,,,,,,,,,0.051354166120290756,12.40561294555664,1.365557074546814,0.3137897551059723,0.37916213274002075,1.2631241083145142,3.633458375930786,0.27766114473342896,12.023605346679688,22.201549530029297,0.4322318136692047,21.808761596679688,0.13876506686210632,0.15429487824440002,0.16963611543178558,0.01571011357009411,0.27124661207199097,22.865251541137695,0.16645489633083344,9.818037033081055,0.26178738474845886,5.686464309692383,11.77717399597168,0.3204425275325775,0.39072754979133606,0.3231703042984009,27.645124435424805,21.048221588134766,2.059403657913208,0.1495436578989029,0.02910696715116501,25.76421356201172,0.07072543352842331,329999,0.4211980998516083,-27.181499481201172,0.007997066713869572,0.27644503116607666,4.3842331340099514e-05
0.5589873000996601,0.0,1.0,0.0,0.0,599.7933730069353,40.63640359619058,77.7562036135415,12.250000000000039,0.0,0.0,0.3118594436310395,605.3011910521891,0,0.0,,,,,,,,,,,,,,,,,,,,,,,,,,,,,,,,,,,,,,,,,330313,1.4361116886138916,-27.119407653808594,0.007994317449629307,0.2468736171722412,4.380110032791551e-05
0.6752136099612654,0.0,1.0,0.0,0.0,459.82046838362174,43.6100761296509,209.00748332610345,2.4499999999999993,0.0,0.0,0.27091136079900124,412.2529897801578,2,0.0,,,,,,,,,,,,,,,,,,,,,,,,,,,,,,,,,,,,,,,,,330993,1.6230608224868774,-27.51351547241211,0.008006892167031765,0.39202702045440674,4.37118774918755e-05
,,,,,,,,,,,,,,,16064,1013.95,340994,0.1714814305305481,572,589.62286258,21,,,,,,,,,,,,,,,,,,,,,,,,,,,,,,,,,,,,,,,
0.7076100827029028,0.0,1.0,0.0,0.0,1183.8316683619564,43.38310727116769,156.62508652418379,15.300000000000082,0.0,0.0,0.4566151202749141,1007.8029181268066,2,0.0,,,,,,,,,,,,,,,,,,,,,,,,,,,,,,,,,,,,,,,,,332665,1.9649488925933838,-27.882625579833984,0.008029885590076447,0.19322051107883453,4.34928855713875e-05
0.554110109937283,0.0,1.0,0.0,0.0,625.5903141191926,37.19655272632645,262.88226272389227,27.80000000000026,0.0,0.0,0.3311617806731813,582.9247607532889,3,0.0,,,,,,,,,,,,,,,,,,,,,,,,,,,,,,,,,,,,,,,,,333793,-5.04310941696167,-26.49361801147461,0.008050750009715557,0.3058105707168579,4.3345458871475505e-05
0.6474856954669732,0.0,1.0,0.0,0.0,1158.999394885882,43.11107318702227,359.40477822157897,9.800000000000004,0.0,0.0,0.5149953139643861,1071.2450939982664,2,0.0,,,,,,,,,,,,,,,,,,,,,,,,,,,,,,,,,,,,,,,,,335582,0.5549039840698242,-26.95180892944336,0.008042443543672562,0.19772692024707794,4.3112160413038e-05
0.5631407661748431,0.0,1.0,0.0,0.0,125.01725009081517,41.89853228574262,0.0,3.4499999999999957,0.0,0.0,0.059833251593918585,128.94213179685175,0,0.0,,,,,,,,,,,,,,,,,,,,,,,,,,,,,,,,,,,,,,,,,335803,0.7191896438598633,-28.956758499145508,0.008044158108532429,0.20272022485733032,4.3083384623495495e-05
,,,,,,,,,,,,,,,16293,1023.12,345804,0.17104525864124298,576,597.59144714,21,,,,,,,,,,,,,,,,,,,,,,,,,,,,,,,,,,,,,,,
0.4810296110713189,0.0,1.0,0.0,0.0,807.1676873776731,31.439161245337097,53.60954470509389,64.0999999999985,0.0,0.0,0.42513661202185793,732.3213830203749,1,0.0,,,,,,,,,,,,,,,,,,,,,,,,,,,,,,,,,,,,,,,,,337480,1.500153660774231,-26.371150970458984,0.008050788193941116,0.17287783324718475,4.28653438648e-05
0.36858141641815495,0.0,1.0,0.0,0.0,61.92167795825003,34.68874386898442,58.45088992304002,0.0,0.0,0.0,0.036139066788655076,80.84610204584897,1,0.0,,,,,,,,,,,,,,,,,,,,,,,,,,,,,,,,,,,,,,,,,337647,1.1283169984817505,-26.898902893066406,0.008049164898693562,0.24705994129180908,4.2843661442595495e-05
,,,,,,,,,,,,,,,,,,,,,,0.057346560060977936,12.943453788757324,1.228196144104004,0.3307000994682312,0.3797799050807953,1.3025089502334595,4.080253601074219,0.309217631816864,11.947722434997559,23.529577255249023,0.4247549772262573,21.710948944091797,0.1417720913887024,0.16706806421279907,0.16990353167057037,0.016812177374958992,0.28023481369018555,22.99944496154785,0.15656030178070068,10.087197303771973,0.2863462567329407,5.756067752838135,11.13939094543457,0.31177979707717896,0.3651876449584961,0.32324928045272827,25.9833927154541,22.184429168701172,2.1807429790496826,0.15421563386917114,0.030649593099951744,24.154870986938477,0.07429663836956024,339999,0.6018397212028503,-26.95965576171875,0.008044173009693623,0.21447701752185822,4.253887935009951e-05
0.6300680947314227,0.0,0.0,0.0,0.0,2500.110199894285,39.603570964356585,642.3131946829407,59.549999999998754,0.0,1.0,1.0,2181.7511870050803,7,0.0,,,,,,,,,,,,,,,,,,,,,,,,,,,,,,,,,,,,,,,,,341614,2.2851312160491943,-28.00519561767578,0.008025161921977997,0.24371419847011566,4.233023829710201e-05
0.4604947416287015,0.0,1.0,0.0,0.0,108.67675902437355,38.91995336538565,88.90033817279647,0.0,0.0,0.0,0.0819377990430622,127.2518557170406,1,0.0,,,,,,,,,,,,,,,,,,,,,,,,,,,,,,,,,,,,,,,,,341849,1.414111852645874,-28.913232803344727,0.008019787259399891,0.19391147792339325,4.229992202069949e-05
,,,,,,,,,,,,,,,16578,1039.07,351850,0.1705974042415619,580,605.75806529,21,,,,,,,,,,,,,,,,,,,,,,,,,,,,,,,,,,,,,,,
0.6257533754503408,0.0,1.0,0.0,0.0,344.7901098731378,42.26260028233533,92.1195646465848,8.399999999999984,0.0,0.0,0.1532958610117527,323.17803221475333,0,0.0,,,,,,,,,,,,,,,,,,,,,,,,,,,,,,,,,,,,,,,,,342399,2.777219295501709,-27.367219924926758,0.00803330261260271,0.26363322138786316,4.2229011992499494e-05
0.445742149204586,0.0,1.0,0.0,0.0,268.33677382116076,38.396081181884526,73.93735653509086,2.499999999999999,0.0,0.0,0.21450712957222567,320.828625138849,0,0.0,,,,,,,,,,,,,,,,,,,,,,,,,,,,,,,,,,,,,,,,,343000,1.1123876571655273,-27.326736450195312,0.008015749976038933,0.2760850787162781,4.215159550000001e-05
0.5823283777956281,0.0,1.0,0.0,0.0,310.3810253650698,38.384917357903845,0.0,9.800000000000004,0.0,0.0,0.11406844106463879,283.9062783792615,0,0.0,,,,,,,,,,,,,,,,,,,,,,,,,,,,,,,,,,,,,,,,,343532,-1.1940691471099854,-27.002761840820312,0.008006357587873936,0.17925383150577545,4.2083127064888013e-05
0.560458788149107,0.0,1.0,0.0,0.0,1005.4630659394979,36.61954532811029,96.88055423760946,35.10000000000014,0.0,0.0,0.5597667638483965,911.9535761605948,1,0.0,,,,,,,,,,,,,,,,,,,,,,,,,,,,,,,,,,,,,,,,,345325,-2.319244384765625,-26.684844970703125,0.007990613579750061,0.24813729524612427,4.1852782634687504e-05
,,,,,,,,,,,,,,,16742,1051.1,355326,0.17034155130386353,584,612.82890054,21,,,,,,,,,,,,,,,,,,,,,,,,,,,,,,,,,,,,,,,
0.6807280559801735,0.0,1.0,0.0,0.0,272.2912223920694,44.24062780477188,26.618792639251662,4.099999999999993,0.0,0.0,0.11716621253405994,245.53551297774538,1,0.0,,,,,,,,,,,,,,,,,,,,,,,,,,,,,,,,,,,,,,,,,345724,1.7407019138336182,-27.252986907958984,0.007990666665136814,0.15568841993808746,4.1801610635512005e-05
0.5074254305431498,0.0,1.0,0.0,0.0,223.77461486952905,37.101742352894505,74.8165761245185,9.650000000000002,0.0,0.0,0.14258675078864352,227.02504234015942,1,0.0,,,,,,,,,,,,,,,,,,,,,,,,,,,,,,,,,,,,,,,,,346164,-1.9931809902191162,-28.300764083862305,0.007987691089510918,0.17429861426353455,4.1745217092152016e-05
0.5348699533314069,0.0,1.0,0.0,0.0,1092.7393146560642,36.33665705079098,273.00805885766613,49.59999999999932,0.0,0.0,0.611672278338945,1030.4043780551292,1,0.0,,,,,,,,,,,,,,,,,,,,,,,,,,,,,,,,,,,,,,,,,348206,-10.588285446166992,-27.527868270874023,0.007991893216967583,0.21023547649383545,4.1484004074382e-05
,,,,,,,,,,,,,,,,,,,,,,0.054119184613227844,12.903349876403809,1.2538686990737915,0.34353312849998474,0.37566766142845154,1.329383373260498,3.8294074535369873,0.2996068596839905,12.831069946289062,24.307985305786133,0.4094476103782654,21.632150650024414,0.13732276856899261,0.16631993651390076,0.16215509176254272,0.017135314643383026,0.2788313031196594,21.834754943847656,0.16120973229408264,9.716791152954102,0.2781783938407898,5.388617515563965,11.407003402709961,0.3136563301086426,0.3774872422218323,0.3085801601409912,26.71053695678711,21.58149528503418,2.19352650642395,0.16538827121257782,0.031000060960650444,24.333927154541016,0.0694575086236,349999,0.6230219602584839,-27.554584503173828,0.007970273494720459,0.18893933296203613,4.125532736009951e-05
0.6867672712489151,0.0,1.0,0.0,0.0,1508.1409276626175,42.104643156791305,60.51541940875407,33.90000000000021,0.0,0.0,0.67610710607621,1283.7197521720082,0,0.0,,,,,,,,,,,,,,,,,,,,,,,,,,,,,,,,,,,,,,,,,350401,-4.315101623535156,-27.251407623291016,0.007969277910888195,0.176378533244133,4.12041446396995e-05
,,,,,,,,,,,,,,,16979,1047.25,360402,0.16996078193187714,588,612.3709110100001,21,,,,,,,,,,,,,,,,,,,,,,,,,,,,,,,,,,,,,,,
0.6845000277336492,0.0,1.0,0.0,0.0,1214.9875492272272,45.81490361591703,485.1288290312912,9.900000000000006,0.0,0.0,0.5721840296139609,1129.1181661561131,5,0.0,,,,,,,,,,,,,,,,,,,,,,,,,,,,,,,,,,,,,,,,,352175,0.5126424431800842,-27.451906204223633,0.007969608530402184,0.25148454308509827,4.09786626971875e-05
0.5565350752822779,0.0,1.0,0.0,0.0,631.110775370103,44.21056113690419,273.1672367686032,7.89999999999998,0.0,0.0,0.4105919003115265,695.9403602266684,2,0.0,,,,,,,,,,,,,,,,,,,,,,,,,,,,,,,,,,,,,,,,,353308,2.1429848670959473,-26.570571899414062,0.007955790497362614,0.3082423210144043,4.0834981934968004e-05
0.7197566366188103,0.0,0.0,0.0,0.0,728.393716258236,45.577224488040486,157.7053731826331,1.900000000000001,1.0,0.0,0.4336569579288026,640.2946872320026,0,0.0,,,,,,,,,,,,,,,,,,,,,,,,,,,,,,,,,,,,,,,,,354319,-4.4283905029296875,-27.664655685424805,0.007949757389724255,0.18672122061252594,4.07069882092195e-05
0.4369666400140891,0.0,1.0,0.0,0.0,610.4423960996825,31.80626901150105,76.61304475923595,42.34999999999973,0.0,0.0,0.2485182049110923,616.7850903300568,2,0.0,,,,,,,,,,,,,,,,,,,,,,,,,,,,,,,,,,,,,,,,,355715,-0.3026575744152069,-27.296159744262695,0.007928342558443546,0.2417304813861847,4.05305873918875e-05
,,,,,,,,,,,,,,,17232,1071.74,365716,0.16958174109458923,592,631.0361125300001,21,,,,,,,,,,,,,,,,,,,,,,,,,,,,,,,,,,,,,,,
0.4976879192430601,0.0,0.0,0.0,0.0,117.45434894136218,36.448541296337076,0.0,5.799999999999987,1.0,0.0,0.061866125760649086,119.24465449340641,0,0.0,,,,,,,,,,,,,,,,,,,,,,,,,,,,,,,,,,,,,,,,,355950,0.20993810892105103,-28.20638084411621,0.007929370738565922,0.2018221616744995,4.050093054875e-05
0.7451378479708478,0.0,1.0,0.0,0.0,786.8655674572153,46.795113564833535,66.93717219051484,3.399999999999996,0.0,0.0,0.2965574450435504,686.0415586857125,0,0.0,,,,,,,,,,,,,,,,,,,,,,,,,,,,,,,,,,,,,,,,,357005,2.0070130825042725,-27.378276824951172,0.007921306416392326,0.24543264508247375,4.03679256674875e-05
0.24008041687378687,0.0,0.0,0.0,0.0,151.25066263048572,21.387568039934767,0.0,30.800000000000303,1.0,0.0,0.12155688622754492,186.75916167069227,0,0.0,,,,,,,,,,,,,,,,,,,,,,,,,,,,,,,,,,,,,,,,,357634,1.4338297843933105,-26.502330780029297,0.007913434877991676,0.19753311574459076,4.0288732416622e-05
0.49544085444322516,0.0,1.0,0.0,0.0,568.2706600463792,41.29071674347203,290.36497931407035,4.249999999999993,0.0,0.0,0.32759445241511237,657.3260439177975,3,0.0,,,,,,,,,,,,,,,,,,,,,,,,,,,,,,,,,,,,,,,,,358780,1.9360647201538086,-26.964580535888672,0.007907052524387836,0.27340978384017944,4.0144649495800005e-05
,,,,,,,,,,,,,,,17383,1066.41,368781,0.16931737959384918,596,628.6824195600001,21,,,,,,,,,,,,,,,,,,,,,,,,,,,,,,,,,,,,,,,
0.6525973715122184,0.0,0.0,0.0,0.0,454.20777057250405,41.75027638334852,198.87037252829288,5.799999999999987,1.0,0.0,0.2454981992797119,403.3179236613214,1,0.0,,,,,,,,,,,,,,,,,,,,,,,,,,,,,,,,,,,,,,,,,359475,0.7228431105613708,-27.436542510986328,0.007913479581475258,0.2113259732723236,4.00573966746875e-05
0.44641239250455544,0.0,1.0,0.0,0.0,99.1035511360113,37.87956265650613,54.2961202671142,0.3,0.0,0.0,0.06705882352941177,116.55764761194587,0,0.0,,,,,,,,,,,,,,,,,,,,,,,,,,,,,,,,,,,,,,,,,359696,-1.1203656196594238,-26.58871841430664,0.007909202016890049,0.18623456358909607,4.0029671675391995e-05
,,,,,,,,,,,,,,,,,,,,,,0.05729435011744499,12.865674018859863,1.2870341539382935,0.3419666588306427,0.38390663266181946,1.1957184076309204,3.9914610385894775,0.29828783869743347,13.32275390625,23.823406219482422,0.4238830506801605,21.77947998046875,0.15405985713005066,0.16691431403160095,0.1764746904373169,0.015512791462242603,0.2825586199760437,22.256261825561523,0.15256085991859436,10.732714653015137,0.2771872282028198,5.259957790374756,10.628286361694336,0.31410372257232666,0.3828515410423279,0.3194715082645416,26.67168617248535,21.36545753479004,1.8961774110794067,0.1728442907333374,0.02721816673874855,24.210960388183594,0.06824067234992981,359999,1.8841352462768555,-26.911304473876953,0.007913589477539062,0.20623619854450226,3.99916753700995e-05
0.5418231853447607,0.0,1.0,0.0,0.0,584.085393801652,41.397852063776384,287.5324187677878,13.00000000000005,0.0,0.0,0.33575883575883575,619.3537455277983,4,0.0,,,,,,,,,,,,,,,,,,,,,,,,,,,,,,,,,,,,,,,,,360773,1.7728017568588257,-26.58702850341797,0.007918043062090874,0.17036069929599762,3.98946984441355e-05
0.40420132897624206,0.0,0.0,0.0,0.0,639.8507037693912,27.639874896066345,0.0,67.49999999999831,1.0,0.0,0.39285714285714285,607.2524721259251,0,0.0,,,,,,,,,,,,,,,,,,,,,,,,,,,,,,,,,,,,,,,,,362355,1.8086252212524414,-28.69260025024414,0.007922382093966007,0.17874377965927124,3.969685547948751e-05
,,,,,,,,,,,,,,,17565,1020.52,372356,0.1690637469291687,600,597.3063632000001,21,,,,,,,,,,,,,,,,,,,,,,,,,,,,,,,,,,,,,,,
0.25417658133500765,0.0,0.0,0.0,0.0,20.842479669470627,27.19647052753428,0.0,3.899999999999994,1.0,0.0,0.015633142261594582,30.69331119954586,0,0.0,,,,,,,,,,,,,,,,,,,,,,,,,,,,,,,,,,,,,,,,,362436,0.6614223718643188,-26.99112892150879,0.00792392436414957,0.21119602024555206,3.968673912255201e-05
0.6072776577517482,0.0,1.0,0.0,0.0,514.9714537734825,45.06407140558902,129.39346151046666,4.599999999999992,0.0,0.0,0.2644456012493493,530.3744920799509,1,0.0,,,,,,,,,,,,,,,,,,,,,,,,,,,,,,,,,,,,,,,,,363283,0.30877816677093506,-28.08420181274414,0.007933334447443485,0.20332685112953186,3.9581032709855494e-05
0.5772589334070295,0.0,1.0,0.0,0.0,283.43413630285147,42.80000184657019,112.11840550849858,4.849999999999991,0.0,0.0,0.11848958333333333,291.61217985115945,0,0.0,,,,,,,,,,,,,,,,,,,,,,,,,,,,,,,,,,,,,,,,,363773,1.1239105463027954,-27.817951202392578,0.007939041592180729,0.15622159838676453,3.95199454251355e-05
0.5152183201167233,0.0,1.0,0.0,0.0,549.7379475645438,36.95215967957053,248.35028992777993,19.30000000000014,0.0,0.0,0.36883116883116884,547.3134258277714,2,0.0,,,,,,,,,,,,,,,,,,,,,,,,,,,,,,,,,,,,,,,,,364839,1.5208741426467896,-26.617094039916992,0.007935581728816032,0.17397427558898926,3.938721445413951e-05
,,,,,,,,,,,,,,,17687,996.03,374840,0.16888312995433807,604,579.4397887,21,,,,,,,,,,,,,,,,,,,,,,,,,,,,,,,,,,,,,,,
0.7656104828597646,0.0,0.0,0.0,0.0,1041.23025668928,46.37062758107781,48.54923290495959,8.14999999999998,1.0,0.0,0.39638009049773754,875.561210940592,1,0.0,,,,,,,,,,,,,,,,,,,,,,,,,,,,,,,,,,,,,,,,,366198,-4.462688446044922,-27.94071388244629,0.007943353615701199,0.5929128527641296,3.921832905279799e-05
0.3836223240614542,0.0,1.0,0.0,0.0,59.4614602295254,37.81512918679974,16.994645654571208,0.0,0.0,0.0,0.04294803817603393,81.12674529571086,0,0.0,,,,,,,,,,,,,,,,,,,,,,,,,,,,,,,,,,,,,,,,,366352,-9.999492645263672,-27.362545013427734,0.007942392490804195,0.20652398467063904,3.9199214376448e-05
0.4952565458515034,0.0,1.0,0.0,0.0,437.31152998687753,44.497576597097144,175.07371059439467,7.4499999999999815,0.0,0.0,0.2746031746031746,545.4340370800346,1,0.0,,,,,,,,,,,,,,,,,,,,,,,,,,,,,,,,,,,,,,,,,367234,1.0429942607879639,-27.155044555664062,0.007928342558443546,0.16788877546787262,3.9089830330221997e-05
0.5498677744281336,0.0,1.0,0.0,0.0,155.61258016316182,39.733215994343816,71.85945597579493,3.899999999999994,0.0,0.0,0.09526699029126214,155.95900498889387,0,0.0,,,,,,,,,,,,,,,,,,,,,,,,,,,,,,,,,,,,,,,,,367516,0.16704003512859344,-28.5278263092041,0.007924763485789299,0.1914997100830078,3.905488986047201e-05
,,,,,,,,,,,,,,,17814,1000.78,377517,0.16866615414619446,608,583.93234804,21,,,,,,,,,,,,,,,,,,,,,,,,,,,,,,,,,,,,,,,
0.47417185326140676,0.0,1.0,0.0,0.0,718.8445295442926,34.86318780847589,313.3036456247832,33.55000000000023,0.0,0.0,0.32033542976939205,733.5984693389619,2,0.0,,,,,,,,,,,,,,,,,,,,,,,,,,,,,,,,,,,,,,,,,369031,1.9107778072357178,-28.309078216552734,0.007916434668004513,0.20005327463150024,3.88674486466195e-05
0.418556990518946,0.0,1.0,0.0,0.0,121.38152725049434,41.960150693331876,103.36679295313488,0.0,0.0,0.0,0.07930549038010323,168.7126894025132,1,0.0,,,,,,,,,,,,,,,,,,,,,,,,,,,,,,,,,,,,,,,,,369320,2.2047150135040283,-27.455284118652344,0.007917515002191067,0.17838095128536224,3.8831744408800005e-05
,,,,,,,,,,,,,,,,,,,,,,0.058402299880981445,12.514737129211426,1.2333239316940308,0.341219037771225,0.38508790731430054,1.142924189567566,4.066737174987793,0.31223583221435547,14.130210876464844,23.760160446166992,0.41798871755599976,21.025524139404297,0.1614237129688263,0.165929913520813,0.18904457986354828,0.015153758227825165,0.27877238392829895,21.775611877441406,0.16129446029663086,11.240445137023926,0.2918456792831421,5.130837440490723,11.231444358825684,0.3187967538833618,0.3699926733970642,0.3127189576625824,25.763761520385742,22.01153564453125,2.1618478298187256,0.1873490959405899,0.03104623779654503,24.044233322143555,0.06802854686975479,369999,1.1794745922088623,-28.148006439208984,0.007929699495434761,0.19322001934051514,3.874792338009951e-05
0.6989290804952335,0.0,0.0,0.0,0.0,1141.3511884487164,45.95432349422436,153.4236171781809,3.949999999999994,1.0,0.0,0.5481675392670157,1041.8309993837029,3,0.0,,,,,,,,,,,,,,,,,,,,,,,,,,,,,,,,,,,,,,,,,370952,-0.21418851613998413,-27.043977737426758,0.007927034050226212,0.20630545914173126,3.8630432417248006e-05
0.5371376643286084,0.0,1.0,0.0,0.0,127.83876411020881,40.447462655134004,57.135498610961676,3.4499999999999957,0.0,0.0,0.07306434023991276,133.45862157456577,1,0.0,,,,,,,,,,,,,,,,,,,,,,,,,,,,,,,,,,,,,,,,,371189,-1.2000257968902588,-26.988805770874023,0.007923977449536324,0.29984185099601746,3.86012418452395e-05
,,,,,,,,,,,,,,,17988,988.62,381190,0.16836614906787872,612,577.30597404,21,,,,,,,,,,,,,,,,,,,,,,,,,,,,,,,,,,,,,,,
0.6142522601622356,0.0,0.0,0.0,0.0,988.9461388611992,40.147095180469684,352.87768441979847,13.00000000000005,1.0,0.0,0.3760096930533118,897.2160498490557,3,0.0,,,,,,,,,,,,,,,,,,,,,,,,,,,,,,,,,,,,,,,,,372798,1.0295350551605225,-26.871097564697266,0.007929638959467411,0.3366151452064514,3.8403361725998e-05
0.5376014886764446,0.0,0.0,0.0,0.0,82.25302776749604,37.42537032954114,0.0,5.399999999999989,1.0,0.0,0.04028197381671702,79.25933154672384,0,0.0,,,,,,,,,,,,,,,,,,,,,,,,,,,,,,,,,,,,,,,,,372950,-2.8659186363220215,-26.67112159729004,0.007935400120913982,0.22746354341506958,3.8384694898749996e-05
0.4838895837051281,0.0,0.0,0.0,0.0,522.1168608178332,33.59440893164372,127.77367925779667,33.05000000000026,1.0,0.0,0.24395910780669144,502.9710424039513,1,0.0,,,,,,,,,,,,,,,,,,,,,,,,,,,,,,,,,,,,,,,,,374028,-0.1415862739086151,-26.126462936401367,0.007938113994896412,0.2270161509513855,3.8252439726008e-05
0.5087979618038013,0.0,0.0,0.0,0.0,100.23319847534887,37.71654620629532,0.0,5.4999999999999885,1.0,0.0,0.06594036697247706,102.93763894378208,0,0.0,,,,,,,,,,,,,,,,,,,,,,,,,,,,,,,,,,,,,,,,,374224,2.6480822563171387,-26.739360809326172,0.007944668643176556,0.18430925905704498,3.8228418176512e-05
,,,,,,,,,,,,,,,18131,999.54,384225,0.16812992095947266,616,582.89465244,21,,,,,,,,,,,,,,,,,,,,,,,,,,,,,,,,,,,,,,,
0.6423645678705153,0.0,1.0,0.0,0.0,188.212818386061,43.65052852264767,0.0,1.2000000000000004,0.0,0.0,0.1033081834010447,177.4353382391855,0,0.0,,,,,,,,,,,,,,,,,,,,,,,,,,,,,,,,,,,,,,,,,374516,-1.408470630645752,-26.013450622558594,0.007952180691063404,0.24429389834403992,3.819264514847199e-05
0.5384310864406147,0.0,1.0,0.0,0.0,278.9073027762384,41.60610274876027,52.80090314631645,1.950000000000001,0.0,0.0,0.1752212389380531,299.10726680606604,1,0.0,,,,,,,,,,,,,,,,,,,,,,,,,,,,,,,,,,,,,,,,,375033,1.5605939626693726,-28.032257080078125,0.007955612614750862,0.1863587498664856,3.81293489033555e-05
0.5139241256310149,0.0,1.0,0.0,0.0,125.91141077959864,39.309606507549915,61.51473306976982,1.850000000000001,0.0,0.0,0.05470459518599562,133.4342652503401,1,0.0,,,,,,,,,,,,,,,,,,,,,,,,,,,,,,,,,,,,,,,,,375277,1.5204195976257324,-26.744083404541016,0.00795008335262537,0.1978667974472046,3.80994944895355e-05
,,,,,,,,,,,,,,,,,,,,,,0.05828668922185898,12.937355995178223,1.1903973817825317,0.33988070487976074,0.3736492097377777,1.0231983661651611,4.041732311248779,0.3138861060142517,14.157634735107422,23.568105697631836,0.4287450313568115,20.890623092651367,0.1443551778793335,0.17089638113975525,0.17252996563911438,0.01351596787571907,0.27595528960227966,23.08946418762207,0.16702866554260254,10.009918212890625,0.29297342896461487,5.5567193031311035,11.582148551940918,0.30719447135925293,0.37147262692451477,0.33297812938690186,25.758760452270508,22.178945541381836,1.9498711824417114,0.18701568245887756,0.028119511902332306,23.255521774291992,0.07340164482593536,379999,-0.6603885889053345,-27.10761260986328,0.008043930865824223,0.1931203007698059,3.75240713900995e-05
0.32884064267850965,0.0,0.0,0.0,0.0,2015.135458333907,22.956325525735416,0.0,302.9500000000346,0.0,1.0,1.0,1952.957064770162,0,0.0,,,,,,,,,,,,,,,,,,,,,,,,,,,,,,,,,,,,,,,,,381404,0.5662682056427002,-26.920215606689453,0.008065246976912022,0.17053455114364624,3.7353714575992006e-05
,,,,,,,,,,,,,,,18454,1015.73,391405,0.16761106252670288,620,574.0451471600002,21,,,,,,,,,,,,,,,,,,,,,,,,,,,,,,,,,,,,,,,
0.7170287449024266,0.0,1.0,0.0,0.0,478.975201594821,45.1327414517448,46.66088480123997,5.599999999999988,0.0,0.0,0.2339688041594454,418.39640180859715,1,0.0,,,,,,,,,,,,,,,,,,,,,,,,,,,,,,,,,,,,,,,,,382071,0.5430248975753784,-25.524383544921875,0.008060852997004986,0.13883201777935028,3.7272978069579495e-05
0.022000961324736147,0.0,1.0,0.0,0.0,1.6060701767057388,30.395531687582547,0.6847644079212661,1.2000000000000004,0.0,0.0,0.016666666666666666,30.524131652899086,0,0.0,,,,,,,,,,,,,,,,,,,,,,,,,,,,,,,,,,,,,,,,,382143,-1.4507019519805908,-27.027423858642578,0.008064255118370056,0.14461122453212738,3.7264268178675496e-05
0.49711358693361635,0.0,1.0,0.0,0.0,150.62541684088575,37.44712110033255,58.50752761198809,2.000000000000001,0.0,0.0,0.09602021478205938,157.22663155850023,1,0.0,,,,,,,,,,,,,,,,,,,,,,,,,,,,,,,,,,,,,,,,,382445,-0.21471545100212097,-26.412456512451172,0.008067209273576736,14.19190502166748,3.72277462634875e-05
0.662520218083429,0.0,1.0,0.0,0.0,333.9101899140482,42.98118664108092,81.7933678052977,4.99999999999999,0.0,0.0,0.12932454695222406,300.5920545104891,1,0.0,,,,,,,,,,,,,,,,,,,,,,,,,,,,,,,,,,,,,,,,,382948,0.8952217102050781,-25.779422760009766,0.00807085633277893,0.17815932631492615,3.7166957005048e-05
,,,,,,,,,,,,,,,18526,1019.55,392949,0.1675254851579666,624,577.479336,21,,,,,,,,,,,,,,,,,,,,,,,,,,,,,,,,,,,,,,,
0.5341033378865157,0.0,1.0,0.0,0.0,114.29811430771434,41.58655754377659,56.3747669984069,1.900000000000001,0.0,0.0,0.051585623678646934,123.31255421042442,1,0.0,,,,,,,,,,,,,,,,,,,,,,,,,,,,,,,,,,,,,,,,,383161,0.369833767414093,-27.645919799804688,0.00807048287242651,0.18218573927879333,3.71412304061395e-05
0.7282080440570289,0.0,0.0,0.0,0.0,1754.9813861774396,45.9738274367327,322.60883656321647,9.5,0.0,1.0,1.0,1538.2512849438936,4,0.0,,,,,,,,,,,,,,,,,,,,,,,,,,,,,,,,,,,,,,,,,385570,1.8004382848739624,-25.87216567993164,0.00806636642664671,0.1676599085330963,3.685089467755e-05
0.5691623284676318,0.0,1.0,0.0,0.0,189.53105537972138,41.94870179023209,66.49853302245279,0.0,0.0,0.0,0.1279373368146214,193.779860236682,0,0.0,,,,,,,,,,,,,,,,,,,,,,,,,,,,,,,,,,,,,,,,,385902,1.618607521057129,-25.751262664794922,0.008070063777267933,0.17940112948417664,3.6810972163598004e-05
0.6203269964512794,0.0,1.0,0.0,0.0,230.76164267987593,43.663738133666065,74.93392100400946,0.0,0.0,0.0,0.09148397976391232,225.23165616765618,1,0.0,,,,,,,,,,,,,,,,,,,,,,,,,,,,,,,,,,,,,,,,,386273,-0.23159298300743103,-27.499584197998047,0.008074909448623657,0.15267840027809143,3.6766385907635505e-05
,,,,,,,,,,,,,,,18677,1002.05,396274,0.16731280088424683,628,569.5553902600001,21,,,,,,,,,,,,,,,,,,,,,,,,,,,,,,,,,,,,,,,
0.6273316696809523,0.0,0.0,0.0,0.0,202.6281293069476,40.20541419957364,42.38797190521073,6.5999999999999845,1.0,0.0,0.10099337748344371,180.15983540890738,1,0.0,,,,,,,,,,,,,,,,,,,,,,,,,,,,,,,,,,,,,,,,,386595,2.7360239028930664,-25.38282585144043,0.008075232617557049,0.17592975497245789,3.67277106054875e-05
0.6250980470401202,0.0,0.0,0.0,0.0,698.2345185438143,43.444985795329835,204.2899887440374,5.249999999999989,1.0,0.0,0.4565075212557227,673.589657323435,2,0.0,,,,,,,,,,,,,,,,,,,,,,,,,,,,,,,,,,,,,,,,,387711,0.6630061864852905,-27.142728805541992,0.008073889650404453,0.35369735956192017,3.659382793233951e-05
0.6283224067164853,0.0,1.0,0.0,0.0,255.7272195336095,42.94753134230112,124.21426671087151,4.499999999999992,0.0,0.0,0.14857881136950904,242.5682351887226,1,0.0,,,,,,,,,,,,,,,,,,,,,,,,,,,,,,,,,,,,,,,,,388117,1.246455430984497,-27.023300170898438,0.008079863153398037,0.1709173321723938,3.6545182996055493e-05
0.4349004909107496,0.0,1.0,0.0,0.0,494.0469576746116,42.77939645339216,155.0109063943848,11.000000000000021,0.0,0.0,0.3328108672936259,674.6476261690259,2,0.0,,,,,,,,,,,,,,,,,,,,,,,,,,,,,,,,,,,,,,,,,389252,-0.4135783910751343,-25.979820251464844,0.00808376632630825,0.18795853853225708,3.6409366870648013e-05
,,,,,,,,,,,,,,,18814,969.71,399253,0.16711173951625824,632,545.41871092,21,,,,,,,,,,,,,,,,,,,,,,,,,,,,,,,,,,,,,,,
,,,,,,,,,,,,,,,,,,,,,,0.06063990667462349,12.597248077392578,1.2465964555740356,0.3711490035057068,0.39392194151878357,1.200931191444397,4.197905540466309,0.3159979581832886,14.825130462646484,25.693450927734375,0.41180163621902466,21.700557708740234,0.14592063426971436,0.17406681180000305,0.17508414387702942,0.016594279557466507,0.29985493421554565,22.0118350982666,0.1670488715171814,10.101615905761719,0.28973400592803955,5.381202220916748,11.564255714416504,0.3223263621330261,0.354034960269928,0.3179670572280884,24.50870132446289,20.968103408813477,1.9222317934036255,0.20485134422779083,0.02776716835796833,23.326818466186523,0.07435661554336548,389999,2.4318432807922363,-25.397441864013672,0.008077997714281082,0.19381065666675568,3.63201194000995e-05
0.7278567353902593,0.0,1.0,0.0,0.0,1877.1425205714786,46.26497030942279,445.09713952611514,9.049999999999994,0.0,0.0,0.87248322147651,1656.6609452562407,5,0.0,,,,,,,,,,,,,,,,,,,,,,,,,,,,,,,,,,,,,,,,,391830,0.5548553466796875,-25.225475311279297,0.008095022290945053,0.19113869965076447,3.610183121555e-05
0.44328613182957777,0.0,1.0,0.0,0.0,171.10844688621702,35.139498008772854,0.0,11.050000000000022,0.0,0.0,0.09563994374120956,188.15538701578043,0,0.0,,,,,,,,,,,,,,,,,,,,,,,,,,,,,,,,,,,,,,,,,392215,1.074772596359253,-26.874162673950195,0.00809865165501833,0.26915115118026733,3.60560171693875e-05
0.39589125259071895,0.0,0.0,0.0,0.0,66.9056216878315,29.797969498483187,0.0,8.299999999999983,1.0,0.0,0.035246727089627394,69.72191579639912,0,0.0,,,,,,,,,,,,,,,,,,,,,,,,,,,,,,,,,,,,,,,,,392383,1.9484038352966309,-27.14112091064453,0.008100400678813457,0.1820610612630844,3.603603482955551e-05
0.6362742160867468,0.0,1.0,0.0,0.0,220.78715298210113,44.13963719295726,92.79734197037693,2.4499999999999993,0.0,0.0,0.10637149028077754,212.4156461507082,1,0.0,,,,,,,,,,,,,,,,,,,,,,,,,,,,,,,,,,,,,,,,,392729,1.928605079650879,-24.8085880279541,0.008099613711237907,0.220230832695961,3.5994898420379495e-05
,,,,,,,,,,,,,,,18977,937.88,402730,0.1668557971715927,636,523.6261027,21,,,,,,,,,,,,,,,,,,,,,,,,,,,,,,,,,,,,,,,
0.5046651376886208,0.0,0.0,0.0,0.0,74.18577524022726,36.496328288349595,0.0,4.599999999999992,1.0,0.0,0.05346912794398472,74.26768080471084,0,0.0,,,,,,,,,,,,,,,,,,,,,,,,,,,,,,,,,,,,,,,,,392875,1.23170804977417,-26.833843231201172,0.00811096839606762,0.26363271474838257,3.59775474296875e-05
0.6629416384616023,0.0,1.0,0.0,0.0,609.2433657462125,41.627420436420216,81.26696611702805,10.600000000000016,0.0,0.0,0.25185551707075704,531.0301806880161,0,0.0,,,,,,,,,,,,,,,,,,,,,,,,,,,,,,,,,,,,,,,,,393793,0.7076151371002197,-25.66282081604004,0.00812030304223299,0.21488037705421448,3.586854729147549e-05
0.3379685443640632,0.0,0.0,0.0,0.0,219.67955383664108,27.316087536142437,0.0,23.5000000000002,1.0,0.0,0.1390625,246.17574470955878,0,0.0,,,,,,,,,,,,,,,,,,,,,,,,,,,,,,,,,,,,,,,,,394442,-0.02871709316968918,-26.968250274658203,0.008127918466925621,0.2043067216873169,3.5791588470718e-05
0.4994619242057654,0.0,1.0,0.0,0.0,540.4178019906382,40.97088676589151,336.8296656241569,2.849999999999998,0.0,0.0,0.315531602155806,615.111085686367,4,0.0,,,,,,,,,,,,,,,,,,,,,,,,,,,,,,,,,,,,,,,,,395523,2.643157482147217,-26.54446029663086,0.008146360516548157,0.18109512329101562,3.566358890113549e-05
,,,,,,,,,,,,,,,19112,906.35,405524,0.16666434705257416,640,508.04841197999997,21,,,,,,,,,,,,,,,,,,,,,,,,,,,,,,,,,,,,,,,
0.5162030432557712,0.0,1.0,0.0,0.0,102.72440560789846,40.395981677345006,0.0,4.6499999999999915,0.0,0.0,0.06448257930317212,111.37303252867423,0,0.0,,,,,,,,,,,,,,,,,,,,,,,,,,,,,,,,,,,,,,,,,395721,3.1160831451416016,-25.18581199645996,0.008151547983288765,0.24889254570007324,3.5640169219179506e-05
0.6139442447377773,0.0,1.0,0.0,0.0,204.44343349767985,42.41428794055921,0.0,4.3499999999999925,0.0,0.0,0.10671525247267048,195.95429734699428,0,0.0,,,,,,,,,,,,,,,,,,,,,,,,,,,,,,,,,,,,,,,,,396053,0.5146723985671997,-25.098094940185547,0.00816013477742672,0.27845701575279236,3.56009173614955e-05
0.4674753317228205,0.0,1.0,0.0,0.0,96.76739366662385,38.56187660230847,47.28379228511758,2.3499999999999996,0.0,0.0,0.046153846153846156,110.64553795009851,1,0.0,,,,,,,,,,,,,,,,,,,,,,,,,,,,,,,,,,,,,,,,,396259,-2.334230661392212,-26.253368377685547,0.008165884763002396,0.3210943341255188,3.557657332055951e-05
0.7137136415883905,0.0,1.0,0.0,0.0,858.5975108308337,43.78414869943661,241.2999720156609,14.050000000000065,0.0,0.0,0.4391025641025641,731.2299598893151,4,0.0,,,,,,,,,,,,,,,,,,,,,,,,,,,,,,,,,,,,,,,,,397461,0.8890979290008545,-25.419349670410156,0.008213597349822521,0.24981743097305298,3.543469541883949e-05
,,,,,,,,,,,,,,,19206,895.5,407462,0.16656792163848877,644,505.41077277999995,21,,,,,,,,,,,,,,,,,,,,,,,,,,,,,,,,,,,,,,,
0.7335543022561194,0.0,0.0,0.0,0.0,1743.6585764627957,45.58044863300892,322.716525751315,6.149999999999986,0.0,1.0,1.0,1504.1272591017187,5,0.0,,,,,,,,,,,,,,,,,,,,,,,,,,,,,,,,,,,,,,,,,399837,-1.3046694993972778,-27.56829261779785,0.008260589092969894,0.21072794497013092,3.51550904736155e-05
,,,,,,,,,,,,,,,,,,,,,,0.05366935580968857,12.579324722290039,1.1979528665542603,0.3578251600265503,0.3745569884777069,1.140755534172058,3.755284070968628,0.3126642107963562,15.112371444702148,25.03728675842285,0.4078699052333832,21.44618034362793,0.14601904153823853,0.1690579205751419,0.16606122255325317,0.015331011265516281,0.28822267055511475,21.65519142150879,0.17272403836250305,10.217058181762695,0.2934761643409729,4.988875865936279,12.085626602172852,0.3076993227005005,0.3642495274543762,0.30948927998542786,25.486804962158203,21.83708381652832,1.7627490758895874,0.20310041308403015,0.025192663073539734,22.895404815673828,0.06704723834991455,399999,1.9938081502914429,-25.79625129699707,0.008265222422778606,0.21855901181697845,3.5136067410099506e-05
0.31505844304920205,0.0,0.0,0.0,0.0,185.8844813990292,23.448760542855908,0.0,29.30000000000028,1.0,0.0,0.116991643454039,191.83582343626767,0,0.0,,,,,,,,,,,,,,,,,,,,,,,,,,,,,,,,,,,,,,,,,400426,-1.0137242078781128,-25.18265724182129,0.008260861039161682,0.19330666959285736,3.5085951396862e-05
0.7102481385143675,0.0,0.0,0.0,0.0,2798.377665746608,43.73818142995767,173.48986591874308,36.05000000000009,0.0,1.0,1.0,2392.7171430177987,2,0.0,,,,,,,,,,,,,,,,,,,,,,,,,,,,,,,,,,,,,,,,,404365,1.9906809329986572,-26.268693923950195,0.008288792334496975,0.161203533411026,3.46253511458875e-05
0.6436799452668929,0.0,1.0,0.0,0.0,2099.6839814606046,42.68297547780521,333.95568401148756,34.900000000000155,0.0,0.0,0.9658922392486406,1933.187513872981,3,0.0,,,,,,,,,,,,,,,,,,,,,,,,,,,,,,,,,,,,,,,,,407626,1.3983391523361206,-27.106807708740234,0.008273080922663212,0.1635209023952484,3.4246367849661996e-05
,,,,,,,,,,,,,,,19681,966.3,417627,0.16591188311576843,648,561.9319643199999,21,,,,,,,,,,,,,,,,,,,,,,,,,,,,,,,,,,,,,,,
0.560915635657114,0.0,1.0,0.0,0.0,158.73912489096327,40.813754598482795,54.628052598732324,2.0500000000000007,0.0,0.0,0.07171671896010758,160.11669918429106,1,0.0,,,,,,,,,,,,,,,,,,,,,,,,,,,,,,,,,,,,,,,,,407908,0.7016236186027527,-27.87517547607422,0.008266373537480831,0.30186763405799866,3.421369409816801e-05
0.6134904730113747,0.0,1.0,0.0,0.0,861.3406241079701,42.032666050794624,238.2939708534755,2.25,0.0,0.0,0.49011627906976746,819.2018616073765,1,0.0,,,,,,,,,,,,,,,,,,,,,,,,,,,,,,,,,,,,,,,,,409311,0.34735316038131714,-26.60719108581543,0.008237657137215137,0.15278303623199463,3.4051371614739506e-05
,,,,,,,,,,,,,,,,,,,,,,0.06362450122833252,12.356237411499023,1.2593713998794556,0.40105950832366943,0.3780704140663147,1.1975761651992798,4.5091352462768555,0.30020564794540405,14.289978981018066,28.423507690429688,0.3736124336719513,21.80133819580078,0.1594761610031128,0.16154830157756805,0.18497566878795624,0.015657387673854828,0.28503572940826416,19.240720748901367,0.15964215993881226,11.30224323272705,0.2735987603664398,5.940559387207031,11.314007759094238,0.30708426237106323,0.3322550654411316,0.27148914337158203,23.547266006469727,20.92656707763672,1.6631096601486206,0.18683047592639923,0.023466698825359344,23.487749099731445,0.07766824960708618,409999,1.4618834257125854,-27.26519012451172,0.008229734376072884,0.16653302311897278,3.39719154200995e-05
0.761131212704324,0.0,0.0,0.0,0.0,1268.8057315781082,45.70123078038412,85.97287539688172,4.149999999999993,1.0,0.0,0.56951871657754,1057.7335784994066,1,0.0,,,,,,,,,,,,,,,,,,,,,,,,,,,,,,,,,,,,,,,,,410977,-1.6227399110794067,-27.182601928710938,0.00821097381412983,0.20145398378372192,3.385912963563551e-05
0.4960781606318411,0.0,0.0,0.0,0.0,493.1016916680501,40.16056895424453,332.03734489288814,7.199999999999982,1.0,0.0,0.25055236411842685,554.0565683273599,3,0.0,,,,,,,,,,,,,,,,,,,,,,,,,,,,,,,,,,,,,,,,,411970,-2.7601726055145264,-28.74919891357422,0.008191123604774475,0.16657501459121704,3.374480874955001e-05
,,,,,,,,,,,,,,,19886,967.18,421971,0.1656387895345688,652,559.14994462,21,,,,,,,,,,,,,,,,,,,,,,,,,,,,,,,,,,,,,,,
0.4191741304468586,0.0,1.0,0.0,0.0,78.80473652400941,38.80043475253055,72.28162368071544,2.7499999999999982,0.0,0.0,0.06622516556291391,100.95015512220562,0,0.0,,,,,,,,,,,,,,,,,,,,,,,,,,,,,,,,,,,,,,,,,412157,-2.379253387451172,-27.753681182861328,0.008181859739124775,0.23050221800804138,3.37233019985755e-05
0.5471895091099954,0.0,1.0,0.0,0.0,380.84389834055685,42.84230363878076,252.4348715020579,1.5000000000000007,0.0,0.0,0.21644295302013422,413.8544894643128,2,0.0,,,,,,,,,,,,,,,,,,,,,,,,,,,,,,,,,,,,,,,,,412852,-1.587534785270691,-27.485034942626953,0.008170932531356812,0.20051565766334534,3.3643431483448e-05
0.5589375265932377,0.0,1.0,0.0,0.0,676.3144071778177,40.886405438929216,170.28904230710725,1.6000000000000008,0.0,0.0,0.34121274409044194,686.8630514200777,3,0.0,,,,,,,,,,,,,,,,,,,,,,,,,,,,,,,,,,,,,,,,,414061,-0.8234323263168335,-26.667871475219727,0.008167129941284657,0.21574372053146362,3.3504720306239496e-05
0.762283120911592,0.0,0.0,0.0,0.0,879.6747215319772,45.79953408810397,151.60229942191086,9.349999999999998,1.0,0.0,0.38930885529157666,733.7753045205027,2,0.0,,,,,,,,,,,,,,,,,,,,,,,,,,,,,,,,,,,,,,,,,415214,0.025403618812561035,-26.284618377685547,0.008170083165168762,0.18185093998908997,3.3372705106702e-05
,,,,,,,,,,,,,,,20038,968.15,425215,0.1654113233089447,656,560.80715821,21,,,,,,,,,,,,,,,,,,,,,,,,,,,,,,,,,,,,,,,
0.5479690696200074,0.0,0.0,0.0,0.0,283.3000089935438,37.88023689082156,111.28956967681988,5.799999999999987,1.0,0.0,0.1607661056297156,271.72520689386874,2,0.0,,,,,,,,,,,,,,,,,,,,,,,,,,,,,,,,,,,,,,,,,415730,0.3247605264186859,-25.96700668334961,0.00817394070327282,0.27021342515945435,3.331371027355e-05
0.7167197228835759,0.0,0.0,0.0,0.0,1034.226560121,44.86202962752378,138.3511171526049,12.000000000000036,1.0,0.0,0.48619382782891174,898.6606444716454,2,0.0,,,,,,,,,,,,,,,,,,,,,,,,,,,,,,,,,,,,,,,,,417172,-0.1492495834827423,-26.26845359802246,0.008179456926882267,0.24224448204040527,3.3149125799608005e-05
,,,,,,,,,,,,,,,,,,,,,,0.058718424290418625,12.4468412399292,1.2606852054595947,0.3748190402984619,0.3826428949832916,1.3093986511230469,4.192154884338379,0.3035197854042053,13.252527236938477,26.759904861450195,0.3941555321216583,21.639509201049805,0.13662990927696228,0.1606985181570053,0.16140809655189514,0.016905367374420166,0.2793830931186676,21.212217330932617,0.16694438457489014,9.754583358764648,0.2784701883792877,5.607273578643799,11.918861389160156,0.31212669610977173,0.34442946314811707,0.2971140146255493,24.590267181396484,21.568801879882812,1.5720092058181763,0.17110055685043335,0.02201872318983078,24.17565155029297,0.07239431142807007,419999,-6.752645969390869,-26.889554977416992,0.008177687413990498,0.18475523591041565,3.28276634300995e-05
0.568880982080496,0.0,0.0,0.0,0.0,2032.611748973612,38.490133832754125,113.68766290739217,63.24999999999854,0.0,1.0,1.0,1909.3079451126978,2,0.0,,,,,,,,,,,,,,,,,,,,,,,,,,,,,,,,,,,,,,,,,420744,0.878583550453186,-27.104076385498047,0.008175970986485481,0.20793043076992035,3.2743213156831996e-05
0.6029995318492403,0.0,1.0,0.0,0.0,341.9007345585192,44.48948077371297,111.36232914508774,1.1500000000000004,0.0,0.0,0.20870602265951102,350.0484059751034,2,0.0,,,,,,,,,,,,,,,,,,,,,,,,,,,,,,,,,,,,,,,,,421310,-8.07005500793457,-28.051286697387695,0.008182738907635212,0.21566644310951233,3.2679127451949985e-05
,,,,,,,,,,,,,,,20320,1012.43,431311,0.16498789191246033,660,591.2627924399999,21,,,,,,,,,,,,,,,,,,,,,,,,,,,,,,,,,,,,,,,
0.6524226147814595,0.0,1.0,0.0,0.0,1056.9246359459644,40.09407697320018,194.1761075781049,30.450000000000298,0.0,0.0,0.5582089552238806,901.7322271792218,2,0.0,,,,,,,,,,,,,,,,,,,,,,,,,,,,,,,,,,,,,,,,,422929,-4.923815727233887,-27.497772216796875,0.008174057118594646,0.19426855444908142,3.24961671445795e-05
0.13260896152202617,0.0,1.0,0.0,0.0,11.669588613938302,32.93122225723803,14.029053510295913,0.0,0.0,0.0,0.0182648401826484,39.94046260230243,0,0.0,,,,,,,,,,,,,,,,,,,,,,,,,,,,,,,,,,,,,,,,,423016,2.3010780811309814,-26.988325119018555,0.00817167665809393,0.16778796911239624,3.2486350197472e-05
0.7199358215400392,0.0,0.0,0.0,0.0,849.5242694172463,43.869282377285906,136.6700819994319,9.399999999999999,1.0,0.0,0.35816326530612247,718.6770014753565,2,0.0,,,,,,,,,,,,,,,,,,,,,,,,,,,,,,,,,,,,,,,,,424195,0.9831863045692444,-26.771259307861328,0.008159489370882511,0.14708256721496582,3.2353462153487504e-05
0.6402863103348555,0.0,1.0,0.0,0.0,352.7977569945054,43.67653719222216,118.27171399034359,6.849999999999984,0.0,0.0,0.21199524940617578,334.0070291822776,1,0.0,,,,,,,,,,,,,,,,,,,,,,,,,,,,,,,,,,,,,,,,,424745,2.546964645385742,-27.668010711669922,0.008147068321704865,0.16145259141921997,3.229156489498751e-05
,,,,,,,,,,,,,,,20485,1005.92,434746,0.16475170850753784,664,591.5291429499998,21,,,,,,,,,,,,,,,,,,,,,,,,,,,,,,,,,,,,,,,
0.5638801595937079,0.0,1.0,0.0,0.0,583.6159651794876,42.11001603188256,209.44335417208765,6.099999999999986,0.0,0.0,0.29706717123935666,604.8867401485331,1,0.0,,,,,,,,,,,,,,,,,,,,,,,,,,,,,,,,,,,,,,,,,425779,-2.605194330215454,-28.21877670288086,0.008146190084517002,0.19452860951423645,3.21753610156795e-05
0.3029890956387406,0.0,0.0,0.0,0.0,355.70919827988143,27.39994697663102,92.86646840392201,41.79999999999976,1.0,0.0,0.2584330794341676,446.3310827300884,0,0.0,,,,,,,,,,,,,,,,,,,,,,,,,,,,,,,,,,,,,,,,,426952,1.132736325263977,-26.111318588256836,0.008139185607433319,0.3511224389076233,3.2043793505248005e-05
0.43813295429839144,0.0,1.0,0.0,0.0,82.80712836239599,38.36658418138653,49.79287290714024,0.15000000000000002,0.0,0.0,0.04518752824220515,100.48618455976248,0,0.0,,,,,,,,,,,,,,,,,,,,,,,,,,,,,,,,,,,,,,,,,427140,1.149477243423462,-26.27715301513672,0.008143269456923008,0.1657685935497284,3.20227322702e-05
0.6410202928365414,0.0,1.0,0.0,0.0,744.2245599832246,44.53338424077302,236.54142932177393,5.349999999999989,0.0,0.0,0.34235888022028454,717.5674862745218,2,0.0,,,,,,,,,,,,,,,,,,,,,,,,,,,,,,,,,,,,,,,,,428300,2.322751760482788,-26.999557495117188,0.008141903206706047,0.2389257848262787,3.1892935555e-05
,,,,,,,,,,,,,,,20656,1003.05,438301,0.1645393967628479,668,586.5793088199999,21,,,,,,,,,,,,,,,,,,,,,,,,,,,,,,,,,,,,,,,
0.5175646132795119,0.0,1.0,0.0,0.0,104.03048726918189,39.69974013583904,41.93344860754095,2.25,0.0,0.0,0.052854122621564484,110.6165674161166,1,0.0,,,,,,,,,,,,,,,,,,,,,,,,,,,,,,,,,,,,,,,,,428500,1.7720310688018799,-25.740840911865234,0.00814058631658554,0.2654400169849396,3.1870583875e-05
,,,,,,,,,,,,,,,,,,,,,,0.0630418211221695,12.723444938659668,1.2766122817993164,0.3675209581851959,0.3773825764656067,1.1934130191802979,4.384140491485596,0.29561251401901245,13.561328887939453,25.558643341064453,0.3976525664329529,22.135440826416016,0.15653935074806213,0.1630733162164688,0.18225017189979553,0.015295686200261116,0.28370457887649536,20.896846771240234,0.17267562448978424,10.886273384094238,0.27594423294067383,5.090279579162598,12.008444786071777,0.3046048581600189,0.355330228805542,0.30048656463623047,24.710861206054688,21.52995491027832,1.5547963380813599,0.17381227016448975,0.022357221692800522,23.766138076782227,0.06524088233709335,429999,0.447237491607666,-26.15824317932129,0.008137217722833157,0.15040037035942078,3.17033114400995e-05
0.32290179440152766,0.0,1.0,0.0,0.0,1061.701099992223,22.40713931081092,0.0,164.35000000000312,0.0,0.0,0.5836177474402731,1022.7567938156426,0,0.0,,,,,,,,,,,,,,,,,,,,,,,,,,,,,,,,,,,,,,,,,431787,0.62816321849823,-26.6502685546875,0.008125345222651958,0.17511677742004395,3.150437446021551e-05
0.4689394806062482,0.0,1.0,0.0,0.0,94.72577508246214,40.624793675878074,49.8823926797765,1.4000000000000006,0.0,0.0,0.06867469879518072,113.69710319209844,0,0.0,,,,,,,,,,,,,,,,,,,,,,,,,,,,,,,,,,,,,,,,,431988,0.8031094074249268,-26.42795181274414,0.00812350120395422,1.22385835647583,3.148205051832799e-05
0.01481431780803114,0.0,1.0,0.0,0.0,1.0814451999862733,28.077422820695617,0.0,3.599999999999995,0.0,0.0,0.01807980049875312,28.26370614557527,0,0.0,,,,,,,,,,,,,,,,,,,,,,,,,,,,,,,,,,,,,,,,,432060,0.3509584665298462,-26.451574325561523,0.008123613893985748,0.20039647817611694,3.147405583820001e-05
,,,,,,,,,,,,,,,20826,1010.67,442061,0.16434068977832794,672,582.1108474700001,21,,,,,,,,,,,,,,,,,,,,,,,,,,,,,,,,,,,,,,,
0.4393839762859169,0.0,0.0,0.0,0.0,110.28537804776515,30.08966117352358,0.0,12.450000000000042,1.0,0.0,0.05338078291814947,104.62921722792089,0,0.0,,,,,,,,,,,,,,,,,,,,,,,,,,,,,,,,,,,,,,,,,432310,0.7392398715019226,-25.82825469970703,0.008124071173369884,5.0084614753723145,3.1446304541950004e-05
0.5942745183449002,0.0,0.0,0.0,0.0,399.35247632777293,37.95620258425714,130.96804099414462,16.5000000000001,1.0,0.0,0.2076837416481069,353.91248691082,1,0.0,,,,,,,,,,,,,,,,,,,,,,,,,,,,,,,,,,,,,,,,,432981,-0.19396382570266724,-26.858240127563477,0.008113610558211803,0.17818813025951385,3.13718815529195e-05
0.421180363218436,0.0,1.0,0.0,0.0,410.22967377475663,33.32760940376397,115.56342266352256,30.850000000000303,0.0,0.0,0.27609811751283514,450.5203687576577,1,0.0,,,,,,,,,,,,,,,,,,,,,,,,,,,,,,,,,,,,,,,,,433954,0.6691144704818726,-25.414722442626953,0.008112496696412563,0.1837252378463745,3.1264121834542005e-05
0.19676382618660024,0.0,0.0,0.0,0.0,35.02396106121484,23.08516928061528,0.0,8.399999999999984,1.0,0.0,0.03512747875354107,56.79659920744598,0,0.0,,,,,,,,,,,,,,,,,,,,,,,,,,,,,,,,,,,,,,,,,434131,0.7622438669204712,-26.223018646240234,0.008107257075607777,0.15292394161224365,3.12445393435195e-05
,,,,,,,,,,,,,,,20924,983.28,444132,0.1641884446144104,676,560.7274929,21,,,,,,,,,,,,,,,,,,,,,,,,,,,,,,,,,,,,,,,
0.5672865444758103,0.0,1.0,0.0,0.0,490.1355744271001,39.46319354127336,169.81508235706212,13.70000000000006,0.0,0.0,0.2826956025128498,473.2532935887575,1,0.0,,,,,,,,,,,,,,,,,,,,,,,,,,,,,,,,,,,,,,,,,434994,1.9781908988952637,-26.625669479370117,0.008110136725008488,0.22353237867355347,3.1149150173582e-05
0.6842556639820192,0.0,1.0,0.0,0.0,426.97553432477997,43.29186234780656,162.35439421030455,8.299999999999983,0.0,0.0,0.23515579071134626,374.96850178949535,2,0.0,,,,,,,,,,,,,,,,,,,,,,,,,,,,,,,,,,,,,,,,,435617,0.1805504709482193,-25.366832733154297,0.008115808479487896,0.28231826424598694,3.10803808135555e-05
0.6900203257098843,0.0,0.0,0.0,0.0,807.3237810805646,45.70075414225767,191.40334210030062,3.649999999999995,1.0,0.0,0.4696505211526671,742.2409963766113,3,0.0,,,,,,,,,,,,,,,,,,,,,,,,,,,,,,,,,,,,,,,,,436786,0.9139494299888611,-26.474138259887695,0.00811629556119442,0.21332308650016785,3.0951550114702e-05
0.4442931404686817,0.0,1.0,0.0,0.0,431.8529325355586,34.02394162314883,198.43705341360408,22.650000000000187,0.0,0.0,0.24884080370942813,459.0248660277575,1,0.0,,,,,,,,,,,,,,,,,,,,,,,,,,,,,,,,,,,,,,,,,437757,0.023243427276611328,-27.184215545654297,0.008113479241728783,0.19343528151512146,3.084474693937551e-05
,,,,,,,,,,,,,,,21104,959.08,447758,0.16395846009254456,680,547.51160789,21,,,,,,,,,,,,,,,,,,,,,,,,,,,,,,,,,,,,,,,
,,,,,,,,,,,,,,,,,,,,,,0.06533606350421906,12.327914237976074,1.2789071798324585,0.38166284561157227,0.3660479784011841,1.1325877904891968,4.500274658203125,0.28621935844421387,14.990748405456543,26.28850555419922,0.39015766978263855,21.648286819458008,0.14936986565589905,0.15680310130119324,0.1835540533065796,0.014405785128474236,0.27535220980644226,21.059795379638672,0.17142778635025024,10.28842830657959,0.26180189847946167,5.630057334899902,11.80775260925293,0.30128902196884155,0.3536010682582855,0.30575114488601685,24.35564422607422,20.582956314086914,1.6996095180511475,0.1906726211309433,0.024675337597727776,23.687448501586914,0.07161068916320801,439999,-1.0615754127502441,-26.712038040161133,0.008126945234835148,0.16713322699069977,3.05988594500995e-05
0.7925629788019215,0.0,0.0,0.0,0.0,2472.7964938619953,46.80292584147065,310.43027257474614,7.149999999999983,0.0,1.0,1.0,2027.5053491378203,4,0.0,,,,,,,,,,,,,,,,,,,,,,,,,,,,,,,,,,,,,,,,,440876,1.8186562061309814,-27.206945419311523,0.008131410926580429,0.19426396489143372,3.0502948153911996e-05
0.4827404271082731,0.0,1.0,0.0,0.0,85.92779602527261,38.681861763424735,0.0,5.09999999999999,0.0,0.0,0.03939269593762823,95.43337127566338,0,0.0,,,,,,,,,,,,,,,,,,,,,,,,,,,,,,,,,,,,,,,,,441053,-0.14188918471336365,-26.092254638671875,0.008132213726639748,0.30246424674987793,3.0483609476495507e-05
0.5951400503638075,0.0,1.0,0.0,0.0,366.6062710241054,43.98649219508009,39.554494549680044,5.799999999999987,0.0,0.0,0.14677023712183157,376.0947234556079,1,0.0,,,,,,,,,,,,,,,,,,,,,,,,,,,,,,,,,,,,,,,,,441668,2.453510284423828,-25.60132598876953,0.008129275403916836,0.19758929312229156,3.0416464231288005e-05
0.5038067314161174,0.0,1.0,0.0,0.0,569.3016065002126,41.71726309217279,215.49854845084334,2.6499999999999986,0.0,0.0,0.3612078977932636,654.4008038341999,1,0.0,,,,,,,,,,,,,,,,,,,,,,,,,,,,,,,,,,,,,,,,,442797,0.8997766971588135,-26.683868408203125,0.008131353184580803,0.2598695755004883,3.0293396759295502e-05
,,,,,,,,,,,,,,,21341,974.72,452798,0.16367046535015106,684,563.16821981,21,,,,,,,,,,,,,,,,,,,,,,,,,,,,,,,,,,,,,,,
0.5192424250602636,0.0,1.0,0.0,0.0,145.90712144193407,39.39546686173087,0.0,5.14999999999999,0.0,0.0,0.09373097991479001,153.57155173644423,0,0.0,,,,,,,,,,,,,,,,,,,,,,,,,,,,,,,,,,,,,,,,,443077,-0.3849775195121765,-26.678810119628906,0.00813594926148653,0.16006553173065186,3.0262914408935506e-05
0.7674153419426597,0.0,0.0,0.0,0.0,491.9132341852449,45.369099986788655,0.0,4.99999999999999,1.0,0.0,0.20819112627986347,403.66352978907526,0,0.0,,,,,,,,,,,,,,,,,,,,,,,,,,,,,,,,,,,,,,,,,443717,0.7471824288368225,-25.7911376953125,0.00813342072069645,0.2648266851902008,3.0193299050855514e-05
0.35481996008691363,0.0,1.0,0.0,0.0,45.06213493103803,38.58104274202635,0.0,0.35,0.0,0.0,0.04108761329305136,67.7644618358463,0,0.0,,,,,,,,,,,,,,,,,,,,,,,,,,,,,,,,,,,,,,,,,443843,1.6756694316864014,-25.769481658935547,0.008130120113492012,0.22204363346099854,3.017960313057551e-05
0.7212708563919572,0.0,1.0,0.0,0.0,557.5423719909829,45.06369253699985,114.61736685051832,1.1000000000000003,0.0,0.0,0.18744906275468623,483.5654634507373,2,0.0,,,,,,,,,,,,,,,,,,,,,,,,,,,,,,,,,,,,,,,,,444615,-6.151069164276123,-26.782331466674805,0.008123497478663921,0.1911264955997467,3.0095757423387497e-05
,,,,,,,,,,,,,,,21424,942.14,454616,0.16356030106544495,688,544.60089083,21,,,,,,,,,,,,,,,,,,,,,,,,,,,,,,,,,,,,,,,
0.4027536099607404,0.0,0.0,0.0,0.0,830.8806973490074,31.677580261516596,396.86937542791134,46.149999999999515,1.0,0.0,0.4174714661984197,906.8460571747273,4,0.0,,,,,,,,,,,,,,,,,,,,,,,,,,,,,,,,,,,,,,,,,446677,-1.1328935623168945,-25.22452735900879,0.008131489157676697,0.3719964623451233,2.9872388291735504e-05
0.4498162182800731,0.0,1.0,0.0,0.0,752.9923494008424,32.59682317434701,120.64738590453774,45.04999999999958,0.0,0.0,0.4431567328918322,757.439468100667,1,0.0,,,,,,,,,,,,,,,,,,,,,,,,,,,,,,,,,,,,,,,,,448350,1.8863441944122314,-25.283756256103516,0.008136073127388954,0.19407838582992554,2.9691779888750003e-05
,,,,,,,,,,,,,,,,,,,,,,0.06876315921545029,12.217935562133789,1.230425477027893,0.3539849817752838,0.35300785303115845,1.2220478057861328,4.78399133682251,0.28689900040626526,14.813822746276855,24.62744903564453,0.4037243723869324,21.305728912353516,0.14453139901161194,0.151956245303154,0.17787931859493256,0.015198786742985249,0.2649824619293213,22.11949920654297,0.16673877835273743,10.055340766906738,0.2613433003425598,5.8720316886901855,11.60035228729248,0.29296088218688965,0.3632035255432129,0.3179367184638977,25.268798828125,21.013126373291016,1.5445717573165894,0.18424168229103088,0.0222010500729084,23.555315017700195,0.07303131371736526,449999,1.5722582340240479,-27.499143600463867,0.008142802864313126,0.16655558347702026,2.9514307460099493e-05
0.6849676404016283,0.0,1.0,0.0,0.0,1340.4816722659866,45.851086743310184,266.2085386934346,6.099999999999986,0.0,0.0,0.5349693251533743,1245.822104955092,2,0.0,,,,,,,,,,,,,,,,,,,,,,,,,,,,,,,,,,,,,,,,,450306,0.6378394365310669,-26.453197479248047,0.008142683655023575,0.2806280851364136,2.9481326556782003e-05
0.5750294342061072,0.0,1.0,0.0,0.0,723.3870282312828,39.26929663621382,162.92679533543935,21.150000000000166,0.0,0.0,0.3415765069551777,685.7876607524231,1,0.0,,,,,,,,,,,,,,,,,,,,,,,,,,,,,,,,,,,,,,,,,451563,-0.006564021110534668,-26.658321380615234,0.008140861988067627,0.2953433394432068,2.934648309541551e-05
,,,,,,,,,,,,,,,21759,958.48,461564,0.16314536333084106,692,549.22896393,21,,,,,,,,,,,,,,,,,,,,,,,,,,,,,,,,,,,,,,,
0.4889043272813751,0.0,1.0,0.0,0.0,324.1435689875517,38.65005274207343,286.16251715553807,4.499999999999992,0.0,0.0,0.1826595226497808,355.68075000680983,2,0.0,,,,,,,,,,,,,,,,,,,,,,,,,,,,,,,,,,,,,,,,,452225,2.0836856365203857,-24.698566436767578,0.008136756718158722,0.287339448928833,2.92755940871875e-05
0.7753360202796958,0.0,0.0,0.0,0.0,870.7023507740984,46.56736217610344,48.59012888632418,10.450000000000014,1.0,0.0,0.35961828227021597,726.0290093142539,1,0.0,,,,,,,,,,,,,,,,,,,,,,,,,,,,,,,,,,,,,,,,,453347,1.4412322044372559,-26.434062957763672,0.008128050714731216,0.19196341931819916,2.9155646019695513e-05
0.730876754150851,0.0,0.0,0.0,0.0,441.449559507114,43.85542645069154,92.45261924855534,5.749999999999988,1.0,0.0,0.2137619853355894,367.6544652301818,2,0.0,,,,,,,,,,,,,,,,,,,,,,,,,,,,,,,,,,,,,,,,,453950,2.103336811065674,-25.281421661376953,0.008113951422274113,0.3665444254875183,2.909128544875e-05
0.6473749883430456,0.0,0.0,0.0,0.0,166.37537200416273,41.92986206375897,0.0,4.849999999999991,1.0,0.0,0.08728448275862069,149.45993053726852,0,0.0,,,,,,,,,,,,,,,,,,,,,,,,,,,,,,,,,,,,,,,,,454206,-3.726717472076416,-25.46160125732422,0.008112369105219841,0.16200537979602814,2.9063983438382005e-05
,,,,,,,,,,,,,,,21886,954.26,464207,0.162985697388649,696,551.01726004,21,,,,,,,,,,,,,,,,,,,,,,,,,,,,,,,,,,,,,,,
0.6189049446256549,0.0,1.0,0.0,0.0,397.33697444967044,41.412665538886316,44.86213315434714,10.600000000000016,0.0,0.0,0.22099125364431488,369.0302983550355,1,0.0,,,,,,,,,,,,,,,,,,,,,,,,,,,,,,,,,,,,,,,,,454847,2.571429491043091,-24.926414489746094,0.00810338743031025,0.16997644305229187,2.8995678974195507e-05
0.39492562757184285,0.0,1.0,0.0,0.0,696.2538814091589,35.76449322185397,373.7626232497216,20.70000000000016,0.0,0.0,0.4574353448275862,875.3079999182373,5,0.0,,,,,,,,,,,,,,,,,,,,,,,,,,,,,,,,,,,,,,,,,456609,1.9795140027999878,-26.300086975097656,0.008100799284875393,0.30369311571121216,2.8808342908659495e-05
0.6657329335229362,0.0,0.0,0.0,0.0,1751.543348098845,41.67892582667062,260.3759043848422,28.45000000000027,0.0,1.0,1.0,1522.3777801170945,2,0.0,,,,,,,,,,,,,,,,,,,,,,,,,,,,,,,,,,,,,,,,,459239,0.7456779479980469,-25.546857833862305,0.008121239952743053,0.16098271310329437,2.852987029253951e-05
0.5321609422276453,0.0,0.0,0.0,0.0,254.37293038481448,37.47748932867685,75.83030800034392,8.09999999999998,1.0,0.0,0.15808823529411764,248.567849740386,0,0.0,,,,,,,,,,,,,,,,,,,,,,,,,,,,,,,,,,,,,,,,,459716,-0.9038811326026917,-25.651111602783203,0.008123249746859074,0.1822722852230072,2.8479511505272e-05
,,,,,,,,,,,,,,,22149,973.61,469717,0.16264455020427704,700,564.24197398,21,,,,,,,,,,,,,,,,,,,,,,,,,,,,,,,,,,,,,,,
,,,,,,,,,,,,,,,,,,,,,,0.0693877637386322,11.976421356201172,1.3143818378448486,0.36165279150009155,0.3671621084213257,1.0889906883239746,4.733838081359863,0.27934205532073975,14.719895362854004,24.67302131652832,0.4217439591884613,21.974491119384766,0.14330977201461792,0.1506659984588623,0.1769750565290451,0.013699740171432495,0.2764438986778259,22.409807205200195,0.16739627718925476,9.777015686035156,0.2600984573364258,5.720901966094971,11.420268058776855,0.299964040517807,0.3725528120994568,0.32847899198532104,25.416650772094727,20.675193786621094,1.5693901777267456,0.18517950177192688,0.023003846406936646,23.844104766845703,0.07197019457817078,459999,-1.8323605060577393,-26.67104148864746,0.008119063451886177,0.2449161857366562,2.8449655470099498e-05
0.6967044601638318,0.0,1.0,0.0,0.0,300.9763267907753,45.499533070315984,40.657098921374995,1.4500000000000006,0.0,0.0,0.17504774029280712,272.6801813393831,1,0.0,,,,,,,,,,,,,,,,,,,,,,,,,,,,,,,,,,,,,,,,,460147,0.41471487283706665,-26.170486450195312,0.008118323981761932,0.22469200193881989,2.8434048060095504e-05
0.6431104232381848,0.0,1.0,0.0,0.0,578.1562704911281,41.38578680428707,276.09913881268125,6.8999999999999835,0.0,0.0,0.2846441947565543,516.474900841713,2,0.0,,,,,,,,,,,,,,,,,,,,,,,,,,,,,,,,,,,,,,,,,461045,0.30918246507644653,-25.92366600036621,0.008116875775158405,0.22288790345191956,2.8339442506487508e-05
0.48606289735242536,0.0,1.0,0.0,0.0,135.61154836132667,38.35673619943343,46.26736205053727,0.6,0.0,0.0,0.07428278688524591,148.4201665376313,0,0.0,,,,,,,,,,,,,,,,,,,,,,,,,,,,,,,,,,,,,,,,,461323,-7.469067096710205,-26.655349731445312,0.008126894943416119,0.2334868311882019,2.8310187347735502e-05
0.458205860410906,0.0,1.0,0.0,0.0,263.01016387586003,40.166538164582214,122.77869246970216,5.849999999999987,0.0,0.0,0.2190903267136451,319.9525854839012,1,0.0,,,,,,,,,,,,,,,,,,,,,,,,,,,,,,,,,,,,,,,,,461896,0.6855337619781494,-25.527469635009766,0.008126117289066315,0.1986856758594513,2.8249936564192004e-05
,,,,,,,,,,,,,,,22263,970.57,471897,0.1625124216079712,704,563.32965691,21,,,,,,,,,,,,,,,,,,,,,,,,,,,,,,,,,,,,,,,
0.6934351215610544,0.0,1.0,0.0,0.0,626.8653498911931,43.4578064588702,245.87481281331097,3.899999999999994,0.0,0.0,0.2846111417539989,545.3238745033741,3,0.0,,,,,,,,,,,,,,,,,,,,,,,,,,,,,,,,,,,,,,,,,462799,0.7318315505981445,-26.5714111328125,0.008131845854222775,0.2123621702194214,2.8155118992899512e-05
0.013849127483787237,0.0,1.0,0.0,0.0,1.3572144934111492,31.330924231147854,0.0,4.299999999999993,0.0,0.0,0.02205177372962608,42.36622393038124,0,0.0,,,,,,,,,,,,,,,,,,,,,,,,,,,,,,,,,,,,,,,,,462896,-2.080213785171509,-25.018863677978516,0.00812989566475153,0.28382739424705505,2.8144943368192e-05
0.5692363561684499,0.0,1.0,0.0,0.0,647.790973319696,42.80379269839368,320.39212471982603,1.3500000000000005,0.0,0.0,0.4484304932735426,676.2338556079194,2,0.0,,,,,,,,,,,,,,,,,,,,,,,,,,,,,,,,,,,,,,,,,464033,-1.2281885147094727,-24.928325653076172,0.008135639131069183,0.3768928647041321,2.8025807866355505e-05
0.7104332676582575,0.0,1.0,0.0,0.0,382.21309800014257,44.8479208760337,75.9575906897486,7.299999999999982,0.0,0.0,0.17714285714285713,334.87228017579764,2,0.0,,,,,,,,,,,,,,,,,,,,,,,,,,,,,,,,,,,,,,,,,464570,-0.021814189851284027,-26.171741485595703,0.00813700444996357,0.19294998049736023,2.7969630147550008e-05
,,,,,,,,,,,,,,,22395,970.54,474571,0.16236133873462677,708,562.9778817800001,21,,,,,,,,,,,,,,,,,,,,,,,,,,,,,,,,,,,,,,,
0.6960328538967147,0.0,1.0,0.0,0.0,766.3321721402829,44.45805893914614,210.16086045786338,4.849999999999991,0.0,0.0,0.440625,679.4671780019999,3,0.0,,,,,,,,,,,,,,,,,,,,,,,,,,,,,,,,,,,,,,,,,465670,1.374758005142212,-27.326107025146484,0.008146504871547222,0.19428429007530212,2.7854733915549994e-05
0.6804133095522367,0.0,1.0,0.0,0.0,537.526514546267,45.55986266338481,87.88583684772921,5.699999999999988,0.0,0.0,0.24727272727272728,499.5745553523302,2,0.0,,,,,,,,,,,,,,,,,,,,,,,,,,,,,,,,,,,,,,,,,466459,0.0763355940580368,-26.293901443481445,0.008142800070345402,0.27534985542297363,2.7772470278759502e-05
0.5970334433847744,0.0,1.0,0.0,0.0,531.3597646124492,42.86074117827342,260.7460199785096,3.7499999999999947,0.0,0.0,0.3037409268565047,529.5330572044477,3,0.0,,,,,,,,,,,,,,,,,,,,,,,,,,,,,,,,,,,,,,,,,467348,1.5039746761322021,-25.663476943969727,0.00814437959343195,0.2466098666191101,2.7679928753848e-05
0.6806334485451524,1.0,0.0,0.0,0.0,811.3150706658216,43.68467384525665,188.83837819129877,8.09999999999998,0.0,0.0,0.33006244424620873,723.0484716026112,1,0.0,,,,,,,,,,,,,,,,,,,,,,,,,,,,,,,,,,,,,,,,,468539,0.022001802921295166,-27.3565616607666,0.008150207810103893,0.22565007209777832,2.7556196664839496e-05
,,,,,,,,,,,,,,,22596,973.5,478540,0.1621377170085907,712,568.3469401299999,21,,,,,,,,,,,,,,,,,,,,,,,,,,,,,,,,,,,,,,,
0.17296535875651395,0.0,0.0,0.0,0.0,26.63666524850315,24.577978124757845,0.0,6.749999999999984,1.0,0.0,0.0337798485730926,52.347350297961384,0,0.0,,,,,,,,,,,,,,,,,,,,,,,,,,,,,,,,,,,,,,,,,468692,-4.07788610458374,-25.970178604125977,0.008150405250489712,0.3126024901866913,2.754032207096801e-05
0.5347128027010026,0.0,1.0,0.0,0.0,433.6520829905131,42.25503097842264,103.22890283067882,10.90000000000002,0.0,0.0,0.19207836456558774,475.5554394107312,1,0.0,,,,,,,,,,,,,,,,,,,,,,,,,,,,,,,,,,,,,,,,,469502,1.6893692016601562,-26.981409072875977,0.008158042095601559,0.2859441637992859,2.7456357716398e-05
,,,,,,,,,,,,,,,,,,,,,,0.06745214760303497,12.279610633850098,1.2195285558700562,0.33686599135398865,0.3713087737560272,1.1777434349060059,4.609427452087402,0.30446910858154297,14.04318618774414,23.02016258239746,0.42442089319229126,21.078685760498047,0.16287831962108612,0.15814296901226044,0.18739758431911469,0.015167568810284138,0.2714618444442749,21.804412841796875,0.177858367562294,11.130495071411133,0.27548912167549133,6.1101603507995605,12.154175758361816,0.3080437183380127,0.3761134743690491,0.3190753161907196,25.70218849182129,21.39139747619629,1.5791410207748413,0.1808551698923111,0.02310839109122753,23.919221878051758,0.07868970185518265,469999,1.6743409633636475,-25.837003707885742,0.008158290758728981,0.30140334367752075,2.740490348009949e-05
0.6137885330014689,0.0,1.0,0.0,0.0,854.3936379380447,43.061895285654835,400.5635044032081,2.799999999999998,0.0,0.0,0.4044256120527307,832.0423121266067,4,0.0,,,,,,,,,,,,,,,,,,,,,,,,,,,,,,,,,,,,,,,,,470893,0.7446944117546082,-26.376323699951172,0.008159555494785309,0.2352210432291031,2.73124717061755e-05
0.6685922504432906,0.0,1.0,0.0,0.0,377.0860292500159,44.751507900661764,157.69329678906706,1.4000000000000006,0.0,0.0,0.19014084507042253,350.2602179357782,2,0.0,,,,,,,,,,,,,,,,,,,,,,,,,,,,,,,,,,,,,,,,,471456,-1.3247958421707153,-26.29668426513672,0.008163124322891235,0.2743024230003357,2.7254344053632007e-05
,,,,,,,,,,,,,,,22733,972.32,481457,0.1619976907968521,716,568.3270152299999,21,,,,,,,,,,,,,,,,,,,,,,,,,,,,,,,,,,,,,,,
0.5869907658180287,0.0,1.0,0.0,0.0,653.9077131212839,42.30065971899269,171.74108486140878,7.399999999999982,0.0,0.0,0.34623217922606925,654.0916879521683,2,0.0,,,,,,,,,,,,,,,,,,,,,,,,,,,,,,,,,,,,,,,,,472569,-1.2570405006408691,-26.462440490722656,0.008152461610734463,0.3058491349220276,2.7139616556219503e-05
0.722150107844664,0.0,1.0,0.0,0.0,1790.210117346922,44.90349865494205,232.778193741869,11.950000000000035,0.0,0.0,0.6695690030474531,1545.5831940956414,3,0.0,,,,,,,,,,,,,,,,,,,,,,,,,,,,,,,,,,,,,,,,,475047,-1.2813222408294678,-26.443504333496094,0.008139667101204395,0.2517150938510895,2.6885070924795504e-05
-0.07317837944954375,0.0,1.0,0.0,0.0,-5.342021699816694,23.348224580765642,0.0,3.599999999999995,0.0,0.0,0.012896825396825396,23.50305302068591,0,0.0,,,,,,,,,,,,,,,,,,,,,,,,,,,,,,,,,,,,,,,,,475119,-1.0067150592803955,-24.881935119628906,0.008136814460158348,0.2201385498046875,2.6877693194019493e-05
0.6666468222364358,0.0,1.0,0.0,0.0,680.646405503401,45.234238182921146,227.0630390180171,3.2499999999999964,0.0,0.0,0.2943246810382754,641.0632245158777,1,0.0,,,,,,,,,,,,,,,,,,,,,,,,,,,,,,,,,,,,,,,,,476139,-1.2159241437911987,-26.76089096069336,0.008128088898956776,0.23540636897087097,2.67732861684395e-05
,,,,,,,,,,,,,,,22958,947.35,486140,0.1617337018251419,720,573.4395674599999,21,,,,,,,,,,,,,,,,,,,,,,,,,,,,,,,,,,,,,,,
0.6010615009094129,0.0,0.0,0.0,0.0,1099.3414851633163,41.2939452967693,114.9398048083967,37.350000000000016,1.0,0.0,0.48936170212765956,1048.459389727097,2,0.0,,,,,,,,,,,,,,,,,,,,,,,,,,,,,,,,,,,,,,,,,477967,0.020848199725151062,-25.73630142211914,0.008112074807286263,0.25216805934906006,2.6586690412355497e-05
,,,,,,,,,,,,,,,,,,,,,,0.07277525961399078,12.166287422180176,1.3122539520263672,0.33774495124816895,0.3770059645175934,1.0918406248092651,5.047793865203857,0.28729650378227234,13.537745475769043,23.426462173461914,0.41337117552757263,22.786540985107422,0.15164652466773987,0.15844789147377014,0.18719762563705444,0.014219610020518303,0.2967609763145447,22.40704917907715,0.16560764610767365,10.518415451049805,0.2657640278339386,6.06298303604126,11.486778259277344,0.3118892014026642,0.36838945746421814,0.32304781675338745,25.55200958251953,20.406465530395508,1.5614936351776123,0.17630910873413086,0.02251242846250534,23.948148727416992,0.07896138727664948,479999,-4.151284217834473,-26.99481201171875,0.008089253678917885,0.22036826610565186,2.6380051490099495e-05
0.6574386886425111,0.0,0.0,0.0,0.0,1974.9458206821032,42.41556648474066,270.5070472163309,36.95000000000004,0.0,1.0,1.0,1769.0436867841054,2,0.0,,,,,,,,,,,,,,,,,,,,,,,,,,,,,,,,,,,,,,,,,480970,-3.1565146446228027,-27.524044036865234,0.008083932101726532,0.22142426669597626,2.628159831955e-05
0.54781569682249,0.0,1.0,0.0,0.0,270.6209542303101,38.30525036949959,136.4974760761067,7.349999999999982,0.0,0.0,0.11713665943600868,262.55706680659205,2,0.0,,,,,,,,,,,,,,,,,,,,,,,,,,,,,,,,,,,,,,,,,481463,-0.7886770963668823,-27.00579833984375,0.008085659705102444,0.20858559012413025,2.6231683096715494e-05
0.21471722122432035,0.0,1.0,0.0,0.0,149.44318597212697,21.10241258147539,0.0,34.75000000000016,0.0,0.0,0.09928762243989314,203.64901277702302,0,0.0,,,,,,,,,,,,,,,,,,,,,,,,,,,,,,,,,,,,,,,,,482158,-0.7668819427490234,-26.783418655395508,0.008080286905169487,0.17658594250679016,2.6161397947918005e-05
,,,,,,,,,,,,,,,23245,992.1,492159,0.1614006608724594,724,598.7319131300001,21,,,,,,,,,,,,,,,,,,,,,,,,,,,,,,,,,,,,,,,
0.5868813028816243,0.0,1.0,0.0,0.0,897.3415121060036,44.996389796642845,255.14108288074073,6.349999999999985,0.0,0.0,0.4406779661016949,955.0264054820291,2,0.0,,,,,,,,,,,,,,,,,,,,,,,,,,,,,,,,,,,,,,,,,483686,-5.111751079559326,-26.740507125854492,0.00807616114616394,0.29035672545433044,2.6007209726301996e-05
0.5254778402121274,0.0,1.0,0.0,0.0,467.14979994858123,41.170420502035846,274.3096747201735,4.6499999999999915,0.0,0.0,0.26003917727717923,507.912849774817,3,0.0,,,,,,,,,,,,,,,,,,,,,,,,,,,,,,,,,,,,,,,,,484574,0.9976596832275391,-27.063833236694336,0.008075394667685032,0.2230745255947113,2.5917816426861998e-05
0.6115316672710132,0.0,1.0,0.0,0.0,266.0162752628907,41.36329062527332,105.83948870915896,4.749999999999991,0.0,0.0,0.1558960692871419,249.54715027380735,2,0.0,,,,,,,,,,,,,,,,,,,,,,,,,,,,,,,,,,,,,,,,,485008,-2.8268065452575684,-27.614219665527344,0.008080178871750832,0.1953718066215515,2.5874183546368002e-05
0.523212997642449,0.0,1.0,0.0,0.0,183.12454917485715,39.844135454532406,65.70203023522147,1.3500000000000005,0.0,0.0,0.0950514453699167,193.32437199074775,1,0.0,,,,,,,,,,,,,,,,,,,,,,,,,,,,,,,,,,,,,,,,,485357,-1.9512455463409424,-26.746723175048828,0.008079365827143192,0.2591710686683655,2.5839123466175497e-05
,,,,,,,,,,,,,,,23401,990.84,495358,0.16125310957431793,728,593.97462929,21,,,,,,,,,,,,,,,,,,,,,,,,,,,,,,,,,,,,,,,
0.690566703030944,0.0,1.0,0.0,0.0,1418.424008025559,47.126853876747056,277.50071602252643,6.999999999999983,0.0,0.0,0.9227696404793608,1344.089159404859,4,0.0,,,,,,,,,,,,,,,,,,,,,,,,,,,,,,,,,,,,,,,,,487410,1.6485450267791748,-27.292207717895508,0.00810520350933075,0.2535305917263031,2.563337245595e-05
0.5539142049902998,0.0,1.0,0.0,0.0,1164.8815730946003,41.26225865589375,374.1001034252873,30.300000000000296,0.0,0.0,0.48160396858205873,1204.8398677762598,5,0.0,,,,,,,,,,,,,,,,,,,,,,,,,,,,,,,,,,,,,,,,,489512,0.187383234500885,-27.3679256439209,0.00813715998083353,0.25747448205947876,2.5423579695328006e-05
,,,,,,,,,,,,,,,,,,,,,,0.0726390928030014,12.679841995239258,1.2299094200134277,0.35099634528160095,0.37133270502090454,1.151360034942627,5.043933868408203,0.30191874504089355,12.624773025512695,24.372583389282227,0.4154384434223175,22.430316925048828,0.1501348316669464,0.16398358345031738,0.17578375339508057,0.014890101738274097,0.29008275270462036,22.253162384033203,0.15841764211654663,10.425104141235352,0.277784526348114,6.36825704574585,11.000248908996582,0.3008914589881897,0.3600401282310486,0.32047396898269653,25.000566482543945,21.479368209838867,1.9044060707092285,0.16327138245105743,0.02742588333785534,23.26608657836914,0.08235824108123779,489999,-0.4045921266078949,-26.06295394897461,0.008140403777360916,0.23108094930648804,2.5375099500099488e-05
0.48438437166157267,0.0,1.0,0.0,0.0,473.72791548501806,42.10212636515562,180.48381319838052,2.799999999999998,0.0,0.0,0.2635589421783953,571.5495821814984,2,0.0,,,,,,,,,,,,,,,,,,,,,,,,,,,,,,,,,,,,,,,,,490489,2.080379009246826,-26.569656372070312,0.008143956772983074,0.4633485972881317,2.5326368292539502e-05
0.2991664867857599,0.0,1.0,0.0,0.0,32.01081408607631,35.39930003519989,0.0,2.4499999999999993,0.0,0.0,0.031103286384976527,52.35020325239748,0,0.0,,,,,,,,,,,,,,,,,,,,,,,,,,,,,,,,,,,,,,,,,490595,2.2080016136169434,-26.192907333374023,0.008142916485667229,0.2785397171974182,2.53158327254875e-05
,,,,,,,,,,,,,,,23648,1013.43,500596,0.160987988114357,732,608.35870414,21,,,,,,,,,,,,,,,,,,,,,,,,,,,,,,,,,,,,,,,
0.48752226566774376,0.0,1.0,0.0,0.0,78.003562506839,39.99608055990664,2.210278771770956,2.6499999999999986,0.0,0.0,0.03644553644553645,88.55792050529271,0,0.0,,,,,,,,,,,,,,,,,,,,,,,,,,,,,,,,,,,,,,,,,490754,0.5663317441940308,-26.686038970947266,0.008150098845362663,0.20106980204582214,2.5300033567341996e-05
0.5113349640555467,0.0,1.0,0.0,0.0,106.86900748760925,41.95897740853245,40.111619560397365,2.3,0.0,0.0,0.05749128919860627,121.50197609048337,0,0.0,,,,,,,,,,,,,,,,,,,,,,,,,,,,,,,,,,,,,,,,,490962,-0.18896740674972534,-27.416645050048828,0.008145618252456188,0.2351035475730896,2.5279373081678e-05
0.6064116233003755,0.0,1.0,0.0,0.0,164.94396153770214,41.086988870121715,0.0,4.099999999999993,0.0,0.0,0.08609271523178808,155.02336575626396,0,0.0,,,,,,,,,,,,,,,,,,,,,,,,,,,,,,,,,,,,,,,,,491233,1.9933907985687256,-27.570505142211914,0.008151399902999401,0.2766324281692505,2.5252467768755494e-05
0.5140823644736446,0.0,1.0,0.0,0.0,288.91428883418826,43.79228653543157,215.7991046507628,2.4499999999999993,0.0,0.0,0.1593607305936073,341.4378880588338,4,0.0,,,,,,,,,,,,,,,,,,,,,,,,,,,,,,,,,,,,,,,,,491794,2.156968116760254,-27.27800750732422,0.008164389058947563,0.2382655143737793,2.5196817234382e-05
,,,,,,,,,,,,,,,23708,990.65,501795,0.16093192994594574,736,591.3865749199999,21,,,,,,,,,,,,,,,,,,,,,,,,,,,,,,,,,,,,,,,
0.670715418711558,0.0,1.0,0.0,0.0,476.87866270391777,42.9037684515827,165.41088243679977,5.299999999999989,0.0,0.0,0.20682523267838676,423.34303220082074,1,0.0,,,,,,,,,,,,,,,,,,,,,,,,,,,,,,,,,,,,,,,,,492504,1.2062262296676636,-26.680278778076172,0.008174794726073742,0.3147927224636078,2.5126475866592004e-05
0.47578869738386437,0.0,1.0,0.0,0.0,206.968083361981,32.57131387520464,0.0,16.900000000000105,0.0,0.0,0.12251243781094527,196.60200907848775,0,0.0,,,,,,,,,,,,,,,,,,,,,,,,,,,,,,,,,,,,,,,,,492938,1.670390009880066,-26.393199920654297,0.008181910961866379,0.2414548099040985,2.5083527868478004e-05
0.24473381057249796,0.0,0.0,0.0,0.0,53.596704515377056,22.515745726151703,0.0,10.600000000000016,1.0,0.0,0.035221323179438366,68.23569752834737,0,0.0,,,,,,,,,,,,,,,,,,,,,,,,,,,,,,,,,,,,,,,,,493156,1.2248938083648682,-27.380701065063477,0.00818267185240984,0.22434204816818237,2.5061969053432e-05
0.5540488702015034,0.0,0.0,0.0,0.0,904.761805039055,35.60311469792039,268.1893126633381,37.25000000000002,1.0,0.0,0.4187192118226601,806.9582686359063,2,0.0,,,,,,,,,,,,,,,,,,,,,,,,,,,,,,,,,,,,,,,,,494788,0.7821415662765503,-25.68866729736328,0.008202818222343922,0.673628032207489,2.4900875031928e-05
,,,,,,,,,,,,,,,23850,992.65,504789,0.16077062487602234,740,593.37124571,21,,,,,,,,,,,,,,,,,,,,,,,,,,,,,,,,,,,,,,,
0.4112278793955514,0.0,0.0,0.0,0.0,244.68058824035307,28.983394236513696,0.0,22.000000000000178,1.0,0.0,0.17333333333333334,239.23859716951847,0,0.0,,,,,,,,,,,,,,,,,,,,,,,,,,,,,,,,,,,,,,,,,495382,1.5723906755447388,-26.462284088134766,0.008211389183998108,0.2416488081216812,2.4842373109438003e-05
0.033962432275848664,0.0,1.0,0.0,0.0,23.807665025369914,39.36556484411763,34.84999399690161,6.449999999999985,0.0,0.0,0.1858108108108108,382.875098656863,0,0.0,,,,,,,,,,,,,,,,,,,,,,,,,,,,,,,,,,,,,,,,,496082,2.378098487854004,-27.155424118041992,0.008226383477449417,0.34204918146133423,2.4773521577037997e-05
0.5381997504660206,0.0,1.0,0.0,0.0,124.86234210811679,41.2376579498973,73.14234927937274,2.3,0.0,0.0,0.07538549400342662,132.5863666906953,0,0.0,,,,,,,,,,,,,,,,,,,,,,,,,,,,,,,,,,,,,,,,,496313,1.2471973896026611,-26.379104614257812,0.008231982588768005,0.2369684875011444,2.47508219699155e-05
0.6118975864094107,0.0,1.0,0.0,0.0,974.1409575637819,42.165617065376075,357.408315478834,12.100000000000037,0.0,0.0,0.39211702559934986,931.8683882560581,2,0.0,,,,,,,,,,,,,,,,,,,,,,,,,,,,,,,,,,,,,,,,,497904,1.9108452796936035,-28.136058807373047,0.008268044330179691,0.29639121890068054,2.4594768084991997e-05
,,,,,,,,,,,,,,,23999,1004.43,507905,0.16060645878314972,744,594.4187170199999,21,,,,,,,,,,,,,,,,,,,,,,,,,,,,,,,,,,,,,,,
0.6518596949496254,0.0,1.0,0.0,0.0,239.23250804651252,42.758000352832084,0.0,2.799999999999998,0.0,0.0,0.11020822752666327,217.7993477480486,0,0.0,,,,,,,,,,,,,,,,,,,,,,,,,,,,,,,,,,,,,,,,,498270,-8.423254013061523,-26.29964828491211,0.008274414576590061,0.3426772654056549,2.455894009355e-05
0.46036267783930956,0.0,1.0,0.0,0.0,770.6471227030042,31.36465976941338,210.88433728051908,58.19999999999883,0.0,0.0,0.462819750148721,728.6403054657858,3,0.0,,,,,,,,,,,,,,,,,,,,,,,,,,,,,,,,,,,,,,,,,499943,2.2679998874664307,-25.41412925720215,0.008328824304044247,0.35702037811279297,2.43955083932755e-05
,,,,,,,,,,,,,,,,,,,,,,0.07401051372289658,13.210538864135742,1.2844027280807495,0.34474337100982666,0.38023999333381653,1.2211766242980957,4.990288734436035,0.2960442006587982,13.874150276184082,23.24492645263672,0.4309190809726715,22.246479034423828,0.14121590554714203,0.17310331761837006,0.17447754740715027,0.016001597046852112,0.2915050983428955,23.256269454956055,0.17149895429611206,9.521729469299316,0.27376651763916016,5.631988048553467,11.563616752624512,0.3003688156604767,0.3820633888244629,0.3449116051197052,25.76129150390625,20.892744064331055,1.6618818044662476,0.18179889023303986,0.024647217243909836,22.922924041748047,0.07379833608865738,499999,0.28410738706588745,-25.859651565551758,0.008331322111189365,0.3292468190193176,2.43900475100995e-05
0.6933088157171287,0.0,1.0,0.0,0.0,526.2213911293006,43.661482146411686,198.5810411791945,4.549999999999992,0.0,0.0,0.20931263858093127,460.05361507833004,2,0.0,,,,,,,,,,,,,,,,,,,,,,,,,,,,,,,,,,,,,,,,,500701,2.312898874282837,-25.803295135498047,0.008352403528988361,0.25345003604888916,2.4321644384399504e-05
0.6031824702941962,0.0,1.0,0.0,0.0,1424.7169948348915,45.17418636179164,626.7923743466422,5.1999999999999895,0.0,0.0,0.6693730266125395,1481.3846389371902,6,0.0,,,,,,,,,,,,,,,,,,,,,,,,,,,,,,,,,,,,,,,,,503062,2.599728584289551,-26.444908142089844,0.008421598002314568,0.2646256387233734,2.4092307276477997e-05
,,,,,,,,,,,,,,,24243,954.36,513063,0.16032329201698303,748,555.75296695,21,,,,,,,,,,,,,,,,,,,,,,,,,,,,,,,,,,,,,,,
0.5314449274752389,0.0,0.0,0.0,0.0,875.8212404791936,39.34515175586113,146.35663760906303,28.250000000000266,1.0,0.0,0.574585635359116,900.1779348654673,2,0.0,,,,,,,,,,,,,,,,,,,,,,,,,,,,,,,,,,,,,,,,,504709,-2.5454487800598145,-24.56591033935547,0.008479014039039612,0.2584601044654846,2.3932981790759504e-05
0.5311052378842979,0.0,1.0,0.0,0.0,475.33918790644657,42.99652604595908,217.72537110172172,6.249999999999986,0.0,0.0,0.23393532129357414,534.1126189009519,2,0.0,,,,,,,,,,,,,,,,,,,,,,,,,,,,,,,,,,,,,,,,,505603,1.1441394090652466,-26.224912643432617,0.008502727374434471,0.22761961817741394,2.3846725134095495e-05
0.7256842076093765,0.0,1.0,0.0,0.0,1648.7545196885033,45.37055934884239,319.0370985509944,21.100000000000165,0.0,0.0,0.6959427207637231,1431.1779369805008,6,0.0,,,,,,,,,,,,,,,,,,,,,,,,,,,,,,,,,,,,,,,,,507874,0.8424103260040283,-25.555301666259766,0.008562360890209675,0.24692505598068237,2.3628325247662006e-05
0.5803328026316686,0.0,1.0,0.0,0.0,258.2480971710925,38.91012378787001,79.2814536988051,7.049999999999983,0.0,0.0,0.1178500986193294,240.21022665686905,2,0.0,,,,,,,,,,,,,,,,,,,,,,,,,,,,,,,,,,,,,,,,,508318,1.6582741737365723,-26.482685089111328,0.008569859899580479,0.2865944802761078,2.3585746137838003e-05
,,,,,,,,,,,,,,,24503,963.48,518319,0.16007226705551147,752,560.51472567,21,,,,,,,,,,,,,,,,,,,,,,,,,,,,,,,,,,,,,,,
,,,,,,,,,,,,,,,,,,,,,,0.06885696947574615,12.890807151794434,1.2884293794631958,0.3381718397140503,0.3839876651763916,1.1200902462005615,4.6090240478515625,0.29802772402763367,14.221819877624512,22.635940551757812,0.43449294567108154,22.21363067626953,0.1475342959165573,0.17168690264225006,0.1827116459608078,0.014917981810867786,0.2958534061908722,23.29695701599121,0.17301003634929657,9.875386238098145,0.2773854732513428,5.42622709274292,11.580636024475098,0.31032800674438477,0.39135855436325073,0.3480471670627594,26.19605827331543,20.826997756958008,1.8060023784637451,0.18941405415534973,0.026980947703123093,23.300430297851562,0.0722694918513298,509999,-3.9565682411193848,-25.465530395507812,0.008609971962869167,0.2995462417602539,2.34248955200995e-05
0.6933698295758435,0.0,0.0,0.0,0.0,1649.5268245609316,46.12971871657444,532.2015124794062,6.299999999999986,0.0,1.0,1.0,1523.574862744892,3,0.0,,,,,,,,,,,,,,,,,,,,,,,,,,,,,,,,,,,,,,,,,510696,-0.8907890319824219,-26.31716537475586,0.008620526641607285,0.4131277799606323,2.3358366279392e-05
0.47103485967641423,0.0,1.0,0.0,0.0,210.55258227535717,44.84879288713105,160.00284906127317,0.49999999999999994,0.0,0.0,0.1473305954825462,278.185161578469,1,0.0,,,,,,,,,,,,,,,,,,,,,,,,,,,,,,,,,,,,,,,,,511142,2.2234864234924316,-26.157146453857422,0.008630109019577503,0.2883039116859436,2.3315845924318003e-05
0.3819619296398133,0.0,1.0,0.0,0.0,145.52749519276887,40.41274288768642,91.50678124532935,3.5499999999999954,0.0,0.0,0.11178414096916299,213.654365837574,0,0.0,,,,,,,,,,,,,,,,,,,,,,,,,,,,,,,,,,,,,,,,,511522,-1.577951192855835,-25.429603576660156,0.00863832700997591,0.4909977912902832,2.3279649050158e-05
0.6139049624667989,0.0,0.0,0.0,0.0,234.51169566231718,40.01341031587519,58.38725432001467,0.5499999999999999,1.0,0.0,0.08479412963717896,211.91053853929043,0,0.0,,,,,,,,,,,,,,,,,,,,,,,,,,,,,,,,,,,,,,,,,511903,2.677704334259033,-23.545528411865234,0.008647125214338303,0.310824453830719,2.32433857701955e-05
,,,,,,,,,,,,,,,24662,966.89,521904,0.15991264581680298,756,562.7595339999999,21,,,,,,,,,,,,,,,,,,,,,,,,,,,,,,,,,,,,,,,
0.04430079561952698,0.0,1.0,0.0,0.0,6.335013773592358,35.44802636611084,26.053329507997496,3.649999999999995,0.0,0.0,0.03572984749455338,70.09568565711379,0,0.0,,,,,,,,,,,,,,,,,,,,,,,,,,,,,,,,,,,,,,,,,512045,2.069000720977783,-26.094356536865234,0.008650326170027256,0.3024866282939911,2.3229877711487506e-05
0.48249222570293265,0.0,1.0,0.0,0.0,75.75127943536043,38.69234425926592,0.0,2.0500000000000007,0.0,0.0,0.056216931216931214,84.1675239186734,0,0.0,,,,,,,,,,,,,,,,,,,,,,,,,,,,,,,,,,,,,,,,,512201,1.5776610374450684,-26.412246704101562,0.008653596974909306,0.24557429552078247,2.3215042497899497e-05
-0.3971248784225115,0.0,1.0,0.0,0.0,-19.061994164280552,19.65782925784948,0.0,0.0,0.0,0.0,0.005378568473314025,12.992440020665526,0,0.0,,,,,,,,,,,,,,,,,,,,,,,,,,,,,,,,,,,,,,,,,512248,1.2165006399154663,-25.432613372802734,0.00865715928375721,0.2896963953971863,2.3210573863647994e-05
0.5776859952428278,0.0,1.0,0.0,0.0,270.93473176888625,37.713580195932,0.0,11.200000000000024,0.0,0.0,0.1467780429594272,245.44924638653174,0,0.0,,,,,,,,,,,,,,,,,,,,,,,,,,,,,,,,,,,,,,,,,512716,0.3948860764503479,-26.027992248535156,0.008671627379953861,0.27735695242881775,2.3166101657272005e-05
,,,,,,,,,,,,,,,24699,914.06,522717,0.15988436341285706,760,529.18085059,21,,,,,,,,,,,,,,,,,,,,,,,,,,,,,,,,,,,,,,,
0.4097400423120619,0.0,1.0,0.0,0.0,150.78433557083878,30.613060004104984,45.18355387132701,8.449999999999985,0.0,0.0,0.07671528903295516,156.18417621776462,1,0.0,,,,,,,,,,,,,,,,,,,,,,,,,,,,,,,,,,,,,,,,,513083,-2.1859848499298096,-25.803722381591797,0.008678879588842392,0.4440234303474426,2.3131257576455505e-05
0.22017317926835847,0.0,1.0,0.0,0.0,22.89801064390928,35.13653532980226,24.108836981589032,0.0,0.0,0.0,0.03234152652005175,50.44333773571998,0,0.0,,,,,,,,,,,,,,,,,,,,,,,,,,,,,,,,,,,,,,,,,513186,-2.2274365425109863,-25.557636260986328,0.008680539205670357,0.3582233488559723,2.3121483264301993e-05
0.43915582264251063,0.0,1.0,0.0,0.0,115.05882553233778,34.87272448549276,0.0,9.249999999999996,0.0,0.0,0.09248170326014638,126.61805174313486,0,0.0,,,,,,,,,,,,,,,,,,,,,,,,,,,,,,,,,,,,,,,,,513447,1.1060481071472168,-25.218982696533203,0.00868827011436224,0.3460696041584015,2.30967247999955e-05
0.3116684985772291,0.0,1.0,0.0,0.0,50.178628270933885,33.504761259144814,48.14663958531942,0.0,0.0,0.0,0.04672897196261682,74.71588511951268,0,0.0,,,,,,,,,,,,,,,,,,,,,,,,,,,,,,,,,,,,,,,,,513607,0.13129925727844238,-25.9244384765625,0.008694030344486237,0.35465008020401,2.3081553899675493e-05
,,,,,,,,,,,,,,,24739,888.62,523608,0.15985602140426636,764,509.86088608,21,,,,,,,,,,,,,,,,,,,,,,,,,,,,,,,,,,,,,,,
0.49269130177394044,0.0,1.0,0.0,0.0,86.22097781043958,40.98433395526798,0.0,4.549999999999992,0.0,0.0,0.06525573192239859,99.33864260744303,0,0.0,,,,,,,,,,,,,,,,,,,,,,,,,,,,,,,,,,,,,,,,,513781,0.13925670087337494,-26.243362426757812,0.00869525782763958,0.5267002582550049,2.3065061328119493e-05
0.5159540361149608,0.0,0.0,0.0,0.0,1454.4744278080746,33.35989490862657,189.51995282977117,98.29999999999656,1.0,0.0,0.676185619581846,1305.4403481557965,4,0.0,,,,,,,,,,,,,,,,,,,,,,,,,,,,,,,,,,,,,,,,,516599,1.4658093452453613,-24.518003463745117,0.008796975016593933,0.2747223377227783,2.2798796426699496e-05
0.558956149489145,0.0,1.0,0.0,0.0,163.7741518003195,43.0438362741684,129.18820045193831,0.0,0.0,0.0,0.07268170426065163,174.83851911779493,1,0.0,,,,,,,,,,,,,,,,,,,,,,,,,,,,,,,,,,,,,,,,,516891,0.7578508853912354,-25.07258415222168,0.008805414661765099,0.316154420375824,2.27712965251595e-05
0.620408790205812,0.0,1.0,0.0,0.0,201.63285681688888,43.60477677825806,50.853272146923,0.0,0.0,0.0,0.09104477611940298,196.52191313169897,0,0.0,,,,,,,,,,,,,,,,,,,,,,,,,,,,,,,,,,,,,,,,,517215,1.200050950050354,-23.86308479309082,0.00882169883698225,0.3097569942474365,2.2740802794387505e-05
,,,,,,,,,,,,,,,24910,889.15,527216,0.15972042083740234,768,511.26045851000003,21,,,,,,,,,,,,,,,,,,,,,,,,,,,,,,,,,,,,,,,
0.4459157267450196,0.0,1.0,0.0,0.0,86.95356671527882,38.84864606738483,88.94090217481374,0.0,0.0,0.0,0.04525862068965517,104.93271669000387,1,0.0,,,,,,,,,,,,,,,,,,,,,,,,,,,,,,,,,,,,,,,,,517409,-3.6063954830169678,-24.201324462890625,0.00882931612432003,0.41016435623168945,2.27225542014595e-05
0.6409422062091198,0.0,1.0,0.0,0.0,221.76600334835544,42.67969549593643,0.0,1.6000000000000008,0.0,0.0,0.14240506329113925,204.8993874238804,0,0.0,,,,,,,,,,,,,,,,,,,,,,,,,,,,,,,,,,,,,,,,,517754,1.106406569480896,-26.409503936767578,0.008835537359118462,0.37698522210121155,2.2690120309342002e-05
0.5710297087705972,0.0,1.0,0.0,0.0,193.57907127323247,41.0085244000606,114.17051458306368,0.7000000000000001,0.0,0.0,0.12890365448504984,192.86100885272026,1,0.0,,,,,,,,,,,,,,,,,,,,,,,,,,,,,,,,,,,,,,,,,518092,-0.2994914650917053,-25.382099151611328,0.008840801194310188,0.36153286695480347,2.2658367466167997e-05
0.7172719990532328,0.0,1.0,0.0,0.0,500.65585533915646,45.36707980432558,191.27792039894476,4.049999999999994,0.0,0.0,0.1762208067940552,439.55715697072446,3,0.0,,,,,,,,,,,,,,,,,,,,,,,,,,,,,,,,,,,,,,,,,518789,0.04070815443992615,-26.878490447998047,0.008866358548402786,0.49078160524368286,2.2592960748839507e-05
,,,,,,,,,,,,,,,24983,867.29,528790,0.15964701771736145,772,508.67461540999994,21,,,,,,,,,,,,,,,,,,,,,,,,,,,,,,,,,,,,,,,
-0.10281821664717039,0.0,1.0,0.0,0.0,-20.56364332943408,32.68735144196331,0.0,3.649999999999995,0.0,0.0,0.04102337891486546,90.58567354641855,0,0.0,,,,,,,,,,,,,,,,,,,,,,,,,,,,,,,,,,,,,,,,,518988,0.9807847142219543,-26.408065795898438,0.00886831246316433,0.322763055562973,2.2574304262328e-05
,,,,,,,,,,,,,,,,,,,,,,0.06344830244779587,12.83862590789795,1.2514227628707886,0.3511415421962738,0.39515379071235657,1.2060261964797974,4.303961753845215,0.3157636225223541,13.851170539855957,23.81938934326172,0.4184701442718506,22.86332893371582,0.15585985779762268,0.17843075096607208,0.1821404993534088,0.016761306673288345,0.31775370240211487,22.10919761657715,0.1868719607591629,10.57262134552002,0.29307061433792114,5.262710094451904,12.676301002502441,0.3181358575820923,0.3657374083995819,0.3259301781654358,24.80948829650879,21.087308883666992,1.709044098854065,0.19250304996967316,0.025194449350237846,22.890827178955078,0.073140949010849,519999,1.7320131063461304,-24.77786636352539,0.008893245831131935,0.26617103815078735,2.24796435300995e-05
0.5202465746939946,0.0,1.0,0.0,0.0,955.6929577128681,33.36388687994022,104.83588082756626,61.39999999999865,0.0,0.0,0.4501752628943415,850.8137319423258,1,0.0,,,,,,,,,,,,,,,,,,,,,,,,,,,,,,,,,,,,,,,,,520824,-2.2526514530181885,-24.3171443939209,0.008920508436858654,0.2915281653404236,2.2402548838112002e-05
0.6344174131713777,0.0,1.0,0.0,0.0,716.8916768836567,44.25774847533082,252.61505474637983,4.99999999999999,0.0,0.0,0.35499753815854257,694.1680339155719,2,0.0,,,,,,,,,,,,,,,,,,,,,,,,,,,,,,,,,,,,,,,,,521953,0.16628491878509521,-25.156391143798828,0.008958792313933372,0.2938862442970276,2.2297265423795498e-05
0.6199567580521782,0.0,1.0,0.0,0.0,212.6451680118971,43.58249271231943,88.96860437812245,0.0,0.0,0.0,0.0983524712930604,207.32879033125937,1,0.0,,,,,,,,,,,,,,,,,,,,,,,,,,,,,,,,,,,,,,,,,522295,1.831904649734497,-24.959131240844727,0.008967853151261806,0.45166999101638794,2.2265422718987504e-05
,,,,,,,,,,,,,,,25158,881.64,532296,0.15948399901390076,776,517.7702453100001,21,,,,,,,,,,,,,,,,,,,,,,,,,,,,,,,,,,,,,,,
0.6400092715164657,0.0,1.0,0.0,0.0,203.5229483422361,43.133019414943774,0.0,2.3499999999999996,0.0,0.0,0.09508716323296355,190.3524238243699,0,0.0,,,,,,,,,,,,,,,,,,,,,,,,,,,,,,,,,,,,,,,,,522612,1.654493808746338,-24.92001724243164,0.008977026678621769,0.300282746553421,2.2235928483128e-05
-0.15127900152088608,0.0,1.0,0.0,0.0,-8.622903086690506,23.705911425243315,0.5569637838686428,0.7500000000000001,0.0,0.0,0.008563273073263558,18.506886983290315,0,0.0,,,,,,,,,,,,,,,,,,,,,,,,,,,,,,,,,,,,,,,,,522668,1.3017774820327759,-25.88376808166504,0.008980635553598404,0.34764978289604187,2.2230720223288e-05
0.732675949425293,0.0,0.0,0.0,0.0,974.4590127356397,44.01652583945215,96.93420922710844,13.450000000000056,1.0,0.0,0.41182466870540263,812.8511864095926,2,0.0,,,,,,,,,,,,,,,,,,,,,,,,,,,,,,,,,,,,,,,,,523997,1.513017177581787,-25.460227966308594,0.009028330445289612,0.24753379821777344,2.2107300202895495e-05
0.5790098650589482,0.0,1.0,0.0,0.0,269.8185971174699,42.449177524276,99.466378262919,1.7500000000000009,0.0,0.0,0.12281488121918423,274.37764787022024,2,0.0,,,,,,,,,,,,,,,,,,,,,,,,,,,,,,,,,,,,,,,,,524462,-1.4030369520187378,-25.60430145263672,0.009042073041200638,0.27926719188690186,2.2064200129678e-05
,,,,,,,,,,,,,,,25256,867.05,534463,0.15941289067268372,780,510.5991436300001,21,,,,,,,,,,,,,,,,,,,,,,,,,,,,,,,,,,,,,,,
0.7178571638329418,0.0,0.0,0.0,0.0,720.0107353244407,45.481007426292884,59.543397173555874,8.599999999999987,1.0,0.0,0.328656233135456,633.233691316098,1,0.0,,,,,,,,,,,,,,,,,,,,,,,,,,,,,,,,,,,,,,,,,525464,1.217987298965454,-26.651174545288086,0.009070842526853085,0.25774186849594116,2.1971472681951994e-05
0.6347114917434112,0.0,0.0,0.0,0.0,289.42844023499555,41.51534170960134,46.79912686197837,3.699999999999995,1.0,0.0,0.17095115681233933,262.5872465260327,1,0.0,,,,,,,,,,,,,,,,,,,,,,,,,,,,,,,,,,,,,,,,,525919,0.9385729432106018,-26.201581954956055,0.00908649992197752,0.2416343092918396,2.19294318688195e-05
0.6794143345992575,0.0,1.0,0.0,0.0,389.30441372537456,46.34245524237188,130.40695372468173,9.299999999999997,0.0,0.0,0.17601809954751133,368.50472439825535,2,0.0,,,,,,,,,,,,,,,,,,,,,,,,,,,,,,,,,,,,,,,,,526491,2.5612220764160156,-24.612102508544922,0.009099365212023258,0.40560105443000793,2.1876639011559492e-05
0.7931206242338943,0.0,0.0,0.0,0.0,1506.929186044399,46.46725568088883,148.5525293755594,8.949999999999992,1.0,0.0,0.6271271271271271,1225.7538559027016,3,0.0,,,,,,,,,,,,,,,,,,,,,,,,,,,,,,,,,,,,,,,,,528390,-1.578829288482666,-25.818836212158203,0.0091466773301363,0.24318629503250122,2.1701837313949995e-05
,,,,,,,,,,,,,,,25432,855.93,538391,0.1592371016740799,784,504.70954972,21,,,,,,,,,,,,,,,,,,,,,,,,,,,,,,,,,,,,,,,
0.0160605273337421,0.0,1.0,0.0,0.0,1.4615079873705312,23.085057418357227,0.0,4.499999999999992,0.0,0.0,0.014652014652014652,29.00087444856763,0,0.0,,,,,,,,,,,,,,,,,,,,,,,,,,,,,,,,,,,,,,,,,528480,-0.23727861046791077,-25.123878479003906,0.009149734862148762,0.47171467542648315,2.1693570684800005e-05
0.7287568987021803,0.0,1.0,0.0,0.0,795.8025333827809,45.206455585963205,313.2483460974874,6.449999999999985,0.0,0.0,0.2692629815745394,685.4391333647072,4,0.0,,,,,,,,,,,,,,,,,,,,,,,,,,,,,,,,,,,,,,,,,529571,-0.47592130303382874,-25.26599884033203,0.009177329018712044,0.30718863010406494,2.1593488972079503e-05
0.16580501419599167,0.0,1.0,0.0,0.0,24.041727058418793,24.554972884947137,0.0,7.199999999999982,0.0,0.0,0.029686641011544807,49.25809554755688,0,0.0,,,,,,,,,,,,,,,,,,,,,,,,,,,,,,,,,,,,,,,,,529715,-0.66227126121521,-25.680583953857422,0.00918352697044611,0.25260257720947266,2.1580296981887504e-05
,,,,,,,,,,,,,,,,,,,,,,0.06910429149866104,12.978546142578125,1.31734037399292,0.3660958409309387,0.4001709222793579,1.1973336935043335,4.661652565002441,0.30377185344696045,14.100308418273926,24.69617462158203,0.4247180223464966,22.48796272277832,0.15448367595672607,0.17684735357761383,0.18604856729507446,0.016315026208758354,0.3064239025115967,22.255611419677734,0.16859005391597748,10.421194076538086,0.2800295650959015,5.388361930847168,11.372784614562988,0.3174421787261963,0.36997002363204956,0.32991695404052734,24.95751953125,20.550922393798828,1.635057806968689,0.1921326369047165,0.02423808164894581,23.296573638916016,0.07342252135276794,529999,0.5010204911231995,-26.174789428710938,0.00919248815625906,0.3717838227748871,2.15542915400995e-05
0.4755332944244526,0.0,0.0,0.0,0.0,357.1255041127639,35.097585490008704,157.26016199661987,9.850000000000005,1.0,0.0,0.22358722358722358,365.74010038748384,2,0.0,,,,,,,,,,,,,,,,,,,,,,,,,,,,,,,,,,,,,,,,,530465,1.4372106790542603,-26.1822452545166,0.009198893792927265,0.2775321304798126,2.15116554143875e-05
,,,,,,,,,,,,,,,25528,858.5,540466,0.1591838300228119,788,504.08961382,21,,,,,,,,,,,,,,,,,,,,,,,,,,,,,,,,,,,,,,,
0.6927923414380642,0.0,1.0,0.0,0.0,2187.838214261407,45.62465915063896,412.04534119234114,16.950000000000106,0.0,0.0,0.9574370709382151,2000.3363784179091,6,0.0,,,,,,,,,,,,,,,,,,,,,,,,,,,,,,,,,,,,,,,,,533622,0.8860479593276978,-25.924476623535156,0.009242377243936062,0.2961190938949585,2.1223947448957996e-05
0.15135405075284275,0.0,1.0,0.0,0.0,28.45456154153444,22.245227428857948,0.0,9.349999999999998,0.0,0.0,0.026293823038397328,57.91661336179823,0,0.0,,,,,,,,,,,,,,,,,,,,,,,,,,,,,,,,,,,,,,,,,533809,-0.9304016828536987,-27.20599365234375,0.00924254022538662,0.20670966804027557,2.12069677338595e-05
0.6861101649264455,0.0,1.0,0.0,0.0,521.4437253440985,43.01644978865838,110.34073150170953,6.699999999999984,0.0,0.0,0.23192287091590788,453.7778901234269,2,0.0,,,,,,,,,,,,,,,,,,,,,,,,,,,,,,,,,,,,,,,,,534568,-0.23462074995040894,-27.374540328979492,0.009243589825928211,0.3143291771411896,2.113812150908799e-05
0.6578061170307449,0.0,1.0,0.0,0.0,355.21530319660224,43.40746739531465,126.53905190219858,7.89999999999998,0.0,0.0,0.14695863746958637,325.2680330676958,1,0.0,,,,,,,,,,,,,,,,,,,,,,,,,,,,,,,,,,,,,,,,,535107,1.7351710796356201,-24.922807693481445,0.009245983324944973,0.4781481623649597,2.10893003241755e-05
,,,,,,,,,,,,,,,25739,835.44,545108,0.15899838507175446,792,498.54171439000004,21,,,,,,,,,,,,,,,,,,,,,,,,,,,,,,,,,,,,,,,
0.6742752020827454,0.0,0.0,0.0,0.0,2660.0156722164306,42.64047987934697,237.80889200275044,41.89999999999976,0.0,1.0,1.0,2335.4769773511216,2,0.0,,,,,,,,,,,,,,,,,,,,,,,,,,,,,,,,,,,,,,,,,539051,-0.3696250319480896,-27.99932861328125,0.009239887818694115,0.20314770936965942,2.0733822559799502e-05
0.44438590149633816,0.0,1.0,0.0,0.0,79.1006904663482,38.632812646889406,39.90893056184107,0.7500000000000001,0.0,0.0,0.046242774566473986,95.23301153071225,1,0.0,,,,,,,,,,,,,,,,,,,,,,,,,,,,,,,,,,,,,,,,,539228,1.7833187580108643,-25.406490325927734,0.009239442646503448,0.27853572368621826,2.0717941900407992e-05
0.2023861666782325,0.0,1.0,0.0,0.0,86.62127933828351,21.8524136157703,0.0,21.35000000000017,0.0,0.0,0.08463385354141657,129.57333834143355,0,0.0,,,,,,,,,,,,,,,,,,,,,,,,,,,,,,,,,,,,,,,,,539655,1.2263352870941162,-26.224246978759766,0.009241865947842598,0.1873759925365448,2.06796565929875e-05
,,,,,,,,,,,,,,,,,,,,,,0.06110052764415741,13.242796897888184,1.1570477485656738,0.3480101227760315,0.3837593197822571,1.312934160232544,4.172125816345215,0.3316711187362671,13.416363716125488,23.763168334960938,0.4215494394302368,22.409420013427734,0.15063580870628357,0.18203720450401306,0.17780642211437225,0.018047763034701347,0.3080427944660187,21.596019744873047,0.1777801513671875,10.285861015319824,0.3071233034133911,5.26518440246582,12.139357566833496,0.3025628328323364,0.384059339761734,0.3162723779678345,26.224714279174805,22.342529296875,1.8187510967254639,0.1844230592250824,0.02663549780845642,22.010765075683594,0.07237590849399567,539999,0.008068397641181946,-25.983932495117188,0.00923841167241335,0.2415001541376114,2.0648839550099498e-05
0.7341321303435934,0.0,1.0,0.0,0.0,1999.0417909256048,44.97532538229868,481.4921768464239,18.100000000000122,0.0,0.0,0.7202204323866045,1700.501647040248,8,0.0,,,,,,,,,,,,,,,,,,,,,,,,,,,,,,,,,,,,,,,,,542377,1.1685258150100708,-25.8594970703125,0.009236385114490986,0.23926016688346863,2.04364518378355e-05
,,,,,,,,,,,,,,,26079,881.71,552378,0.15872113406658173,796,528.7628002,21,,,,,,,,,,,,,,,,,,,,,,,,,,,,,,,,,,,,,,,
0.3471818307339838,0.0,1.0,0.0,0.0,232.95900842250313,26.316717225304544,0.0,33.500000000000234,0.0,0.0,0.16135204081632654,245.0291419448331,0,0.0,,,,,,,,,,,,,,,,,,,,,,,,,,,,,,,,,,,,,,,,,543047,-0.5950191020965576,-26.829612731933594,0.009237829595804214,0.26900380849838257,2.0376814928795506e-05
0.6588929407643205,0.0,1.0,0.0,0.0,2030.0491504948714,42.767639091353274,674.3393265239173,14.500000000000071,0.0,0.0,0.8163357400722022,1829.4992863759398,9,0.0,,,,,,,,,,,,,,,,,,,,,,,,,,,,,,,,,,,,,,,,,546127,1.6535425186157227,-27.702381134033203,0.009223084896802902,0.25730079412460327,2.0103812392835495e-05
0.5014903776221359,0.0,1.0,0.0,0.0,179.53355518872465,43.41639654320674,6.382057792972342,3.4999999999999956,0.0,0.0,0.10397074190177638,215.58407881949097,0,0.0,,,,,,,,,,,,,,,,,,,,,,,,,,,,,,,,,,,,,,,,,546484,-2.998322010040283,-25.82497787475586,0.009219536557793617,0.25046485662460327,2.0072291004472005e-05
0.294970228283213,0.0,1.0,0.0,0.0,38.6410999051009,36.79130316209346,35.23511867059322,0.0,0.0,0.0,0.041935483870967745,66.62666921690106,0,0.0,,,,,,,,,,,,,,,,,,,,,,,,,,,,,,,,,,,,,,,,,546614,1.343891978263855,-26.749155044555664,0.009219655767083168,0.2501048445701599,2.0060818927101998e-05
,,,,,,,,,,,,,,,26274,868.98,556615,0.15857890248298645,800,522.57744021,21,,,,,,,,,,,,,,,,,,,,,,,,,,,,,,,,,,,,,,,
0.6875738585973719,0.0,1.0,0.0,0.0,360.28870190502283,44.92964128758957,149.55361701266864,1.4500000000000006,0.0,0.0,0.1360278139939157,326.7343502296135,2,0.0,,,,,,,,,,,,,,,,,,,,,,,,,,,,,,,,,,,,,,,,,547137,0.5822726488113403,-26.626188278198242,0.009213893674314022,0.3311156630516052,2.0014699858515503e-05
-0.08255769276121304,0.0,1.0,0.0,0.0,-24.271961671796632,26.57084079628204,0.0,10.000000000000007,0.0,0.0,0.04825737265415549,108.12876363436226,0,0.0,,,,,,,,,,,,,,,,,,,,,,,,,,,,,,,,,,,,,,,,,547430,1.066320776939392,-27.53732681274414,0.009214184246957302,0.3487139046192169,1.9988886387550004e-05
0.6000555192004258,0.0,0.0,0.0,0.0,540.6500227995837,44.055223714839435,240.68832829086895,4.749999999999991,1.0,0.0,0.2941777323799796,550.8968849983066,2,0.0,,,,,,,,,,,,,,,,,,,,,,,,,,,,,,,,,,,,,,,,,548330,-1.1943217515945435,-26.973247528076172,0.009208298288285732,0.352059006690979,1.990970269555e-05
,,,,,,,,,,,,,,,,,,,,,,0.07036611437797546,13.574755668640137,1.2602885961532593,0.3579787313938141,0.3905572295188904,1.2373343706130981,4.836877346038818,0.3098950684070587,12.369637489318848,24.607004165649414,0.4007176458835602,22.366371154785156,0.15260714292526245,0.1857840120792389,0.18113656342029572,0.016934148967266083,0.30610600113868713,21.319499969482422,0.1861622929573059,10.490021705627441,0.28925564885139465,5.349762439727783,12.796560287475586,0.32801198959350586,0.350793719291687,0.31015264987945557,24.113115310668945,21.135160446166992,1.8369325399398804,0.16929076611995697,0.026723399758338928,23.96698570251465,0.07321681082248688,549999,2.2054226398468018,-26.840646743774414,0.00921021681278944,0.2578284442424774,1.9763287560099495e-05
0.7803025857959437,0.0,0.0,0.0,0.0,2355.733506517954,47.05241858122337,315.1711308113386,5.1999999999999895,0.0,1.0,1.0,1972.305972837843,3,0.0,,,,,,,,,,,,,,,,,,,,,,,,,,,,,,,,,,,,,,,,,551348,0.9695307612419128,-26.0728702545166,0.009206458926200867,0.34218811988830566,1.9645349921848004e-05
,,,,,,,,,,,,,,,26497,894.52,561349,0.15841630101203918,804,542.1238998099999,21,,,,,,,,,,,,,,,,,,,,,,,,,,,,,,,,,,,,,,,
0.5954599583021771,0.0,1.0,0.0,0.0,214.96104494708595,44.64806413381133,128.02705614051354,2.1500000000000004,0.0,0.0,0.10676965015901863,223.5445654541254,2,0.0,,,,,,,,,,,,,,,,,,,,,,,,,,,,,,,,,,,,,,,,,551708,2.142035484313965,-26.765186309814453,0.009202320128679276,0.26953205466270447,1.9613937787768e-05
0.7196207751901379,0.0,0.0,0.0,0.0,687.2378403065817,44.13230779565442,52.38803212261698,7.4499999999999815,1.0,0.0,0.27737881508078993,585.03104363475,1,0.0,,,,,,,,,,,,,,,,,,,,,,,,,,,,,,,,,,,,,,,,,552662,1.8273485898971558,-28.001192092895508,0.009197814390063286,0.22897236049175262,1.9530820361277998e-05
0.5320488183223424,0.0,1.0,0.0,0.0,277.1974343459404,42.83352490415062,128.53622347674585,2.000000000000001,0.0,0.0,0.16657652785289345,309.69394143112004,1,0.0,,,,,,,,,,,,,,,,,,,,,,,,,,,,,,,,,,,,,,,,,553182,-0.4271910786628723,-28.704233169555664,0.009199429303407669,0.2547089159488678,1.9485591529838e-05
0.5932883091086615,0.0,1.0,0.0,0.0,434.28704226754024,41.11853749080592,294.9492231083562,4.899999999999991,0.0,0.0,0.21967049425861207,417.6478484957479,2,0.0,,,,,,,,,,,,,,,,,,,,,,,,,,,,,,,,,,,,,,,,,553913,-3.6191213130950928,-27.629863739013672,0.009204378351569176,0.3124743700027466,1.94221012211155e-05
,,,,,,,,,,,,,,,26620,893.43,563914,0.15833735466003418,808,541.6784670699999,21,,,,,,,,,,,,,,,,,,,,,,,,,,,,,,,,,,,,,,,
0.45290441558310485,0.0,1.0,0.0,0.0,92.39250077895339,40.0939599175408,66.73233496713662,0.8500000000000002,0.0,0.0,0.05004351610095736,113.25951248873025,0,0.0,,,,,,,,,,,,,,,,,,,,,,,,,,,,,,,,,,,,,,,,,554116,-0.0034837275743484497,-26.63217544555664,0.00920406635850668,0.21080489456653595,1.9404488714872007e-05
0.767391791697709,0.0,0.0,0.0,0.0,2724.240860526867,46.112265132112825,225.41002025406107,20.450000000000156,0.0,1.0,1.0,2273.017907941714,3,0.0,,,,,,,,,,,,,,,,,,,,,,,,,,,,,,,,,,,,,,,,,557665,-4.792098045349121,-26.04636573791504,0.009183855727314949,0.24767720699310303,1.9097898446387502e-05
0.48934645258398074,0.0,1.0,0.0,0.0,260.33231277467775,42.456766021802096,77.54361902215054,3.399999999999996,0.0,0.0,0.14759825327510917,313.58898378536105,1,0.0,,,,,,,,,,,,,,,,,,,,,,,,,,,,,,,,,,,,,,,,,558196,1.8632451295852661,-26.549179077148438,0.009171668440103531,0.4661256670951843,1.9052242094391998e-05
0.3658405289737182,0.0,1.0,0.0,0.0,54.144398288110295,34.93663417183163,0.0,3.099999999999997,0.0,0.0,0.032951945080091534,71.59646531566978,0,0.0,,,,,,,,,,,,,,,,,,,,,,,,,,,,,,,,,,,,,,,,,558343,-0.18389847874641418,-28.398576736450195,0.009168331511318684,0.26446619629859924,1.9039612682075496e-05
,,,,,,,,,,,,,,,26836,898.04,568344,0.15817932784557343,812,546.52423258,21,,,,,,,,,,,,,,,,,,,,,,,,,,,,,,,,,,,,,,,
,,,,,,,,,,,,,,,,,,,,,,0.07009455561637878,14.355780601501465,1.230012059211731,0.3554193377494812,0.3739171624183655,1.3202345371246338,4.799734592437744,0.30399471521377563,12.892539978027344,24.33738899230957,0.40472811460494995,22.01656723022461,0.15316662192344666,0.19116471707820892,0.18572428822517395,0.017580531537532806,0.29317742586135864,21.666292190551758,0.18046052753925323,10.488105773925781,0.2809179425239563,5.19622278213501,12.357060432434082,0.3079074025154114,0.3582812249660492,0.3164110779762268,24.533355712890625,21.095924377441406,1.8180603981018066,0.17167988419532776,0.026550663635134697,23.12273597717285,0.06919404119253159,559999,-3.671926498413086,-25.64893341064453,0.00914500281214714,0.26789915561676025,1.88976355700995e-05
0.7068614361127373,0.0,0.0,0.0,0.0,2042.1226889296981,45.15858222993126,590.1227795238768,14.850000000000076,1.0,0.0,0.9908519153802172,1811.4187976876274,9,0.0,,,,,,,,,,,,,,,,,,,,,,,,,,,,,,,,,,,,,,,,,561231,1.202681541442871,-26.3460693359375,0.009123274125158787,0.24771998822689056,1.8792364108419494e-05
0.552590226579025,0.0,1.0,0.0,0.0,134.27942505870308,41.44679483011004,29.676587337535434,2.25,0.0,0.0,0.06923890063424948,139.63840984739363,0,0.0,,,,,,,,,,,,,,,,,,,,,,,,,,,,,,,,,,,,,,,,,561473,-2.0851173400878906,-27.300710678100586,0.00912211649119854,0.22957013547420502,1.8771721278035498e-05
0.242071000562717,0.0,1.0,0.0,0.0,27.35402306358702,34.65848151080788,34.303438073737,1.850000000000001,0.0,0.0,0.023611718408395276,54.11759182345122,0,0.0,,,,,,,,,,,,,,,,,,,,,,,,,,,,,,,,,,,,,,,,,561585,-3.8153390884399414,-28.93863296508789,0.009119872003793716,0.2214937061071396,1.8762171516387502e-05
0.6943293871585727,0.0,1.0,0.0,0.0,652.6696239290584,45.38527753106032,226.6906460541249,3.2999999999999963,0.0,0.0,0.3890290037831021,592.2788281952962,4,0.0,,,,,,,,,,,,,,,,,,,,,,,,,,,,,,,,,,,,,,,,,562524,-1.2720874547958374,-26.621679306030273,0.00910872034728527,0.40657663345336914,1.8682205192311996e-05
,,,,,,,,,,,,,,,27035,910.68,572525,0.1580384075641632,816,558.1708060399999,21,,,,,,,,,,,,,,,,,,,,,,,,,,,,,,,,,,,,,,,
0.5605892453345734,0.0,0.0,0.0,0.0,593.6640108093133,36.48810499824427,163.615645109942,24.25000000000021,1.0,0.0,0.3410616229408176,536.2569589409977,2,0.0,,,,,,,,,,,,,,,,,,,,,,,,,,,,,,,,,,,,,,,,,563582,1.1673662662506104,-27.71253776550293,0.009094801731407642,0.27321451902389526,1.8592314917037998e-05
0.6759578924042919,0.0,0.0,0.0,0.0,1719.6368782765187,44.18361503131342,350.4326547444218,13.350000000000055,1.0,0.0,0.7005119453924915,1560.6729365698993,4,0.0,,,,,,,,,,,,,,,,,,,,,,,,,,,,,,,,,,,,,,,,,566125,1.8268595933914185,-27.155702590942383,0.009053748100996017,0.2441568672657013,1.8377166554687502e-05
0.38235321898392993,0.0,1.0,0.0,0.0,113.17655281924326,42.457376980609574,69.70340510008069,4.099999999999993,0.0,0.0,0.11047619047619048,174.19884971622378,0,0.0,,,,,,,,,,,,,,,,,,,,,,,,,,,,,,,,,,,,,,,,,566420,-0.544883668422699,-28.176273345947266,0.00905418861657381,0.5390646457672119,1.8352291631799997e-05
0.6416610852662731,0.0,1.0,0.0,0.0,1578.4862697550318,40.263173585196505,532.7961873925727,35.8500000000001,0.0,0.0,0.8486842105263158,1375.0726931653917,5,0.0,,,,,,,,,,,,,,,,,,,,,,,,,,,,,,,,,,,,,,,,,568879,1.0963129997253418,-27.744661331176758,0.009030082263052464,0.26974859833717346,1.8145618215779496e-05
,,,,,,,,,,,,,,,27342,927.4,578880,0.15781496465206146,820,567.02622103,21,,,,,,,,,,,,,,,,,,,,,,,,,,,,,,,,,,,,,,,
0.6255724778172812,0.0,1.0,0.0,0.0,690.6320155102785,44.23191429989197,247.56042406861778,4.149999999999993,0.0,0.0,0.4158823529411765,677.8890780117363,2,0.0,,,,,,,,,,,,,,,,,,,,,,,,,,,,,,,,,,,,,,,,,569982,-0.2134033888578415,-27.10118293762207,0.009016597643494606,0.27580541372299194,1.8053304472238e-05
,,,,,,,,,,,,,,,,,,,,,,0.07502788305282593,14.059959411621094,1.3093268871307373,0.3439631462097168,0.38951677083969116,1.3319703340530396,5.0450568199157715,0.29749390482902527,13.099152565002441,23.128917694091797,0.42288312315940857,22.418764114379883,0.15407350659370422,0.18947772681713104,0.19635295867919922,0.01795017346739769,0.30212438106536865,22.204181671142578,0.18789726495742798,10.360276222229004,0.2733909487724304,5.441310882568359,12.63466739654541,0.3148386478424072,0.3679763078689575,0.33021092414855957,24.74361801147461,20.28663444519043,1.8832945823669434,0.17652949690818787,0.02800753526389599,23.36220932006836,0.07332931458950043,569999,1.1881521940231323,-27.1126766204834,0.009016141295433044,0.41457995772361755,1.8051883580099495e-05
0.4724172174111448,0.0,1.0,0.0,0.0,344.8645687101357,31.611630083906757,56.34014414358255,19.700000000000145,0.0,0.0,0.20597014925373133,320.27419340237975,1,0.0,,,,,,,,,,,,,,,,,,,,,,,,,,,,,,,,,,,,,,,,,570711,-0.09645496308803558,-27.638059616088867,0.00900693703442812,0.3532584309577942,1.79924249193395e-05
0.6365669333871168,0.0,1.0,0.0,0.0,197.3357493500062,42.856042646811936,0.0,5.249999999999989,0.0,0.0,0.1252336448598131,184.36336850002408,0,0.0,,,,,,,,,,,,,,,,,,,,,,,,,,,,,,,,,,,,,,,,,571020,1.302687168121338,-26.724552154541016,0.009003961458802223,0.38241302967071533,1.79666519198e-05
0.5092554063230194,0.0,1.0,0.0,0.0,115.09172182900238,39.60760689070061,81.02077175110063,0.39999999999999997,0.0,0.0,0.07764558547276143,124.10967222834006,0,0.0,,,,,,,,,,,,,,,,,,,,,,,,,,,,,,,,,,,,,,,,,571245,1.8273437023162842,-27.004501342773438,0.009003609418869019,0.270798921585083,1.7947897127487498e-05
,,,,,,,,,,,,,,,27454,890.87,581246,0.1577342450618744,824,545.56194713,21,,,,,,,,,,,,,,,,,,,,,,,,,,,,,,,,,,,,,,,
0.2713006727869968,0.0,0.0,0.0,0.0,179.0584440394179,22.149774674991644,0.0,32.75000000000028,1.0,0.0,0.10614793467819404,202.66627486096695,0,0.0,,,,,,,,,,,,,,,,,,,,,,,,,,,,,,,,,,,,,,,,,571904,-0.7703680992126465,-25.84524917602539,0.00899589341133833,0.38142862915992737,1.7893024388992002e-05
-0.008076748408850858,0.0,1.0,0.0,0.0,-1.3811239779134965,37.362464659989705,37.30840470569674,0.49999999999999994,0.0,0.0,0.05697445972495088,88.45841403584927,0,0.0,,,,,,,,,,,,,,,,,,,,,,,,,,,,,,,,,,,,,,,,,572074,2.0896408557891846,-25.713531494140625,0.008994358591735363,0.22948306798934937,1.7878883076862002e-05
0.46447953047506296,0.0,1.0,0.0,0.0,121.22915745399143,35.53107916755138,0.0,7.99999999999998,0.0,0.0,0.08299477655252467,128.58241869951598,0,0.0,,,,,,,,,,,,,,,,,,,,,,,,,,,,,,,,,,,,,,,,,572334,0.13626031577587128,-26.828699111938477,0.008992895483970642,0.2916634976863861,1.7857266311822e-05
-0.16684160469995757,0.0,1.0,0.0,0.0,-9.67681307259754,22.444607947590534,0.0,2.849999999999998,0.0,0.0,0.009321595028482652,17.877653085626662,0,0.0,,,,,,,,,,,,,,,,,,,,,,,,,,,,,,,,,,,,,,,,,572391,0.4513298273086548,-27.014293670654297,0.008992304094135761,0.3120935559272766,1.7852529049659497e-05
,,,,,,,,,,,,,,,27506,870.34,582392,0.15769536793231964,828,530.3200392099999,21,,,,,,,,,,,,,,,,,,,,,,,,,,,,,,,,,,,,,,,
0.6270533065284005,0.0,1.0,0.0,0.0,1473.5752703417413,41.54003668594165,566.8258022332175,6.999999999999983,0.0,0.0,0.6339077782952958,1355.2462541060522,7,0.0,,,,,,,,,,,,,,,,,,,,,,,,,,,,,,,,,,,,,,,,,574740,1.1350855827331543,-26.843585968017578,0.008980747312307358,0.24871878325939178,1.7657866326199997e-05
0.3767000821707585,0.0,1.0,0.0,0.0,155.57713393652327,29.887118329567276,0.0,15.80000000000009,0.0,0.0,0.09796367638965328,171.21673023700714,0,0.0,,,,,,,,,,,,,,,,,,,,,,,,,,,,,,,,,,,,,,,,,575152,0.6845550537109375,-26.492294311523438,0.008978850208222866,0.35412436723709106,1.7623836878848e-05
0.46868776230216325,0.0,0.0,0.0,0.0,251.68532835626166,30.543136191984313,0.0,19.900000000000148,1.0,0.0,0.1025390625,227.55033482424915,0,0.0,,,,,,,,,,,,,,,,,,,,,,,,,,,,,,,,,,,,,,,,,575688,-1.4734089374542236,-26.59602928161621,0.008974416181445122,0.28982019424438477,1.7579616117728002e-05
0.667629312689529,0.0,1.0,0.0,0.0,367.86375129193044,44.45203976905884,69.40886045314744,2.3499999999999996,0.0,0.0,0.22094430992736078,339.8168533463031,0,0.0,,,,,,,,,,,,,,,,,,,,,,,,,,,,,,,,,,,,,,,,,576238,-0.7443849444389343,-24.618207931518555,0.008969034068286419,0.2515408396720886,1.7534299768077994e-05
,,,,,,,,,,,,,,,27682,856.43,586239,0.15756988525390625,832,521.91661093,21,,,,,,,,,,,,,,,,,,,,,,,,,,,,,,,,,,,,,,,
0.6862050721543149,0.0,0.0,0.0,0.0,800.1151141319313,42.9193558190361,159.761459674001,15.500000000000085,1.0,0.0,0.43173652694610776,694.7221840750426,2,0.0,,,,,,,,,,,,,,,,,,,,,,,,,,,,,,,,,,,,,,,,,577403,1.125715732574463,-25.296417236328125,0.008968512527644634,0.3190407454967499,1.74385102986955e-05
0.44105609542621443,0.0,1.0,0.0,0.0,748.0311378428597,38.15980111906798,34.23094708465401,18.850000000000133,0.0,0.0,0.37905844155844154,898.3473524628207,0,0.0,,,,,,,,,,,,,,,,,,,,,,,,,,,,,,,,,,,,,,,,,579098,-1.2963647842407227,-26.450847625732422,0.008969970978796482,0.276510626077652,1.7299625133598002e-05
0.7098771270311188,0.0,1.0,0.0,0.0,474.1979208567874,44.01598528911298,177.42723090265747,4.499999999999992,0.0,0.0,0.25212636695018226,408.1069944705814,2,0.0,,,,,,,,,,,,,,,,,,,,,,,,,,,,,,,,,,,,,,,,,579765,0.4811682105064392,-26.808002471923828,0.008969154208898544,0.3894147276878357,1.7245129144887504e-05
,,,,,,,,,,,,,,,,,,,,,,0.07019529491662979,14.28622055053711,1.1545389890670776,0.3533141613006592,0.3667149543762207,1.3633241653442383,4.676861763000488,0.3176288902759552,12.973339080810547,23.540061950683594,0.4213750958442688,22.090715408325195,0.16178813576698303,0.1913873553276062,0.19460797309875488,0.018263962119817734,0.2959413528442383,21.295717239379883,0.1869618445634842,10.779366493225098,0.29574817419052124,4.982606887817383,12.456600189208984,0.2977738678455353,0.38052207231521606,0.31962865591049194,25.352827072143555,22.076295852661133,1.8985660076141357,0.17379915714263916,0.02849568799138069,22.22750473022461,0.0667501911520958,579999,0.3525584638118744,-26.667407989501953,0.008967113681137562,0.39426833391189575,1.7226031590099495e-05
0.6370096676716556,0.0,0.0,0.0,0.0,1819.93662053792,40.83006970387062,424.304305308982,43.149999999999686,0.0,1.0,1.0,1619.560731606558,3,0.0,,,,,,,,,,,,,,,,,,,,,,,,,,,,,,,,,,,,,,,,,582621,-1.2562053203582764,-27.1492919921875,0.00897296518087387,0.25529634952545166,1.7012786139279504e-05
,,,,,,,,,,,,,,,27979,908.27,592622,0.15732482075691223,836,553.95211066,21,,,,,,,,,,,,,,,,,,,,,,,,,,,,,,,,,,,,,,,
0.7700723537704054,0.0,1.0,0.0,0.0,751.5906172799157,46.60811112166103,93.43636377450593,6.199999999999986,0.0,0.0,0.270990670812972,631.5335886338726,2,0.0,,,,,,,,,,,,,,,,,,,,,,,,,,,,,,,,,,,,,,,,,583596,1.7649099826812744,-25.757793426513672,0.008980460464954376,0.309004545211792,1.6933839015992e-05
0.4526279813537473,0.0,1.0,0.0,0.0,105.91494763677687,38.175800731953075,99.2402835686289,0.0,0.0,0.0,0.07849393746011486,123.79494471475482,1,0.0,,,,,,,,,,,,,,,,,,,,,,,,,,,,,,,,,,,,,,,,,583829,-0.29778367280960083,-25.944862365722656,0.008980892598628998,0.2492079734802246,1.6915000683479494e-05
0.7496372902586501,0.0,0.0,0.0,0.0,2525.528030881392,45.92430013168384,395.66095517130805,18.450000000000127,0.0,1.0,1.0,2148.2004688633606,4,0.0,,,,,,,,,,,,,,,,,,,,,,,,,,,,,,,,,,,,,,,,,587197,0.4436454176902771,-27.886844635009766,0.008977407589554787,0.34435808658599854,1.66439005524955e-05
0.6992222613383283,0.0,0.0,0.0,0.0,937.6570524546983,45.502824195350264,207.83660672097506,6.999999999999983,1.0,0.0,0.422360248447205,847.1243633544073,2,0.0,,,,,,,,,,,,,,,,,,,,,,,,,,,,,,,,,,,,,,,,,588537,1.4108490943908691,-27.44986343383789,0.00896867923438549,0.24404577910900116,1.65366677667155e-05
,,,,,,,,,,,,,,,28265,937.49,598538,0.15712441504001617,840,580.73484778,21,,,,,,,,,,,,,,,,,,,,,,,,,,,,,,,,,,,,,,,
0.5764805871978778,0.0,1.0,0.0,0.0,212.72133667601688,40.05183419525518,81.07938836807654,0.0,0.0,0.0,0.13385826771653545,204.9494187105447,2,0.0,,,,,,,,,,,,,,,,,,,,,,,,,,,,,,,,,,,,,,,,,588905,-0.538725733757019,-27.269405364990234,0.008962911553680897,0.24773141741752625,1.6507281302987495e-05
,,,,,,,,,,,,,,,,,,,,,,0.06809721887111664,14.102397918701172,1.2490479946136475,0.36535876989364624,0.3713451027870178,1.3350435495376587,4.649714946746826,0.2973025143146515,13.903190612792969,24.946895599365234,0.40232962369918823,22.363643646240234,0.14983734488487244,0.18719708919525146,0.179715096950531,0.017721544951200485,0.29685795307159424,21.484516143798828,0.18651795387268066,10.230975151062012,0.27012526988983154,5.327878952026367,12.735546112060547,0.3002356290817261,0.3562033474445343,0.31465062499046326,24.321758270263672,20.349750518798828,1.630591630935669,0.18455278873443604,0.023880764842033386,22.618099212646484,0.07072296738624573,589999,1.1767680644989014,-27.161109924316406,0.008951482363045216,0.3005146384239197,1.6420079600099504e-05
0.7750507337598208,0.0,1.0,0.0,0.0,1646.2077585058594,46.96207957947093,125.42009800241142,3.2999999999999963,0.0,0.0,0.9426336375488917,1385.0247346572578,0,0.0,,,,,,,,,,,,,,,,,,,,,,,,,,,,,,,,,,,,,,,,,591028,-1.4417122602462769,-27.389774322509766,0.008935029618442059,0.2547767460346222,1.6338276350007997e-05
0.6776202788675046,0.0,0.0,0.0,0.0,446.5517637736856,44.15487308170213,64.60645980200238,8.14999999999998,1.0,0.0,0.23666666666666666,403.8997954111546,1,0.0,,,,,,,,,,,,,,,,,,,,,,,,,,,,,,,,,,,,,,,,,591686,-0.35632678866386414,-27.84417724609375,0.008927423506975174,0.23417511582374573,1.6286077238301993e-05
0.6991486061243307,0.0,0.0,0.0,0.0,627.835448299649,44.020581197833906,166.1166367154456,10.100000000000009,1.0,0.0,0.3166575041231446,548.6704684034921,2,0.0,,,,,,,,,,,,,,,,,,,,,,,,,,,,,,,,,,,,,,,,,592583,0.15193279087543488,-27.712953567504883,0.008915218524634838,0.29143470525741577,1.62150570529555e-05
,,,,,,,,,,,,,,,28448,946.79,602584,0.1569809913635254,844,596.39309531,21,,,,,,,,,,,,,,,,,,,,,,,,,,,,,,,,,,,,,,,
0.5785639814846497,0.0,1.0,0.0,0.0,373.7523320390837,40.07804526697654,185.46574610856905,5.1999999999999895,0.0,0.0,0.2257296009529482,359.27436304464936,1,0.0,,,,,,,,,,,,,,,,,,,,,,,,,,,,,,,,,,,,,,,,,593228,-4.767569065093994,-27.724159240722656,0.008902134373784065,0.416217178106308,1.6164087988408002e-05
0.658215819020387,0.0,0.0,0.0,0.0,1036.6899149571095,43.77623298029456,333.75733852159436,11.900000000000034,1.0,0.0,0.5990367248645394,957.1857625180855,4,0.0,,,,,,,,,,,,,,,,,,,,,,,,,,,,,,,,,,,,,,,,,594802,-1.0778414011001587,-26.195066452026367,0.008885468356311321,0.9228758811950684,1.6040055190798003e-05
0.5535992222545498,1.0,0.0,0.0,0.0,197.63492234487427,42.028061380951584,62.70870365201867,0.6,0.0,0.0,0.09008620689655172,207.9879923062399,0,0.0,,,,,,,,,,,,,,,,,,,,,,,,,,,,,,,,,,,,,,,,,595158,0.1062125414609909,-27.06423568725586,0.008880482986569405,0.2813448905944824,1.6012070393918e-05
0.7078170765934134,0.0,1.0,0.0,0.0,797.7098453207769,44.73253152938465,239.5852816517445,3.699999999999995,0.0,0.0,0.4099660249150623,699.8352125165984,3,0.0,,,,,,,,,,,,,,,,,,,,,,,,,,,,,,,,,,,,,,,,,596284,2.261414051055908,-27.844100952148438,0.008866569958627224,0.2567438781261444,1.5923722721272e-05
,,,,,,,,,,,,,,,28635,932.22,606285,0.15686841309070587,848,590.8406685,21,,,,,,,,,,,,,,,,,,,,,,,,,,,,,,,,,,,,,,,
0.1608429019157552,0.0,1.0,0.0,0.0,28.469193639088672,23.200123398528373,0.0,8.79999999999999,0.0,0.0,0.03513664249860569,56.81908599752933,0,0.0,,,,,,,,,,,,,,,,,,,,,,,,,,,,,,,,,,,,,,,,,596460,-0.7397187948226929,-27.90806770324707,0.008864621631801128,0.32824671268463135,1.59099362942e-05
0.6736685721938988,0.0,1.0,0.0,0.0,377.9280690007772,44.696891674129226,144.5407375794235,0.0,0.0,0.0,0.14925373134328357,347.8919858392328,1,0.0,,,,,,,,,,,,,,,,,,,,,,,,,,,,,,,,,,,,,,,,,597020,0.7687923908233643,-27.499095916748047,0.008848716504871845,0.30872607231140137,1.58661113998e-05
0.631161722265842,0.0,1.0,0.0,0.0,379.32819508177107,42.741551455689184,0.0,10.15000000000001,0.0,0.0,0.2096862960924601,356.47573271021247,0,0.0,,,,,,,,,,,,,,,,,,,,,,,,,,,,,,,,,,,,,,,,,597620,-2.6404201984405518,-27.71889877319336,0.008836876600980759,0.5981748104095459,1.5819225407799992e-05
-0.2819437541448281,0.0,1.0,0.0,0.0,-15.224962723820717,23.582477628638294,0.6923593790031085,1.1500000000000004,0.0,0.0,0.009244992295839754,17.37837231438607,0,0.0,,,,,,,,,,,,,,,,,,,,,,,,,,,,,,,,,,,,,,,,,597673,0.7670088410377502,-27.021934509277344,0.008836564607918262,0.49987074732780457,1.58150872554355e-05
,,,,,,,,,,,,,,,28698,893.55,607674,0.15681463479995728,852,565.9640430000001,21,,,,,,,,,,,,,,,,,,,,,,,,,,,,,,,,,,,,,,,
0.6753442265953249,0.0,1.0,0.0,0.0,295.125427022157,43.661638440039674,62.434250261176246,2.0500000000000007,0.0,0.0,0.15474794841735054,264.77736428868957,1,0.0,,,,,,,,,,,,,,,,,,,,,,,,,,,,,,,,,,,,,,,,,598109,-0.2947216033935547,-26.43140411376953,0.008831096813082695,0.37050533294677734,1.57810663101595e-05
0.5805688259450421,0.0,0.0,0.0,0.0,188.68486843213867,36.414670142793355,24.74760371366343,2.549999999999999,1.0,0.0,0.09259259259259259,164.106148425024,0,0.0,,,,,,,,,,,,,,,,,,,,,,,,,,,,,,,,,,,,,,,,,598433,-0.3544943928718567,-27.60546875,0.008827434852719307,0.7331421375274658,1.5755809191155503e-05
,,,,,,,,,,,,,,,,,,,,,,0.0768415555357933,14.471589088439941,1.233723521232605,0.3488394320011139,0.3619488477706909,1.2480872869491577,5.115703105926514,0.2933792173862457,12.24219036102295,23.223876953125,0.40047118067741394,22.361919403076172,0.16898122429847717,0.18544653058052063,0.2035273313522339,0.015993643552064896,0.2865573465824127,21.103858947753906,0.20036627352237701,11.249874114990234,0.2740824222564697,5.386454105377197,13.339323043823242,0.29346978664398193,0.3633965849876404,0.31699520349502563,24.193016052246094,21.388418197631836,1.7743487358093262,0.15687784552574158,0.026652000844478607,22.90134048461914,0.06902484595775604,599999,-1.6708135604858398,-27.173526763916016,0.008811752311885357,0.26797187328338623,1.5634027610099502e-05
0.657618150865903,0.0,0.0,0.0,0.0,1699.9429199883593,42.37170994504548,406.55761697671863,32.90000000000027,0.0,1.0,1.0,1520.5497675347142,4,0.0,,,,,,,,,,,,,,,,,,,,,,,,,,,,,,,,,,,,,,,,,601017,1.591091275215149,-28.59891700744629,0.008796526119112968,0.34156882762908936,1.5555123541755496e-05
0.34532395687803535,0.0,1.0,0.0,0.0,678.9068992222175,24.190569889512663,0.0,93.9499999999968,0.0,0.0,0.34541577825159914,660.1683231629431,0,0.0,,,,,,,,,,,,,,,,,,,,,,,,,,,,,,,,,,,,,,,,,602982,2.0177488327026367,-26.280319213867188,0.00876109953969717,0.7018104791641235,1.5403401766238e-05
,,,,,,,,,,,,,,,28944,910.79,612983,0.1566741019487381,856,572.1894581700001,21,,,,,,,,,,,,,,,,,,,,,,,,,,,,,,,,,,,,,,,
0.5498516106117994,0.0,1.0,0.0,0.0,113.81928339664248,42.212225954059,16.961880488664626,2.25,0.0,0.0,0.05909797822706065,121.10435358062387,0,0.0,,,,,,,,,,,,,,,,,,,,,,,,,,,,,,,,,,,,,,,,,603188,-0.7803481221199036,-27.137855529785156,0.00875509437173605,0.287655770778656,1.5387540572728003e-05
0.71143884048177,0.0,0.0,0.0,0.0,2565.4484587772627,43.269567069337754,244.01885290454544,35.65000000000011,0.0,1.0,1.0,2166.5061060339212,3,0.0,,,,,,,,,,,,,,,,,,,,,,,,,,,,,,,,,,,,,,,,,606793,1.7822657823562622,-27.66986083984375,0.008706052787601948,0.2539505064487457,1.5111336682475498e-05
0.4213607600045952,0.0,1.0,0.0,0.0,196.77547492214597,30.505835649232452,0.0,17.85000000000012,0.0,0.0,0.12808460634547592,197.62981266039424,0,0.0,,,,,,,,,,,,,,,,,,,,,,,,,,,,,,,,,,,,,,,,,607259,-2.813582181930542,-27.732099533081055,0.008697778917849064,0.2297067940235138,1.50758219715595e-05
0.49772029458640277,0.0,0.0,0.0,0.0,191.62231341576506,37.90115788493557,106.81927861442509,7.599999999999981,1.0,0.0,0.1111111111111111,202.43508117971942,1,0.0,,,,,,,,,,,,,,,,,,,,,,,,,,,,,,,,,,,,,,,,,607643,1.7165814638137817,-27.240413665771484,0.008691402152180672,0.2781550884246826,1.50465891071755e-05
,,,,,,,,,,,,,,,29165,949.27,617644,0.15653789043426514,860,599.5265231500001,21,,,,,,,,,,,,,,,,,,,,,,,,,,,,,,,,,,,,,,,
,,,,,,,,,,,,,,,,,,,,,,0.07465304434299469,13.368338584899902,1.1642744541168213,0.3519674241542816,0.35572853684425354,1.3334144353866577,5.02618408203125,0.3055366575717926,13.538683891296387,23.69700050354004,0.4095616638660431,21.75994300842285,0.14469125866889954,0.1758435070514679,0.175259530544281,0.01753937266767025,0.2862243950366974,22.661893844604492,0.19281110167503357,9.74166488647461,0.2791711986064911,5.665361404418945,12.98144245147705,0.3039896488189697,0.3606661558151245,0.3365931510925293,24.28266143798828,21.223730087280273,1.6091575622558594,0.17808417975902557,0.023900536820292473,23.11052894592285,0.07452063262462616,609999,-0.6912084221839905,-27.155017852783203,0.008659693412482738,0.2931264042854309,1.4867875620099504e-05
0.6601028893216375,0.0,0.0,0.0,0.0,2306.3994952898015,42.74334013755078,332.495564346079,43.04999999999969,0.0,1.0,1.0,2073.6753924377263,5,0.0,,,,,,,,,,,,,,,,,,,,,,,,,,,,,,,,,,,,,,,,,611136,0.6836466789245605,-25.798870086669922,0.008653671480715275,0.3132662773132324,1.4782024084352e-05
0.4046185701189439,0.0,1.0,0.0,0.0,69.18977549033941,38.669763038325144,45.76008607773414,0.35,0.0,0.0,0.04186866460996033,91.6048603868112,0,0.0,,,,,,,,,,,,,,,,,,,,,,,,,,,,,,,,,,,,,,,,,611306,1.4982668161392212,-28.094959259033203,0.00865153782069683,0.23317518830299377,1.4769209990782e-05
0.7105181653107772,0.0,1.0,0.0,0.0,388.6534364249951,44.30546607797633,97.51677773392714,6.499999999999985,0.0,0.0,0.1406672678088368,336.34362963959575,1,0.0,,,,,,,,,,,,,,,,,,,,,,,,,,,,,,,,,,,,,,,,,611852,0.36848363280296326,-25.462711334228516,0.008637527003884315,0.6915566921234131,1.4728093035448003e-05
0.6527199588331584,0.0,1.0,0.0,0.0,681.4396370218174,44.6363551991012,321.60711594067345,8.699999999999989,0.0,0.0,0.29590488771466317,646.771102773957,4,0.0,,,,,,,,,,,,,,,,,,,,,,,,,,,,,,,,,,,,,,,,,612895,2.0032548904418945,-26.88744354248047,0.008619260042905807,0.24431687593460083,1.4649714011987503e-05
,,,,,,,,,,,,,,,29412,992.88,622896,0.15637001395225525,864,630.59414857,21,,,,,,,,,,,,,,,,,,,,,,,,,,,,,,,,,,,,,,,
0.6359249537049867,0.0,1.0,0.0,0.0,214.9426343522855,43.26736210107872,41.38394516412527,0.0,0.0,0.0,0.1270996640537514,202.81123309582472,0,0.0,,,,,,,,,,,,,,,,,,,,,,,,,,,,,,,,,,,,,,,,,613232,1.6770102977752686,-28.05529022216797,0.00861438736319542,0.3595467805862427,1.4624435519488001e-05
0.6085257545817747,0.0,1.0,0.0,0.0,627.9985787283915,38.89575126814902,199.0821109062024,18.500000000000128,0.0,0.0,0.21797564048719026,557.2458673585206,2,0.0,,,,,,,,,,,,,,,,,,,,,,,,,,,,,,,,,,,,,,,,,614263,0.5379987955093384,-27.758726119995117,0.008599103428423405,0.23278242349624634,1.45472401703155e-05
0.5654169727775447,0.0,1.0,0.0,0.0,318.8951726465352,38.53153613869314,41.44679938020296,10.500000000000014,0.0,0.0,0.20353403141361257,301.58120734244585,0,0.0,,,,,,,,,,,,,,,,,,,,,,,,,,,,,,,,,,,,,,,,,614826,2.024095296859741,-28.107086181640625,0.008590218611061573,0.2806975245475769,1.4505175262462e-05
0.765323870650354,0.0,0.0,0.0,0.0,1826.828079242395,46.94348453248096,418.16586706692016,4.699999999999991,0.0,1.0,1.0,1555.7568115592003,4,0.0,,,,,,,,,,,,,,,,,,,,,,,,,,,,,,,,,,,,,,,,,617212,-0.18439409136772156,-28.245962142944336,0.008555230684578419,0.2686974108219147,1.4327603847928002e-05
,,,,,,,,,,,,,,,29603,999.97,627213,0.1562471240758896,868,641.4176522800001,21,,,,,,,,,,,,,,,,,,,,,,,,,,,,,,,,,,,,,,,
0.6388346865968376,0.0,0.0,0.0,0.0,320.05617798501567,43.578684182353456,121.96684325754045,0.05,1.0,0.0,0.14085820895522388,302.861173952464,1,0.0,,,,,,,,,,,,,,,,,,,,,,,,,,,,,,,,,,,,,,,,,617712,1.1648411750793457,-26.715761184692383,0.008542630821466446,0.26405107975006104,1.4290536316927996e-05
,,,,,,,,,,,,,,,,,,,,,,0.07962076365947723,14.594043731689453,1.1807219982147217,0.33233195543289185,0.35639429092407227,1.2566399574279785,5.361674785614014,0.30184435844421387,12.879281997680664,22.379287719726562,0.417189359664917,21.429584503173828,0.15491235256195068,0.19105806946754456,0.1998174488544464,0.016451314091682434,0.28054559230804443,22.301605224609375,0.20243267714977264,10.431822776794434,0.2785460650920868,5.838303089141846,13.631848335266113,0.2975085377693176,0.35930994153022766,0.3311783969402313,24.19598960876465,21.2768497467041,1.6977735757827759,0.16860923171043396,0.02521190419793129,22.725305557250977,0.07643219828605652,619999,0.7755886316299438,-28.53704071044922,0.008499156683683395,0.24474389851093292,1.4121623630099502e-05
0.6510082120965678,0.0,1.0,0.0,0.0,2067.6020816186992,43.037705916908855,403.03156930372535,35.35000000000013,0.0,0.0,0.9686878727634195,1897.8782460121438,4,0.0,,,,,,,,,,,,,,,,,,,,,,,,,,,,,,,,,,,,,,,,,620887,-0.3767669200897217,-27.518756866455078,0.008479244075715542,0.3216811418533325,1.4056318473515506e-05
0.4896920882453097,0.0,0.0,0.0,0.0,381.95982883134155,33.572842676281866,86.74966260778058,19.650000000000144,1.0,0.0,0.16993464052287582,363.3470048420131,1,0.0,,,,,,,,,,,,,,,,,,,,,,,,,,,,,,,,,,,,,,,,,621666,2.081824541091919,-28.317535400390625,0.008470313623547554,0.32565921545028687,1.3999158587822005e-05
0.6632412366671432,0.0,1.0,0.0,0.0,541.868090357056,41.73074231876049,140.36326106127103,16.5000000000001,0.0,0.0,0.31019108280254776,473.3420169930905,2,0.0,,,,,,,,,,,,,,,,,,,,,,,,,,,,,,,,,,,,,,,,,622482,-0.31927770376205444,-30.547157287597656,0.008453992195427418,0.32245945930480957,1.3939413292238003e-05
,,,,,,,,,,,,,,,29844,1036.93,632483,0.15608404576778412,872,664.5029690900001,21,,,,,,,,,,,,,,,,,,,,,,,,,,,,,,,,,,,,,,,
0.5167831770839718,0.0,1.0,0.0,0.0,618.0726797924302,34.079163047190995,171.50086601441566,37.10000000000003,0.0,0.0,0.3472301541976014,565.8137594549917,2,0.0,,,,,,,,,,,,,,,,,,,,,,,,,,,,,,,,,,,,,,,,,623677,2.0373775959014893,-27.528011322021484,0.008435528725385666,0.2242719531059265,1.3852157762735495e-05
0.7627015853447368,0.0,0.0,0.0,0.0,2757.928932606568,46.520461085357745,385.9486619313333,0.3,0.0,1.0,1.0,2335.692194322124,3,0.0,,,,,,,,,,,,,,,,,,,,,,,,,,,,,,,,,,,,,,,,,627292,1.5001386404037476,-28.968490600585938,0.008373004384338856,0.2864067852497101,1.3589930779768001e-05
0.293667957048566,0.0,1.0,0.0,0.0,208.5042495044819,22.536226441028596,35.17882881800566,32.3000000000003,0.0,0.0,0.1413551401869159,221.89969913335517,0,0.0,,,,,,,,,,,,,,,,,,,,,,,,,,,,,,,,,,,,,,,,,628001,0.7579255104064941,-27.815614700317383,0.008361665531992912,0.21705150604248047,1.3538805962099497e-05
0.5986531355783866,0.0,0.0,0.0,0.0,607.034279476484,41.732802935911636,208.61380484368962,13.150000000000052,1.0,0.0,0.3111111111111111,587.3652408630587,4,0.0,,,,,,,,,,,,,,,,,,,,,,,,,,,,,,,,,,,,,,,,,629014,0.2894247770309448,-27.812206268310547,0.008348904550075531,0.22744067013263702,1.3465933773502005e-05
,,,,,,,,,,,,,,,30146,1067.19,639015,0.15588612854480743,876,687.7738257,21,,,,,,,,,,,,,,,,,,,,,,,,,,,,,,,,,,,,,,,
0.653857687013829,0.0,1.0,0.0,0.0,466.20053084086004,44.339443199872036,157.35042011140072,0.0,0.0,0.0,0.17719897523484202,438.7077459797729,2,0.0,,,,,,,,,,,,,,,,,,,,,,,,,,,,,,,,,,,,,,,,,629726,-0.4920172095298767,-28.183612823486328,0.008340341039001942,0.26318496465682983,1.3414836830062e-05
0.07908814165265717,0.0,1.0,0.0,0.0,7.908814165265717,24.66386792254123,0.0,4.94999999999999,0.0,0.0,0.02109938922820655,34.066854084376246,0,0.0,,,,,,,,,,,,,,,,,,,,,,,,,,,,,,,,,,,,,,,,,629825,2.1591780185699463,-26.583803176879883,0.008339788764715195,0.24175935983657837,1.3407740047187502e-05
-0.06097041097914085,0.0,1.0,0.0,0.0,-4.755692056372986,23.651088082154338,0.0,3.8499999999999943,0.0,0.0,0.01636469900642899,25.492467359872535,0,0.0,,,,,,,,,,,,,,,,,,,,,,,,,,,,,,,,,,,,,,,,,629902,0.414362370967865,-28.349939346313477,0.008339449763298035,0.38060227036476135,1.3402221675598005e-05
,,,,,,,,,,,,,,,,,,,,,,0.07614981383085251,13.918828010559082,1.2032179832458496,0.3537129759788513,0.35471653938293457,1.3077659606933594,5.103460788726807,0.2948065400123596,13.093489646911621,23.705381393432617,0.4162307381629944,22.184234619140625,0.1488398015499115,0.17885829508304596,0.18977275490760803,0.01680491864681244,0.2850695848464966,21.44676399230957,0.2033633589744568,9.975049018859863,0.27712810039520264,5.175220966339111,13.629146575927734,0.29239410161972046,0.36710822582244873,0.3200116753578186,24.60311508178711,21.566226959228516,1.5370876789093018,0.1682526171207428,0.022935207933187485,22.75423240661621,0.06650209426879883,629999,-1.3719120025634766,-28.229366302490234,0.008337819948792458,0.2546103596687317,1.3395271640099503e-05
0.7224818320658701,0.0,1.0,0.0,0.0,1603.9096671862317,44.75947733449661,292.27113903641333,13.150000000000052,0.0,0.0,0.8093891402714932,1379.6759941466153,3,0.0,,,,,,,,,,,,,,,,,,,,,,,,,,,,,,,,,,,,,,,,,632121,1.8157365322113037,-29.424694061279297,0.008310992270708084,0.3128560781478882,1.3243699174779498e-05
,,,,,,,,,,,,,,,30299,1076.59,642122,0.15579789876937866,880,694.1146823600002,21,,,,,,,,,,,,,,,,,,,,,,,,,,,,,,,,,,,,,,,
0.04489113396547788,0.0,1.0,0.0,0.0,3.5912907172382305,27.53938213385003,0.0,1.3500000000000005,0.0,0.0,0.023006955591225255,30.395314139779657,0,0.0,,,,,,,,,,,,,,,,,,,,,,,,,,,,,,,,,,,,,,,,,632200,-2.097409725189209,-29.396106719970703,0.008309857919812202,0.24038122594356537,1.3238073580000004e-05
0.13701614814101543,0.0,1.0,0.0,0.0,12.742501777114434,34.10695279516314,24.27401257247452,0.0,0.0,0.0,0.020824102791315906,43.7165654245764,0,0.0,,,,,,,,,,,,,,,,,,,,,,,,,,,,,,,,,,,,,,,,,632292,0.10735177993774414,-29.053264617919922,0.008306942880153656,0.29219669103622437,1.3231523819768003e-05
0.5982497604576381,0.0,1.0,0.0,0.0,172.8941807722574,42.81593358345105,95.8045301702312,0.0,0.0,0.0,0.07363013698630137,171.56227321270853,2,0.0,,,,,,,,,,,,,,,,,,,,,,,,,,,,,,,,,,,,,,,,,632580,-1.2855374813079834,-27.33834457397461,0.008302059955894947,0.33376893401145935,1.3211031111799996e-05
0.7246184378404116,0.0,1.0,0.0,0.0,1844.1539243038476,46.270708502052166,564.3192305019122,4.149999999999993,0.0,0.0,0.7471369674759505,1634.9826806099154,6,0.0,,,,,,,,,,,,,,,,,,,,,,,,,,,,,,,,,,,,,,,,,635124,-3.895252227783203,-26.912809371948242,0.008272872306406498,0.3030300736427307,1.3030729049912e-05
,,,,,,,,,,,,,,,30437,1067.34,645125,0.15570035576820374,884,685.3917735800002,21,,,,,,,,,,,,,,,,,,,,,,,,,,,,,,,,,,,,,,,
0.6356014625336884,0.0,0.0,0.0,0.0,1879.4735247121166,39.30574972590653,260.67154914748147,57.399999999998876,0.0,1.0,1.0,1613.4046691060066,4,0.0,,,,,,,,,,,,,,,,,,,,,,,,,,,,,,,,,,,,,,,,,638080,-1.726309061050415,-27.247467041015625,0.008242812007665634,0.2662373185157776,1.2822844796800001e-05
0.14906138450445527,0.0,1.0,0.0,0.0,22.806391829181656,25.448665907425024,0.0,7.599999999999981,0.0,0.0,0.034045008655510675,53.853152034338564,0,0.0,,,,,,,,,,,,,,,,,,,,,,,,,,,,,,,,,,,,,,,,,638232,0.8423373699188232,-26.544010162353516,0.008241986855864525,0.32140904664993286,1.2812202219487998e-05
0.5912328390138223,0.0,1.0,0.0,0.0,273.1495716243859,43.520733542692035,64.89465353719316,5.749999999999988,0.0,0.0,0.18117343649258544,279.02869844064116,1,0.0,,,,,,,,,,,,,,,,,,,,,,,,,,,,,,,,,,,,,,,,,638693,0.8285812139511108,-26.336700439453125,0.008236203342676163,0.3822101950645447,1.2779952520775504e-05
0.6232543506001296,0.0,1.0,0.0,0.0,220.63204011244585,42.45296505564129,24.31481736916271,1.6000000000000008,0.0,0.0,0.1049144119271121,208.51325448043644,0,0.0,,,,,,,,,,,,,,,,,,,,,,,,,,,,,,,,,,,,,,,,,639046,-0.6858184933662415,-27.445865631103516,0.008232119493186474,0.24267157912254333,1.2755286656541998e-05
,,,,,,,,,,,,,,,30615,1085.81,649047,0.15560626983642578,888,697.56807615,21,,,,,,,,,,,,,,,,,,,,,,,,,,,,,,,,,,,,,,,
,,,,,,,,,,,,,,,,,,,,,,0.0820719301700592,13.957452774047852,1.1080572605133057,0.35621970891952515,0.35563305020332336,1.2748042345046997,5.38004207611084,0.3209518790245056,13.181009292602539,23.351186752319336,0.41558849811553955,21.463926315307617,0.16146689653396606,0.1873847395181656,0.19327612221240997,0.0171147882938385,0.28816235065460205,21.975791931152344,0.18794593214988708,10.584601402282715,0.29593324661254883,6.03049373626709,12.320375442504883,0.29602479934692383,0.3818393349647522,0.3352382183074951,25.030622482299805,22.04274559020996,1.3573784828186035,0.17696066200733185,0.020706655457615852,22.0495662689209,0.08096194267272949,639999,1.702852487564087,-27.50105094909668,0.008213158696889877,0.30718255043029785,1.2688819650099501e-05
0.7189359970054362,0.0,1.0,0.0,0.0,2500.459397584907,45.89834818638531,524.4347656166543,13.800000000000061,0.0,0.0,0.9893852277753207,2216.593136049807,7,0.0,,,,,,,,,,,,,,,,,,,,,,,,,,,,,,,,,,,,,,,,,642523,0.8206857442855835,-28.39306640625,0.00818242970854044,0.37357497215270996,1.2513656420135504e-05
0.4577220908732831,0.0,1.0,0.0,0.0,191.78555607590562,41.828933008703565,31.162066677483757,5.599999999999988,0.0,0.0,0.09860312243221035,243.07327707856894,1,0.0,,,,,,,,,,,,,,,,,,,,,,,,,,,,,,,,,,,,,,,,,642941,1.9243791103363037,-28.176315307617188,0.008178895339369774,0.29320091009140015,1.2484769973359502e-05
0.6535913218871675,0.0,0.0,0.0,0.0,1761.4286124859166,42.58469287649798,193.51627267589126,36.40000000000007,0.0,1.0,1.0,1593.2426712764427,3,0.0,,,,,,,,,,,,,,,,,,,,,,,,,,,,,,,,,,,,,,,,,645635,-1.8625526428222656,-28.64278793334961,0.008146625012159348,0.2815599739551544,1.2299431695887503e-05
0.6390021041385583,0.0,1.0,0.0,0.0,671.5912114496248,44.94664933771983,191.56271308574796,7.549999999999981,0.0,0.0,0.45811170212765956,655.7916926909238,0,0.0,,,,,,,,,,,,,,,,,,,,,,,,,,,,,,,,,,,,,,,,,646685,-2.0966708660125732,-27.40981101989746,0.0081375353038311,0.3048841953277588,1.2227586327887502e-05
,,,,,,,,,,,,,,,30963,1115.78,656686,0.1554054319858551,892,717.8912058900002,21,,,,,,,,,,,,,,,,,,,,,,,,,,,,,,,,,,,,,,,
0.6469782802940605,0.0,1.0,0.0,0.0,464.5304052511354,41.23780008162977,92.65431965112903,10.20000000000001,0.0,0.0,0.20046082949308755,410.938206365332,2,0.0,,,,,,,,,,,,,,,,,,,,,,,,,,,,,,,,,,,,,,,,,647402,0.12930376827716827,-28.203699111938477,0.008130085654556751,0.2994854152202606,1.2178652265597998e-05
0.5992851429492604,0.0,1.0,0.0,0.0,171.99483602643772,41.10166097793185,46.72057395264432,5.649999999999988,0.0,0.0,0.09955891619407688,163.60486060008407,1,0.0,,,,,,,,,,,,,,,,,,,,,,,,,,,,,,,,,,,,,,,,,647688,-0.6809130907058716,-28.602436065673828,0.008125368505716324,0.3109740614891052,1.2159161781728e-05
0.49817655937905364,0.0,1.0,0.0,0.0,168.88185362949918,36.200590720685874,112.87435306416606,5.04999999999999,0.0,0.0,0.07605760576057606,170.24547714926302,2,0.0,,,,,,,,,,,,,,,,,,,,,,,,,,,,,,,,,,,,,,,,,648026,0.9618659615516663,-27.303203582763672,0.008122049272060394,0.40552347898483276,1.2136148559262e-05
,,,,,,,,,,,,,,,,,,,,,,0.07678637653589249,13.812820434570312,1.1691062450408936,0.3461061418056488,0.3552330732345581,1.3602294921875,5.1137919425964355,0.30385011434555054,13.13976764678955,23.049856185913086,0.4041975140571594,21.6832275390625,0.14268076419830322,0.18102145195007324,0.17872676253318787,0.017826246097683907,0.2841656804084778,22.731348037719727,0.19523628056049347,9.502202987670898,0.2798299789428711,5.61967134475708,13.002277374267578,0.30184033513069153,0.3763118386268616,0.341323584318161,25.06148338317871,21.352392196655273,1.5390336513519287,0.17220088839530945,0.023109428584575653,23.031890869140625,0.07364760339260101,649999,1.514843463897705,-28.46096420288086,0.008101211860775948,0.29817861318588257,1.20022676600995e-05
0.580301128974606,0.0,1.0,0.0,0.0,1500.0784183993565,39.692163251356035,194.29118718489792,55.199999999999,0.0,0.0,0.6815718157181572,1424.3469826197252,2,0.0,,,,,,,,,,,,,,,,,,,,,,,,,,,,,,,,,,,,,,,,,650610,-4.919807434082031,-27.99787139892578,0.008099083788692951,0.34069687128067017,1.1960964423949998e-05
,,,,,,,,,,,,,,,31151,1082.33,660611,0.1552801877260208,896,692.6982667,21,,,,,,,,,,,,,,,,,,,,,,,,,,,,,,,,,,,,,,,
0.25449600928702165,0.0,0.0,0.0,0.0,143.79024524716723,22.70117556929923,0.0,27.85000000000026,1.0,0.0,0.08971962616822429,177.75836923439056,0,0.0,,,,,,,,,,,,,,,,,,,,,,,,,,,,,,,,,,,,,,,,,651174,1.690183401107788,-26.789182662963867,0.008094570599496365,0.27742886543273926,1.1922904298461996e-05
0.7166180630989688,0.0,1.0,0.0,0.0,619.874624580608,45.68604611039242,106.94776112994002,3.949999999999994,0.0,0.0,0.24413145539906103,548.6080205757171,0,0.0,,,,,,,,,,,,,,,,,,,,,,,,,,,,,,,,,,,,,,,,,652038,0.5909242630004883,-27.751028060913086,0.00809647049754858,0.3546995520591736,1.1864722187678e-05
0.5086424336012375,0.0,1.0,0.0,0.0,243.13108326139155,38.636840073299105,0.0,8.299999999999983,0.0,0.0,0.14329896907216494,256.3359087109566,0,0.0,,,,,,,,,,,,,,,,,,,,,,,,,,,,,,,,,,,,,,,,,652515,0.109060138463974,-27.19813346862793,0.00809499528259039,0.9069541692733765,1.1832664459887503e-05
0.6109922165805887,0.0,0.0,0.0,0.0,2311.9945475409477,41.644621829346384,475.3759318337714,61.34999999999865,0.0,1.0,1.0,2187.6833293579984,7,0.0,,,,,,,,,,,,,,,,,,,,,,,,,,,,,,,,,,,,,,,,,656298,-0.19320741295814514,-27.999635696411133,0.008086731657385826,0.3409939706325531,1.1580023967998006e-05
,,,,,,,,,,,,,,,31426,1096.84,666299,0.15513496100902557,900,701.07434356,21,,,,,,,,,,,,,,,,,,,,,,,,,,,,,,,,,,,,,,,
0.30244850215259333,0.0,1.0,0.0,0.0,35.08402624970083,36.08336726464189,32.887182866045045,1.7500000000000009,0.0,0.0,0.02620689655172414,57.85987054882571,1,0.0,,,,,,,,,,,,,,,,,,,,,,,,,,,,,,,,,,,,,,,,,656413,1.0541324615478516,-28.16669273376465,0.008086607791483402,0.32850775122642517,1.1572388513615499e-05
0.6427122987706358,0.0,1.0,0.0,0.0,525.0959480956095,45.42472428183093,87.42229123550702,2.6499999999999986,0.0,0.0,0.20040650406504065,515.2576735373586,1,0.0,,,,,,,,,,,,,,,,,,,,,,,,,,,,,,,,,,,,,,,,,657229,1.154609203338623,-27.547300338745117,0.008089153096079826,0.32632672786712646,1.1518285574879503e-05
0.6122406766624099,0.0,1.0,0.0,0.0,1571.0095763157437,41.55234444394965,241.92724408465773,38.399999999999956,0.0,0.0,0.7510245901639344,1480.2602098665666,5,0.0,,,,,,,,,,,,,,,,,,,,,,,,,,,,,,,,,,,,,,,,,659794,-4.871276378631592,-26.8302001953125,0.008080298081040382,0.35473519563674927,1.1349082242382e-05
,,,,,,,,,,,,,,,,,,,,,,0.08051827549934387,13.794805526733398,1.1062698364257812,0.36484217643737793,0.3593650758266449,1.3571282625198364,5.2648444175720215,0.32484397292137146,12.766619682312012,23.85591697692871,0.4201818108558655,21.684803009033203,0.1533857136964798,0.18666839599609375,0.1926685869693756,0.018364373594522476,0.29343417286872864,22.26719856262207,0.19328981637954712,10.029423713684082,0.2976807951927185,6.148493766784668,12.638630867004395,0.30107584595680237,0.37095168232917786,0.34054499864578247,24.255399703979492,21.998628616333008,1.688593864440918,0.1727551966905594,0.02582463249564171,22.249523162841797,0.0832001194357872,659999,-0.44153928756713867,-26.755443572998047,0.008079461753368378,0.38751763105392456,1.13356156700995e-05
0.5011837151553713,0.0,1.0,0.0,0.0,739.2459798541727,37.343200676822384,318.06726616091186,26.650000000000244,0.0,0.0,0.33347245409015025,764.5234641721472,4,0.0,,,,,,,,,,,,,,,,,,,,,,,,,,,,,,,,,,,,,,,,,661268,0.9204506874084473,-27.470211029052734,0.008078765124082565,0.34047991037368774,1.1252440418488002e-05
,,,,,,,,,,,,,,,31654,1099.2,671269,0.15500013530254364,904,697.4546961499999,21,,,,,,,,,,,,,,,,,,,,,,,,,,,,,,,,,,,,,,,
0.6306128127853934,0.0,1.0,0.0,0.0,1324.9175196621115,43.65444112451141,271.2139281650712,21.45000000000017,0.0,0.0,0.6809720785935884,1273.4189333925024,2,0.0,,,,,,,,,,,,,,,,,,,,,,,,,,,,,,,,,,,,,,,,,663368,0.9961857199668884,-26.255647659301758,0.008082740940153599,0.2543594241142273,1.1115502110688005e-05
0.47761610020602424,0.0,1.0,0.0,0.0,153.7923842663398,40.7663813053668,75.72657438077829,3.049999999999997,0.0,0.0,0.1195862960568843,181.92197686992586,0,0.0,,,,,,,,,,,,,,,,,,,,,,,,,,,,,,,,,,,,,,,,,663689,-0.5358104109764099,-27.176387786865234,0.008083704859018326,0.52141273021698,1.1094647437739503e-05
0.6964477226983629,0.0,0.0,0.0,0.0,887.2743987177142,42.87390851201461,176.12187409287395,17.20000000000011,1.0,0.0,0.4122762148337596,758.321724480018,2,0.0,,,,,,,,,,,,,,,,,,,,,,,,,,,,,,,,,,,,,,,,,664962,2.0466365814208984,-26.69337272644043,0.008079477585852146,0.2821260094642639,1.1012145293678007e-05
0.731647357401706,0.0,1.0,0.0,0.0,974.5542800590724,45.191803254646764,283.29655241536807,6.399999999999985,0.0,0.0,0.5424920127795527,835.7119967555627,4,0.0,,,,,,,,,,,,,,,,,,,,,,,,,,,,,,,,,,,,,,,,,666293,-0.4238988161087036,-27.694177627563477,0.008081931620836258,0.32603955268859863,1.0926229073975499e-05
,,,,,,,,,,,,,,,31903,1123.8,676294,0.15488314628601074,908,714.72113157,21,,,,,,,,,,,,,,,,,,,,,,,,,,,,,,,,,,,,,,,
0.2528272744892037,0.0,1.0,0.0,0.0,132.48149183234275,41.7018185712256,83.28453222185635,4.549999999999992,0.0,0.0,0.1781354051054384,303.28990722075105,1,0.0,,,,,,,,,,,,,,,,,,,,,,,,,,,,,,,,,,,,,,,,,666816,0.3268772065639496,-26.418861389160156,0.00808424036949873,0.269586980342865,1.0892565836672002e-05
0.6697603805248544,0.0,1.0,0.0,0.0,391.80982260703985,43.15817220536567,154.47632255321673,2.4499999999999993,0.0,0.0,0.1414695945945946,350.3852290455252,1,0.0,,,,,,,,,,,,,,,,,,,,,,,,,,,,,,,,,,,,,,,,,667400,1.0617506504058838,-26.438888549804688,0.008082298561930656,0.4510565996170044,1.085504062e-05
0.693411164652578,0.0,1.0,0.0,0.0,373.74861774773956,44.245899736913074,122.9073437274049,5.349999999999989,0.0,0.0,0.2045177045177045,330.9756050836295,2,0.0,,,,,,,,,,,,,,,,,,,,,,,,,,,,,,,,,,,,,,,,,667938,1.626783013343811,-26.9991455078125,0.008082995191216469,0.3711036443710327,1.0820531218477999e-05
,,,,,,,,,,,,,,,,,,,,,,0.08663900941610336,13.669051170349121,1.1668024063110352,0.3726249039173126,0.36174798011779785,1.2700304985046387,5.734522819519043,0.3100336194038391,13.257935523986816,24.66355323791504,0.3973959982395172,22.408578872680664,0.13737532496452332,0.17966128885746002,0.18059870600700378,0.016692843288183212,0.29453063011169434,22.34091567993164,0.19456353783607483,9.092692375183105,0.2818562388420105,6.071511745452881,12.87790584564209,0.2875649333000183,0.35708773136138916,0.33753377199172974,23.635169982910156,21.44428062438965,1.6552447080612183,0.17425774037837982,0.02500797063112259,21.878612518310547,0.07980185747146606,669999,1.0852659940719604,-27.145713806152344,0.008080833591520786,0.31288284063339233,1.0688863680099502e-05
0.6397635104232993,0.0,1.0,0.0,0.0,1425.3931012231108,41.81682659754503,273.77834446973543,36.55000000000006,0.0,0.0,0.5373514431239389,1293.569048890844,4,0.0,,,,,,,,,,,,,,,,,,,,,,,,,,,,,,,,,,,,,,,,,670165,-1.7711105346679688,-27.06298828125,0.008082329295575619,0.31232041120529175,1.0678295508887498e-05
,,,,,,,,,,,,,,,32083,1118.22,680166,0.15479899942874908,912,706.64436117,21,,,,,,,,,,,,,,,,,,,,,,,,,,,,,,,,,,,,,,,
0.5955728555701233,0.0,0.0,0.0,0.0,1084.5381699931945,41.39617154076608,286.56707213591994,22.600000000000186,1.0,0.0,0.5650999459751486,1046.4372543422505,5,0.0,,,,,,,,,,,,,,,,,,,,,,,,,,,,,,,,,,,,,,,,,671985,1.3292592763900757,-26.3885498046875,0.008082185871899128,0.40462490916252136,1.0562787252387503e-05
0.6693740949038003,0.0,1.0,0.0,0.0,282.47586804940374,44.72066625266627,89.26997784289843,1.1000000000000003,0.0,0.0,0.11120802442215438,261.760808609426,2,0.0,,,,,,,,,,,,,,,,,,,,,,,,,,,,,,,,,,,,,,,,,672406,-0.8939307928085327,-27.46206283569336,0.008084340952336788,0.42434239387512207,1.0536161909182003e-05
0.311987874426749,0.0,1.0,0.0,0.0,414.3198972387227,22.522950020808317,0.0,64.0999999999985,0.0,0.0,0.24894003634161113,415.14776613516733,0,0.0,,,,,,,,,,,,,,,,,,,,,,,,,,,,,,,,,,,,,,,,,673733,1.5523208379745483,-26.247493743896484,0.008085474371910095,0.45919543504714966,1.0452469121255501e-05
0.18303095455040302,0.0,1.0,0.0,0.0,19.035219273241914,33.752316546965275,32.37620308792861,2.000000000000001,0.0,0.0,0.023124115148655026,48.52756861690432,0,0.0,,,,,,,,,,,,,,,,,,,,,,,,,,,,,,,,,,,,,,,,,673836,1.6783992052078247,-27.572683334350586,0.008085096254944801,0.40189868211746216,1.0445987652152002e-05
,,,,,,,,,,,,,,,32249,1113.12,683837,0.1547185331583023,916,696.08591189,21,,,,,,,,,,,,,,,,,,,,,,,,,,,,,,,,,,,,,,,
0.569939628580504,0.0,0.0,0.0,0.0,718.123932011435,38.14828514067968,184.65387914154226,25.80000000000023,1.0,0.0,0.44097439100562147,667.2831860901788,2,0.0,,,,,,,,,,,,,,,,,,,,,,,,,,,,,,,,,,,,,,,,,675095,-3.383822441101074,-26.760456085205078,0.008084164001047611,0.29542478919029236,1.03669333229875e-05
0.3752273860871965,0.0,0.0,0.0,0.0,184.23664656881348,27.228352912443864,0.0,20.05000000000015,1.0,0.0,0.11744386873920552,185.30755653395317,0,0.0,,,,,,,,,,,,,,,,,,,,,,,,,,,,,,,,,,,,,,,,,675585,0.46434539556503296,-27.195154190063477,0.008087375201284885,0.358295202255249,1.03362508263875e-05
0.45447731777910866,0.0,0.0,0.0,0.0,135.8887180159535,31.701812799880496,0.0,14.800000000000075,1.0,0.0,0.06066262249183388,131.3928840290755,0,0.0,,,,,,,,,,,,,,,,,,,,,,,,,,,,,,,,,,,,,,,,,675883,0.19449087977409363,-26.783748626708984,0.008088918402791023,0.34008103609085083,1.0317614224055498e-05
0.3654783748581249,0.0,1.0,0.0,0.0,49.33958060584686,36.78399219582082,9.718333704641124,0.44999999999999996,0.0,0.0,0.03449928126497365,68.67992475721985,0,0.0,,,,,,,,,,,,,,,,,,,,,,,,,,,,,,,,,,,,,,,,,676017,0.6011279225349426,-27.391557693481445,0.00808891374617815,0.3079946041107178,1.03092397667555e-05
,,,,,,,,,,,,,,,32347,1071.38,686018,0.15466268360614777,920,666.91428035,21,,,,,,,,,,,,,,,,,,,,,,,,,,,,,,,,,,,,,,,
0.77645578052952,0.0,1.0,0.0,0.0,668.5284270359167,46.29807420290616,70.66363874257517,4.399999999999992,0.0,0.0,0.34811264230077893,553.3005541106686,0,0.0,,,,,,,,,,,,,,,,,,,,,,,,,,,,,,,,,,,,,,,,,676877,1.3358557224273682,-27.063987731933594,0.008090800605714321,0.29540759325027466,1.0255578306335503e-05
0.2690768118067083,0.0,1.0,0.0,0.0,32.5582942286117,33.9387541710618,0.0,3.2999999999999963,0.0,0.0,0.026395499783643445,56.744545607827604,0,0.0,,,,,,,,,,,,,,,,,,,,,,,,,,,,,,,,,,,,,,,,,676997,2.1002185344696045,-27.181636810302734,0.00809085089713335,0.37196141481399536,1.0248102361895502e-05
0.6673897805192717,0.0,1.0,0.0,0.0,877.6175613828423,44.54268327711637,169.17031113335042,16.950000000000106,0.0,0.0,0.37698783910196443,813.2509642262012,2,0.0,,,,,,,,,,,,,,,,,,,,,,,,,,,,,,,,,,,,,,,,,678311,-5.491944789886475,-27.41309356689453,0.008095034398138523,0.29311609268188477,1.0166428255739502e-05
0.1879296734429416,0.0,1.0,0.0,0.0,20.860193752166516,32.73837418787267,20.6331918147191,1.800000000000001,0.0,0.0,0.023507287259050307,50.17108017974533,0,0.0,,,,,,,,,,,,,,,,,,,,,,,,,,,,,,,,,,,,,,,,,678421,2.052186965942383,-26.712139129638672,0.008093717508018017,0.6238250732421875,1.01596065874795e-05
,,,,,,,,,,,,,,,32459,1071.76,688422,0.15460918843746185,924,669.4328013400002,21,,,,,,,,,,,,,,,,,,,,,,,,,,,,,,,,,,,,,,,
0.21346787448383867,0.0,1.0,0.0,0.0,21.987191071835383,34.81889964657852,29.4072218435864,0.0,0.0,0.0,0.02659875495189587,49.48976793885231,0,0.0,,,,,,,,,,,,,,,,,,,,,,,,,,,,,,,,,,,,,,,,,678523,-3.248652458190918,-27.703214645385742,0.008093497715890408,0.5288923382759094,1.01532831921355e-05
0.7573241703511265,0.0,0.0,0.0,0.0,1054.1952451287682,45.50990736975349,192.64231820797062,11.250000000000025,1.0,0.0,0.5776942355889725,879.543135387823,2,0.0,,,,,,,,,,,,,,,,,,,,,,,,,,,,,,,,,,,,,,,,,679914,0.5090782642364502,-27.063339233398438,0.008094836957752705,0.41672417521476746,1.0067256075902e-05
,,,,,,,,,,,,,,,,,,,,,,0.08345656841993332,14.082465171813965,1.1816569566726685,0.3669409155845642,0.3714502453804016,1.3432841300964355,5.452332496643066,0.31434693932533264,12.186028480529785,23.97275733947754,0.41989219188690186,22.53770637512207,0.1358683705329895,0.1882031261920929,0.17670154571533203,0.01795213110744953,0.3012019991874695,22.29132843017578,0.19394633173942566,8.87646770477295,0.28782230615615845,5.862371444702148,12.670781135559082,0.30005109310150146,0.3811785876750946,0.3412039875984192,24.902923583984375,21.536558151245117,1.8334057331085205,0.16285847127437592,0.028063170611858368,22.451589584350586,0.07834684103727341,679999,-1.7476823329925537,-27.213607788085938,0.008094149641692638,0.2931714653968811,1.0062011690099502e-05
0.6774495814295434,0.0,1.0,0.0,0.0,705.2250142681546,45.44100116827133,79.84411417173273,5.549999999999988,0.0,0.0,0.32466870540265036,656.7524566743523,1,0.0,,,,,,,,,,,,,,,,,,,,,,,,,,,,,,,,,,,,,,,,,680954,1.0445486307144165,-27.035188674926758,0.00809548981487751,0.3404093384742737,1.0003188296542003e-05
0.5861552622459367,0.0,1.0,0.0,0.0,240.32365752083405,42.38653517939867,128.14074309215505,1.5500000000000007,0.0,0.0,0.1150855365474339,241.0959172528237,1,0.0,,,,,,,,,,,,,,,,,,,,,,,,,,,,,,,,,,,,,,,,,681363,0.6341038346290588,-27.091455459594727,0.008096805773675442,0.35921210050582886,9.978051378015503e-06
,,,,,,,,,,,,,,,32594,1089.72,691364,0.15453219413757324,928,686.7535821800004,21,,,,,,,,,,,,,,,,,,,,,,,,,,,,,,,,,,,,,,,
0.7055243340292258,0.0,1.0,0.0,0.0,1258.6554119081388,42.05426353405949,182.198765199043,26.750000000000245,0.0,0.0,0.7085492227979274,1041.5807853601873,1,0.0,,,,,,,,,,,,,,,,,,,,,,,,,,,,,,,,,,,,,,,,,683146,1.199866533279419,-27.557453155517578,0.008100896142423153,0.32507938146591187,9.868858042941995e-06
0.6780549499121206,0.0,0.0,0.0,0.0,2377.9387093418068,44.14872892978899,343.9648803047901,28.650000000000272,0.0,1.0,1.0,2149.5826273709536,3,0.0,,,,,,,,,,,,,,,,,,,,,,,,,,,,,,,,,,,,,,,,,686652,1.619154691696167,-26.454030990600586,0.00810975395143032,0.38775119185447693,9.655990905848e-06
-0.16913533689355736,0.0,1.0,0.0,0.0,-11.162932234974786,19.508779560788348,0.0,3.2499999999999964,0.0,0.0,0.011111111111111112,17.702420833171345,0,0.0,,,,,,,,,,,,,,,,,,,,,,,,,,,,,,,,,,,,,,,,,686717,-2.369753837585449,-26.431148529052734,0.008109363727271557,0.27500879764556885,9.652067519855499e-06
0.6388780122020216,0.0,1.0,0.0,0.0,663.7942546779004,41.92495921883655,357.82851934913566,0.8500000000000002,0.0,0.0,0.3055148853099073,604.5365651641041,4,0.0,,,,,,,,,,,,,,,,,,,,,,,,,,,,,,,,,,,,,,,,,687755,0.3890855610370636,-25.998458862304688,0.008111807517707348,0.3522998094558716,9.589527982487503e-06
,,,,,,,,,,,,,,,32886,1115.17,697756,0.15438136458396912,932,707.1588217900003,21,,,,,,,,,,,,,,,,,,,,,,,,,,,,,,,,,,,,,,,
0.7063053503967498,0.0,1.0,0.0,0.0,497.23896667931183,44.04140015932119,229.19552426570198,5.04999999999999,0.0,0.0,0.21549893842887474,430.3368637878448,3,0.0,,,,,,,,,,,,,,,,,,,,,,,,,,,,,,,,,,,,,,,,,688458,-6.702744483947754,-26.258651733398438,0.008114554919302464,0.4200819730758667,9.547293987518e-06
0.622298997342179,0.0,1.0,0.0,0.0,571.8927785574625,39.59110704924376,33.91468965412314,19.100000000000136,0.0,0.0,0.26040137053352913,504.95194100402296,0,0.0,,,,,,,,,,,,,,,,,,,,,,,,,,,,,,,,,,,,,,,,,689376,-0.4259949326515198,-25.744836807250977,0.00811846274882555,0.39197829365730286,9.492291542912e-06
0.5336122358797027,1.0,0.0,0.0,0.0,152.61309946159497,37.257920305133275,85.20681055990094,4.749999999999991,0.0,0.0,0.07958115183246073,147.68168842350133,2,0.0,,,,,,,,,,,,,,,,,,,,,,,,,,,,,,,,,,,,,,,,,689661,-0.5377077460289001,-26.213865280151367,0.008118939585983753,0.40336012840270996,9.475249734639503e-06
,,,,,,,,,,,,,,,,,,,,,,0.08540397882461548,14.149163246154785,1.1706609725952148,0.36096328496932983,0.35628244280815125,1.4955589771270752,5.559073448181152,0.30434298515319824,13.211714744567871,23.495643615722656,0.41628071665763855,21.343969345092773,0.13815489411354065,0.18817555904388428,0.1777186393737793,0.019890056923031807,0.28386226296424866,22.411460876464844,0.20098988711833954,8.99271011352539,0.280836284160614,6.030916213989258,13.082735061645508,0.30126142501831055,0.37587499618530273,0.34430697560310364,24.466270446777344,21.11644172668457,1.9921138286590576,0.17570805549621582,0.03060482069849968,22.65223503112793,0.08020764589309692,689999,1.7092474699020386,-26.825429916381836,0.00811988115310669,0.2888144850730896,9.4550597000995e-06
0.7972203897392655,0.0,0.0,0.0,0.0,1829.6207944516143,46.356580153731514,287.7707397029829,2.499999999999999,0.0,1.0,1.0,1477.1451458809897,4,0.0,,,,,,,,,,,,,,,,,,,,,,,,,,,,,,,,,,,,,,,,,691955,0.6723318099975586,-25.700458526611328,0.00812588818371296,0.3191623091697693,9.3386667914875e-06
,,,,,,,,,,,,,,,33075,1093.34,701956,0.15429435670375824,936,699.2496702499999,21,,,,,,,,,,,,,,,,,,,,,,,,,,,,,,,,,,,,,,,
0.5612192497075155,0.0,1.0,0.0,0.0,175.66162515845235,38.880092318266314,0.0,7.349999999999982,0.0,0.0,0.08190772420943494,168.83039124123752,0,0.0,,,,,,,,,,,,,,,,,,,,,,,,,,,,,,,,,,,,,,,,,692267,1.550761342048645,-26.32549285888672,0.008127597160637379,0.3199429214000702,9.320171459255502e-06
0.6870084373773535,0.0,1.0,0.0,0.0,955.6287363918988,44.72129803392184,347.50380871567785,2.6999999999999984,0.0,0.0,0.40108646446355817,863.3016885120887,2,0.0,,,,,,,,,,,,,,,,,,,,,,,,,,,,,,,,,,,,,,,,,693657,-2.2830100059509277,-26.872825622558594,0.008128929883241653,0.3278075158596039,9.238007778075505e-06
0.49991481259202447,0.0,1.0,0.0,0.0,115.48032170875766,41.682323922649246,56.34766096714574,0.0,0.0,0.0,0.0547945205479452,133.37230300623924,0,0.0,,,,,,,,,,,,,,,,,,,,,,,,,,,,,,,,,,,,,,,,,693887,2.2165229320526123,-25.89470863342285,0.008129151538014412,0.3164401352405548,9.224449422515498e-06
0.44801159233841953,0.0,1.0,0.0,0.0,79.74606343623867,36.45711352964368,0.0,4.6499999999999915,0.0,0.0,0.04764397905759162,89.921596507309,0,0.0,,,,,,,,,,,,,,,,,,,,,,,,,,,,,,,,,,,,,,,,,694064,1.9002265930175781,-26.005708694458008,0.00812890287488699,0.3287453055381775,9.214022551551999e-06
,,,,,,,,,,,,,,,33176,1055.27,704065,0.15424852073192596,940,669.3079312299998,21,,,,,,,,,,,,,,,,,,,,,,,,,,,,,,,,,,,,,,,
-0.060069290042302804,0.0,1.0,0.0,0.0,-4.385058173088105,27.79388619812581,0.0,0.9000000000000002,0.0,0.0,0.012552301255230125,28.050921412650496,0,0.0,,,,,,,,,,,,,,,,,,,,,,,,,,,,,,,,,,,,,,,,,694136,-0.486400842666626,-26.320484161376953,0.008128196932375431,0.3032568097114563,9.209782896352e-06
0.5919060586002642,0.0,1.0,0.0,0.0,571.189346549255,42.09079431745859,265.70591005442634,6.199999999999986,0.0,0.0,0.28550583657587547,563.6239662319422,4,0.0,,,,,,,,,,,,,,,,,,,,,,,,,,,,,,,,,,,,,,,,,695100,-2.379793882369995,-27.575780868530273,0.008132783696055412,0.31778484582901,9.153117995000003e-06
0.7381430302302739,0.0,0.0,0.0,0.0,2008.4871852565755,45.81038205981123,429.3378405535673,10.050000000000008,0.0,1.0,1.0,1730.4244957782794,4,0.0,,,,,,,,,,,,,,,,,,,,,,,,,,,,,,,,,,,,,,,,,697820,-0.16346368193626404,-25.604888916015625,0.008133784867823124,0.3448295593261719,8.994230663799998e-06
,,,,,,,,,,,,,,,,,,,,,,0.07651497423648834,14.654266357421875,1.1591287851333618,0.3627548813819885,0.3567051589488983,1.1928645372390747,4.99639892578125,0.3077355623245239,13.223299980163574,23.687759399414062,0.4153986871242523,22.291345596313477,0.14840783178806305,0.19571396708488464,0.18261387944221497,0.01593121327459812,0.2977104187011719,21.79498863220215,0.19581478834152222,9.6909761428833,0.28225472569465637,5.526782989501953,12.78663158416748,0.2935168147087097,0.3869140148162842,0.33376896381378174,25.26534080505371,21.13408851623535,1.7778990268707275,0.1766027957201004,0.02722678706049919,21.977346420288086,0.07381254434585571,699999,1.3395240306854248,-26.296573638916016,0.00813977885991335,0.5124472975730896,8.868007710099497e-06
0.6942421601655127,1.0,0.0,0.0,0.0,2497.189050115349,43.99588714709356,375.089939166666,42.54999999999972,0.0,0.0,0.9838850174216028,2197.3335000397637,5,0.0,,,,,,,,,,,,,,,,,,,,,,,,,,,,,,,,,,,,,,,,,701416,-1.2201385498046875,-27.501178741455078,0.008139830082654953,0.4622831344604492,8.786432143071998e-06
,,,,,,,,,,,,,,,33521,1088.33,711417,0.1541052609682083,944,690.7016901900001,21,,,,,,,,,,,,,,,,,,,,,,,,,,,,,,,,,,,,,,,
0.6057704456872841,0.0,1.0,0.0,0.0,325.2987293340716,44.232102003265304,84.41300364379558,1.1500000000000004,0.0,0.0,0.21102661596958175,329.4893310274929,0,0.0,,,,,,,,,,,,,,,,,,,,,,,,,,,,,,,,,,,,,,,,,701952,0.9727116823196411,-26.5072021484375,0.008136565797030926,0.6064528822898865,8.755679205247998e-06
0.4010675477611231,0.0,1.0,0.0,0.0,48.12810573133477,37.20728392255134,0.0,2.549999999999999,0.0,0.0,0.03043691703485518,61.722887868992984,0,0.0,,,,,,,,,,,,,,,,,,,,,,,,,,,,,,,,,,,,,,,,,702071,-0.9200621247291565,-27.391033172607422,0.008137431927025318,0.3917991816997528,8.7488593495795e-06
0.5596597831181234,0.0,1.0,0.0,0.0,202.59684148876065,41.39130079905057,68.4009450628712,1.0000000000000002,0.0,0.0,0.12730627306273062,207.7453152788803,0,0.0,,,,,,,,,,,,,,,,,,,,,,,,,,,,,,,,,,,,,,,,,702432,0.3423892855644226,-26.894622802734375,0.008136085234582424,0.3769533038139343,8.728187785088003e-06
0.5955262058413426,0.0,1.0,0.0,0.0,206.05206722110455,42.58720702185659,69.75589352404425,0.0,0.0,0.0,0.1198371146015125,204.39682003576308,0,0.0,,,,,,,,,,,,,,,,,,,,,,,,,,,,,,,,,,,,,,,,,702777,1.3525291681289673,-26.388912200927734,0.008135402575135231,0.46102774143218994,8.708456647035503e-06
,,,,,,,,,,,,,,,33583,1064.93,712778,0.15407922863960266,948,674.46457746,21,,,,,,,,,,,,,,,,,,,,,,,,,,,,,,,,,,,,,,,
0.32422737464182105,0.0,1.0,0.0,0.0,208.80242926933275,28.00088575058772,46.82700488003679,22.600000000000186,0.0,0.0,0.13301536830948596,250.13646245654672,0,0.0,,,,,,,,,,,,,,,,,,,,,,,,,,,,,,,,,,,,,,,,,703420,1.4365317821502686,-26.969972610473633,0.008134816773235798,0.622310996055603,8.671745591799997e-06
0.41362041729534954,0.0,1.0,0.0,0.0,338.3415013475959,34.46030376597098,185.24753624208444,8.74999999999999,0.0,0.0,0.2606484424666243,391.2547637820244,2,0.0,,,,,,,,,,,,,,,,,,,,,,,,,,,,,,,,,,,,,,,,,704237,0.6495095491409302,-26.56902313232422,0.008132439106702805,0.42425084114074707,8.625218970815502e-06
0.4954461468008219,0.0,1.0,0.0,0.0,117.42073679179478,40.10251466083938,96.41679077317447,0.0,0.0,0.0,0.0822538860103627,131.7373506659642,1,0.0,,,,,,,,,,,,,,,,,,,,,,,,,,,,,,,,,,,,,,,,,704473,1.3256275653839111,-26.952388763427734,0.00813316460698843,0.42164650559425354,8.611803939035502e-06
0.3742628677149924,0.0,0.0,0.0,0.0,189.37701106378614,30.10095047514107,0.0,16.6500000000001,1.0,0.0,0.12465828321487152,211.26386459358037,0,0.0,,,,,,,,,,,,,,,,,,,,,,,,,,,,,,,,,,,,,,,,,704978,0.3419733941555023,-27.327495574951172,0.008135142736136913,0.44221124053001404,8.583135278158002e-06
,,,,,,,,,,,,,,,33689,1073.05,714979,0.1540287435054779,952,675.2989893000001,21,,,,,,,,,,,,,,,,,,,,,,,,,,,,,,,,,,,,,,,
0.7196227438024851,0.0,0.0,0.0,0.0,1753.0010039028539,46.45659373786359,432.1350131743815,0.0,0.0,1.0,1.0,1571.2647253796458,3,0.0,,,,,,,,,,,,,,,,,,,,,,,,,,,,,,,,,,,,,,,,,707413,0.8910181522369385,-26.205955505371094,0.008144227787852287,0.5264838933944702,8.445613550615504e-06
0.02805961403503772,0.0,1.0,0.0,0.0,2.3570075789431684,29.374108485533725,26.780914131265657,0.0,0.0,0.0,0.013776337115072933,33.96431448869407,0,0.0,,,,,,,,,,,,,,,,,,,,,,,,,,,,,,,,,,,,,,,,,707496,-1.5851516723632812,-26.04291534423828,0.008145300671458244,0.45656508207321167,8.440946746592002e-06
0.4123971107591409,0.0,1.0,0.0,0.0,85.36620192714216,40.07019519629759,56.97490596514911,0.35,0.0,0.0,0.054353054353054354,114.98573748860508,0,0.0,,,,,,,,,,,,,,,,,,,,,,,,,,,,,,,,,,,,,,,,,707702,1.9304041862487793,-26.634355545043945,0.008145548403263092,0.5948782563209534,8.429369999998003e-06
0.6359674073112823,0.0,1.0,0.0,0.0,236.57987551979704,42.910346641346365,45.98165642790968,6.299999999999986,0.0,0.0,0.08617065994115175,221.47057790867984,1,0.0,,,,,,,,,,,,,,,,,,,,,,,,,,,,,,,,,,,,,,,,,708073,0.5533748269081116,-25.375991821289062,0.008145890198647976,0.4367453455924988,8.408541916235501e-06
,,,,,,,,,,,,,,,33827,1050.91,718074,0.15397517383098602,956,667.4454290500001,21,,,,,,,,,,,,,,,,,,,,,,,,,,,,,,,,,,,,,,,
0.6522333475097263,0.0,1.0,0.0,0.0,628.7529469993761,45.484517144616326,121.49194204796594,3.699999999999995,0.0,0.0,0.2962962962962963,608.5512095876038,1,0.0,,,,,,,,,,,,,,,,,,,,,,,,,,,,,,,,,,,,,,,,,709036,-0.28708964586257935,-25.98708724975586,0.008147510699927807,0.39726465940475464,8.354606544952002e-06
0.3890714795483461,0.0,1.0,0.0,0.0,112.05258610992368,31.784296656117736,81.48603258969723,1.3500000000000005,0.0,0.0,0.06593406593406594,126.93660434707999,1,0.0,,,,,,,,,,,,,,,,,,,,,,,,,,,,,,,,,,,,,,,,,709323,1.2099602222442627,-25.632583618164062,0.008148054592311382,0.7774767875671387,8.338568043735499e-06
,,,,,,,,,,,,,,,,,,,,,,0.08458174765110016,14.290406227111816,1.1536799669265747,0.37144920229911804,0.3603823781013489,1.3412803411483765,5.393913745880127,0.31237637996673584,12.252873420715332,23.687911987304688,0.4139098525047302,21.322023391723633,0.15027748048305511,0.18805837631225586,0.19338689744472504,0.01765093207359314,0.28059279918670654,22.466754913330078,0.2000868022441864,9.583436012268066,0.2918095290660858,5.585335731506348,12.759856224060059,0.3031180799007416,0.3781931400299072,0.3523002862930298,24.117982864379883,22.174373626708984,1.9901459217071533,0.1612449288368225,0.03120739944279194,23.033700942993164,0.07350169867277145,709999,1.221903920173645,-26.41305160522461,0.008152061142027378,0.4218614101409912,8.300855720099504e-06
0.8008486083760044,0.0,1.0,0.0,0.0,845.6961304450606,47.07577313458539,96.65470330653092,1.0000000000000002,0.0,0.0,0.4227594339622642,690.079722687602,2,0.0,,,,,,,,,,,,,,,,,,,,,,,,,,,,,,,,,,,,,,,,,710378,0.4621797204017639,-25.95557403564453,0.008152811788022518,0.4569249153137207,8.279752056957999e-06
0.5643482044735322,0.0,0.0,0.0,0.0,339.17327088859287,42.15588836440775,178.54266040009017,2.849999999999998,1.0,0.0,0.17964693665628245,351.5712288916111,4,0.0,,,,,,,,,,,,,,,,,,,,,,,,,,,,,,,,,,,,,,,,,710978,1.305060863494873,-26.383922576904297,0.008155436255037785,0.5921290516853333,8.246401010158e-06
,,,,,,,,,,,,,,,33962,1033.35,720979,0.15391618013381958,960,656.0234062899998,21,,,,,,,,,,,,,,,,,,,,,,,,,,,,,,,,,,,,,,,
0.5049716768522028,0.0,1.0,0.0,0.0,124.72800418249409,42.08949892983627,84.58294956042448,0.0,0.0,0.0,0.06142288996906761,144.1182663049549,0,0.0,,,,,,,,,,,,,,,,,,,,,,,,,,,,,,,,,,,,,,,,,711224,0.6324690580368042,-26.804576873779297,0.008154495619237423,0.406416118144989,8.232747788512002e-06
0.530757259871544,0.0,1.0,0.0,0.0,150.7350618035185,40.637501713378015,101.72618819401518,2.25,0.0,0.0,0.1019632678910703,159.963838824071,1,0.0,,,,,,,,,,,,,,,,,,,,,,,,,,,,,,,,,,,,,,,,,711507,-4.063777923583984,-25.024824142456055,0.008155778050422668,0.5640954375267029,8.217055929375502e-06
0.5471316912941099,0.0,1.0,0.0,0.0,453.025040391523,34.78544542815957,80.66705480355543,24.700000000000216,0.0,0.0,0.15151515151515152,399.8121779114008,1,0.0,,,,,,,,,,,,,,,,,,,,,,,,,,,,,,,,,,,,,,,,,712334,-1.1625068187713623,-25.800067901611328,0.00816020555794239,0.6370326280593872,8.171291551822002e-06
0.532476268125808,0.0,1.0,0.0,0.0,103.83287228453256,41.444561147197966,5.056629418307414,0.49999999999999994,0.0,0.0,0.06338028169014084,111.95856399834156,0,0.0,,,,,,,,,,,,,,,,,,,,,,,,,,,,,,,,,,,,,,,,,712528,-3.343811511993408,-26.283309936523438,0.008161380887031555,0.6092799305915833,8.160575723008004e-06
,,,,,,,,,,,,,,,34030,996.33,722529,0.1538814902305603,964,629.88979264,21,,,,,,,,,,,,,,,,,,,,,,,,,,,,,,,,,,,,,,,
0.6388725048301267,0.0,1.0,0.0,0.0,263.2154719900122,44.28434198607545,47.700215905709136,4.799999999999991,0.0,0.0,0.12439418416801293,253.06423421483487,1,0.0,,,,,,,,,,,,,,,,,,,,,,,,,,,,,,,,,,,,,,,,,712939,-7.054660320281982,-26.69655990600586,0.008163793943822384,0.6077049970626831,8.137898373239503e-06
0.7253889115013628,0.0,1.0,0.0,0.0,816.0625254390332,43.957125716377824,59.42529843881047,12.850000000000048,0.0,0.0,0.4083992696287279,686.5943008558825,0,0.0,,,,,,,,,,,,,,,,,,,,,,,,,,,,,,,,,,,,,,,,,714063,0.09722873568534851,-26.810293197631836,0.008169078268110752,0.555956244468689,8.076052182915497e-06
0.4138101181381746,0.0,1.0,0.0,0.0,517.2626476727182,30.91741259057502,212.4510733100393,38.44999999999995,0.0,0.0,0.34336609336609336,536.2490346990526,2,0.0,,,,,,,,,,,,,,,,,,,,,,,,,,,,,,,,,,,,,,,,,715312,-0.6477556228637695,-26.10732650756836,0.00817610789090395,0.4848565459251404,8.007622985728e-06
0.8055612230025695,0.0,1.0,0.0,0.0,1903.5411699550718,46.96988417971971,278.28780222129086,2.499999999999999,0.0,0.0,0.6517094017094017,1541.2151752086356,3,0.0,,,,,,,,,,,,,,,,,,,,,,,,,,,,,,,,,,,,,,,,,717674,1.2895841598510742,-25.95514678955078,0.008194991387426853,0.4013773798942566,7.879064302461998e-06
,,,,,,,,,,,,,,,34269,1004.62,727675,0.15378518402576447,968,635.00396614,21,,,,,,,,,,,,,,,,,,,,,,,,,,,,,,,,,,,,,,,
,,,,,,,,,,,,,,,,,,,,,,0.08411265909671783,14.222667694091797,1.1286519765853882,0.3791368305683136,0.36089545488357544,1.3191300630569458,5.370884895324707,0.31975796818733215,13.07262134552002,24.209199905395508,0.41807466745376587,21.49907684326172,0.1576639860868454,0.1912481039762497,0.19884754717350006,0.017737960442900658,0.28909188508987427,21.761674880981445,0.20150141417980194,10.067391395568848,0.2969173789024353,5.935474872589111,12.866561889648438,0.294079452753067,0.3731313943862915,0.3408065140247345,23.82573127746582,22.08104133605957,1.8985592126846313,0.17578376829624176,0.029733065515756607,21.869991302490234,0.07981261610984802,719999,-0.14264193177223206,-26.211116790771484,0.008204633370041847,0.4162568151950836,7.753603730099503e-06
0.5122888042265001,0.0,1.0,0.0,0.0,1399.0607243425718,37.55931140521429,0.0,63.64999999999852,0.0,0.0,0.9087546239210851,1423.8797075096518,0,0.0,,,,,,,,,,,,,,,,,,,,,,,,,,,,,,,,,,,,,,,,,720404,0.08934995532035828,-25.10626220703125,0.008207720704376698,0.4864615797996521,7.731859319991996e-06
0.47391095127976574,0.0,1.0,0.0,0.0,84.83006027907807,38.85071513700726,0.0,4.699999999999991,0.0,0.0,0.05081194342587742,96.36547725461423,0,0.0,,,,,,,,,,,,,,,,,,,,,,,,,,,,,,,,,,,,,,,,,720582,-0.11696091294288635,-25.259111404418945,0.008209137246012688,0.5793019533157349,7.722312843038005e-06
-0.3780439354445668,0.0,1.0,0.0,0.0,-79.7672703788036,26.912038185143132,0.0,3.999999999999994,0.0,0.0,0.0346470333477696,78.64700111007551,0,0.0,,,,,,,,,,,,,,,,,,,,,,,,,,,,,,,,,,,,,,,,,720792,1.613074779510498,-24.912982940673828,0.008211039938032627,0.38625460863113403,7.711058252768001e-06
-0.3660734457635477,0.0,1.0,0.0,0.0,-17.205451950886744,19.54676869071775,0.5525197645862812,0.0,0.0,0.0,0.007807417046193884,12.715100755915046,0,0.0,,,,,,,,,,,,,,,,,,,,,,,,,,,,,,,,,,,,,,,,,720838,-0.4334101378917694,-25.006908416748047,0.008211847394704819,0.47713810205459595,7.708594133278003e-06
,,,,,,,,,,,,,,,34411,983.56,730839,0.15373262763023376,972,615.75828498,21,,,,,,,,,,,,,,,,,,,,,,,,,,,,,,,,,,,,,,,
0.7062177292743764,0.0,0.0,0.0,0.0,2205.5179685238777,45.522947446500865,473.11388595050795,18.60000000000013,0.0,1.0,1.0,1973.7949656089768,5,0.0,,,,,,,,,,,,,,,,,,,,,,,,,,,,,,,,,,,,,,,,,723960,2.0547213554382324,-24.629749298095703,0.008228364400565624,0.44838541746139526,7.542339519200004e-06
0.7876711167569004,0.0,1.0,0.0,0.0,2107.8079084414653,46.70793138046053,363.6172419773593,15.650000000000087,0.0,0.0,0.7448542024013722,1735.5787009224296,5,0.0,,,,,,,,,,,,,,,,,,,,,,,,,,,,,,,,,,,,,,,,,726635,0.7406907677650452,-26.2559814453125,0.008245689794421196,0.31173956394195557,7.401431760887501e-06
0.4058021099462126,0.0,1.0,0.0,0.0,241.45225541799647,29.90340104552828,0.0,20.10000000000015,0.0,0.0,0.1366649668536461,246.89871156401932,0,0.0,,,,,,,,,,,,,,,,,,,,,,,,,,,,,,,,,,,,,,,,,727229,-0.24556365609169006,-25.620412826538086,0.008249292150139809,0.6455234885215759,7.370335544879502e-06
0.4655474774961031,0.0,1.0,0.0,0.0,205.77198505327758,32.81197959445202,59.938757172863234,8.699999999999989,0.0,0.0,0.10198604401502952,201.12216045334935,0,0.0,,,,,,,,,,,,,,,,,,,,,,,,,,,,,,,,,,,,,,,,,727670,1.0228075981140137,-25.566965103149414,0.008253340609371662,0.5555119514465332,7.347294375549998e-06
,,,,,,,,,,,,,,,34736,986.56,737671,0.15363171696662903,976,621.44626794,21,,,,,,,,,,,,,,,,,,,,,,,,,,,,,,,,,,,,,,,
0.5615493090351076,0.0,0.0,0.0,0.0,855.2395976604689,35.85349154618047,229.52632443121965,39.24999999999991,1.0,0.0,0.4410958904109589,757.9435343544465,4,0.0,,,,,,,,,,,,,,,,,,,,,,,,,,,,,,,,,,,,,,,,,729192,-0.6794617772102356,-26.550174713134766,0.00826168805360794,0.4059322476387024,7.2680708799680035e-06
0.45668138198827973,0.0,1.0,0.0,0.0,74.43906526408959,37.45681123525628,0.0,5.1999999999999895,0.0,0.0,0.05778588807785888,84.58676310349256,0,0.0,,,,,,,,,,,,,,,,,,,,,,,,,,,,,,,,,,,,,,,,,729354,1.4039685726165771,-25.83591079711914,0.00826036836951971,0.35261106491088867,7.259665562942001e-06
,,,,,,,,,,,,,,,,,,,,,,0.08028419315814972,14.287753105163574,1.134061574935913,0.3423326015472412,0.3551596999168396,1.3097927570343018,5.148918151855469,0.3131749629974365,13.968098640441895,21.955039978027344,0.4435964524745941,21.386491775512695,0.15466241538524628,0.19154949486255646,0.19334465265274048,0.017559802159667015,0.28671908378601074,23.043745040893555,0.20404931902885437,9.919065475463867,0.29101839661598206,5.3010711669921875,13.086426734924316,0.29547518491744995,0.3854600489139557,0.3593082129955292,24.720958709716797,21.707178115844727,2.1258387565612793,0.18726402521133423,0.03314701095223427,22.03961181640625,0.07106907665729523,729999,-1.454805850982666,-25.908973693847656,0.008265994489192963,0.4465607702732086,7.226251740099502e-06
0.7333769608636117,0.0,1.0,0.0,0.0,505.2967260350284,44.449006560598555,0.0,10.90000000000002,0.0,0.0,0.29080310880829013,425.16627754457295,0,0.0,,,,,,,,,,,,,,,,,,,,,,,,,,,,,,,,,,,,,,,,,730042,2.0670320987701416,-25.49201202392578,0.008265715092420578,0.4818587303161621,7.224027095518003e-06
0.6081906693019223,0.0,1.0,0.0,0.0,1723.612356801648,41.839443902586424,427.36674061200404,33.40000000000024,0.0,0.0,0.7723577235772358,1646.0865841973573,4,0.0,,,,,,,,,,,,,,,,,,,,,,,,,,,,,,,,,,,,,,,,,732875,1.4259979724884033,-25.078140258789062,0.008284852840006351,0.37879982590675354,7.078269929687504e-06
,,,,,,,,,,,,,,,34978,1007.54,742876,0.15354691445827484,980,632.3016289899999,21,,,,,,,,,,,,,,,,,,,,,,,,,,,,,,,,,,,,,,,
0.756507650655044,0.0,0.0,0.0,0.0,1842.096129345032,46.34777747564023,439.6508253686913,6.299999999999986,0.0,1.0,1.0,1566.9406375521794,4,0.0,,,,,,,,,,,,,,,,,,,,,,,,,,,,,,,,,,,,,,,,,735309,0.6367990970611572,-24.608837127685547,0.008295740000903606,0.433952659368515,6.954316795359499e-06
0.7675067529423195,0.0,1.0,0.0,0.0,977.8036032485151,45.82443682094045,190.18395893349418,10.050000000000008,0.0,0.0,0.50749850029994,810.5002836063504,1,0.0,,,,,,,,,,,,,,,,,,,,,,,,,,,,,,,,,,,,,,,,,736582,1.3464722633361816,-25.007505416870117,0.008300943300127983,0.4623153507709503,6.889957931038003e-06
0.800960679833961,0.0,1.0,0.0,0.0,1433.7196169027902,47.18468577117253,150.72473075591424,12.200000000000038,0.0,0.0,0.628421052631579,1172.7873931694776,2,0.0,,,,,,,,,,,,,,,,,,,,,,,,,,,,,,,,,,,,,,,,,738371,0.7056592106819153,-26.595787048339844,0.008308349177241325,0.45715251564979553,6.800056787279501e-06
0.4620895563225297,1.0,0.0,0.0,0.0,325.3110476510609,40.55673584523543,33.019247162953505,4.94999999999999,0.0,0.0,0.18280542986425338,396.2801874894649,0,0.0,,,,,,,,,,,,,,,,,,,,,,,,,,,,,,,,,,,,,,,,,739074,1.5031800270080566,-26.511123657226562,0.008312172256410122,0.42040908336639404,6.764903818861998e-06
,,,,,,,,,,,,,,,35272,1039.5,749075,0.15345972776412964,984,657.7571139899999,21,,,,,,,,,,,,,,,,,,,,,,,,,,,,,,,,,,,,,,,
,,,,,,,,,,,,,,,,,,,,,,0.07730665802955627,14.299201965332031,1.061879277229309,0.36933577060699463,0.3541317582130432,1.2676888704299927,5.043294429779053,0.3334953188896179,13.527618408203125,24.09454917907715,0.4112749695777893,21.407459259033203,0.1489560753107071,0.19426997005939484,0.18617883324623108,0.01722291111946106,0.29084324836730957,21.529972076416016,0.20153099298477173,9.717524528503418,0.313739538192749,5.268911361694336,13.147381782531738,0.28716036677360535,0.373247355222702,0.3300243616104126,24.349729537963867,23.092737197875977,2.1175527572631836,0.18378716707229614,0.03245912492275238,21.136381149291992,0.07158380001783371,739999,1.4814233779907227,-25.753822326660156,0.008314079605042934,0.4829101860523224,6.718799750099501e-06
0.7469223791914024,0.0,1.0,0.0,0.0,1293.6695607595088,45.63224918512925,340.8707945621537,9.199999999999996,0.0,0.0,0.5304676428908833,1097.1337557313964,5,0.0,,,,,,,,,,,,,,,,,,,,,,,,,,,,,,,,,,,,,,,,,740805,1.0841248035430908,-25.307897567749023,0.008317648433148861,0.37906044721603394,6.678765728487502e-06
0.4546234655909292,0.0,0.0,0.0,0.0,472.8084042145664,31.01158301591812,44.806013803648604,33.45000000000024,1.0,0.0,0.2732018561484919,447.54711473733187,0,0.0,,,,,,,,,,,,,,,,,,,,,,,,,,,,,,,,,,,,,,,,,741844,0.8407471179962158,-24.827777862548828,0.008320905268192291,0.47183552384376526,6.627349333432003e-06
0.6985393973687405,0.0,1.0,0.0,0.0,1530.4998196349104,46.26729620347337,225.7382654145007,6.299999999999986,0.0,0.0,0.7418142780461621,1407.5203062770888,3,0.0,,,,,,,,,,,,,,,,,,,,,,,,,,,,,,,,,,,,,,,,,744034,-1.5572240352630615,-26.89897346496582,0.008319794200360775,0.5370399951934814,6.519677679022001e-06
0.6852115030305709,0.0,1.0,0.0,0.0,255.58389063040295,44.591371982867145,26.056303539897318,0.05,0.0,0.0,0.13824057450628366,230.71552327182144,0,0.0,,,,,,,,,,,,,,,,,,,,,,,,,,,,,,,,,,,,,,,,,744406,1.8840851783752441,-25.64893341064453,0.008321507833898067,0.6648482084274292,6.501483077181999e-06
,,,,,,,,,,,,,,,35516,1053.6,754407,0.15338145196437836,988,669.32211546,21,,,,,,,,,,,,,,,,,,,,,,,,,,,,,,,,,,,,,,,
0.42777081701057845,0.0,1.0,0.0,0.0,421.3542547554198,30.90424609322551,197.94130879601022,29.85000000000029,0.0,0.0,0.21438780371605526,422.42250600713305,2,0.0,,,,,,,,,,,,,,,,,,,,,,,,,,,,,,,,,,,,,,,,,745390,-0.854390561580658,-24.581533432006836,0.008325031958520412,0.47835808992385864,6.45348818395e-06
0.4902291271679846,0.0,1.0,0.0,0.0,218.15196158975314,34.15339421574308,0.0,14.200000000000067,0.0,0.0,0.15266666666666667,210.86500865221024,0,0.0,,,,,,,,,,,,,,,,,,,,,,,,,,,,,,,,,,,,,,,,,745834,1.590545892715454,-24.750099182128906,0.008327402174472809,0.39774250984191895,6.4318950378220005e-06
0.6771155992171465,0.0,1.0,0.0,0.0,565.3915253463173,44.890811470539155,89.62805330669111,8.449999999999985,0.0,0.0,0.2140366172624237,520.2367856018245,2,0.0,,,,,,,,,,,,,,,,,,,,,,,,,,,,,,,,,,,,,,,,,746668,-1.6978368759155273,-25.623205184936523,0.008327648974955082,0.5351861715316772,6.391440991287999e-06
0.42134477864062236,0.0,1.0,0.0,0.0,191.29052950284256,31.98834476942186,88.86507981010516,6.999999999999983,0.0,0.0,0.09394250513347023,201.40146152023226,1,0.0,,,,,,,,,,,,,,,,,,,,,,,,,,,,,,,,,,,,,,,,,747121,1.6405482292175293,-24.99797821044922,0.008326572366058826,0.6833986043930054,6.369525759779499e-06
,,,,,,,,,,,,,,,35642,1004.36,757122,0.15334302186965942,992,632.0334672000001,21,,,,,,,,,,,,,,,,,,,,,,,,,,,,,,,,,,,,,,,
0.5644408977514981,0.0,1.0,0.0,0.0,186.82993715574588,41.489847075146635,94.82874985551162,2.000000000000001,0.0,0.0,0.13654096228868662,190.5158086400479,1,0.0,,,,,,,,,,,,,,,,,,,,,,,,,,,,,,,,,,,,,,,,,747451,-7.925798416137695,-25.796457290649414,0.008328094147145748,0.537937581539154,6.353586731399502e-06
0.6258331308718175,0.0,1.0,0.0,0.0,802.9439069085417,43.77592171768091,420.9609475244436,4.499999999999992,0.0,0.0,0.4105586878523834,779.6647810937138,5,0.0,,,,,,,,,,,,,,,,,,,,,,,,,,,,,,,,,,,,,,,,,748733,2.230095386505127,-24.637500762939453,0.008330150507390499,0.48514804244041443,6.291871646255502e-06
0.4624509889751585,0.0,0.0,0.0,0.0,415.28098809969237,30.881426551629264,72.33022611054541,33.60000000000023,1.0,0.0,0.17588591184096802,384.75363241601735,1,0.0,,,,,,,,,,,,,,,,,,,,,,,,,,,,,,,,,,,,,,,,,749630,-1.8674626350402832,-26.315813064575195,0.00833242665976286,0.4866486191749573,6.248884821549999e-06
,,,,,,,,,,,,,,,,,,,,,,0.07274328172206879,14.389111518859863,1.1473439931869507,0.3534201383590698,0.3607715368270874,1.35055410861969,4.662973880767822,0.31444060802459717,13.991318702697754,22.654861450195312,0.4374118447303772,21.72742462158203,0.15507103502750397,0.19394734501838684,0.1906701624393463,0.018203793093562126,0.29285871982574463,22.30335807800293,0.2126699537038803,9.940330505371094,0.2939511835575104,5.29378604888916,13.632522583007812,0.2889755368232727,0.3843240439891815,0.34793663024902344,24.63585662841797,21.8084774017334,2.1700937747955322,0.18858560919761658,0.03385387361049652,21.439329147338867,0.07135365903377533,749999,1.5944761037826538,-26.001937866210938,0.008333723060786724,0.5438297390937805,6.231247760099501e-06
0.7044285213087288,0.0,1.0,0.0,0.0,648.7786681253392,45.13557528524556,184.22932149899208,7.549999999999981,0.0,0.0,0.3279044516829533,577.0813517337665,3,0.0,,,,,,,,,,,,,,,,,,,,,,,,,,,,,,,,,,,,,,,,,750550,1.383009910583496,-25.11121368408203,0.008336436934769154,0.45689767599105835,6.204962098750003e-06
,,,,,,,,,,,,,,,35807,999.4,760551,0.1532970517873764,996,629.5190638700001,21,,,,,,,,,,,,,,,,,,,,,,,,,,,,,,,,,,,,,,,
0.4135853185688687,0.0,1.0,0.0,0.0,198.520952913057,39.72772584311614,133.95720881523735,0.0,0.0,0.0,0.17220543806646527,264.5446963272989,2,0.0,,,,,,,,,,,,,,,,,,,,,,,,,,,,,,,,,,,,,,,,,751029,1.8457156419754028,-24.073312759399414,0.008336289785802364,0.7316144704818726,6.182160314679502e-06
0.744282626617916,0.0,1.0,0.0,0.0,1863.6836970512618,46.395206693228985,255.4899185642774,7.79999999999998,0.0,0.0,0.7106420404573439,1613.1831947090104,3,0.0,,,,,,,,,,,,,,,,,,,,,,,,,,,,,,,,,,,,,,,,,753532,0.9495434165000916,-24.97930145263672,0.008343718014657497,0.46127843856811523,6.063752944888001e-06
0.512339239304748,0.0,1.0,0.0,0.0,1282.3851159797844,43.06220088688581,136.1148623322967,26.35000000000024,0.0,0.0,0.9518815545959285,1496.4342027781531,3,0.0,,,,,,,,,,,,,,,,,,,,,,,,,,,,,,,,,,,,,,,,,756034,1.2136483192443848,-25.3448486328125,0.008345337584614754,0.730138897895813,5.946638871022e-06
0.4979454248167014,0.0,1.0,0.0,0.0,650.8146702354287,33.08097400452594,167.00893955629792,42.449999999999726,0.0,0.0,0.3333333333333333,600.1184417211916,2,0.0,,,,,,,,,,,,,,,,,,,,,,,,,,,,,,,,,,,,,,,,,757340,2.398501396179199,-24.075523376464844,0.008348796516656876,0.524567723274231,5.886002222199999e-06
,,,,,,,,,,,,,,,36129,1010.42,767341,0.15319286286830902,1000,636.2852032400001,21,,,,,,,,,,,,,,,,,,,,,,,,,,,,,,,,,,,,,,,
0.6261979401101202,0.0,0.0,0.0,0.0,146.53031798576814,40.86352427840735,0.0,4.249999999999993,1.0,0.0,0.08753799392097264,132.57578108273447,0,0.0,,,,,,,,,,,,,,,,,,,,,,,,,,,,,,,,,,,,,,,,,757573,-0.7097848653793335,-25.325498580932617,0.008349640294909477,0.49646440148353577,5.875219877735504e-06
0.647149427136505,0.0,1.0,0.0,0.0,358.5207826336238,41.24237642030199,46.87977993277318,8.549999999999986,0.0,0.0,0.21010474430067777,317.0921650379896,1,0.0,,,,,,,,,,,,,,,,,,,,,,,,,,,,,,,,,,,,,,,,,758126,2.1123690605163574,-23.811397552490234,0.00835220143198967,1.137939691543579,5.849672411662002e-06
0.6138572745849784,0.0,1.0,0.0,0.0,181.7017532771536,43.723352736229096,44.273089411238246,2.7499999999999982,0.0,0.0,0.11340852130325814,179.49175376817584,1,0.0,,,,,,,,,,,,,,,,,,,,,,,,,,,,,,,,,,,,,,,,,758421,1.7490524053573608,-25.158863067626953,0.008353344164788723,0.5687640905380249,5.8360689074795e-06
0.5678779980253443,0.0,1.0,0.0,0.0,553.1131700766854,43.22545197471822,167.08989456123118,6.399999999999985,0.0,0.0,0.24372759856630824,584.4864930380136,2,0.0,,,,,,,,,,,,,,,,,,,,,,,,,,,,,,,,,,,,,,,,,759394,-0.3748428225517273,-24.445953369140625,0.008355332538485527,0.5103380084037781,5.791323159981998e-06
,,,,,,,,,,,,,,,36225,981.26,769395,0.1531616896390915,1004,619.97950818,21,,,,,,,,,,,,,,,,,,,,,,,,,,,,,,,,,,,,,,,
0.7226315509882206,0.0,1.0,0.0,0.0,420.5715626751444,45.06022758662043,34.833445648659705,6.349999999999985,0.0,0.0,0.22395833333333334,364.05122777819633,1,0.0,,,,,,,,,,,,,,,,,,,,,,,,,,,,,,,,,,,,,,,,,759975,-2.512467861175537,-26.767086029052734,0.008357069455087185,0.556399941444397,5.764694312187503e-06
,,,,,,,,,,,,,,,,,,,,,,0.09555859863758087,14.184131622314453,1.1090959310531616,0.360908180475235,0.35483431816101074,1.4137656688690186,6.041131019592285,0.31993114948272705,13.85399341583252,22.816299438476562,0.42888909578323364,20.700037002563477,0.16011326014995575,0.19158239662647247,0.2038750946521759,0.019095467403531075,0.27959150075912476,21.75132179260254,0.21346968412399292,10.122220039367676,0.3035668134689331,5.888897895812988,13.495367050170898,0.2901814877986908,0.37497830390930176,0.34406235814094543,23.705801010131836,22.47509002685547,2.067854881286621,0.18712328374385834,0.03270932286977768,21.484085083007812,0.07954023778438568,759999,0.6618615388870239,-23.971277236938477,0.008357061073184013,0.6914805173873901,5.763595770099501e-06
0.6422188324549867,0.0,1.0,0.0,0.0,226.7032478566103,43.03979273327889,34.63539742193896,0.0,0.0,0.0,0.1301160659743433,210.75452194083482,0,0.0,,,,,,,,,,,,,,,,,,,,,,,,,,,,,,,,,,,,,,,,,760327,1.6350656747817993,-24.803768157958984,0.008357272483408451,0.6226817965507507,5.748593849435501e-06
0.5894332568838575,0.0,1.0,0.0,0.0,195.10240802855682,41.00001234264917,120.37098415649395,2.6499999999999986,0.0,0.0,0.10068259385665529,188.16796663869172,1,0.0,,,,,,,,,,,,,,,,,,,,,,,,,,,,,,,,,,,,,,,,,760657,0.1154741644859314,-24.185806274414062,0.008358527906239033,0.5436981320381165,5.733522059075499e-06
0.6759473288161006,0.0,1.0,0.0,0.0,266.99919488235975,43.871251892382844,79.00657427995431,0.7000000000000001,0.0,0.0,0.10124333925399645,240.4596648029983,2,0.0,,,,,,,,,,,,,,,,,,,,,,,,,,,,,,,,,,,,,,,,,761051,1.1488468647003174,-24.596101760864258,0.008359560742974281,0.5019804835319519,5.715555637799498e-06
,,,,,,,,,,,,,,,36301,947.58,771052,0.15313614904880524,1008,597.6678865000001,21,,,,,,,,,,,,,,,,,,,,,,,,,,,,,,,,,,,,,,,
0.6736654831927135,0.0,1.0,0.0,0.0,840.0608575413137,43.64694754403516,512.4737540049972,5.399999999999989,0.0,0.0,0.32441471571906355,755.5178402923048,6,0.0,,,,,,,,,,,,,,,,,,,,,,,,,,,,,,,,,,,,,,,,,762297,-0.0580451637506485,-23.986909866333008,0.008364544250071049,0.5655648112297058,5.658941292795501e-06
0.14051140742748738,0.0,1.0,0.0,0.0,12.505515261046376,30.719602680588537,7.0331486194348605,0.0,0.0,0.0,0.021788990825688075,37.71340003982186,0,0.0,,,,,,,,,,,,,,,,,,,,,,,,,,,,,,,,,,,,,,,,,762385,1.4586279392242432,-24.268274307250977,0.008364317007362843,0.6113744974136353,5.6549545283875e-06
0.13456071439957126,0.0,1.0,0.0,0.0,13.994314297555412,31.15640696774619,18.68128452622581,1.800000000000001,0.0,0.0,0.018465326220763235,44.75223805406131,0,0.0,,,,,,,,,,,,,,,,,,,,,,,,,,,,,,,,,,,,,,,,,762488,-0.03148021548986435,-24.2360897064209,0.008364460431039333,0.8111565113067627,5.650290159328001e-06
0.3543008142740921,0.0,1.0,0.0,0.0,221.0837081070335,27.00990015984875,0.0,26.50000000000024,0.0,0.0,0.11854243542435425,233.83976247999817,0,0.0,,,,,,,,,,,,,,,,,,,,,,,,,,,,,,,,,,,,,,,,,763111,-2.2981302738189697,-25.466318130493164,0.008366095833480358,0.5944907069206238,5.622122522939501e-06
,,,,,,,,,,,,,,,36401,929.46,773112,0.1531078815460205,1012,585.3121169100001,21,,,,,,,,,,,,,,,,,,,,,,,,,,,,,,,,,,,,,,,
-0.4378114673842756,0.0,1.0,0.0,0.0,-20.577138967060954,18.984119960257186,0.0,1.2000000000000004,0.0,0.0,0.006663249615581753,12.127931178780273,0,0.0,,,,,,,,,,,,,,,,,,,,,,,,,,,,,,,,,,,,,,,,,763157,1.9893548488616943,-23.816164016723633,0.008366144262254238,0.7200507521629333,5.620045791575501e-06
0.5124275024624583,0.0,0.0,0.0,0.0,576.4809402702656,35.27988170293813,83.98561547884277,31.95000000000032,1.0,0.0,0.2793404461687682,550.8034123112448,2,0.0,,,,,,,,,,,,,,,,,,,,,,,,,,,,,,,,,,,,,,,,,764281,1.3964459896087646,-24.401161193847656,0.00837421789765358,0.5374623537063599,5.569432162619501e-06
0.7039955406442092,0.0,1.0,0.0,0.0,1239.7361470744524,44.900085777591265,256.6491467823115,10.90000000000002,0.0,0.0,0.5048672566371681,1097.6762367812917,2,0.0,,,,,,,,,,,,,,,,,,,,,,,,,,,,,,,,,,,,,,,,,766041,0.8181545734405518,-24.604894638061523,0.00837952271103859,0.8482987284660339,5.490684551259501e-06
0.5836021342621046,0.0,1.0,0.0,0.0,1457.8381313867374,40.563221753076895,320.6315880294316,42.54999999999972,0.0,0.0,0.8099447513812155,1406.9339961316437,3,0.0,,,,,,,,,,,,,,,,,,,,,,,,,,,,,,,,,,,,,,,,,768538,0.9870222806930542,-24.614099502563477,0.00838581845164299,0.5091818571090698,5.3800190356780015e-06
,,,,,,,,,,,,,,,36659,947.02,778539,0.15303722023963928,1016,599.8410893600001,21,,,,,,,,,,,,,,,,,,,,,,,,,,,,,,,,,,,,,,,
0.5855228232156314,0.0,1.0,0.0,0.0,211.37373918084293,40.51745435116824,66.89315770942211,0.0,0.0,0.0,0.11613566289825282,202.94219204876572,1,0.0,,,,,,,,,,,,,,,,,,,,,,,,,,,,,,,,,,,,,,,,,768898,2.088456630706787,-24.589956283569336,0.008386130444705486,1.4434223175048828,5.364166393198002e-06
,,,,,,,,,,,,,,,,,,,,,,0.08086109161376953,14.238953590393066,1.117749571800232,0.3766734004020691,0.35147038102149963,1.389906406402588,5.226806163787842,0.3144446611404419,13.086309432983398,24.347911834716797,0.42163294553756714,21.669830322265625,0.14103800058364868,0.18810313940048218,0.17816460132598877,0.018361303955316544,0.2862684428691864,22.02619171142578,0.20757514238357544,9.116600036621094,0.29411566257476807,5.863044738769531,13.417516708374023,0.28386783599853516,0.3681296110153198,0.34075531363487244,23.7956485748291,22.263845443725586,2.0693273544311523,0.17287617921829224,0.03201344609260559,21.488109588623047,0.07745352387428284,769999,-2.699230194091797,-24.81838035583496,0.008389893919229507,0.5416145920753479,5.315843780099501e-06
0.6168295100548558,0.0,0.0,0.0,0.0,785.8407958098862,43.937843634265825,325.20831716808544,3.949999999999994,1.0,0.0,0.35949481281010376,777.0040034465492,3,0.0,,,,,,,,,,,,,,,,,,,,,,,,,,,,,,,,,,,,,,,,,770171,-0.8007792234420776,-23.391862869262695,0.008390174247324467,0.5333476662635803,5.3083165294795034e-06
0.732433810574163,1.0,0.0,0.0,0.0,2578.167013221054,43.05214202721042,204.76690287847757,41.84999999999976,0.0,0.0,0.8828678616090038,2104.261083319783,3,0.0,,,,,,,,,,,,,,,,,,,,,,,,,,,,,,,,,,,,,,,,,773690,-1.7805347442626953,-25.28528594970703,0.008407223038375378,0.5036067962646484,5.155606601950001e-06
0.6371131676837541,0.0,0.0,0.0,0.0,760.7131222144025,40.2778145207818,243.15636520542742,18.00000000000012,1.0,0.0,0.44147582697201015,667.5814543021843,2,0.0,,,,,,,,,,,,,,,,,,,,,,,,,,,,,,,,,,,,,,,,,774883,1.9297223091125488,-23.534799575805664,0.0084080770611763,0.5907175540924072,5.104394707055501e-06
,,,,,,,,,,,,,,,36960,988.66,784884,0.15295051038265228,1020,632.32403049,21,,,,,,,,,,,,,,,,,,,,,,,,,,,,,,,,,,,,,,,
0.611984811417576,0.0,1.0,0.0,0.0,468.7803655458632,42.32799825841227,334.9144636085625,0.8500000000000002,0.0,0.0,0.2080536912751678,449.9360085912049,4,0.0,,,,,,,,,,,,,,,,,,,,,,,,,,,,,,,,,,,,,,,,,775648,0.22590410709381104,-24.3934326171875,0.00840978417545557,0.5666623711585999,5.071704600448e-06
0.5991538135724215,0.0,0.0,0.0,0.0,623.1199661153183,38.183422138594615,166.71386704130794,23.5000000000002,1.0,0.0,0.2809917355371901,551.1430176140275,2,0.0,,,,,,,,,,,,,,,,,,,,,,,,,,,,,,,,,,,,,,,,,776687,-4.0796308517456055,-23.552021026611328,0.008412753231823444,0.6922997832298279,5.0274923789155e-06
0.7460333894703337,0.0,1.0,0.0,0.0,919.8591692169215,45.79636430766054,161.22994549873266,3.2499999999999964,0.0,0.0,0.4984690753214942,783.8257685936987,2,0.0,,,,,,,,,,,,,,,,,,,,,,,,,,,,,,,,,,,,,,,,,777919,2.6124799251556396,-23.096220016479492,0.008413346484303474,0.5133277177810669,4.975345880819498e-06
0.5936503376756027,0.0,1.0,0.0,0.0,252.89504384980677,43.38740570507078,1.877667737716063,2.3499999999999996,0.0,0.0,0.12876171682289098,256.3079188512638,0,0.0,,,,,,,,,,,,,,,,,,,,,,,,,,,,,,,,,,,,,,,,,778344,1.9321445226669312,-24.15213966369629,0.008415023796260357,0.8291997909545898,4.957427102431998e-06
,,,,,,,,,,,,,,,37119,999.23,788345,0.1529161036014557,1024,638.97281439,21,,,,,,,,,,,,,,,,,,,,,,,,,,,,,,,,,,,,,,,
0.5573078289489245,0.0,0.0,0.0,0.0,148.80119032936284,38.00106182718353,45.36914991210971,1.950000000000001,1.0,0.0,0.06732580037664783,140.68222217448056,1,0.0,,,,,,,,,,,,,,,,,,,,,,,,,,,,,,,,,,,,,,,,,778610,0.2281714379787445,-26.293546676635742,0.008415785618126392,0.4997703731060028,4.94623034395e-06
0.6939019883781361,0.0,1.0,0.0,0.0,376.0948777009498,45.259659278129206,123.68725642901353,3.7499999999999947,0.0,0.0,0.16603235014272122,340.4301792404149,1,0.0,,,,,,,,,,,,,,,,,,,,,,,,,,,,,,,,,,,,,,,,,779151,-0.9042164087295532,-25.510948181152344,0.008415738120675087,0.5074785947799683,4.923501429699499e-06
,,,,,,,,,,,,,,,,,,,,,,0.08725626021623611,14.980376243591309,1.1065720319747925,0.3854212760925293,0.36246827244758606,1.3367310762405396,5.552000999450684,0.32755959033966064,13.02051830291748,24.523849487304688,0.4233924150466919,21.342079162597656,0.14417296648025513,0.20233115553855896,0.18562254309654236,0.01805444248020649,0.2882549464702606,21.88128089904785,0.20426614582538605,9.17353630065918,0.3090187907218933,5.70460844039917,12.997186660766602,0.2800726890563965,0.37698647379875183,0.3438901901245117,23.987154006958008,22.879409790039062,1.8849914073944092,0.17586049437522888,0.02962486818432808,20.73627281188965,0.07704880088567734,779999,1.4747042655944824,-24.989643096923828,0.008417812176048756,0.8527429103851318,4.887991790099501e-06
0.45929292874822797,0.0,1.0,0.0,0.0,857.9591909016898,34.92724196851066,238.16183299518295,41.79999999999976,0.0,0.0,0.6020343293070566,905.7525993362069,3,0.0,,,,,,,,,,,,,,,,,,,,,,,,,,,,,,,,,,,,,,,,,781018,0.8860514163970947,-22.073280334472656,0.008420486003160477,0.8175470232963562,4.845510894238001e-06
0.5891819380317053,0.0,1.0,0.0,0.0,1026.3549360512307,43.55615056823113,210.2929967587551,16.250000000000096,0.0,0.0,0.47289156626506024,1053.2838728828356,3,0.0,,,,,,,,,,,,,,,,,,,,,,,,,,,,,,,,,,,,,,,,,782759,0.5808485150337219,-23.96947479248047,0.008423863910138607,0.5811131596565247,4.773408792059502e-06
,,,,,,,,,,,,,,,37332,1013.96,792760,0.15286342799663544,1028,642.84760526,21,,,,,,,,,,,,,,,,,,,,,,,,,,,,,,,,,,,,,,,
0.6425850503265002,0.0,0.0,0.0,0.0,164.50177288358404,39.430644891272884,0.0,7.049999999999983,1.0,0.0,0.07275541795665634,139.9605683106929,0,0.0,,,,,,,,,,,,,,,,,,,,,,,,,,,,,,,,,,,,,,,,,783014,0.7990316152572632,-23.675872802734375,0.008424711413681507,0.840445876121521,4.762898817501999e-06
0.169115674357002,0.0,1.0,0.0,0.0,51.41116500452861,25.011366925394597,0.0,13.900000000000063,0.0,0.0,0.04534109816971714,105.38524802506436,0,0.0,,,,,,,,,,,,,,,,,,,,,,,,,,,,,,,,,,,,,,,,,783317,1.6003499031066895,-23.477602005004883,0.0084263626486063,0.668799877166748,4.750427317655498e-06
0.6545535571044557,0.0,0.0,0.0,0.0,848.9559635644791,40.32042815194313,322.0429235698421,8.699999999999989,1.0,0.0,0.33126934984520123,725.98236682266,4,0.0,,,,,,,,,,,,,,,,,,,,,,,,,,,,,,,,,,,,,,,,,784613,2.4758658409118652,-24.484886169433594,0.00843075942248106,0.6569263935089111,4.697290067015499e-06
0.819065307844904,0.0,0.0,0.0,0.0,1841.2588120353441,47.85524409610928,333.7782867790138,9.800000000000004,0.0,1.0,1.0,1493.6671593151987,6,0.0,,,,,,,,,,,,,,,,,,,,,,,,,,,,,,,,,,,,,,,,,786860,1.5283830165863037,-24.472858428955078,0.008440337143838406,0.7164585590362549,4.605953030200001e-06
,,,,,,,,,,,,,,,37524,991.05,796861,0.15282362699508667,1032,629.01662796,21,,,,,,,,,,,,,,,,,,,,,,,,,,,,,,,,,,,,,,,
0.7713804982391038,0.0,1.0,0.0,0.0,945.7124908411413,45.17476014628924,96.47726442213703,13.150000000000052,0.0,0.0,0.4950859950859951,768.9383475864306,2,0.0,,,,,,,,,,,,,,,,,,,,,,,,,,,,,,,,,,,,,,,,,788085,-1.2705233097076416,-23.640031814575195,0.008443263359367847,0.8314915895462036,4.5565818888875e-06
0.752284539917176,0.0,1.0,0.0,0.0,472.43469106798653,45.473467093569575,40.26520844067819,4.99999999999999,0.0,0.0,0.15862358371800253,396.3943468630314,1,0.0,,,,,,,,,,,,,,,,,,,,,,,,,,,,,,,,,,,,,,,,,788712,0.9485498666763306,-24.311452865600586,0.008446332067251205,0.6535005569458008,4.5314274649280026e-06
0.08109144187407234,0.0,1.0,0.0,0.0,6.325132466177642,28.959086391292097,0.0,3.8499999999999943,0.0,0.0,0.014373716632443531,31.147136888932437,0,0.0,,,,,,,,,,,,,,,,,,,,,,,,,,,,,,,,,,,,,,,,,788789,0.310402512550354,-24.758686065673828,0.008446456864476204,0.6560988426208496,4.528343718839501e-06
0.5812051044996678,0.0,1.0,0.0,0.0,545.1703880206884,42.1758258855616,125.99510947691235,4.149999999999993,0.0,0.0,0.3517712865133623,549.1885536238551,2,0.0,,,,,,,,,,,,,,,,,,,,,,,,,,,,,,,,,,,,,,,,,789726,-0.8801711797714233,-24.540836334228516,0.008447492495179176,0.7458414435386658,4.4909126700619995e-06
,,,,,,,,,,,,,,,37660,977.71,799727,0.15279124677181244,1036,618.1993985900001,21,,,,,,,,,,,,,,,,,,,,,,,,,,,,,,,,,,,,,,,
,,,,,,,,,,,,,,,,,,,,,,0.07675125449895859,14.320252418518066,1.1158164739608765,0.3718937039375305,0.37002915143966675,1.4935507774353027,4.906240463256836,0.3316218852996826,14.039438247680664,23.772897720336914,0.4240439236164093,22.04318618774414,0.149549663066864,0.19958321750164032,0.18436741828918457,0.020815812051296234,0.3072187602519989,22.067487716674805,0.2076379656791687,9.559799194335938,0.31295934319496155,5.155992031097412,13.273030281066895,0.2856068015098572,0.3827506899833679,0.3452149033546448,24.466920852661133,22.455078125,1.9536211490631104,0.195669487118721,0.030561666935682297,20.492511749267578,0.07185973227024078,789999,-0.33131811022758484,-24.116565704345703,0.008449078537523746,0.4883308708667755,4.4800398000995e-06
0.5870929290853129,0.0,0.0,0.0,0.0,608.2282745323841,38.02429736758887,195.10593317627652,25.75000000000023,1.0,0.0,0.3741851368970013,546.7915929867886,3,0.0,,,,,,,,,,,,,,,,,,,,,,,,,,,,,,,,,,,,,,,,,790761,-0.11071181297302246,-25.0920352935791,0.00845154095441103,0.6294131278991699,4.449769822539502e-06
-0.2591543825970558,0.0,1.0,0.0,0.0,-13.4760278950469,21.75784524725806,0.0,0.0,0.0,0.0,0.00845771144278607,15.480486325919628,0,0.0,,,,,,,,,,,,,,,,,,,,,,,,,,,,,,,,,,,,,,,,,790812,2.326059341430664,-23.441333770751953,0.008451440371572971,0.5727267265319824,4.447748004728001e-06
0.7320248929933918,0.0,1.0,0.0,0.0,789.1228346468764,45.57541067119262,235.92392855455003,4.3499999999999925,0.0,0.0,0.4476010101010101,682.0509579777718,3,0.0,,,,,,,,,,,,,,,,,,,,,,,,,,,,,,,,,,,,,,,,,791889,1.4625158309936523,-23.297828674316406,0.008455382660031319,0.6750568151473999,4.405172847939502e-06
0.26019346499175855,0.0,1.0,0.0,0.0,75.45610484760998,33.39954453810982,67.67173169271176,3.349999999999996,0.0,0.0,0.06397718011409943,134.2015312165022,0,0.0,,,,,,,,,,,,,,,,,,,,,,,,,,,,,,,,,,,,,,,,,792178,1.6615571975708008,-23.325401306152344,0.008457394316792488,0.4935729205608368,4.393787596558002e-06
,,,,,,,,,,,,,,,37773,981.14,802179,0.152765691280365,1040,619.5275429999999,21,,,,,,,,,,,,,,,,,,,,,,,,,,,,,,,,,,,,,,,
0.524058942911554,0.0,1.0,0.0,0.0,663.9826806689389,36.81009712398862,323.0015842320335,3.899999999999994,0.0,0.0,0.3465909090909091,647.4255197579041,2,0.0,,,,,,,,,,,,,,,,,,,,,,,,,,,,,,,,,,,,,,,,,793444,-1.315043568611145,-23.314773559570312,0.008461828343570232,0.5696878433227539,4.344108983031998e-06
0.18772169005569578,0.0,1.0,0.0,0.0,15.956343654734141,31.621191738856,0.0,1.5500000000000007,0.0,0.0,0.019397651863195507,37.1308873873204,0,0.0,,,,,,,,,,,,,,,,,,,,,,,,,,,,,,,,,,,,,,,,,793528,-0.3636155128479004,-24.624061584472656,0.008461968973279,0.5862174034118652,4.340824055007999e-06
0.5096430254635552,0.0,1.0,0.0,0.0,256.86008483363184,33.401229974888416,0.0,20.450000000000156,0.0,0.0,0.1261730969760167,233.63228731788695,0,0.0,,,,,,,,,,,,,,,,,,,,,,,,,,,,,,,,,,,,,,,,,794031,2.653109073638916,-22.749004364013672,0.00846291333436966,0.6370144486427307,4.321182971619499e-06
0.6317685960820146,0.0,0.0,0.0,0.0,305.14423190761306,42.99454119641362,76.5461871288139,2.1500000000000004,1.0,0.0,0.1791229153798641,288.14993206970394,2,0.0,,,,,,,,,,,,,,,,,,,,,,,,,,,,,,,,,,,,,,,,,794513,0.9039401412010193,-23.7003116607666,0.00846480205655098,0.7387033700942993,4.3024091333155e-06
,,,,,,,,,,,,,,,37896,930.97,804514,0.15274189412593842,1044,581.22005439,21,,,,,,,,,,,,,,,,,,,,,,,,,,,,,,,,,,,,,,,
0.7566069074964306,0.0,1.0,0.0,0.0,952.5680965380061,45.14522821846094,267.73802682742524,7.049999999999983,0.0,0.0,0.4704519119351101,789.0899616144598,4,0.0,,,,,,,,,,,,,,,,,,,,,,,,,,,,,,,,,,,,,,,,,795771,0.14345228672027588,-23.436683654785156,0.008470156230032444,0.7838499546051025,4.2536279918794995e-06
0.7144142459736703,0.0,1.0,0.0,0.0,285.7656983894681,44.57683848328066,0.0,2.9999999999999973,0.0,0.0,0.1584664536741214,247.4843946089968,0,0.0,,,,,,,,,,,,,,,,,,,,,,,,,,,,,,,,,,,,,,,,,796170,-1.126777172088623,-24.18747329711914,0.008473125286400318,0.6374387741088867,4.238221855549997e-06
-0.48971740235345496,0.0,1.0,0.0,0.0,-21.547565703552017,16.569371957885846,0.0,2.1500000000000004,0.0,0.0,0.006246450880181715,10.099176982883364,0,0.0,,,,,,,,,,,,,,,,,,,,,,,,,,,,,,,,,,,,,,,,,796213,2.0784318447113037,-23.465009689331055,0.008472749032080173,0.8894472718238831,4.236563436215501e-06
0.4986219129567935,0.0,1.0,0.0,0.0,394.9085550617804,34.50592298173992,234.75389618713268,7.149999999999983,0.0,0.0,0.22958309537407195,379.35037753358483,2,0.0,,,,,,,,,,,,,,,,,,,,,,,,,,,,,,,,,,,,,,,,,797004,0.7143500447273254,-23.087417602539062,0.008476107381284237,0.6865889430046082,4.2061218735919976e-06
,,,,,,,,,,,,,,,38021,942.27,807005,0.15272189676761627,1048,589.5183616099999,21,,,,,,,,,,,,,,,,,,,,,,,,,,,,,,,,,,,,,,,
0.44245298423878027,0.0,1.0,0.0,0.0,76.98681925754777,39.318182035165655,47.67600000693789,1.950000000000001,0.0,0.0,0.05240410588870881,94.7203482594341,0,0.0,,,,,,,,,,,,,,,,,,,,,,,,,,,,,,,,,,,,,,,,,797177,1.2743589878082275,-23.547637939453125,0.008476046845316887,0.5316733121871948,4.199480578235499e-06
0.7055625462993981,0.0,0.0,0.0,0.0,1929.7135641288537,43.65004243219689,422.3944789387745,27.15000000000025,0.0,1.0,1.0,1657.44094889611,5,0.0,,,,,,,,,,,,,,,,,,,,,,,,,,,,,,,,,,,,,,,,,799911,1.2414631843566895,-23.4068603515625,0.008484032936394215,0.7189598083496094,4.0953158781394985e-06
,,,,,,,,,,,,,,,,,,,,,,0.07537700980901718,15.024139404296875,1.1906217336654663,0.3738930821418762,0.3766069710254669,1.5623855590820312,4.775018215179443,0.31631118059158325,14.35221004486084,23.68555450439453,0.4426804780960083,21.55797576904297,0.151715949177742,0.20958486199378967,0.18230947852134705,0.021795080974698067,0.3007310628890991,23.160125732421875,0.1949019730091095,9.61097240447998,0.2964661121368408,5.328659534454346,12.346741676330566,0.29186466336250305,0.38724130392074585,0.3655988276004791,24.531143188476562,21.252241134643555,1.890445351600647,0.2002115249633789,0.02984200417995453,20.922386169433594,0.07433413714170456,799999,0.056625545024871826,-22.312942504882812,0.008484615944325924,1.485028624534607,4.091987810099499e-06
0.2815217375764212,0.0,0.0,0.0,0.0,282.084781051574,20.02072764763525,0.0,49.39999999999933,1.0,0.0,0.16527942925089179,278.32053583022207,0,0.0,,,,,,,,,,,,,,,,,,,,,,,,,,,,,,,,,,,,,,,,,800912,-1.294610619544983,-23.96291160583496,0.008487836457788944,1.200461983680725,4.0575500385280015e-06
0.5041636743828017,0.0,1.0,0.0,0.0,531.388512799473,37.024171391363915,152.89924314942624,22.350000000000183,0.0,0.0,0.300703082747431,541.6906707622111,2,0.0,,,,,,,,,,,,,,,,,,,,,,,,,,,,,,,,,,,,,,,,,801965,0.47655820846557617,-24.04239845275879,0.008491710759699345,0.5607095956802368,4.0180375418874974e-06
,,,,,,,,,,,,,,,38243,969.87,811966,0.15266792476177216,1052,609.1827983900001,21,,,,,,,,,,,,,,,,,,,,,,,,,,,,,,,,,,,,,,,
0.6954393306245448,0.0,1.0,0.0,0.0,701.0028452695411,44.47465876466286,321.1163335985275,5.849999999999987,0.0,0.0,0.4097530082330589,622.2076515154913,2,0.0,,,,,,,,,,,,,,,,,,,,,,,,,,,,,,,,,,,,,,,,,802972,1.181624412536621,-23.240829467773438,0.008495570160448551,0.6879189014434814,3.980457542007999e-06
0.7958679171199669,0.0,0.0,0.0,0.0,2331.097129244383,45.814783768453914,415.74789234920945,5.04999999999999,0.0,1.0,1.0,1863.2816434185952,7,0.0,,,,,,,,,,,,,,,,,,,,,,,,,,,,,,,,,,,,,,,,,805900,-2.1472129821777344,-23.486343383789062,0.008498049341142178,0.5123041868209839,3.872334595000003e-06
0.45430708278006415,0.0,1.0,0.0,0.0,94.04156613547327,37.44390167746429,0.0,5.399999999999989,0.0,0.0,0.06019900497512438,107.44225980713964,0,0.0,,,,,,,,,,,,,,,,,,,,,,,,,,,,,,,,,,,,,,,,,806106,0.5921407341957092,-25.14461326599121,0.008498228155076504,0.4820420444011688,3.8647918219820006e-06
0.2465898051228104,0.0,1.0,0.0,0.0,61.40086147557979,27.021780114425155,0.0,12.400000000000041,0.0,0.0,0.05139186295503212,93.26044719235506,0,0.0,,,,,,,,,,,,,,,,,,,,,,,,,,,,,,,,,,,,,,,,,806354,0.12852701544761658,-23.700716018676758,0.008497600443661213,0.6237668991088867,3.855722404942e-06
,,,,,,,,,,,,,,,38439,982.81,816355,0.15262927114963531,1056,620.2872982999999,21,,,,,,,,,,,,,,,,,,,,,,,,,,,,,,,,,,,,,,,
0.5924395242331648,0.0,1.0,0.0,0.0,153.4418367763897,41.528408196771196,47.2498054410796,3.099999999999997,0.0,0.0,0.0710409472126295,149.0894973669201,1,0.0,,,,,,,,,,,,,,,,,,,,,,,,,,,,,,,,,,,,,,,,,806612,-0.7330446243286133,-23.651287078857422,0.008497239090502262,0.9886012077331543,3.8463002751279996e-06
0.13770504250952706,0.0,1.0,0.0,0.0,27.265598416886355,39.681506981465255,28.479092548559166,3.2999999999999963,0.0,0.0,0.04887892376681614,108.92976106563583,0,0.0,,,,,,,,,,,,,,,,,,,,,,,,,,,,,,,,,,,,,,,,,806809,1.1472163200378418,-24.05423355102539,0.008497405797243118,0.7547737956047058,3.8391147768595e-06
0.49144015832190036,0.0,1.0,0.0,0.0,104.18531356424288,40.26254134210214,88.62549409226693,0.0,0.0,0.0,0.05409090909090909,118.35675612650812,1,0.0,,,,,,,,,,,,,,,,,,,,,,,,,,,,,,,,,,,,,,,,,807020,1.8131065368652344,-23.004222869873047,0.008497430011630058,0.5244425535202026,3.831427199800002e-06
0.31010077175261164,0.0,1.0,0.0,0.0,67.91206901382195,28.431310502957185,0.0,8.14999999999998,0.0,0.0,0.04613233923578751,86.30629262304865,0,0.0,,,,,,,,,,,,,,,,,,,,,,,,,,,,,,,,,,,,,,,,,807238,0.023763060569763184,-25.300085067749023,0.008497413247823715,0.5690596699714661,3.8234938900779986e-06
,,,,,,,,,,,,,,,38483,962.6,817239,0.1526212841272354,1060,604.55859714,21,,,,,,,,,,,,,,,,,,,,,,,,,,,,,,,,,,,,,,,
0.27544611977691047,0.0,1.0,0.0,0.0,157.00428827283898,23.452093257341474,0.0,28.45000000000027,0.0,0.0,0.12051734273956496,185.3824779833667,0,0.0,,,,,,,,,,,,,,,,,,,,,,,,,,,,,,,,,,,,,,,,,807807,0.8198328614234924,-23.365713119506836,0.008498799987137318,0.584052324295044,3.8028317802755016e-06
0.562992753930803,0.0,1.0,0.0,0.0,282.6223624732631,45.3445779609321,68.04769000715638,5.699999999999988,0.0,0.0,0.12694300518134716,315.8232077155262,0,0.0,,,,,,,,,,,,,,,,,,,,,,,,,,,,,,,,,,,,,,,,,808308,1.3245494365692139,-23.27919578552246,0.008499241434037685,1.4009535312652588,3.7846922949679987e-06
0.23174419896289125,0.0,1.0,0.0,0.0,76.9390740556799,23.8688228870039,0.0,16.5500000000001,0.0,0.0,0.05571161048689138,109.8625504495576,0,0.0,,,,,,,,,,,,,,,,,,,,,,,,,,,,,,,,,,,,,,,,,808639,-0.009307056665420532,-23.763427734375,0.008500258438289165,0.5792434811592102,3.7727353259394998e-06
0.47384587854091276,0.0,1.0,0.0,0.0,74.3938029309233,39.93841478642511,16.74755104492688,2.6999999999999984,0.0,0.0,0.04223968565815324,86.863406566903,0,0.0,,,,,,,,,,,,,,,,,,,,,,,,,,,,,,,,,,,,,,,,,808795,1.0570920705795288,-23.32851791381836,0.008501012809574604,0.7313756942749023,3.767107576487498e-06
,,,,,,,,,,,,,,,38556,962.67,818796,0.15261107683181763,1064,602.14498263,21,,,,,,,,,,,,,,,,,,,,,,,,,,,,,,,,,,,,,,,
0.5218929400024142,0.0,1.0,0.0,0.0,436.82439078202066,37.796783778497286,122.17552217387716,18.150000000000123,0.0,0.0,0.17875647668393782,439.133949697949,2,0.0,,,,,,,,,,,,,,,,,,,,,,,,,,,,,,,,,,,,,,,,,809631,0.7360273003578186,-23.651296615600586,0.008500785566866398,0.6404737234115601,3.7370311280195e-06
,,,,,,,,,,,,,,,,,,,,,,0.07574427127838135,14.185929298400879,1.169433355331421,0.3744417428970337,0.3797484040260315,1.3285213708877563,4.7254204750061035,0.3247285485267639,14.11099910736084,23.3601131439209,0.4261193573474884,22.1846866607666,0.1676199734210968,0.20088127255439758,0.19917775690555573,0.01881266012787819,0.3141484558582306,22.678146362304688,0.21223944425582886,10.457223892211914,0.3099375367164612,5.057607173919678,13.240877151489258,0.30084121227264404,0.38089466094970703,0.3635104298591614,23.762685775756836,21.887317657470703,1.7755303382873535,0.19982022047042847,0.028460167348384857,21.244949340820312,0.07161875069141388,809999,-2.050368070602417,-22.753881454467773,0.008501109667122364,0.8772720098495483,3.7238358200994994e-06
0.6935088021455744,0.0,0.0,0.0,0.0,2201.196938010053,42.93316960430362,565.9118619944304,30.300000000000296,0.0,1.0,1.0,1891.9656092999503,7,0.0,,,,,,,,,,,,,,,,,,,,,,,,,,,,,,,,,,,,,,,,,812804,-0.28767162561416626,-23.887502670288086,0.008503440767526627,0.7960551977157593,3.6241430303920007e-06
0.7022318704844229,0.0,1.0,0.0,0.0,1346.8807275891231,43.27698732904783,194.25453364592437,14.250000000000068,0.0,0.0,0.4471675371635195,1152.507842419669,3,0.0,,,,,,,,,,,,,,,,,,,,,,,,,,,,,,,,,,,,,,,,,814721,0.27253976464271545,-23.23213005065918,0.008503477089107037,0.9931382536888123,3.5569114201794995e-06
0.7845805343140702,0.0,1.0,0.0,0.0,2604.807373922713,46.513536901431905,434.869927190259,6.449999999999985,0.0,0.0,0.8929309632079372,2144.33048785571,6,0.0,,,,,,,,,,,,,,,,,,,,,,,,,,,,,,,,,,,,,,,,,818040,-4.515048027038574,-23.282196044921875,0.008500858210027218,0.49746739864349365,3.4422390392000007e-06
,,,,,,,,,,,,,,,38988,1003.66,828041,0.15253375470638275,1068,633.0412587899999,21,,,,,,,,,,,,,,,,,,,,,,,,,,,,,,,,,,,,,,,
0.3783472594366161,0.0,1.0,0.0,0.0,91.18168952422448,42.87015846960984,101.6890139142355,0.0,0.0,0.0,0.0625,143.1877325773239,1,0.0,,,,,,,,,,,,,,,,,,,,,,,,,,,,,,,,,,,,,,,,,818280,-0.328640341758728,-24.311260223388672,0.008500919677317142,0.6270338296890259,3.4340319608e-06
0.7980263490939504,0.0,0.0,0.0,0.0,945.6612236763312,46.4417727513127,208.35269009078573,7.249999999999982,1.0,0.0,0.47336923997606223,763.9674218185246,3,0.0,,,,,,,,,,,,,,,,,,,,,,,,,,,,,,,,,,,,,,,,,819464,-0.06915119290351868,-23.78873062133789,0.008497758768498898,0.5873824954032898,3.393711465952e-06
0.3594995414350471,0.0,1.0,0.0,0.0,165.01028951868662,28.275899222201577,0.0,19.550000000000143,0.0,0.0,0.11043956043956044,180.06368926516734,0,0.0,,,,,,,,,,,,,,,,,,,,,,,,,,,,,,,,,,,,,,,,,819922,1.717961311340332,-23.043127059936523,0.008496384136378765,0.6441468000411987,3.378189345357998e-06
,,,,,,,,,,,,,,,,,,,,,,0.07908900082111359,14.372243881225586,1.218929648399353,0.38460612297058105,0.389163076877594,1.3766683340072632,4.941298961639404,0.3192662298679352,13.72459888458252,24.029306411743164,0.4252292215824127,22.492080688476562,0.15311318635940552,0.20347507297992706,0.18643862009048462,0.019490186125040054,0.31843167543411255,22.41152000427246,0.2195880264043808,9.566160202026367,0.29664748907089233,5.604636192321777,13.719355583190918,0.3040521442890167,0.3767334520816803,0.3587123155593872,23.537439346313477,20.95337677001953,1.7949186563491821,0.19430604577064514,0.028728947043418884,21.476396560668945,0.0793476551771164,819999,1.1148135662078857,-22.848514556884766,0.008496425114572048,0.4566813111305237,3.3755838300994983e-06
0.7487331427089264,0.0,0.0,0.0,0.0,438.7576216274309,44.90779027479717,86.82423353523866,6.549999999999985,1.0,0.0,0.2255813953488372,365.2631626315415,2,0.0,,,,,,,,,,,,,,,,,,,,,,,,,,,,,,,,,,,,,,,,,820507,-0.9128560423851013,-24.37924575805664,0.008494318462908268,0.7654700875282288,3.3584237663755006e-06
,,,,,,,,,,,,,,,39102,996.69,830508,0.152512788772583,1072,635.58030321,21,,,,,,,,,,,,,,,,,,,,,,,,,,,,,,,,,,,,,,,
0.6498565591763378,0.0,0.0,0.0,0.0,1743.5651482701142,39.654593548528936,333.5276169517896,42.69999999999971,0.0,1.0,1.0,1477.0753572694957,3,0.0,,,,,,,,,,,,,,,,,,,,,,,,,,,,,,,,,,,,,,,,,823189,-2.9082062244415283,-23.79088592529297,0.008489908650517464,0.694248378276825,3.268678017239502e-06
0.8092847186005028,0.0,0.0,0.0,0.0,2792.0322791717344,47.143600466908296,417.3796272941714,4.149999999999993,0.0,1.0,1.0,2258.359825771302,7,0.0,,,,,,,,,,,,,,,,,,,,,,,,,,,,,,,,,,,,,,,,,826638,-0.8750084638595581,-24.678733825683594,0.008480525575578213,0.4859316349029541,3.1553707328780013e-06
0.4740072095651095,0.0,1.0,0.0,0.0,74.8931391112873,37.918820803602074,0.0,4.6499999999999915,0.0,0.0,0.035746201966041107,82.98975833598524,0,0.0,,,,,,,,,,,,,,,,,,,,,,,,,,,,,,,,,,,,,,,,,826795,1.2393999099731445,-24.91476821899414,0.00848000030964613,0.6970817446708679,3.150269266487502e-06
0.7450513921932828,0.0,1.0,0.0,0.0,894.0616706319394,45.2786788985756,192.60396736820346,6.949999999999983,0.0,0.0,0.5006410256410256,754.400144405663,2,0.0,,,,,,,,,,,,,,,,,,,,,,,,,,,,,,,,,,,,,,,,,827994,-1.328083872795105,-23.790742874145508,0.008477210998535156,1.2292066812515259,3.1114714315819993e-06
,,,,,,,,,,,,,,,39457,1003.24,837995,0.15246208012104034,1076,643.02032441,21,,,,,,,,,,,,,,,,,,,,,,,,,,,,,,,,,,,,,,,
0.7260362022960559,0.0,1.0,0.0,0.0,325.99025483092913,44.35528032231325,0.0,5.09999999999999,0.0,0.0,0.11092851273623665,276.3416035277769,0,0.0,,,,,,,,,,,,,,,,,,,,,,,,,,,,,,,,,,,,,,,,,828442,-0.32494455575942993,-24.826744079589844,0.008476301096379757,0.5941718816757202,3.097048242718e-06
0.02345947247682492,0.0,1.0,0.0,0.0,1.8532983256691686,30.249785656929415,14.960225574764621,0.0,0.0,0.0,0.01400679117147708,32.883056623861194,0,0.0,,,,,,,,,,,,,,,,,,,,,,,,,,,,,,,,,,,,,,,,,828520,0.5621464252471924,-23.222488403320312,0.008476248942315578,0.539681077003479,3.0945411447999984e-06
,,,,,,,,,,,,,,,,,,,,,,0.08169517666101456,14.478358268737793,1.2244642972946167,0.3729270100593567,0.37991857528686523,1.3555389642715454,5.040021896362305,0.31027328968048096,14.206793785095215,23.00699234008789,0.43566715717315674,22.50572395324707,0.1583508849143982,0.202114999294281,0.19273114204406738,0.01892305538058281,0.31417542695999146,22.395660400390625,0.22569018602371216,9.769144058227539,0.29453885555267334,4.75093412399292,13.923508644104004,0.3015816807746887,0.3894047439098358,0.3630177676677704,24.0235538482666,21.09907341003418,1.8411245346069336,0.19832400977611542,0.029843321070075035,21.603580474853516,0.06632209569215775,829999,0.9169257283210754,-23.296092987060547,0.008473076857626438,0.7542752027511597,3.0472318400994985e-06
0.4334379912504107,0.0,1.0,0.0,0.0,693.9342239919075,29.77898595980407,256.49472136697506,43.09999999999969,0.0,0.0,0.41081081081081083,661.8519250201061,2,0.0,,,,,,,,,,,,,,,,,,,,,,,,,,,,,,,,,,,,,,,,,830120,-4.780784606933594,-22.254253387451172,0.008472842164337635,0.8125610947608948,3.043380632800001e-06
0.7284757538844405,0.0,0.0,0.0,0.0,1882.3813480373942,43.96152186927417,265.35751433543885,21.300000000000168,1.0,0.0,0.8231083844580777,1577.2079314794391,4,0.0,,,,,,,,,,,,,,,,,,,,,,,,,,,,,,,,,,,,,,,,,832703,0.7028259038925171,-23.970569610595703,0.008464616723358631,0.5520129799842834,2.9618634477955003e-06
,,,,,,,,,,,,,,,39690,998.28,842704,0.15243123471736908,1080,640.47392141,21,,,,,,,,,,,,,,,,,,,,,,,,,,,,,,,,,,,,,,,
0.3557350275679677,0.0,0.0,0.0,0.0,1250.7643569289744,23.92261468844387,0.0,163.50000000000293,1.0,0.0,0.5322878228782287,1167.6709408834577,0,0.0,,,,,,,,,,,,,,,,,,,,,,,,,,,,,,,,,,,,,,,,,836218,2.103971481323242,-22.48260498046875,0.008457591757178307,0.5228499174118042,2.853065900637999e-06
0.6496574214746947,0.0,1.0,0.0,0.0,1198.6179426208118,41.76261591697979,197.63157720452048,30.950000000000305,0.0,0.0,0.5147737765466297,1069.7227179389447,3,0.0,,,,,,,,,,,,,,,,,,,,,,,,,,,,,,,,,,,,,,,,,838062,-0.8995527029037476,-23.758838653564453,0.008454471826553345,0.6294248104095459,2.7969730064780012e-06
0.48204142127542726,0.0,1.0,0.0,0.0,610.7464807559663,37.50488831589342,115.41698371805951,32.15000000000031,0.0,0.0,0.3107014388489209,659.7119374205358,1,0.0,,,,,,,,,,,,,,,,,,,,,,,,,,,,,,,,,,,,,,,,,839328,-1.0690155029296875,-24.358354568481445,0.008452685549855232,0.714035153388977,2.7588541326080007e-06
0.6130372702752948,0.0,0.0,0.0,0.0,277.70588343470854,42.8475450832384,103.27835464568021,2.1000000000000005,1.0,0.0,0.16574585635359115,269.29586238227785,1,0.0,,,,,,,,,,,,,,,,,,,,,,,,,,,,,,,,,,,,,,,,,839780,-1.3248076438903809,-23.37964630126953,0.008451533503830433,0.7380104064941406,2.7453218158000004e-06
,,,,,,,,,,,,,,,40031,1007.06,849781,0.15239791572093964,1084,628.06296407,21,,,,,,,,,,,,,,,,,,,,,,,,,,,,,,,,,,,,,,,
,,,,,,,,,,,,,,,,,,,,,,0.0869176909327507,13.913761138916016,1.208581805229187,0.37050944566726685,0.38793301582336426,1.3308945894241333,5.276800632476807,0.3209820091724396,15.49013900756836,22.49374771118164,0.4418841004371643,22.436676025390625,0.15150828659534454,0.2004786729812622,0.19618065655231476,0.019176408648490906,0.32328248023986816,23.243593215942383,0.23031914234161377,9.198116302490234,0.30476173758506775,4.797877788543701,13.982748985290527,0.30084359645843506,0.39578837156295776,0.3828606605529785,24.028440475463867,21.151287078857422,1.7765567302703857,0.22319215536117554,0.0292628463357687,20.879358291625977,0.06913099437952042,839999,0.5810905694961548,-24.598352432250977,0.008451194502413273,0.9169759750366211,2.7387798500995017e-06
0.3407640609949655,0.0,1.0,0.0,0.0,84.85025118774641,38.363322104052344,104.43135060983234,1.900000000000001,0.0,0.0,0.08521626856036152,132.3888611085713,0,0.0,,,,,,,,,,,,,,,,,,,,,,,,,,,,,,,,,,,,,,,,,840028,1.5226750373840332,-22.714797973632812,0.008451199159026146,0.8677580952644348,2.7379142780080006e-06
0.6016029478246187,0.0,1.0,0.0,0.0,1190.5722337449204,38.002816556401086,200.74185537795105,40.24999999999985,0.0,0.0,0.508105604446503,1044.0507393740118,3,0.0,,,,,,,,,,,,,,,,,,,,,,,,,,,,,,,,,,,,,,,,,842006,0.13732227683067322,-22.879926681518555,0.008446569554507732,0.6960674524307251,2.6792712915819998e-06
0.6387569377385156,0.0,0.0,0.0,0.0,1693.9833988825433,41.240519425376405,380.44313390703945,39.3999999999999,1.0,0.0,0.8848920863309353,1518.3626272408292,3,0.0,,,,,,,,,,,,,,,,,,,,,,,,,,,,,,,,,,,,,,,,,844657,0.5962085723876953,-21.89452362060547,0.008441520854830742,0.6232432723045349,2.6018964710755003e-06
0.5318006786074034,1.0,0.0,0.0,0.0,196.23445040613186,37.55503558812875,72.9624460503511,1.7500000000000009,0.0,0.0,0.0967741935483871,192.23081654240377,0,0.0,,,,,,,,,,,,,,,,,,,,,,,,,,,,,,,,,,,,,,,,,845025,-1.3216615915298462,-22.438358306884766,0.008441496640443802,0.5106608271598816,2.5912661871874996e-06
,,,,,,,,,,,,,,,40277,1006.19,855026,0.1523723304271698,1088,624.1958674499999,21,,,,,,,,,,,,,,,,,,,,,,,,,,,,,,,,,,,,,,,
0.6305529573868998,0.0,0.0,0.0,0.0,829.1771389637731,39.2026051470238,286.4850502114382,25.65000000000023,1.0,0.0,0.4369846878680801,715.6670896233991,3,0.0,,,,,,,,,,,,,,,,,,,,,,,,,,,,,,,,,,,,,,,,,846339,1.0236780643463135,-23.52106285095215,0.008438738994300365,0.7028173804283142,2.5535290506395005e-06
0.23553593869630388,0.0,0.0,0.0,0.0,18.607339157008006,28.13331256475283,0.0,3.649999999999995,1.0,0.0,0.015015015015015015,30.62223065458238,0,0.0,,,,,,,,,,,,,,,,,,,,,,,,,,,,,,,,,,,,,,,,,846417,2.0285801887512207,-22.935413360595703,0.008438839577138424,0.6532266736030579,2.551299749955501e-06
0.7495695721312122,0.0,1.0,0.0,0.0,693.3518542213714,45.139202333678085,218.52024485987522,4.6499999999999915,0.0,0.0,0.35621761658031087,579.7598217371851,3,0.0,,,,,,,,,,,,,,,,,,,,,,,,,,,,,,,,,,,,,,,,,847341,2.1935043334960938,-21.48748207092285,0.008437423966825008,0.6927274465560913,2.524983232959499e-06
0.5757941313007372,0.0,1.0,0.0,0.0,1030.0957008970188,36.218887457769235,110.94539746958753,51.599999999999206,0.0,0.0,0.4945226917057903,899.5527987293899,2,0.0,,,,,,,,,,,,,,,,,,,,,,,,,,,,,,,,,,,,,,,,,849129,0.5977444052696228,-23.03622817993164,0.008434482850134373,0.687747061252594,2.4745415447794987e-06
,,,,,,,,,,,,,,,40467,1020.08,859130,0.15235790610313416,1092,635.9441882599999,21,,,,,,,,,,,,,,,,,,,,,,,,,,,,,,,,,,,,,,,
0.6002262359737285,0.0,1.0,0.0,0.0,406.35316175421417,42.56067031382551,205.3624773071696,3.399999999999996,0.0,0.0,0.1989700374531835,399.77763437014073,1,0.0,,,,,,,,,,,,,,,,,,,,,,,,,,,,,,,,,,,,,,,,,849805,1.7697174549102783,-22.802200317382812,0.008433381095528603,0.5434457659721375,2.4556364834874985e-06
,,,,,,,,,,,,,,,,,,,,,,0.09341289103031158,13.577766418457031,1.227473258972168,0.36181315779685974,0.40280070900917053,1.1949636936187744,5.576573848724365,0.3281543552875519,15.506567001342773,21.599563598632812,0.45126837491989136,22.122886657714844,0.16673536598682404,0.19911371171474457,0.20390886068344116,0.017523769289255142,0.32442525029182434,23.381404876708984,0.22162041068077087,9.953786849975586,0.310305118560791,5.186710834503174,13.230320930480957,0.3116404414176941,0.4096224009990692,0.3916606903076172,24.453683853149414,21.16002082824707,1.8046547174453735,0.22739897668361664,0.030229676514863968,21.25107765197754,0.07606149464845657,849999,1.3424235582351685,-23.022008895874023,0.008433027192950249,0.6760827302932739,2.4502278600995007e-06
0.6037910142255429,0.0,1.0,0.0,0.0,188.3827964383694,42.25778742400901,31.9401257416893,1.950000000000001,0.0,0.0,0.10175619834710743,182.94128734245896,0,0.0,,,,,,,,,,,,,,,,,,,,,,,,,,,,,,,,,,,,,,,,,850116,-5.417950630187988,-21.849184036254883,0.008432814851403236,0.5133912563323975,2.4469695788720005e-06
0.5476055328737685,0.0,1.0,0.0,0.0,559.1052490641176,43.85265895338033,90.30074736746376,9.900000000000006,0.0,0.0,0.33314318311466057,621.6298981476575,1,0.0,,,,,,,,,,,,,,,,,,,,,,,,,,,,,,,,,,,,,,,,,851136,1.2708736658096313,-23.54436492919922,0.0084314476698637,0.592494785785675,2.418679444352e-06
0.6187346622011317,0.0,1.0,0.0,0.0,308.1298617761636,43.9852839411694,154.1705760903622,0.3,0.0,0.0,0.14179474467030243,304.005669394508,2,0.0,,,,,,,,,,,,,,,,,,,,,,,,,,,,,,,,,,,,,,,,,851633,1.4257521629333496,-22.39402198791504,0.008431564085185528,0.5197690725326538,2.4049699555554997e-06
,,,,,,,,,,,,,,,40587,1010.83,861634,0.1523473858833313,1096,630.02344716,21,,,,,,,,,,,,,,,,,,,,,,,,,,,,,,,,,,,,,,,
0.6395603351152662,0.0,1.0,0.0,0.0,246.87028935449274,42.646717008070134,68.63807684467847,1.1000000000000003,0.0,0.0,0.1279716742539201,228.40183749143034,1,0.0,,,,,,,,,,,,,,,,,,,,,,,,,,,,,,,,,,,,,,,,,852018,0.613621711730957,-22.116535186767578,0.008431647904217243,0.8710808157920837,2.3943837162380016e-06
0.6566689504368602,1.0,0.0,0.0,0.0,208.82072623892157,42.59701593721176,49.540927177618,2.0500000000000007,0.0,0.0,0.08473040326234708,188.09142351709306,0,0.0,,,,,,,,,,,,,,,,,,,,,,,,,,,,,,,,,,,,,,,,,852335,-0.2831650376319885,-24.246023178100586,0.00843081995844841,0.4824933111667633,2.3856893963875014e-06
0.7295357616105764,0.0,0.0,0.0,0.0,845.5319477066581,45.9950795889231,228.63347978495773,2.799999999999998,1.0,0.0,0.44131185270425777,740.0829696692526,1,0.0,,,,,,,,,,,,,,,,,,,,,,,,,,,,,,,,,,,,,,,,,853493,1.8382594585418701,-22.205480575561523,0.008429818786680698,0.5698482394218445,2.3540990243755006e-06
0.6370061691209711,0.0,1.0,0.0,0.0,296.8448748103725,41.257024371767635,115.0264669022334,7.649999999999981,0.0,0.0,0.13653663177925784,266.80532447621226,2,0.0,,,,,,,,,,,,,,,,,,,,,,,,,,,,,,,,,,,,,,,,,853958,2.016814708709717,-23.137939453125,0.008429187349975109,0.5332661867141724,2.341488863518e-06
,,,,,,,,,,,,,,,40702,966.18,863959,0.15233488380908966,1100,606.05008117,21,,,,,,,,,,,,,,,,,,,,,,,,,,,,,,,,,,,,,,,
0.31295385488461647,0.0,0.0,0.0,0.0,323.5942859506934,27.74672843607669,112.31661468921213,35.800000000000104,1.0,0.0,0.233983286908078,398.02982470113784,1,0.0,,,,,,,,,,,,,,,,,,,,,,,,,,,,,,,,,,,,,,,,,854991,0.7378787398338318,-21.426664352416992,0.008428593166172504,0.6177041530609131,2.313629293059501e-06
0.5445923536684738,0.0,1.0,0.0,0.0,387.2051634582849,44.73937491611455,156.21139480507182,8.04999999999998,0.0,0.0,0.18213814342278928,441.49206333607435,2,0.0,,,,,,,,,,,,,,,,,,,,,,,,,,,,,,,,,,,,,,,,,855701,-0.3098919987678528,-23.52361297607422,0.008428657427430153,0.760901689529419,2.294604029399499e-06
0.7248125112383563,0.0,1.0,0.0,0.0,787.1463872048549,45.850007769020216,280.77213056998414,8.699999999999989,0.0,0.0,0.3209986625055729,691.2331194672734,3,0.0,,,,,,,,,,,,,,,,,,,,,,,,,,,,,,,,,,,,,,,,,856786,0.8715424537658691,-22.205856323242188,0.00842867698520422,0.6257190704345703,2.265723994702001e-06
0.6329259938501243,0.0,0.0,0.0,0.0,1697.5075155060333,42.18383625864296,272.13682224162585,33.500000000000234,0.0,1.0,1.0,1570.7365538347512,3,0.0,,,,,,,,,,,,,,,,,,,,,,,,,,,,,,,,,,,,,,,,,859467,0.4390268623828888,-22.470500946044922,0.008427862077951431,0.5922834873199463,2.1953669768555006e-06
,,,,,,,,,,,,,,,40959,1000.73,869468,0.15231207013130188,1104,625.60595444,21,,,,,,,,,,,,,,,,,,,,,,,,,,,,,,,,,,,,,,,
0.06453518676321927,0.0,1.0,0.0,0.0,6.840729796901243,25.54422225845536,0.0,5.249999999999989,0.0,0.0,0.018955154877484975,37.43885119166225,0,0.0,,,,,,,,,,,,,,,,,,,,,,,,,,,,,,,,,,,,,,,,,859572,-1.5071896314620972,-22.9544734954834,0.008427676744759083,0.9195657968521118,2.192640586808e-06
,,,,,,,,,,,,,,,,,,,,,,0.08030335605144501,14.774919509887695,1.1671814918518066,0.3550426959991455,0.3921937942504883,1.404283046722412,4.951013088226318,0.3360178470611572,15.603391647338867,21.88975715637207,0.44908231496810913,21.518522262573242,0.15381832420825958,0.21686725318431854,0.19211605191230774,0.020612161606550217,0.31585031747817993,23.290224075317383,0.22416333854198456,9.483495712280273,0.3128889799118042,5.037199020385742,13.820539474487305,0.2986241281032562,0.40103739500045776,0.37775763869285583,24.72551155090332,21.316770553588867,1.8394666910171509,0.2290276288986206,0.029835376888513565,20.34492301940918,0.0739363431930542,859999,-6.1908769607543945,-23.49152374267578,0.008427154272794724,0.5644757747650146,2.181575870099501e-06
0.7350342415084015,0.0,0.0,0.0,0.0,2390.3313533853216,44.710584840031736,320.82564112000165,15.10000000000008,0.0,1.0,1.0,2018.8986525088549,4,0.0,,,,,,,,,,,,,,,,,,,,,,,,,,,,,,,,,,,,,,,,,862823,0.2916916608810425,-22.983131408691406,0.00842193141579628,0.5120099186897278,2.1093119382355e-06
0.2519652510452077,0.0,1.0,0.0,0.0,26.708316610792018,36.03599919792879,32.724630149156596,0.0,0.0,0.0,0.021867115222876366,52.75446521863341,0,0.0,,,,,,,,,,,,,,,,,,,,,,,,,,,,,,,,,,,,,,,,,862928,1.3682708740234375,-22.256023406982422,0.00842163898050785,0.5732229948043823,2.106655671807999e-06
0.4347717700226793,0.0,1.0,0.0,0.0,451.2930972835411,30.224396550914268,40.96469319209966,36.00000000000009,0.0,0.0,0.29132362254591515,435.44773959740996,1,0.0,,,,,,,,,,,,,,,,,,,,,,,,,,,,,,,,,,,,,,,,,863965,0.2756498456001282,-23.322572708129883,0.008418993093073368,0.7490311861038208,2.0805397118875008e-06
,,,,,,,,,,,,,,,41165,1029.14,873966,0.15229502320289612,1108,643.2639252600001,21,,,,,,,,,,,,,,,,,,,,,,,,,,,,,,,,,,,,,,,
0.7622966881106412,0.0,0.0,0.0,0.0,2730.546736812317,45.84002378736331,338.6797085029583,8.299999999999983,0.0,1.0,1.0,2279.924725360237,4,0.0,,,,,,,,,,,,,,,,,,,,,,,,,,,,,,,,,,,,,,,,,867546,-0.736549973487854,-22.40135955810547,0.008409034460783005,0.797450065612793,1.9920007205419992e-06
,,,,,,,,,,,,,,,,,,,,,,0.08939233422279358,14.513901710510254,1.103259563446045,0.3670993447303772,0.37526366114616394,1.3440240621566772,5.518685817718506,0.3401408791542053,14.942863464355469,22.663084030151367,0.43699419498443604,21.371902465820312,0.15874920785427094,0.21091610193252563,0.20003065466880798,0.019531365483999252,0.3105766177177429,22.424936294555664,0.2204795479774475,9.800471305847168,0.32123538851737976,4.938445091247559,13.611428260803223,0.30202585458755493,0.39215725660324097,0.3632417917251587,24.210046768188477,22.105371475219727,1.7713478803634644,0.2171497792005539,0.02869250625371933,20.783493041992188,0.07176551222801208,869999,1.9438979625701904,-22.436222076416016,0.008401203900575638,0.5873903036117554,1.9328238800995007e-06
0.7009009630405544,0.0,0.0,0.0,0.0,2273.021823140518,45.88602942466026,698.080977531245,9.399999999999999,0.0,1.0,1.0,2066.0428668810055,11,0.0,,,,,,,,,,,,,,,,,,,,,,,,,,,,,,,,,,,,,,,,,870788,-2.6593306064605713,-23.462331771850586,0.008398491889238358,0.7852129936218262,1.914044343928e-06
0.730445728435834,0.0,0.0,0.0,0.0,2135.8233099463787,45.28568692144221,237.56683269418696,17.750000000000117,0.0,1.0,1.0,1838.5112124457955,2,0.0,,,,,,,,,,,,,,,,,,,,,,,,,,,,,,,,,,,,,,,,,873711,1.0958203077316284,-22.055835723876953,0.00838971883058548,0.7080222964286804,1.845551586339499e-06
0.7039007136047328,0.0,1.0,0.0,0.0,497.6578045185461,45.36599603695574,150.35975237488202,0.0,0.0,0.0,0.2735969387755102,445.2184979626909,1,0.0,,,,,,,,,,,,,,,,,,,,,,,,,,,,,,,,,,,,,,,,,874417,-0.24799177050590515,-23.986358642578125,0.008387478068470955,0.5609474182128906,1.8292632739554998e-06
,,,,,,,,,,,,,,,41651,1113.06,884418,0.15226492285728455,1112,708.7558612600001,21,,,,,,,,,,,,,,,,,,,,,,,,,,,,,,,,,,,,,,,
0.4490303667529735,0.0,1.0,0.0,0.0,77.23322308151144,39.979767067514196,35.47248543359735,0.5499999999999999,0.0,0.0,0.06201044386422976,95.19433400779963,0,0.0,,,,,,,,,,,,,,,,,,,,,,,,,,,,,,,,,,,,,,,,,874588,0.948866605758667,-22.194902420043945,0.008386698551476002,0.7700496912002563,1.8253330095279992e-06
-0.11657617906874435,0.0,1.0,0.0,0.0,-7.344299281330894,23.340810026630123,0.0,3.099999999999997,0.0,0.0,0.009655172413793104,20.205755239352584,0,0.0,,,,,,,,,,,,,,,,,,,,,,,,,,,,,,,,,,,,,,,,,874650,-0.2038310170173645,-22.410419464111328,0.008386434055864811,0.5673755407333374,1.8239094387499991e-06
0.5918009353888575,0.0,1.0,0.0,0.0,378.1607977134799,41.1733223779682,166.14665639116186,6.149999999999986,0.0,0.0,0.1963927855711423,364.97830138821155,2,0.0,,,,,,,,,,,,,,,,,,,,,,,,,,,,,,,,,,,,,,,,,875288,1.0637297630310059,-22.487333297729492,0.00838475115597248,0.6444512605667114,1.809304872928001e-06
0.7799800928780249,0.0,0.0,0.0,0.0,2732.2702653517213,46.99340769246021,445.5179007646134,13.75000000000006,0.0,1.0,1.0,2285.7514488734305,4,0.0,,,,,,,,,,,,,,,,,,,,,,,,,,,,,,,,,,,,,,,,,878790,-0.30976206064224243,-21.899967193603516,0.008371930569410324,0.8877463340759277,1.730582577950001e-06
,,,,,,,,,,,,,,,41855,1102.52,888791,0.1522531509399414,1116,708.02428034,21,,,,,,,,,,,,,,,,,,,,,,,,,,,,,,,,,,,,,,,
,,,,,,,,,,,,,,,,,,,,,,0.08376163989305496,14.430804252624512,1.1308047771453857,0.3795541822910309,0.38565346598625183,1.2230925559997559,5.083722114562988,0.3410433530807495,15.047636985778809,23.036174774169922,0.43116283416748047,21.927122116088867,0.1535865068435669,0.2125386893749237,0.19314813613891602,0.018013859167695045,0.32294535636901855,22.799522399902344,0.23181670904159546,9.321582794189453,0.3153458833694458,5.316012382507324,14.069586753845215,0.30405035614967346,0.395768940448761,0.37565499544143677,24.020292282104492,21.411136627197266,1.6691120862960815,0.22162345051765442,0.027501026168465614,20.644201278686523,0.07829488813877106,879999,1.212918758392334,-23.053741455078125,0.00836732517927885,0.757097601890564,1.703971890099501e-06
0.5296207515138572,0.0,1.0,0.0,0.0,1482.9381042388004,36.01546193136286,490.68158914547064,73.59999999999796,0.0,0.0,0.7931034482758621,1400.0333725190721,8,0.0,,,,,,,,,,,,,,,,,,,,,,,,,,,,,,,,,,,,,,,,,881589,-3.142996311187744,-22.452972412109375,0.00836165715008974,0.6486034393310547,1.6694180196395009e-06
0.5078560190670336,0.0,1.0,0.0,0.0,526.6466917725138,36.074156328421715,205.9164750830316,23.400000000000198,0.0,0.0,0.20425177157148813,519.3057331964374,3,0.0,,,,,,,,,,,,,,,,,,,,,,,,,,,,,,,,,,,,,,,,,882625,-1.2215628623962402,-23.703351974487305,0.008357260376214981,0.7031055092811584,1.6471743671874996e-06
0.6387668161543945,0.0,1.0,0.0,0.0,512.9297533719788,42.539910195799116,140.47565346847134,7.199999999999982,0.0,0.0,0.20893007582139847,473.947903055232,1,0.0,,,,,,,,,,,,,,,,,,,,,,,,,,,,,,,,,,,,,,,,,883427,-0.8298709392547607,-23.686969757080078,0.008354603312909603,0.8628916144371033,1.6301015307355004e-06
0.5002691475470926,0.0,1.0,0.0,0.0,1624.3739220854097,34.88343562640178,278.7993558057884,95.39999999999672,0.0,0.0,0.952216465169833,1572.4625369133428,3,0.0,,,,,,,,,,,,,,,,,,,,,,,,,,,,,,,,,,,,,,,,,886673,-0.29107820987701416,-21.86559295654297,0.008345253765583038,0.6816587448120117,1.5623086584354987e-06
,,,,,,,,,,,,,,,42224,1117.9,896674,0.1522301584482193,1120,706.13221834,21,,,,,,,,,,,,,,,,,,,,,,,,,,,,,,,,,,,,,,,
0.3757147654190455,0.0,1.0,0.0,0.0,49.21863426989496,34.595534703144466,0.0,6.499999999999985,0.0,0.0,0.04082955281918341,62.76813351083547,0,0.0,,,,,,,,,,,,,,,,,,,,,,,,,,,,,,,,,,,,,,,,,886803,1.1030821800231934,-21.58102035522461,0.008344887755811214,0.7361323833465576,1.5596372704954996e-06
0.6986553056717377,0.0,1.0,0.0,0.0,277.3661563516799,44.41146466496521,53.27593651139137,2.3,0.0,0.0,0.11514271891630382,244.65849900059402,1,0.0,,,,,,,,,,,,,,,,,,,,,,,,,,,,,,,,,,,,,,,,,887199,-3.418637990951538,-21.558332443237305,0.008343750610947609,0.8648630380630493,1.5515205372995004e-06
0.42054204278685114,0.0,1.0,0.0,0.0,64.76347458917508,37.85718261835443,0.0,4.099999999999993,0.0,0.0,0.0529994175888177,80.7680285545066,0,0.0,,,,,,,,,,,,,,,,,,,,,,,,,,,,,,,,,,,,,,,,,887352,1.046872615814209,-21.79155731201172,0.008343066088855267,0.8869187831878662,1.5483928844479994e-06
0.7289582970370715,0.0,0.0,0.0,0.0,1437.505761757105,47.137367544540496,196.96780880692933,7.89999999999998,1.0,0.0,0.6864583333333333,1290.6726774461567,1,0.0,,,,,,,,,,,,,,,,,,,,,,,,,,,,,,,,,,,,,,,,,889323,-4.6661272048950195,-22.385988235473633,0.008337832055985928,0.7720547914505005,1.5085179037355002e-06
,,,,,,,,,,,,,,,42350,1109.79,899324,0.15222099423408508,1124,701.7763299599999,21,,,,,,,,,,,,,,,,,,,,,,,,,,,,,,,,,,,,,,,
,,,,,,,,,,,,,,,,,,,,,,0.08637350797653198,14.279627799987793,1.208068609237671,0.3554670214653015,0.38580039143562317,1.4008845090866089,5.252767086029053,0.31935304403305054,15.948315620422363,21.617572784423828,0.44591307640075684,20.711078643798828,0.15702256560325623,0.2039969563484192,0.19422030448913574,0.020012859255075455,0.2958758473396301,23.44655990600586,0.22688975930213928,9.5492582321167,0.3023408055305481,5.295921802520752,13.798201560974121,0.30286842584609985,0.40366271138191223,0.3855418860912323,24.54857063293457,21.163619995117188,1.7870663404464722,0.22783564031124115,0.02938549965620041,21.200551986694336,0.07565687596797943,889999,-1.81219482421875,-22.119266510009766,0.00833571795374155,3.888777256011963,1.4950199000995e-06
0.609942556660749,0.0,1.0,0.0,0.0,832.5715898419224,39.48880215572705,291.69838576096055,11.950000000000035,0.0,0.0,0.3215108245048365,748.2526799608022,3,0.0,,,,,,,,,,,,,,,,,,,,,,,,,,,,,,,,,,,,,,,,,890687,0.5465098023414612,-22.69386863708496,0.008333933539688587,0.8611041307449341,1.4813756609155e-06
0.6514909003775862,0.0,0.0,0.0,0.0,412.39373993901205,40.17808210219986,54.70083977559374,8.79999999999999,1.0,0.0,0.22107186358099878,353.0561854047701,1,0.0,,,,,,,,,,,,,,,,,,,,,,,,,,,,,,,,,,,,,,,,,891319,0.40670129656791687,-21.651283264160156,0.00833214819431305,0.7719975709915161,1.4689250062195004e-06
0.7095707885271058,0.0,0.0,0.0,0.0,754.2737482043134,45.85212994394517,204.79969214667335,3.649999999999995,1.0,0.0,0.3532064128256513,676.6227545654401,3,0.0,,,,,,,,,,,,,,,,,,,,,,,,,,,,,,,,,,,,,,,,,892381,0.7866023778915405,-21.46438217163086,0.008329777047038078,0.8603450655937195,1.4481821815195001e-06
0.6925127297103497,0.0,0.0,0.0,0.0,1818.5384282193784,43.34523219357869,451.52180221818014,18.65000000000013,0.0,1.0,1.0,1580.2113344399258,5,0.0,,,,,,,,,,,,,,,,,,,,,,,,,,,,,,,,,,,,,,,,,895006,0.6618268489837646,-21.91864585876465,0.008322218433022499,0.9233251810073853,1.397874073582e-06
,,,,,,,,,,,,,,,42604,1122.47,905007,0.15220260620117188,1128,715.86200307,21,,,,,,,,,,,,,,,,,,,,,,,,,,,,,,,,,,,,,,,
0.5605617277405981,0.0,1.0,0.0,0.0,1608.8121586155166,36.24735595615894,253.34485532040821,68.49999999999825,0.0,0.0,0.6913357400722022,1444.3581981533207,3,0.0,,,,,,,,,,,,,,,,,,,,,,,,,,,,,,,,,,,,,,,,,897875,1.1930780410766602,-21.739274978637695,0.008314491249620914,0.7216100692749023,1.3444580546875007e-06
,,,,,,,,,,,,,,,,,,,,,,0.09488978981971741,13.85229778289795,1.1630396842956543,0.38299790024757385,0.3853745460510254,1.255302906036377,5.7688164710998535,0.3313511610031128,16.29899024963379,23.28432273864746,0.4321005940437317,21.33662986755371,0.1475084125995636,0.20333805680274963,0.19232633709907532,0.01842660643160343,0.3132006525993347,22.609516143798828,0.22371378540992737,8.96776008605957,0.3096865713596344,5.006284236907959,13.600658416748047,0.31050896644592285,0.3951098322868347,0.37189820408821106,24.020666122436523,21.09723472595215,1.7482645511627197,0.23925307393074036,0.0287567600607872,21.15325927734375,0.0734873041510582,899999,0.2889590263366699,-20.561092376708984,0.008308851160109043,0.9532406330108643,1.3059679100995002e-06
0.3579796506347922,0.0,1.0,0.0,0.0,1023.8218008155056,24.358733472003927,0.0,141.24999999999787,0.0,0.0,0.6150943396226415,967.2964879581705,0,0.0,,,,,,,,,,,,,,,,,,,,,,,,,,,,,,,,,,,,,,,,,900734,-0.986589252948761,-20.397811889648438,0.008307144045829773,0.9095444679260254,1.2928576662219996e-06
0.5109215051890176,0.0,1.0,0.0,0.0,85.32389136656593,40.12906535376003,12.058416272994473,0.0,0.0,0.0,0.06212822207534699,92.75688445009291,0,0.0,,,,,,,,,,,,,,,,,,,,,,,,,,,,,,,,,,,,,,,,,900900,0.9231492877006531,-20.14620590209961,0.008306510746479034,0.8756765127182007,1.2899115949999995e-06
0.20145506909217245,0.0,1.0,0.0,0.0,26.99497925835111,26.921044842266223,0.0,6.649999999999984,0.0,0.0,0.03418803418803419,49.90977080212906,0,0.0,,,,,,,,,,,,,,,,,,,,,,,,,,,,,,,,,,,,,,,,,901033,0.8943932056427002,-21.012832641601562,0.0083062294870615,1.1778640747070312,1.2875551453555001e-06
,,,,,,,,,,,,,,,42904,1141.73,911034,0.1521855592727661,1132,714.2523710300001,21,,,,,,,,,,,,,,,,,,,,,,,,,,,,,,,,,,,,,,,
0.7179510925215802,0.0,1.0,0.0,0.0,1510.5690986654047,43.59260048942413,325.3542077038614,9.5,0.0,0.0,0.8248447204968944,1273.6433631032705,6,0.0,,,,,,,,,,,,,,,,,,,,,,,,,,,,,,,,,,,,,,,,,903136,0.01957736164331436,-19.70140266418457,0.008301117457449436,0.8237521648406982,1.2507627723520013e-06
0.4471792265092841,0.0,1.0,0.0,0.0,88.09430762232897,36.1848808211805,18.47532619289598,0.0,0.0,0.0,0.05328983143012507,98.67299034446478,0,0.0,,,,,,,,,,,,,,,,,,,,,,,,,,,,,,,,,,,,,,,,,903332,0.8452061414718628,-21.465255737304688,0.00830068625509739,1.08799147605896,1.2473785512879992e-06
0.23316767739176755,0.0,1.0,0.0,0.0,327.6005867354334,19.93608338582768,0.0,45.299999999999564,0.0,0.0,0.1925754060324826,388.71369487419724,0,0.0,,,,,,,,,,,,,,,,,,,,,,,,,,,,,,,,,,,,,,,,,904736,1.0349167585372925,-21.776622772216797,0.00829794816672802,0.7438850402832031,1.223359994752e-06
0.5167453574958975,0.0,1.0,0.0,0.0,123.50214044151949,41.040248371587246,79.92534177934391,2.3,0.0,0.0,0.08515967438948027,135.9574167849496,0,0.0,,,,,,,,,,,,,,,,,,,,,,,,,,,,,,,,,,,,,,,,,904974,-2.9968934059143066,-19.270748138427734,0.008297654800117016,0.9647589921951294,1.2193273572620012e-06
,,,,,,,,,,,,,,,43087,1152.48,914975,0.1521766483783722,1136,715.0536053399999,21,,,,,,,,,,,,,,,,,,,,,,,,,,,,,,,,,,,,,,,
0.4446384953932717,0.0,1.0,0.0,0.0,769.6692355257534,30.882076393503493,146.41197586620052,60.09999999999872,0.0,0.0,0.4252688172043011,742.095117656514,1,0.0,,,,,,,,,,,,,,,,,,,,,,,,,,,,,,,,,,,,,,,,,906704,0.02020406723022461,-20.49650001525879,0.008294778876006603,1.0967390537261963,1.1903532497920004e-06
,,,,,,,,,,,,,,,,,,,,,,0.09466494619846344,14.110950469970703,1.1570706367492676,0.3899767994880676,0.3836737871170044,1.1402685642242432,5.698201656341553,0.3315906226634979,17.217247009277344,23.474016189575195,0.4400257468223572,21.75922966003418,0.14258992671966553,0.2103659063577652,0.18283912539482117,0.01699911057949066,0.3243863582611084,22.660612106323242,0.23148861527442932,8.582967758178711,0.3107220232486725,5.1852641105651855,13.934078216552734,0.29434916377067566,0.4006861746311188,0.3764636218547821,24.118650436401367,20.8426513671875,1.5314806699752808,0.25667452812194824,0.025442684069275856,19.7443904876709,0.07730185985565186,909999,-0.18129032850265503,-21.27186393737793,0.008287394419312477,0.8800539970397949,1.1368159200994997e-06
0.6358346252881615,0.0,1.0,0.0,0.0,2465.130842242202,38.3193759057969,289.6118048275408,61.94999999999862,0.0,0.0,0.9067425569176882,2062.9933666847646,3,0.0,,,,,,,,,,,,,,,,,,,,,,,,,,,,,,,,,,,,,,,,,910580,-1.6359448432922363,-22.24701499938965,0.008285378105938435,0.90864098072052,1.1275998718000007e-06
0.6584875776657082,0.0,1.0,0.0,0.0,1816.1087392020231,40.923881770208794,434.86486594938197,7.349999999999982,0.0,0.0,0.8093242535358827,1567.23672765214,4,0.0,,,,,,,,,,,,,,,,,,,,,,,,,,,,,,,,,,,,,,,,,913337,-0.8558812141418457,-19.809520721435547,0.00827842392027378,0.9840025901794434,1.0847829491155006e-06
0.5134063915562149,0.0,0.0,0.0,0.0,2157.333657319215,33.32098958231183,262.18603975034586,127.04999999999492,0.0,1.0,1.0,1943.874166120775,1,0.0,,,,,,,,,,,,,,,,,,,,,,,,,,,,,,,,,,,,,,,,,917538,0.6055645942687988,-19.98369598388672,0.008267627097666264,0.8197740316390991,1.0224487736780007e-06
,,,,,,,,,,,,,,,43680,1253.6,927539,0.15215882658958435,1140,772.5427182099999,21,,,,,,,,,,,,,,,,,,,,,,,,,,,,,,,,,,,,,,,
,,,,,,,,,,,,,,,,,,,,,,0.10020971298217773,13.447839736938477,1.1300432682037354,0.3996375799179077,0.4009765088558197,1.1293950080871582,5.825315475463867,0.35483288764953613,16.743066787719727,23.231430053710938,0.4368833005428314,21.72019386291504,0.1607438325881958,0.20524927973747253,0.20519566535949707,0.017237527295947075,0.3315070867538452,22.862733840942383,0.2415257692337036,9.344239234924316,0.33009910583496094,5.766816139221191,14.040193557739258,0.2986091673374176,0.3968242406845093,0.3932951092720032,23.067886352539062,21.627944946289062,1.6281975507736206,0.2555430829524994,0.028008989989757538,19.56473731994629,0.08801673352718353,919999,0.9529005289077759,-18.071048736572266,0.008261684328317642,0.7087041735649109,9.875639300994998e-07
0.6486401478538869,0.0,0.0,0.0,0.0,1812.3005731037601,40.0369224156057,249.7894512161387,50.94999999999924,0.0,1.0,1.0,1553.0514339068905,4,0.0,,,,,,,,,,,,,,,,,,,,,,,,,,,,,,,,,,,,,,,,,920331,-2.0718436241149902,-19.820999145507812,0.008260797709226608,0.8899966478347778,9.829500713194998e-07
0.3059015473497963,0.0,1.0,0.0,0.0,124.8078313187169,25.23204903552601,42.63449894377524,9.199999999999996,0.0,0.0,0.08240396530359356,142.78089454770088,0,0.0,,,,,,,,,,,,,,,,,,,,,,,,,,,,,,,,,,,,,,,,,920738,-2.8500609397888184,-18.229209899902344,0.008259844034910202,0.9962975978851318,9.773238520780006e-07
0.6986454348669235,0.0,1.0,0.0,0.0,630.8768276848319,45.642592234804845,272.3720843740575,0.35,0.0,0.0,0.28873917228103946,572.0134526370093,1,0.0,,,,,,,,,,,,,,,,,,,,,,,,,,,,,,,,,,,,,,,,,921640,-0.5570985078811646,-18.690582275390625,0.008257344365119934,1.2820539474487305,9.649724151999998e-07
0.615006599380707,0.0,1.0,0.0,0.0,188.19201941049633,43.08172797757896,37.9866863165838,4.3499999999999925,0.0,0.0,0.12789968652037617,182.9306323118508,1,0.0,,,,,,,,,,,,,,,,,,,,,,,,,,,,,,,,,,,,,,,,,921945,-2.1965246200561523,-18.35371208190918,0.008256485685706139,0.945145845413208,9.608325609874997e-07
,,,,,,,,,,,,,,,43877,1274.32,931946,0.15215325355529785,1144,787.6850573,21,,,,,,,,,,,,,,,,,,,,,,,,,,,,,,,,,,,,,,,
0.6420058790892255,0.0,0.0,0.0,0.0,1779.640296835333,40.94483529674829,249.41145255353277,41.69999999999977,0.0,1.0,1.0,1575.7985649313778,2,0.0,,,,,,,,,,,,,,,,,,,,,,,,,,,,,,,,,,,,,,,,,924716,1.9888595342636108,-19.595661163330078,0.008248956874012947,1.5561323165893555,9.240690652720003e-07
-0.15388208613657897,0.0,1.0,0.0,0.0,-9.694571426604476,21.704909695413555,0.0,3.099999999999997,0.0,0.0,0.008278867102396514,18.819506289437413,0,0.0,,,,,,,,,,,,,,,,,,,,,,,,,,,,,,,,,,,,,,,,,924778,0.36163830757141113,-19.09636688232422,0.008248788304626942,0.9269406199455261,9.232639737580002e-07
0.6562490548901124,0.0,0.0,0.0,0.0,1899.1847648519854,40.17227456356967,235.74197644593562,45.84999999999953,0.0,1.0,1.0,1614.098595787771,1,0.0,,,,,,,,,,,,,,,,,,,,,,,,,,,,,,,,,,,,,,,,,927671,1.8649195432662964,-16.795223236083984,0.008241723291575909,0.813485860824585,8.865479719794995e-07
0.41969412024472164,0.0,1.0,0.0,0.0,454.9484263452783,30.416865786827767,199.67342682372694,35.30000000000013,0.0,0.0,0.28907664453832227,457.4639316396788,2,0.0,,,,,,,,,,,,,,,,,,,,,,,,,,,,,,,,,,,,,,,,,928754,-0.6547009944915771,-16.890010833740234,0.008239228278398514,1.1808571815490723,8.732317153420003e-07
,,,,,,,,,,,,,,,44187,1317.5,938755,0.1521460860967636,1148,812.8067818199999,21,,,,,,,,,,,,,,,,,,,,,,,,,,,,,,,,,,,,,,,
0.7417019880781857,0.0,1.0,0.0,0.0,435.37906700189495,45.65497665273152,61.40673347807321,7.549999999999981,0.0,0.0,0.24491054904380014,371.8911264303606,1,0.0,,,,,,,,,,,,,,,,,,,,,,,,,,,,,,,,,,,,,,,,,929340,-0.1334131360054016,-17.85248565673828,0.00823797844350338,0.6887558102607727,8.661237422000006e-07
0.7115246775532927,0.0,1.0,0.0,0.0,268.2448034375914,43.710918099931746,0.0,1.900000000000001,0.0,0.0,0.11857506361323156,228.63256594259292,0,0.0,,,,,,,,,,,,,,,,,,,,,,,,,,,,,,,,,,,,,,,,,929716,1.2307944297790527,-18.684513092041016,0.008236835710704327,1.069786548614502,8.615989852719998e-07
,,,,,,,,,,,,,,,,,,,,,,0.09292067587375641,14.00842571258545,1.1741083860397339,0.35848158597946167,0.4046574831008911,1.1395587921142578,5.382382869720459,0.34465086460113525,16.75945281982422,20.764863967895508,0.4797331690788269,22.47259521484375,0.16043026745319366,0.2140260636806488,0.20414814352989197,0.01741061359643936,0.34334486722946167,24.89402961730957,0.23040400445461273,9.292840957641602,0.3181556165218353,5.055744647979736,13.346034049987793,0.30159997940063477,0.4275895357131958,0.4297669231891632,24.767906188964844,20.82390785217285,1.551945686340332,0.2560573220252991,0.026792563498020172,19.740310668945312,0.07724359631538391,929999,-0.4604978859424591,-16.811267852783203,0.00823607761412859,0.8683077096939087,8.582119400994995e-07
0.5194042500319674,0.0,1.0,0.0,0.0,151.6660410093345,41.9309419652282,81.19464053348835,2.849999999999998,0.0,0.0,0.07190357439733998,169.79881702456623,0,0.0,,,,,,,,,,,,,,,,,,,,,,,,,,,,,,,,,,,,,,,,,930007,-1.47190523147583,-18.64360809326172,0.008236058056354523,0.6739133596420288,8.581164248754994e-07
0.44820452004552863,0.0,1.0,0.0,0.0,476.8896093284425,32.843536835356716,215.2127430384414,7.699999999999981,0.0,0.0,0.31611698817672684,485.11517463997006,2,0.0,,,,,,,,,,,,,,,,,,,,,,,,,,,,,,,,,,,,,,,,,931070,-1.5041067600250244,-18.690433502197266,0.008233588188886642,1.0480687618255615,8.455381175500004e-07
,,,,,,,,,,,,,,,44302,1291.05,941071,0.1521427482366562,1152,797.92472346,21,,,,,,,,,,,,,,,,,,,,,,,,,,,,,,,,,,,,,,,
0.5760554100298477,0.0,0.0,0.0,0.0,465.45277130411694,35.52999497294787,0.0,20.250000000000153,1.0,0.0,0.17779668226286688,398.43739694170654,0,0.0,,,,,,,,,,,,,,,,,,,,,,,,,,,,,,,,,,,,,,,,,931877,-0.6637696623802185,-17.43963050842285,0.008231923915445805,0.9936431646347046,8.361391713355005e-07
0.5624479372432989,0.0,1.0,0.0,0.0,526.4512692597277,35.71737842524303,25.259139384278413,31.100000000000307,0.0,0.0,0.20954003407155025,463.9668615022674,0,0.0,,,,,,,,,,,,,,,,,,,,,,,,,,,,,,,,,,,,,,,,,932812,-0.5573575496673584,-17.584590911865234,0.008229552768170834,1.0061774253845215,8.25411500728e-07
0.45186216667598983,0.0,1.0,0.0,0.0,200.62680200413948,31.862479840120535,0.0,17.550000000000114,0.0,0.0,0.1442753143613501,196.28646040009335,0,0.0,,,,,,,,,,,,,,,,,,,,,,,,,,,,,,,,,,,,,,,,,933255,-0.5124037265777588,-18.583152770996094,0.008228573016822338,1.4013559818267822,8.203895049875005e-07
0.7308386682549421,0.0,0.0,0.0,0.0,2051.4641417916228,44.37034497882324,509.2390793118134,24.40000000000021,0.0,1.0,1.0,1729.191842082888,6,0.0,,,,,,,,,,,,,,,,,,,,,,,,,,,,,,,,,,,,,,,,,936061,-0.03006759285926819,-18.317224502563477,0.008223041892051697,1.260108470916748,7.894868642394996e-07
,,,,,,,,,,,,,,,44550,1297.07,946062,0.15213605761528015,1156,798.4892492899999,21,,,,,,,,,,,,,,,,,,,,,,,,,,,,,,,,,,,,,,,
0.7368991678213146,0.0,1.0,0.0,0.0,808.3783870999821,45.06096275899495,319.5044225440839,3.7499999999999947,0.0,0.0,0.2787307032590051,686.1937419716269,4,0.0,,,,,,,,,,,,,,,,,,,,,,,,,,,,,,,,,,,,,,,,,937157,0.002430863678455353,-19.466896057128906,0.008221199735999107,0.9982022047042847,7.778420735754998e-07
0.7760852371987239,0.0,1.0,0.0,0.0,1520.3509796723001,46.548597875205246,426.6771318516872,2.4499999999999993,0.0,0.0,0.6147704590818364,1266.1819755882025,8,0.0,,,,,,,,,,,,,,,,,,,,,,,,,,,,,,,,,,,,,,,,,939115,1.3429596424102783,-18.009233474731445,0.008217687718570232,1.4017002582550049,7.576336808874997e-07
,,,,,,,,,,,,,,,,,,,,,,0.08644954860210419,14.098151206970215,1.1780344247817993,0.380173921585083,0.4058367908000946,1.2490941286087036,5.0768938064575195,0.34450334310531616,16.055316925048828,22.32634735107422,0.4607557952404022,22.246017456054688,0.1573868989944458,0.21606826782226562,0.1934284120798111,0.019143616780638695,0.3409424424171448,23.387617111206055,0.23993629217147827,9.24280834197998,0.32112306356430054,5.158794403076172,14.090660095214844,0.3101951479911804,0.4111138582229614,0.398245245218277,24.143346786499023,20.95282745361328,1.7323230504989624,0.24606379866600037,0.029498064890503883,20.239797592163086,0.07906368374824524,939999,-1.225513219833374,-17.396610260009766,0.008216041140258312,1.3172134160995483,7.487599500994996e-07
0.6038800743737773,0.0,1.0,0.0,0.0,777.7975357934251,42.93730899458203,361.3525188788264,7.99999999999998,0.0,0.0,0.3697478991596639,767.7329357415438,5,0.0,,,,,,,,,,,,,,,,,,,,,,,,,,,,,,,,,,,,,,,,,940402,-4.339195251464844,-17.40106201171875,0.008215074427425861,1.1433849334716797,7.447661795980005e-07
0.6367429685077038,0.0,1.0,0.0,0.0,341.29423112012927,43.17421430307858,216.16945524231352,1.900000000000001,0.0,0.0,0.14359214218896166,321.1022650562227,2,0.0,,,,,,,,,,,,,,,,,,,,,,,,,,,,,,,,,,,,,,,,,940937,1.0970393419265747,-17.523784637451172,0.008214087225496769,1.2841382026672363,7.395142079154996e-07
,,,,,,,,,,,,,,,44777,1336.99,950938,0.15213117003440857,1160,829.4394124500001,21,,,,,,,,,,,,,,,,,,,,,,,,,,,,,,,,,,,,,,,
0.6251208249926524,0.0,1.0,0.0,0.0,858.9160135399044,42.141678968213405,293.6081727012614,16.900000000000105,0.0,0.0,0.32325383304940375,803.9873850857839,3,0.0,,,,,,,,,,,,,,,,,,,,,,,,,,,,,,,,,,,,,,,,,942310,0.8024203777313232,-18.312334060668945,0.008211142383515835,0.9637707471847534,7.262964419500002e-07
0.7434788463602942,0.0,0.0,0.0,0.0,1792.5274985746692,45.324217035071314,312.1699500732605,26.150000000000237,1.0,0.0,0.7620689655172413,1517.389704211615,6,0.0,,,,,,,,,,,,,,,,,,,,,,,,,,,,,,,,,,,,,,,,,944720,-1.9576315879821777,-18.77340316772461,0.008206663653254509,0.9403278231620789,7.040027007999998e-07
0.7029053832305268,0.0,1.0,0.0,0.0,330.3655301183476,44.89984624201364,69.39767017727239,7.249999999999982,0.0,0.0,0.17761557177615572,292.8287910018116,1,0.0,,,,,,,,,,,,,,,,,,,,,,,,,,,,,,,,,,,,,,,,,945189,0.6566197276115417,-17.32793426513672,0.008205701597034931,1.1083810329437256,6.997985592395004e-07
0.7973563909709436,0.0,0.0,0.0,0.0,2968.557843584823,47.349038448628555,338.25753117782506,6.299999999999986,0.0,1.0,1.0,2447.7304992396384,3,0.0,,,,,,,,,,,,,,,,,,,,,,,,,,,,,,,,,,,,,,,,,948911,0.9337159395217896,-17.135162353515625,0.008198610506951809,1.0966224670410156,6.679864391395002e-07
,,,,,,,,,,,,,,,45149,1401.16,958912,0.1521235704421997,1164,883.0334860500002,21,,,,,,,,,,,,,,,,,,,,,,,,,,,,,,,,,,,,,,,
0.7386149127287871,0.0,1.0,0.0,0.0,395.1589783099011,45.53073394589165,51.824706419662334,1.5500000000000007,0.0,0.0,0.19249074563722898,338.05167805962265,1,0.0,,,,,,,,,,,,,,,,,,,,,,,,,,,,,,,,,,,,,,,,,949445,-2.756972074508667,-19.022003173828125,0.008197559043765068,0.8439397215843201,6.636484484875e-07
,,,,,,,,,,,,,,,,,,,,,,0.08874784409999847,14.067867279052734,1.1750355958938599,0.38477233052253723,0.39257192611694336,1.2687069177627563,5.230897903442383,0.3340936601161957,16.669370651245117,22.678913116455078,0.4530746638774872,22.593889236450195,0.16401949524879456,0.20948641002178192,0.20766621828079224,0.018892476335167885,0.3364484906196594,23.156370162963867,0.23008638620376587,9.667492866516113,0.31254079937934875,4.883277416229248,13.56155014038086,0.29080143570899963,0.40757137537002563,0.3928728699684143,24.022714614868164,20.98838996887207,1.6820677518844604,0.24822570383548737,0.02853810042142868,19.52850341796875,0.07271751016378403,949999,0.9489560723304749,-17.84705352783203,0.008196409791707993,1.0618555545806885,6.592079600994996e-07
0.3300198330498841,0.0,0.0,0.0,0.0,464.6679249342368,22.03028487846036,0.0,69.64999999999819,1.0,0.0,0.18406236466002598,430.51607025554404,0,0.0,,,,,,,,,,,,,,,,,,,,,,,,,,,,,,,,,,,,,,,,,950852,-0.08959606289863586,-18.77729034423828,0.008194432593882084,0.7737574577331543,6.524903074479996e-07
0.3169606319540915,0.0,0.0,0.0,0.0,33.5978269871337,26.301315317459167,0.0,5.14999999999999,1.0,0.0,0.02025586353944563,38.48056038469076,0,0.0,,,,,,,,,,,,,,,,,,,,,,,,,,,,,,,,,,,,,,,,,950957,0.1452816128730774,-18.049877166748047,0.008194174617528915,1.3979601860046387,6.516734069755005e-07
0.4626589923857933,0.0,1.0,0.0,0.0,974.3598379644807,29.63021246173478,154.97393522795718,67.6999999999983,0.0,0.0,0.44930417495029823,866.3719269242138,2,0.0,,,,,,,,,,,,,,,,,,,,,,,,,,,,,,,,,,,,,,,,,953062,1.5719802379608154,-17.782527923583984,0.008189979009330273,1.0535213947296143,6.357593764780002e-07
,,,,,,,,,,,,,,,45357,1350.22,963063,0.15211962163448334,1168,835.8163542399999,21,,,,,,,,,,,,,,,,,,,,,,,,,,,,,,,,,,,,,,,
0.562220823294316,0.0,1.0,0.0,0.0,799.4780107245174,35.86109611002552,180.95486458833363,45.24999999999957,0.0,0.0,0.4776500638569604,708.0602746622171,2,0.0,,,,,,,,,,,,,,,,,,,,,,,,,,,,,,,,,,,,,,,,,954483,0.4380979835987091,-18.10009765625,0.008186941966414452,0.7950643301010132,6.255150002555002e-07
0.5895022002743018,0.0,1.0,0.0,0.0,435.0526238024347,40.474298756588794,146.74892175655796,8.549999999999986,0.0,0.0,0.24871648602395893,414.4125963812694,1,0.0,,,,,,,,,,,,,,,,,,,,,,,,,,,,,,,,,,,,,,,,,955220,0.5761091113090515,-17.765201568603516,0.008185716345906258,0.9353727102279663,6.203600158000003e-07
0.6809622924442177,0.0,0.0,0.0,0.0,2269.6473207165777,41.031009948973896,362.6378780923644,41.99999999999975,0.0,1.0,1.0,1898.8899227119982,5,0.0,,,,,,,,,,,,,,,,,,,,,,,,,,,,,,,,,,,,,,,,,958552,-2.5062155723571777,-17.869890213012695,0.008179336786270142,1.129361629486084,5.984031820480002e-07
,,,,,,,,,,,,,,,,,,,,,,0.09638948738574982,13.420559883117676,1.2088613510131836,0.35367006063461304,0.3985607326030731,1.2248878479003906,5.640582084655762,0.3296992778778076,16.56781768798828,20.696290969848633,0.48482608795166016,22.895071029663086,0.15825146436691284,0.19923022389411926,0.2039364129304886,0.018183644860982895,0.3398807942867279,24.051517486572266,0.23319292068481445,9.260661125183105,0.3100053071975708,4.997435092926025,13.646133422851562,0.29707568883895874,0.4291921555995941,0.41100603342056274,25.11574363708496,20.882596969604492,1.5890700817108154,0.24595174193382263,0.027154937386512756,20.01163101196289,0.07418768107891083,959999,0.4582865238189697,-17.271484375,0.008176489733159542,0.9570724964141846,5.895559700995003e-07
0.7382594336013056,0.0,1.0,0.0,0.0,1075.6439947571023,45.86984824575162,303.8564563613687,8.999999999999993,0.0,0.0,0.39009661835748793,927.819915316999,4,0.0,,,,,,,,,,,,,,,,,,,,,,,,,,,,,,,,,,,,,,,,,960008,1.2862809896469116,-17.55459976196289,0.008176478557288647,1.518303394317627,5.895022463680001e-07
,,,,,,,,,,,,,,,45677,1395.01,970009,0.15211474895477295,1172,865.2063486999999,21,,,,,,,,,,,,,,,,,,,,,,,,,,,,,,,,,,,,,,,
0.6088926418028259,0.0,1.0,0.0,0.0,201.54346443673535,40.10946413092277,67.87765150515327,6.349999999999985,0.0,0.0,0.10164424514200299,184.21731767058372,1,0.0,,,,,,,,,,,,,,,,,,,,,,,,,,,,,,,,,,,,,,,,,960338,0.2291049063205719,-17.247081756591797,0.008175783790647984,0.8596788644790649,5.875435072779999e-07
0.7765437088196098,0.0,0.0,0.0,0.0,964.4672863539553,46.340559000051556,190.80309122301804,5.399999999999989,1.0,0.0,0.3971940009675859,799.0657375454903,2,0.0,,,,,,,,,,,,,,,,,,,,,,,,,,,,,,,,,,,,,,,,,961579,-0.13948553800582886,-17.558834075927734,0.008173921145498753,1.0595914125442505,5.803714474795001e-07
0.671516186110656,0.0,1.0,0.0,0.0,2007.1618802847506,41.30845977963592,731.5150859073041,17.30000000000011,0.0,0.0,0.9054991991457555,1714.3737719673663,9,0.0,,,,,,,,,,,,,,,,,,,,,,,,,,,,,,,,,,,,,,,,,964567,-2.4841420650482178,-18.486154556274414,0.008169210515916348,1.3765989542007446,5.643603301555001e-07
0.5691610086862289,0.0,1.0,0.0,0.0,198.63719203149387,41.425069454966675,84.74982801489114,0.9000000000000002,0.0,0.0,0.10170340681362726,200.5102659680415,2,0.0,,,,,,,,,,,,,,,,,,,,,,,,,,,,,,,,,,,,,,,,,964915,0.31432199478149414,-17.045446395874023,0.008168984204530716,1.1691488027572632,5.626110938875001e-07
,,,,,,,,,,,,,,,45918,1369.21,974916,0.1521100401878357,1176,843.87892456,21,,,,,,,,,,,,,,,,,,,,,,,,,,,,,,,,,,,,,,,
0.7568537957616329,0.0,0.0,0.0,0.0,2599.0359346454475,47.271343379017736,819.6868775193225,4.049999999999994,0.0,1.0,1.0,2254.1018758816645,6,0.0,,,,,,,,,,,,,,,,,,,,,,,,,,,,,,,,,,,,,,,,,968348,-1.4343829154968262,-18.173568725585938,0.008164879865944386,1.3212436437606812,5.466465058480001e-07
0.5981570065801517,0.0,1.0,0.0,0.0,951.0696404624413,38.87134704167868,212.07078606399168,34.350000000000186,0.0,0.0,0.527283170591614,858.0542644411325,2,0.0,,,,,,,,,,,,,,,,,,,,,,,,,,,,,,,,,,,,,,,,,969937,-0.5504400730133057,-17.16979217529297,0.00816299207508564,1.0558817386627197,5.400511349155002e-07
,,,,,,,,,,,,,,,,,,,,,,0.08973118662834167,13.52096939086914,1.1236083507537842,0.358345091342926,0.3809334933757782,1.2130224704742432,5.269586563110352,0.33902692794799805,16.599294662475586,21.0443058013916,0.46739426255226135,22.49350357055664,0.154220849275589,0.1997455656528473,0.2000017762184143,0.017920006066560745,0.3322969973087311,24.317577362060547,0.24452543258666992,9.056830406188965,0.31749677658081055,4.900465965270996,14.360090255737305,0.29222625494003296,0.41246092319488525,0.414082795381546,24.222332000732422,21.491662979125977,1.7292860746383667,0.24522173404693604,0.029446501284837723,19.781076431274414,0.07239468395709991,969999,-0.4444209933280945,-16.063579559326172,0.00816292129456997,1.2342400550842285,5.398039800995002e-07
0.5971992573086942,0.0,1.0,0.0,0.0,953.1300146646759,39.55280430578076,37.71922243572915,32.3500000000003,0.0,0.0,0.5430340557275541,876.4527464993298,1,0.0,,,,,,,,,,,,,,,,,,,,,,,,,,,,,,,,,,,,,,,,,971532,-0.647147536277771,-16.32715606689453,0.008161038160324097,1.337665319442749,5.339361688880001e-07
0.25597660935359395,0.0,1.0,0.0,0.0,27.90145041954174,34.37220473572914,22.75670449422123,0.0,0.0,0.0,0.030102347983142687,51.853843396529555,0,0.0,,,,,,,,,,,,,,,,,,,,,,,,,,,,,,,,,,,,,,,,,971640,-1.0660417079925537,-16.203508377075195,0.008160925470292568,1.315406322479248,5.335404152000002e-07
,,,,,,,,,,,,,,,46228,1389.37,981641,0.1521042287349701,1180,860.1487037100001,21,,,,,,,,,,,,,,,,,,,,,,,,,,,,,,,,,,,,,,,
0.6536165018501544,0.0,1.0,0.0,0.0,1844.505768221136,40.7387640321777,215.70890801979687,41.749999999999766,0.0,0.0,0.7103658536585366,1596.198074796237,3,0.0,,,,,,,,,,,,,,,,,,,,,,,,,,,,,,,,,,,,,,,,,974461,-3.8004159927368164,-18.194162368774414,0.008157745935022831,2.260380268096924,5.240253218394999e-07
0.5444610802866544,0.0,1.0,0.0,0.0,967.5073396693849,35.216390114278774,197.44957782887755,55.94999999999896,0.0,0.0,0.4959655728886498,868.6831207610667,2,0.0,,,,,,,,,,,,,,,,,,,,,,,,,,,,,,,,,,,,,,,,,976237,-1.9879941940307617,-16.445568084716797,0.008155809715390205,1.5171699523925781,5.188473068154999e-07
0.5762420346686828,0.0,1.0,0.0,0.0,266.2238200169315,38.58566018360256,50.465177163808896,2.499999999999999,0.0,0.0,0.16297183942480528,247.41507818363607,0,0.0,,,,,,,,,,,,,,,,,,,,,,,,,,,,,,,,,,,,,,,,,976698,-0.8115970492362976,-16.91404914855957,0.008155105635523796,1.0813078880310059,5.176058487980001e-07
0.6287147283938909,0.0,0.0,0.0,0.0,1761.0299542312882,41.16917948946287,249.549197501471,38.049999999999976,0.0,1.0,1.0,1601.0071444120258,2,0.0,,,,,,,,,,,,,,,,,,,,,,,,,,,,,,,,,,,,,,,,,979498,1.097691535949707,-16.198226928710938,0.008152325637638569,1.067552924156189,5.10974054398e-07
,,,,,,,,,,,,,,,46616,1397.18,989499,0.1520998626947403,1184,875.1630259000001,21,,,,,,,,,,,,,,,,,,,,,,,,,,,,,,,,,,,,,,,
0.569619896094759,0.0,0.0,0.0,0.0,276.2656496059581,36.64504135157987,50.300040722371314,7.699999999999981,1.0,0.0,0.13500272182906914,246.61650565452874,1,0.0,,,,,,,,,,,,,,,,,,,,,,,,,,,,,,,,,,,,,,,,,979982,1.1286038160324097,-17.410310745239258,0.008151602931320667,1.31510591506958,5.09985852238e-07
,,,,,,,,,,,,,,,,,,,,,,0.09306028485298157,13.218578338623047,1.1476917266845703,0.3624907433986664,0.39976969361305237,1.1972577571868896,5.422268867492676,0.3483249843120575,17.12403106689453,21.120956420898438,0.469840407371521,21.843891143798828,0.16059471666812897,0.20233988761901855,0.2037847638130188,0.018326707184314728,0.33436959981918335,24.10006332397461,0.23196327686309814,9.357242584228516,0.33223462104797363,4.905716419219971,13.515617370605469,0.30623820424079895,0.4253624379634857,0.4136199951171875,24.784250259399414,21.704416275024414,1.6996022462844849,0.2621215879917145,0.029169611632823944,20.006107330322266,0.07509295642375946,979999,-0.7295883297920227,-15.848392486572266,0.008151551708579063,1.0372364521026611,5.099519900995e-07
0.7122734758365581,0.0,0.0,0.0,0.0,1864.0196862642724,45.71851531472165,492.56869103306394,19.40000000000014,1.0,0.0,0.8003671408903167,1661.3235146068037,2,0.0,,,,,,,,,,,,,,,,,,,,,,,,,,,,,,,,,,,,,,,,,982598,1.5400891304016113,-15.938337326049805,0.00814880058169365,4.030271053314209,5.05451565598e-07
0.5841166854399709,0.0,1.0,0.0,0.0,955.0307806943523,37.03304678981841,191.40199895936908,40.99999999999981,0.0,0.0,0.5290941811637673,840.6201603356749,4,0.0,,,,,,,,,,,,,,,,,,,,,,,,,,,,,,,,,,,,,,,,,984232,-0.521269679069519,-15.348555564880371,0.008147024549543858,1.9272736310958862,5.03310347488e-07
0.4934976586180027,0.0,1.0,0.0,0.0,771.3368404199382,31.81666944671854,234.58733298157125,6.249999999999986,0.0,0.0,0.41511627906976745,690.3210462350398,3,0.0,,,,,,,,,,,,,,,,,,,,,,,,,,,,,,,,,,,,,,,,,985794,0.37391090393066406,-15.90826416015625,0.00814479123800993,1.1503723859786987,5.01760198382e-07
,,,,,,,,,,,,,,,46928,1407.69,995795,0.15209470689296722,1188,882.1710353400001,21,,,,,,,,,,,,,,,,,,,,,,,,,,,,,,,,,,,,,,,
0.4608105652673907,0.0,1.0,0.0,0.0,822.086048437025,30.764259125110563,140.83857881321643,63.59999999999852,0.0,0.0,0.4260915307732772,761.9381098262966,2,0.0,,,,,,,,,,,,,,,,,,,,,,,,,,,,,,,,,,,,,,,,,987577,-4.25778341293335,-17.228271484375,0.008143044076859951,1.4298717975616455,5.005841574354999e-07
0.6081260497014722,0.0,0.0,0.0,0.0,1170.0345196256326,42.22813853439744,390.9517685652113,13.900000000000063,1.0,0.0,0.5432670060157334,1128.008343335241,4,0.0,,,,,,,,,,,,,,,,,,,,,,,,,,,,,,,,,,,,,,,,,989500,0.39808788895606995,-16.00542449951172,0.008141164667904377,1.0348560810089111,5.00024875e-07
,,,,,,,,,,,,,,,,,,,,,,0.09098725020885468,13.091802597045898,1.1312472820281982,0.3602367043495178,0.4030840992927551,1.1368478536605835,5.244344234466553,0.35631829500198364,17.032472610473633,20.763404846191406,0.48956745862960815,22.197843551635742,0.1575435996055603,0.20323744416236877,0.19716614484786987,0.017648451030254364,0.3445998430252075,23.814178466796875,0.23990201950073242,9.080533981323242,0.3312810957431793,5.148576736450195,13.82752799987793,0.31129634380340576,0.44443386793136597,0.4131664037704468,25.61638069152832,21.339900970458984,1.6536287069320679,0.2644124925136566,0.028689788654446602,20.05255699157715,0.07992662489414215,989999,1.138751745223999,-17.33959197998047,0.008140578866004944,1.0689581632614136,5.000000000995e-07
