custom/routes_completed,terminal/off_track,custom/overtakes,terminal/stopped,custom/total_reward,custom/avg_speed,terminal/too_fast,custom/mean_reward,custom/total_distance,custom/overtake_reward,terminal/solid_line,terminal/collision_vehicle,terminal/route_done,custom/blocked_time,terminal/collision_other,rollout/ep_rew_mean,time/episodes,train/std,time/total_timesteps,time/fps,time/time_elapsed,rollout/ep_len_mean,attention/steer_share/maneuver,attention/throttle_share/next_angle,attention/steer/next_angle,attention/throttle/lidar,attention/steer/speed,attention/throttle_share/lidar,attention/throttle/waypoints,attention/steer/maneuver,attention/steer/waypoints,attention/steer/sensors,attention/throttle_share/prev_action,attention/throttle/cam,attention/throttle/speed,attention/steer/prev_action,attention/steer_share/waypoints,attention/steer_share/lidar,attention/throttle/route,attention/throttle/sensors,attention/steer_share/next_angle,attention/throttle_share/speed,attention/throttle/prev_action,attention/throttle_share/waypoints,attention/steer/route,attention/steer_share/speed,attention/throttle_share/maneuver,attention/steer/cam,attention/steer_share/prev_action,attention/throttle/maneuver,attention/throttle_share/cam,attention/steer_sensors_vs_route,attention/steer/lidar,attention/throttle/next_angle,attention/steer_share/cam,train/ent_coef_loss,train/n_updates,train/actor_loss,train/learning_rate,train/ent_coef,train/critic_loss
0.02617801047120419,1.0,0,0.0,-60.529854390704784,22.298604457090118,0.0,-0.3458848822325988,53.89914913941175,17.67717177592693,0.0,0.0,0.0,0.0,0.0,,,,,,,,,,,,,,,,,,,,,,,,,,,,,,,,,,,,,,,,,,,,,,
0.008457511075312122,1.0,0,0.0,-48.687450758213686,17.00046853517754,0.0,-0.5124994816654073,22.192649692180566,0.0,0.0,0.0,0.0,0.0,0.0,,,,,,,,,,,,,,,,,,,,,,,,,,,,,,,,,,,,,,,,,,,,,,
0.0021249468763280916,0.0,0,0.0,-18.52129528876594,9.82207131278503,0.0,-0.40263685410360744,6.167597790481523,0.0,0.0,0.0,0.0,0.0,1.0,,,,,,,,,,,,,,,,,,,,,,,,,,,,,,,,,,,,,,,,,,,,,,
0.017675415104445636,1.0,0,0.0,-68.96510771322252,19.638688003119093,0.0,-0.5185346444603197,36.033925309893675,0.0,0.0,0.0,0.0,0.0,0.0,,,,,,,,,,,,,,,,,,,,,,,,,,,,,,,,,,,,,,,,,,,,,,
,,,,,,,,,,,,,,,-49.15250275,4,0.22313019633293152,445,27,16,111.25,,,,,,,,,,,,,,,,,,,,,,,,,,,,,,,,,,,,,,,
0.03313253012048193,1.0,0,0.0,13.469968233348784,26.549390771105642,0.0,0.07401081446894936,66.79167586751282,64.41086076980689,0.0,0.0,0.0,0.0,0.0,,,,,,,,,,,,,,,,,,,,,,,,,,,,,,,,,,,,,,,,,,,,,,
0.008572653236176597,1.0,0,0.0,-54.95826812297969,16.82543473772531,0.0,-0.5184742275752801,24.528462523332564,0.0,0.0,0.0,0.0,3.149999999999997,0.0,,,,,,,,,,,,,,,,,,,,,,,,,,,,,,,,,,,,,,,,,,,,,,
0.006760270410816433,1.0,0,0.0,-37.496625063787214,12.801126023132765,0.0,-0.48696915667256124,13.484467847214546,0.0,0.0,0.0,0.0,0.0,0.0,,,,,,,,,,,,,,,,,,,,,,,,,,,,,,,,,,,,,,,,,,,,,,
0.009598080383923215,1.0,0,0.0,-46.50330454474701,16.56680649922366,0.0,-0.4650330454474701,22.73161672113929,0.0,0.0,0.0,0.0,0.0,0.0,,,,,,,,,,,,,,,,,,,,,,,,,,,,,,,,,,,,,,,,,,,,,,
,,,,,,,,,,,,,,,-40.23009975,8,0.22313019633293152,906,28,31,113.25,,,,,,,,,,,,,,,,,,,,,,,,,,,,,,,,,,,,,,,
0.014040561622464899,1.0,0,0.0,-53.39835390369963,21.978874761175213,0.0,-0.4449862825308302,36.34870016621426,0.0,0.0,0.0,0.0,0.0,0.0,,,,,,,,,,,,,,,,,,,,,,,,,,,,,,,,,,,,,,,,,,,,,,
0.00870285951098218,0.0,0,0.0,-39.47811580758873,16.714878320932606,0.0,-0.42910995443031225,21.181795074720867,0.0,0.0,0.0,0.0,0.0,1.0,,,,,,,,,,,,,,,,,,,,,,,,,,,,,,,,,,,,,,,,,,,,,,
0.006725297465080186,1.0,0,0.0,-22.189315998692543,13.791629491483194,0.0,-0.3215842898361238,13.026018208824098,0.0,0.0,0.0,0.0,3.2999999999999963,0.0,,,,,,,,,,,,,,,,,,,,,,,,,,,,,,,,,,,,,,,,,,,,,,
0.007940008822232024,0.0,0,0.0,-52.61540926892676,15.869475619534501,0.0,-0.5209446462269977,22.133762608282268,0.0,0.0,0.0,0.0,0.0,1.0,,,,,,,,,,,,,,,,,,,,,,,,,,,,,,,,,,,,,,,,,,,,,,
,,,,,,,,,,,,,,,-40.783358666666665,12,0.22313019633293152,1284,28,45,107.0,,,,,,,,,,,,,,,,,,,,,,,,,,,,,,,,,,,,,,,
0.015391380826737027,1.0,0,0.0,-73.9171855592204,19.37007484487164,0.0,-0.5317783133756864,37.11283521261066,0.0,0.0,0.0,0.0,1.7000000000000008,0.0,,,,,,,,,,,,,,,,,,,,,,,,,,,,,,,,,,,,,,,,,,,,,,
0.011494252873563218,1.0,0,0.0,-26.887828918539796,19.23250254565038,0.0,-0.27719411256226595,25.647273511858657,15.22856150727786,0.0,0.0,0.0,0.0,0.0,,,,,,,,,,,,,,,,,,,,,,,,,,,,,,,,,,,,,,,,,,,,,,
0.012688821752265862,1.0,0,0.0,-61.230661063375514,16.413115378837087,0.0,-0.5566423733034138,24.8332912477199,0.0,0.0,0.0,0.0,0.0,0.0,,,,,,,,,,,,,,,,,,,,,,,,,,,,,,,,,,,,,,,,,,,,,,
0.014316012725344645,1.0,0,0.0,-50.44885273047459,16.896461437165932,0.0,-0.3972350608698787,29.56754149129847,0.0,0.0,0.0,0.0,0.0,0.0,,,,,,,,,,,,,,,,,,,,,,,,,,,,,,,,,,,,,,,,,,,,,,
,,,,,,,,,,,,,,,-43.852584125,16,0.22313019633293152,1753,27,62,109.5625,,,,,,,,,,,,,,,,,,,,,,,,,,,,,,,,,,,,,,,
0.008900756564307966,1.0,0,0.0,-39.61892897859803,16.326146013851563,0.0,-0.4214779678574258,21.09995773108676,0.0,0.0,0.0,0.0,0.0,0.0,,,,,,,,,,,,,,,,,,,,,,,,,,,,,,,,,,,,,,,,,,,,,,
0.004012483281319661,1.0,0,0.0,-21.48056818477349,11.028056402407149,0.0,-0.37035462387540496,8.709388980874792,0.0,0.0,0.0,0.0,0.0,0.0,,,,,,,,,,,,,,,,,,,,,,,,,,,,,,,,,,,,,,,,,,,,,,
0.021838496698831894,0.0,0,0.0,-85.86279073510154,22.486020474167734,0.0,-0.5881013064048051,45.34640901623061,0.0,0.0,1.0,0.0,0.0,0.0,,,,,,,,,,,,,,,,,,,,,,,,,,,,,,,,,,,,,,,,,,,,,,
0.011235955056179775,1.0,0,0.0,-32.228165599934655,18.847001544930087,0.0,-0.2620176065035338,31.941309852758422,9.529168785373846,0.0,0.0,0.0,0.0,0.0,,,,,,,,,,,,,,,,,,,,,,,,,,,,,,,,,,,,,,,,,,,,,,
,,,,,,,,,,,,,,,-44.04439455000001,20,0.22313019633293152,2170,27,78,108.5,,,,,,,,,,,,,,,,,,,,,,,,,,,,,,,,,,,,,,,
0.010369702434625788,1.0,0,0.0,-38.128309723930556,17.405404225540025,0.0,-0.38128309723930554,23.9332092422992,0.0,0.0,0.0,0.0,0.0,0.0,,,,,,,,,,,,,,,,,,,,,,,,,,,,,,,,,,,,,,,,,,,,,,
0.011140235910878113,1.0,0,0.0,-42.33760413281189,13.356459042790801,0.0,-0.48663912796335507,15.92299629052286,0.0,0.0,0.0,0.0,0.0,0.0,,,,,,,,,,,,,,,,,,,,,,,,,,,,,,,,,,,,,,,,,,,,,,
0.007506255212677231,1.0,0,0.0,-32.9213078381084,16.54860468716103,0.0,-0.329213078381084,22.73828383133514,12.523492565929766,0.0,0.0,0.0,0.0,0.0,,,,,,,,,,,,,,,,,,,,,,,,,,,,,,,,,,,,,,,,,,,,,,
0.008068582955118508,1.0,0,0.0,-48.839672407621634,16.29017272709425,0.0,-0.5141018148170698,21.26131104642991,0.0,0.0,0.0,0.0,0.0,0.0,,,,,,,,,,,,,,,,,,,,,,,,,,,,,,,,,,,,,,,,,,,,,,
,,,,,,,,,,,,,,,-43.446729500000004,24,0.22313019633293152,2548,27,92,106.16666666666667,,,,,,,,,,,,,,,,,,,,,,,,,,,,,,,,,,,,,,,
0.055205047318611984,1.0,0,0.0,-29.797041302841855,29.23109012812363,0.0,-0.10995218192930574,109.63804988516495,67.11634688852104,0.0,0.0,0.0,1.4000000000000006,0.0,,,,,,,,,,,,,,,,,,,,,,,,,,,,,,,,,,,,,,,,,,,,,,
0.03021978021978022,1.0,0,0.0,-27.01877784705971,24.490056970062337,0.0,-0.18255930977743046,50.039452157041524,0.0,0.0,0.0,0.0,0.0,0.0,,,,,,,,,,,,,,,,,,,,,,,,,,,,,,,,,,,,,,,,,,,,,,
0.00599354541263255,1.0,0,0.0,-12.54766541975166,14.296256007866644,0.0,-0.17188582766783095,14.290168683044612,12.317373298202988,0.0,0.0,0.0,0.0,0.0,,,,,,,,,,,,,,,,,,,,,,,,,,,,,,,,,,,,,,,,,,,,,,
0.006220839813374806,1.0,0,0.0,-33.10253791779241,13.146436569317222,0.0,-0.4728933988256059,12.591208994854242,0.0,0.0,0.0,0.0,0.0,0.0,,,,,,,,,,,,,,,,,,,,,,,,,,,,,,,,,,,,,,,,,,,,,,
,,,,,,,,,,,,,,,-40.889859071428575,28,0.22313019633293152,3106,27,111,110.92857142857143,,,,,,,,,,,,,,,,,,,,,,,,,,,,,,,,,,,,,,,
0.017057569296375266,1.0,0,0.0,-65.58380587379084,18.839196706329176,0.0,-0.5006397394945865,34.046866436940036,0.0,0.0,0.0,0.0,0.0,0.0,,,,,,,,,,,,,,,,,,,,,,,,,,,,,,,,,,,,,,,,,,,,,,
0.014732965009208104,0.0,0,0.0,-98.60324157234224,23.577626329120946,0.0,-0.5135585498559492,62.56515313894488,0.0,0.0,0.0,0.0,0.0,1.0,,,,,,,,,,,,,,,,,,,,,,,,,,,,,,,,,,,,,,,,,,,,,,
0.018363939899833055,1.0,0,0.0,-76.90156428909376,17.6625164217953,0.0,-0.5303556157868535,35.359836763120256,0.0,0.0,0.0,0.0,0.0,0.0,,,,,,,,,,,,,,,,,,,,,,,,,,,,,,,,,,,,,,,,,,,,,,
0.01060070671378092,1.0,0,0.0,-35.88377788080583,17.37416524218176,0.0,-0.3417502655314841,25.07713460631203,11.809663638144674,0.0,0.0,0.0,0.0,0.0,,,,,,,,,,,,,,,,,,,,,,,,,,,,,,,,,,,,,,,,,,,,,,
,,,,,,,,,,,,,,,-44.43108578125,32,0.22313019633293152,3675,27,131,114.84375,,,,,,,,,,,,,,,,,,,,,,,,,,,,,,,,,,,,,,,
0.009086975335352661,1.0,0,0.0,-33.46985370350183,17.883534269419325,0.0,-0.328135820622567,25.096070236177184,9.565840464784895,0.0,0.0,0.0,0.0,0.0,,,,,,,,,,,,,,,,,,,,,,,,,,,,,,,,,,,,,,,,,,,,,,
0.014084507042253521,1.0,0,0.0,-45.587424745202256,19.015572175497073,0.0,-0.46997345098146653,25.372554953675717,0.0,0.0,0.0,0.0,0.0,0.0,,,,,,,,,,,,,,,,,,,,,,,,,,,,,,,,,,,,,,,,,,,,,,
0.027470093043863535,1.0,0,0.0,-95.85018325963723,25.46823611056754,0.0,-0.5237714932220614,64.4266220915597,0.0,0.0,0.0,0.0,0.0,0.0,,,,,,,,,,,,,,,,,,,,,,,,,,,,,,,,,,,,,,,,,,,,,,
0.010984182776801407,1.0,0,0.0,-60.79221238467362,19.148955643096045,0.0,-0.5526564762243056,28.9852784241084,0.0,0.0,0.0,0.0,0.0,0.0,,,,,,,,,,,,,,,,,,,,,,,,,,,,,,,,,,,,,,,,,,,,,,
,,,,,,,,,,,,,,,-46.043069722222214,36,0.22313019633293152,4163,28,148,115.63888888888889,,,,,,,,,,,,,,,,,,,,,,,,,,,,,,,,,,,,,,,
0.050647158131682614,1.0,0,0.0,-44.212901199999465,27.170292197956638,0.0,-0.17972724065040432,92.48740388185252,31.545213424105746,0.0,0.0,0.0,1.3500000000000005,0.0,,,,,,,,,,,,,,,,,,,,,,,,,,,,,,,,,,,,,,,,,,,,,,
0.004616272360069244,1.0,0,0.0,-22.32408583769365,11.242840633163137,0.0,-0.39165062873146755,8.721790771000087,0.0,0.0,0.0,0.0,0.0,0.0,,,,,,,,,,,,,,,,,,,,,,,,,,,,,,,,,,,,,,,,,,,,,,
0.015984955336154207,1.0,0,0.0,-80.63034071790666,22.448403397625206,0.0,-0.5411432262946756,46.18390049203299,0.0,0.0,0.0,0.0,0.0,0.0,,,,,,,,,,,,,,,,,,,,,,,,,,,,,,,,,,,,,,,,,,,,,,
0.002172024326672459,1.0,0,0.0,-22.58965412325609,8.502844968282846,0.0,-0.4429343945736488,5.894456164562143,0.0,0.0,0.0,0.0,2.3999999999999995,0.0,,,,,,,,,,,,,,,,,,,,,,,,,,,,,,,,,,,,,,,,,,,,,,
,,,,,,,,,,,,,,,-45.683389850000005,40,0.22313019633293152,4662,28,165,116.55,,,,,,,,,,,,,,,,,,,,,,,,,,,,,,,,,,,,,,,
0.00975177304964539,1.0,0,0.0,-42.3054125079189,16.82475787983716,0.0,-0.374384181486008,26.14695428707637,13.218073801829078,0.0,0.0,0.0,0.0,0.0,,,,,,,,,,,,,,,,,,,,,,,,,,,,,,,,,,,,,,,,,,,,,,
0.020298507462686566,1.0,0,0.0,-68.25496436850514,21.202711643165788,0.0,-0.521030262355001,38.31650822702795,0.0,0.0,0.0,0.0,0.0,0.0,,,,,,,,,,,,,,,,,,,,,,,,,,,,,,,,,,,,,,,,,,,,,,
0.024355971896955503,1.0,0,0.0,-100.22814317327314,22.465086380615432,0.0,-0.6037839950197177,51.51831149822101,0.0,0.0,0.0,0.0,0.0,0.0,,,,,,,,,,,,,,,,,,,,,,,,,,,,,,,,,,,,,,,,,,,,,,
0.016792611251049538,1.0,0,0.0,-56.908505515001515,21.449017450869032,0.0,-0.4153905512043906,40.515864540444454,0.0,0.0,0.0,0.0,0.0,0.0,,,,,,,,,,,,,,,,,,,,,,,,,,,,,,,,,,,,,,,,,,,,,,
,,,,,,,,,,,,,,,-47.60884390909091,44,0.22313019633293152,5205,27,188,118.29545454545455,,,,,,,,,,,,,,,,,,,,,,,,,,,,,,,,,,,,,,,
0.015251652262328419,1.0,0,0.0,-25.653644799202052,20.287939674774282,0.0,-0.20856621787969148,34.390614809584804,22.205833479603363,0.0,0.0,0.0,0.0,0.0,,,,,,,,,,,,,,,,,,,,,,,,,,,,,,,,,,,,,,,,,,,,,,
0.013003901170351105,1.0,0,0.0,-30.909944265126672,18.297085431766934,0.0,-0.3219785860950695,24.129463073564693,11.836295289663013,0.0,0.0,0.0,0.0,0.0,,,,,,,,,,,,,,,,,,,,,,,,,,,,,,,,,,,,,,,,,,,,,,
0.014392059553349877,1.0,0,0.0,-38.14332740120504,19.60625109174194,0.0,-0.3232485372983478,31.87246489909012,15.161495975625513,0.0,0.0,0.0,0.0,0.0,,,,,,,,,,,,,,,,,,,,,,,,,,,,,,,,,,,,,,,,,,,,,,
0.013981358189081226,1.0,0,0.0,-61.64177354106236,17.668817258029737,0.0,-0.5760913415052558,25.98659937165212,0.0,0.0,0.0,0.0,0.0,0.0,,,,,,,,,,,,,,,,,,,,,,,,,,,,,,,,,,,,,,,,,,,,,,
,,,,,,,,,,,,,,,-46.89051135416667,48,0.22313019633293152,5645,27,205,117.60416666666667,,,,,,,,,,,,,,,,,,,,,,,,,,,,,,,,,,,,,,,
0.008118433619866285,1.0,0,0.0,-22.214292293686633,13.65823729224366,0.0,-0.22214292293686633,18.771811367059854,11.646538736703283,0.0,0.0,0.0,0.0,0.0,,,,,,,,,,,,,,,,,,,,,,,,,,,,,,,,,,,,,,,,,,,,,,
0.019561068702290078,1.0,0,0.0,-63.71100668148034,22.204564540854705,0.0,-0.4486690611371855,43.5171813009656,0.0,0.0,0.0,0.0,0.0,0.0,,,,,,,,,,,,,,,,,,,,,,,,,,,,,,,,,,,,,,,,,,,,,,
0.010808270676691729,1.0,0,0.0,-39.229648703332856,18.189400092509988,0.0,-0.3502647205654719,28.033211432397366,9.599725908511997,0.0,0.0,0.0,0.0,0.0,,,,,,,,,,,,,,,,,,,,,,,,,,,,,,,,,,,,,,,,,,,,,,
0.011156782149148562,1.0,0,0.0,-27.910177593500627,15.207431980240992,0.0,-0.2969167829095811,19.604033713578247,0.0,0.0,0.0,0.0,0.0,0.0,,,,,,,,,,,,,,,,,,,,,,,,,,,,,,,,,,,,,,,,,,,,,,
,,,,,,,,,,,,,,,-46.22242657692308,52,0.22313019633293152,6089,27,222,117.09615384615384,,,,,,,,,,,,,,,,,,,,,,,,,,,,,,,,,,,,,,,
0.032655246252676656,0.0,0,0.0,-57.53521921595622,24.61031409661409,0.0,-0.31440010500522525,62.26203480141703,0.0,0.0,1.0,0.0,0.0,0.0,,,,,,,,,,,,,,,,,,,,,,,,,,,,,,,,,,,,,,,,,,,,,,
0.021683673469387755,1.0,0,0.0,-46.237945004834984,22.24772037956772,0.0,-0.3502874621578408,40.496818825020455,0.0,0.0,0.0,0.0,0.0,0.0,,,,,,,,,,,,,,,,,,,,,,,,,,,,,,,,,,,,,,,,,,,,,,
0.0047370914258645196,1.0,0,0.0,-33.76567171475911,12.341979155855817,0.0,-0.48935756108346534,11.659772599465214,0.0,0.0,0.0,0.0,0.0,0.0,,,,,,,,,,,,,,,,,,,,,,,,,,,,,,,,,,,,,,,,,,,,,,
0.020161290322580645,1.0,0,0.0,-22.49720195739649,21.302381895278188,0.0,-0.15200812133376007,43.51405002444517,32.75396364368045,0.0,0.0,0.0,2.3499999999999996,0.0,,,,,,,,,,,,,,,,,,,,,,,,,,,,,,,,,,,,,,,,,,,,,,
,,,,,,,,,,,,,,,-45.779362875,56,0.22313019633293152,6617,27,239,118.16071428571429,,,,,,,,,,,,,,,,,,,,,,,,,,,,,,,,,,,,,,,
0.018032786885245903,1.0,0,0.0,-37.01173299573908,18.457040669469873,0.0,-0.28039191663438695,33.56456654786598,0.0,0.0,0.0,0.0,0.0,0.0,,,,,,,,,,,,,,,,,,,,,,,,,,,,,,,,,,,,,,,,,,,,,,
0.012827663134411601,1.0,0,0.0,-57.827008803013136,18.957435034895585,0.0,-0.5354352666945661,28.169783765799366,0.0,0.0,0.0,0.0,0.0,0.0,,,,,,,,,,,,,,,,,,,,,,,,,,,,,,,,,,,,,,,,,,,,,,
0.01921921921921922,1.0,0,0.0,-21.48331438420385,19.194465775337317,0.0,-0.2007786391047089,28.271742183482274,0.0,0.0,0.0,0.0,0.0,0.0,,,,,,,,,,,,,,,,,,,,,,,,,,,,,,,,,,,,,,,,,,,,,,
0.023617511520737326,1.0,0,0.0,-29.06988462384431,23.03473307853944,0.0,-0.19910879879345417,46.437706534401514,17.709606121426805,0.0,0.0,0.0,0.0,0.0,,,,,,,,,,,,,,,,,,,,,,,,,,,,,,,,,,,,,,,,,,,,,,
,,,,,,,,,,,,,,,-45.14880901666666,60,0.22313019633293152,7106,27,257,118.43333333333334,,,,,,,,,,,,,,,,,,,,,,,,,,,,,,,,,,,,,,,
0.005227181342983514,1.0,0,0.0,-26.764990515971277,13.115714506044164,0.0,-0.37173597938848996,12.922563553205691,0.0,0.0,0.0,0.0,0.0,0.0,,,,,,,,,,,,,,,,,,,,,,,,,,,,,,,,,,,,,,,,,,,,,,
0.0056785917092561046,1.0,0,0.0,-22.467501191020855,11.804381652625787,0.0,-0.39416668756176937,9.175454943208024,0.0,0.0,0.0,0.0,2.6499999999999986,0.0,,,,,,,,,,,,,,,,,,,,,,,,,,,,,,,,,,,,,,,,,,,,,,
0.014194811551639746,1.0,0,0.0,-61.434620819566156,19.57519858064937,0.0,-0.5162573178114803,32.127021533902735,0.0,0.0,0.0,0.0,0.0,0.0,,,,,,,,,,,,,,,,,,,,,,,,,,,,,,,,,,,,,,,,,,,,,,
0.018401937046004842,1.0,0,0.0,-80.10774891234439,21.528844306917815,0.0,-0.589027565531944,40.385092282202095,0.0,0.0,0.0,0.0,0.0,0.0,,,,,,,,,,,,,,,,,,,,,,,,,,,,,,,,,,,,,,,,,,,,,,
,,,,,,,,,,,,,,,-45.30852696875,64,0.22313019633293152,7486,27,271,116.96875,,,,,,,,,,,,,,,,,,,,,,,,,,,,,,,,,,,,,,,
0.014447236180904523,1.0,0,0.0,-53.778360258683534,16.517754664322624,0.0,-0.44080623162855354,27.735212131228764,0.0,0.0,0.0,0.0,0.0,0.0,,,,,,,,,,,,,,,,,,,,,,,,,,,,,,,,,,,,,,,,,,,,,,
0.021363173957273652,0.0,0,0.0,-25.546685364055385,24.04815706891285,0.0,-0.20115500286657784,42.133016902487725,10.51603462994453,0.0,1.0,0.0,1.6000000000000008,0.0,,,,,,,,,,,,,,,,,,,,,,,,,,,,,,,,,,,,,,,,,,,,,,
0.020221787345075015,1.0,0,0.0,-54.86041591689227,22.138657319881922,0.0,-0.49423798123326373,33.843754461733624,0.0,0.0,0.0,0.0,0.0,0.0,,,,,,,,,,,,,,,,,,,,,,,,,,,,,,,,,,,,,,,,,,,,,,
0.004329004329004329,1.0,0,0.0,-27.272658860145533,11.790621353108591,0.0,-0.5145784690593497,8.500528048723936,0.0,0.0,0.0,0.0,0.0,0.0,,,,,,,,,,,,,,,,,,,,,,,,,,,,,,,,,,,,,,,,,,,,,,
,,,,,,,,,,,,,,,-45.01612064705883,68,0.22313019633293152,7895,27,284,116.1029411764706,,,,,,,,,,,,,,,,,,,,,,,,,,,,,,,,,,,,,,,
0.0062752129090094125,1.0,0,0.0,-27.036338063014114,13.877481997902759,0.0,-0.365355919770461,14.049095046124421,0.0,0.0,0.0,0.0,3.4999999999999956,0.0,,,,,,,,,,,,,,,,,,,,,,,,,,,,,,,,,,,,,,,,,,,,,,
0.016129032258064516,1.0,0,0.0,-58.106125323841724,19.706988131754315,0.0,-0.5430479002228199,29.035174353281036,0.0,0.0,0.0,0.0,0.0,0.0,,,,,,,,,,,,,,,,,,,,,,,,,,,,,,,,,,,,,,,,,,,,,,
0.009873060648801129,1.0,0,0.0,-60.1910176415206,18.28638430083674,0.0,-0.5625328751543982,26.908257339615375,0.0,0.0,0.0,0.0,0.0,0.0,,,,,,,,,,,,,,,,,,,,,,,,,,,,,,,,,,,,,,,,,,,,,,
0.0035496957403651115,1.0,0,0.0,-21.857959928229505,9.713775408414113,0.0,-0.42858744957312755,6.703344743466005,0.0,0.0,0.0,0.0,0.0,0.0,,,,,,,,,,,,,,,,,,,,,,,,,,,,,,,,,,,,,,,,,,,,,,
,,,,,,,,,,,,,,,-44.837913638888885,72,0.22313019633293152,8230,27,295,114.30555555555556,,,,,,,,,,,,,,,,,,,,,,,,,,,,,,,,,,,,,,,
0.012291052114060964,1.0,0,0.0,-64.49453599574088,17.8609714896435,0.0,-0.5465638643706854,29.025445374660194,0.0,0.0,0.0,0.0,0.0,0.0,,,,,,,,,,,,,,,,,,,,,,,,,,,,,,,,,,,,,,,,,,,,,,
0.0036646816307833257,1.0,0,0.0,-20.471038767298964,10.519903252751718,0.0,-0.3655542637017672,8.011989203339908,0.0,0.0,0.0,0.0,2.499999999999999,0.0,,,,,,,,,,,,,,,,,,,,,,,,,,,,,,,,,,,,,,,,,,,,,,
0.02369980250164582,1.0,0,0.0,-13.742747557067556,22.113255067606985,0.0,-0.10994198045654045,38.08995823870646,22.030801172367976,0.0,0.0,0.0,0.0,0.0,,,,,,,,,,,,,,,,,,,,,,,,,,,,,,,,,,,,,,,,,,,,,,
0.013574660633484163,1.0,0,0.0,-58.458329261437164,21.829792183266274,0.0,-0.483126688111051,36.41758732544258,0.0,0.0,0.0,0.0,0.0,0.0,,,,,,,,,,,,,,,,,,,,,,,,,,,,,,,,,,,,,,,,,,,,,,
,,,,,,,,,,,,,,,-44.546561723684206,76,0.22313019633293152,8646,27,311,113.76315789473684,,,,,,,,,,,,,,,,,,,,,,,,,,,,,,,,,,,,,,,
0.019161676646706587,1.0,0,0.0,-36.055573270047496,21.66724813935117,0.0,-0.27950056798486433,38.51909832516685,10.982473277342745,0.0,0.0,0.0,0.0,0.0,,,,,,,,,,,,,,,,,,,,,,,,,,,,,,,,,,,,,,,,,,,,,,
0.013149655604257984,1.0,0,0.0,-33.118189819694464,17.211751777229086,0.0,-0.30664990573791173,25.575790289003635,12.539849968659738,0.0,0.0,0.0,0.0,0.0,,,,,,,,,,,,,,,,,,,,,,,,,,,,,,,,,,,,,,,,,,,,,,
0.005485232067510549,1.0,0,0.0,-14.08161877420274,12.284145856215442,0.0,-0.17172705822198464,13.824955355376005,13.578254356859883,0.0,0.0,0.0,2.3499999999999996,0.0,,,,,,,,,,,,,,,,,,,,,,,,,,,,,,,,,,,,,,,,,,,,,,
0.009954751131221719,0.0,0,0.0,-50.7035255645985,17.499992266770153,0.0,-0.4783351468358349,25.549283416592516,0.0,0.0,0.0,0.0,0.0,1.0,,,,,,,,,,,,,,,,,,,,,,,,,,,,,,,,,,,,,,,,,,,,,,
,,,,,,,,,,,,,,,-43.9905031625,80,0.22313019633293152,9067,27,326,113.3375,,,,,,,,,,,,,,,,,,,,,,,,,,,,,,,,,,,,,,,
0.012682308180088777,1.0,0,0.0,-11.008976830500766,15.107150055596529,0.0,-0.11467684198438298,19.96363444410963,21.376514005604275,0.0,0.0,0.0,2.2,0.0,,,,,,,,,,,,,,,,,,,,,,,,,,,,,,,,,,,,,,,,,,,,,,
0.014245014245014245,1.0,0,0.0,-41.64689664171551,17.841472909889287,0.0,-0.3470574720142959,29.500626522116363,11.668083469766431,0.0,0.0,0.0,0.0,0.0,,,,,,,,,,,,,,,,,,,,,,,,,,,,,,,,,,,,,,,,,,,,,,
0.010384215991692628,1.0,0,0.0,-57.886257788901695,16.31680668879321,0.0,-0.5262387071718336,24.66539790085517,0.0,0.0,0.0,0.0,0.0,0.0,,,,,,,,,,,,,,,,,,,,,,,,,,,,,,,,,,,,,,,,,,,,,,
0.0158866466294547,1.0,0,0.0,-25.502793307358004,22.189972428513144,0.0,-0.1917503256192331,40.70452255546115,22.262205672673694,0.0,0.0,0.0,0.0,0.0,,,,,,,,,,,,,,,,,,,,,,,,,,,,,,,,,,,,,,,,,,,,,,
,,,,,,,,,,,,,,,-43.51223414285714,84,0.22313019633293152,9522,27,342,113.35714285714286,,,,,,,,,,,,,,,,,,,,,,,,,,,,,,,,,,,,,,,
0.008731808731808732,1.0,0,0.0,-77.45985362329307,22.78418072985044,0.0,-0.49025223812210805,49.73746866633883,0.0,0.0,0.0,0.0,0.0,0.0,,,,,,,,,,,,,,,,,,,,,,,,,,,,,,,,,,,,,,,,,,,,,,
0.018224573780129337,1.0,0,0.0,-21.274497011518047,19.235459608921108,0.0,-0.2065485146749325,27.278369917883538,0.0,0.0,0.0,0.0,0.0,0.0,,,,,,,,,,,,,,,,,,,,,,,,,,,,,,,,,,,,,,,,,,,,,,
0.0056933712891419274,1.0,0,0.0,-23.681830147512116,13.864996956710677,0.0,-0.3244086321577002,13.856912932358682,0.0,0.0,0.0,0.0,0.0,0.0,,,,,,,,,,,,,,,,,,,,,,,,,,,,,,,,,,,,,,,,,,,,,,
0.009906152241918665,1.0,0,0.0,-46.79253980410334,18.67091651590587,0.0,-0.4874222896260765,24.643838341813534,0.0,0.0,0.0,0.0,0.0,0.0,,,,,,,,,,,,,,,,,,,,,,,,,,,,,,,,,,,,,,,,,,,,,,
,,,,,,,,,,,,,,,-43.45770973863637,88,0.22313019633293152,9948,27,358,113.04545454545455,,,,,,,,,,,,,,,,,,,,,,,,,,,,,,,,,,,,,,,
,,,,,,,,,,,,,,,,,,,,,,5.0521650314331055,4.245052814483643,0.0064494120888412,0.014076904393732548,0.007363566197454929,23.421554565429688,0.005843283608555794,0.00613793870434165,0.007762922439724207,0.06443820148706436,5.765203952789307,0.027301903814077377,0.003902678843587637,0.006476806476712227,6.389697074890137,24.82644271850586,0.0077634891495108604,0.028890272602438927,5.3085408210754395,6.4933881759643555,0.003465023124590516,9.722221374511719,0.014320923946797848,6.060985088348389,4.926893711090088,0.057138651609420776,5.331089019775391,0.0029611787758767605,45.42568588256836,4.499583721160889,0.03016195446252823,0.002551376586779952,47.03108596801758,,,,,,
0.013810420590081607,1.0,0,0.0,-33.9657923591427,16.83877050899044,0.0,-0.2653577528058023,29.642560682608746,21.794325309302163,0.0,0.0,0.0,0.0,0.0,,,,,,,,,,,,,,,,,,,,,,,,,,,,,,,,,,,,,,,,,-0.024046503007411957,74,-3.2169508934020996,9.8005371804862e-05,0.9929019212722778,0.6292166709899902
0.030176899063475548,0.0,0,0.0,-33.18447456547779,23.505521390206667,0.0,-0.1765131625823287,61.04784297972219,58.6647828533215,0.0,1.0,0.0,0.0,0.0,,,,,,,,,,,,,,,,,,,,,,,,,,,,,,,,,,,,,,,,,-0.08478419482707977,261,-5.106565952301025,9.796853716803951e-05,0.9749109148979187,0.8292680978775024
0.0035571365051133837,1.0,0,0.0,-22.850118316448157,10.303055981261608,0.0,-0.40087926870961677,7.980390530079603,0.0,0.0,0.0,0.0,0.0,0.0,,,,,,,,,,,,,,,,,,,,,,,,,,,,,,,,,,,,,,,,,-0.09325306117534637,317,-5.896457195281982,9.79575078286555e-05,0.9695918560028076,0.8285011649131775
0.01831262262916939,1.0,0,0.0,-57.887915638364184,18.73986391642325,0.0,-0.46683802934164664,31.996392781147733,0.0,0.0,0.0,0.0,0.0,0.0,,,,,,,,,,,,,,,,,,,,,,,,,,,,,,,,,,,,,,,,,-0.14201052486896515,440,-8.064769744873047,9.79332848632e-05,0.9580309391021729,0.2760762572288513
,,,,,,,,,,,,,,,-43.173079021739134,92,0.22310501337051392,10441,27,381,113.48913043478261,,,,,,,,,,,,,,,,,,,,,,,,,,,,,,,,,,,,,,,
0.019567027477102414,1.0,0,0.0,-38.86048695150261,22.193841329527427,0.0,-0.2539901107941347,46.87612420122605,0.0,0.0,0.0,0.0,0.0,0.0,,,,,,,,,,,,,,,,,,,,,,,,,,,,,,,,,,,,,,,,,-0.18721583485603333,592,-8.860567092895508,9.7903354951168e-05,0.9438406229019165,0.45526450872421265
0.004888888888888889,1.0,0,0.0,-23.928814685662264,12.015248198561123,0.0,-0.39227565058462727,10.014026885386556,0.0,0.0,0.0,0.0,2.799999999999998,0.0,,,,,,,,,,,,,,,,,,,,,,,,,,,,,,,,,,,,,,,,,-0.2102617621421814,652,-10.652667999267578,9.789154177784801e-05,0.9382983446121216,0.5223265886306763
0.003097345132743363,1.0,0,0.0,-23.04864958586795,8.881834994420913,0.0,-0.39065507772657543,7.113877008901909,0.0,0.0,0.0,0.0,0.0,0.0,,,,,,,,,,,,,,,,,,,,,,,,,,,,,,,,,,,,,,,,,-0.20088550448417664,710,-9.959636688232422,9.788012305795001e-05,0.9329580664634705,0.42060065269470215
0.003233256351039261,0.0,0,0.0,-21.491777182450555,9.807451817136663,0.0,-0.39075958513546466,7.360175361041911,0.0,0.0,0.0,0.0,2.6999999999999984,1.0,,,,,,,,,,,,,,,,,,,,,,,,,,,,,,,,,,,,,,,,,-0.2518000900745392,764,-11.405067443847656,9.786949243775201e-05,0.9280151128768921,0.6636310815811157
,,,,,,,,,,,,,,,-42.49251341666667,96,0.22308863699436188,10765,27,397,112.13541666666667,,,,,,,,,,,,,,,,,,,,,,,,,,,,,,,,,,,,,,,
0.034634760705289674,1.0,0,0.0,-1.8564617843291078,23.707377384260912,0.0,-0.010256694941044794,59.27395743795205,60.929889109671585,0.0,0.0,0.0,0.0,0.0,,,,,,,,,,,,,,,,,,,,,,,,,,,,,,,,,,,,,,,,,-0.3318680226802826,944,-13.563767433166504,9.783406122803202e-05,0.9117687344551086,0.9828969240188599
0.004143646408839779,1.0,0,0.0,-21.468498261281585,11.574493474800983,0.0,-0.37014652174623425,9.146250264719129,0.0,0.0,0.0,0.0,0.0,0.0,,,,,,,,,,,,,,,,,,,,,,,,,,,,,,,,,,,,,,,,,-0.35161781311035156,1001,-13.787607192993164,9.782284268909949e-05,0.9066988825798035,0.7471849918365479
0.00825082508250825,1.0,0,0.0,-31.745947351990498,14.134773719792316,0.0,-0.36913892269756393,16.664496032404713,0.0,0.0,0.0,0.0,0.0,0.0,,,,,,,,,,,,,,,,,,,,,,,,,,,,,,,,,,,,,,,,,-0.3195142447948456,1086,-13.739459991455078,9.7806114489902e-05,0.8992374539375305,1.115630865097046
0.018354055654233273,1.0,0,0.0,-42.43139772243212,20.73119893460039,0.0,-0.3535949810202677,34.29278861172497,18.21140680699968,0.0,0.0,0.0,0.0,0.0,,,,,,,,,,,,,,,,,,,,,,,,,,,,,,,,,,,,,,,,,-0.3872292637825012,1205,-15.724433898925781,9.77826974264875e-05,0.8888871669769287,0.49212852120399475
,,,,,,,,,,,,,,,-41.765401080000004,100,0.2230728268623352,11206,26,419,112.06,,,,,,,,,,,,,,,,,,,,,,,,,,,,,,,,,,,,,,,
0.009295499021526418,1.0,0,0.0,-24.58974869813114,15.310831384589179,0.0,-0.27021701866078174,19.10621367377462,0.0,0.0,0.0,0.0,1.2000000000000004,0.0,,,,,,,,,,,,,,,,,,,,,,,,,,,,,,,,,,,,,,,,,-0.3760451376438141,1295,-14.927906036376953,9.776498891398749e-05,0.8811426758766174,0.489825963973999
0.00615530303030303,1.0,0,0.0,-26.607561398194377,13.059566022661993,0.0,-0.35956164051614026,13.233678723336197,0.0,0.0,0.0,0.0,0.0,0.0,,,,,,,,,,,,,,,,,,,,,,,,,,,,,,,,,,,,,,,,,-0.442562073469162,1368,-16.10745620727539,9.7750626526688e-05,0.8749210834503174,0.5618541836738586
0.0041258380608561115,1.0,0,0.0,-34.988268401809684,10.62151838332713,0.0,-0.5735781705214702,8.807723636797164,0.0,0.0,0.0,0.0,0.0,0.0,,,,,,,,,,,,,,,,,,,,,,,,,,,,,,,,,,,,,,,,,-0.5280382037162781,1428,-17.281139373779297,9.773882261880801e-05,0.869793176651001,0.6460527777671814
0.007514088916718848,1.0,0,0.0,-27.841137300906755,11.752918853038693,0.0,-0.40349474349140224,11.05825919820927,0.0,0.0,0.0,0.0,0.0,0.0,,,,,,,,,,,,,,,,,,,,,,,,,,,,,,,,,,,,,,,,,-0.4926239848136902,1496,-17.94200897216797,9.772544572259202e-05,0.8640294075012207,0.7638125419616699
,,,,,,,,,,,,,,,-40.93713332000001,104,0.22306355834007263,11497,26,434,110.52,,,,,,,,,,,,,,,,,,,,,,,,,,,,,,,,,,,,,,,
0.011156186612576065,1.0,0,0.0,-32.13660738655486,16.125936987241893,0.0,-0.3090058402553352,23.070424741483293,0.0,0.0,0.0,0.0,0.0,0.0,,,,,,,,,,,,,,,,,,,,,,,,,,,,,,,,,,,,,,,,,-0.5407295227050781,1599,-17.42658042907715,9.770518541169949e-05,0.8554124236106873,0.6432018280029297
0.006852925672113864,1.0,0,0.0,-27.071172282635914,13.569963531004353,0.0,-0.36094896376847885,13.940840613329783,0.0,0.0,0.0,0.0,0.0,0.0,,,,,,,,,,,,,,,,,,,,,,,,,,,,,,,,,,,,,,,,,-0.5764764547348022,1673,-18.810260772705078,9.76906307634355e-05,0.849249541759491,0.7581546306610107
0.017079889807162536,1.0,0,0.0,-28.44184285150037,19.060679881336792,0.0,-0.23123449472764526,32.31529390672222,12.984464981660224,0.0,0.0,0.0,0.0,0.0,,,,,,,,,,,,,,,,,,,,,,,,,,,,,,,,,,,,,,,,,-0.557927668094635,1795,-18.753202438354492,9.76666376414875e-05,0.8391713500022888,1.2061536312103271
0.001658374792703151,1.0,0,0.0,-22.397460437962767,9.496374144983616,0.0,-0.4666137591242243,6.147861963836476,0.0,0.0,0.0,0.0,0.0,0.0,,,,,,,,,,,,,,,,,,,,,,,,,,,,,,,,,,,,,,,,,-0.5703837871551514,1842,-17.865076065063477,9.765739517991801e-05,0.8353373408317566,0.9584832191467285
,,,,,,,,,,,,,,,-40.78435929,108,0.22305776178836823,11843,26,450,109.37,,,,,,,,,,,,,,,,,,,,,,,,,,,,,,,,,,,,,,,
0.0032213529682466636,1.0,0,0.0,-33.78460877716003,8.879319600678487,0.0,-0.5726204877484751,7.112990349785832,0.0,0.0,0.0,0.0,0.0,0.0,,,,,,,,,,,,,,,,,,,,,,,,,,,,,,,,,,,,,,,,,-0.5361200571060181,1900,-16.9935245513916,9.7645990195e-05,0.8305988907814026,0.7964895367622375
0.02029520295202952,1.0,0,0.0,-91.14499214150217,19.848085907715852,0.0,-0.5393194801272317,46.32923388388008,0.0,0.0,0.0,0.0,0.0,0.0,,,,,,,,,,,,,,,,,,,,,,,,,,,,,,,,,,,,,,,,,-0.6255587339401245,2068,-19.437435150146484,9.761295884408802e-05,0.8171654939651489,0.7171377539634705
0.00723404255319149,1.0,0,0.0,-30.01968861322391,14.505154086628982,0.0,-0.3490661466653943,17.131774524459615,0.0,0.0,0.0,0.0,0.0,0.0,,,,,,,,,,,,,,,,,,,,,,,,,,,,,,,,,,,,,,,,,-0.609619677066803,2153,-18.446006774902344,9.75962486931955e-05,0.8103996515274048,1.0583152770996094
0.004776119402985075,1.0,0,0.0,-25.408834132995157,10.901236014151047,0.0,-0.42348056888325264,8.913072827621363,0.0,0.0,0.0,0.0,0.0,0.0,,,,,,,,,,,,,,,,,,,,,,,,,,,,,,,,,,,,,,,,,-0.7294522523880005,2212,-18.460716247558594,9.7584650727928e-05,0.8058004975318909,1.211118221282959
,,,,,,,,,,,,,,,-40.911408480000006,112,0.22304753959178925,12213,26,468,109.29,,,,,,,,,,,,,,,,,,,,,,,,,,,,,,,,,,,,,,,
0.0029838022165387893,1.0,0,0.0,-27.98936576268191,9.085690581838307,0.0,-0.4514413832690631,7.691866300068796,0.0,0.0,0.0,0.0,0.8000000000000002,0.0,,,,,,,,,,,,,,,,,,,,,,,,,,,,,,,,,,,,,,,,,-0.7584033012390137,2273,-19.24020767211914,9.75726603396355e-05,0.8009750843048096,1.222748041152954
0.0024378352023403218,1.0,0,0.0,-22.98301700283738,8.682580471808546,0.0,-0.44198109620841114,6.134159024513792,0.0,0.0,0.0,0.0,2.4499999999999993,0.0,,,,,,,,,,,,,,,,,,,,,,,,,,,,,,,,,,,,,,,,,-0.7601225972175598,2324,-18.440500259399414,9.756263615711201e-05,0.797067403793335,0.7958228588104248
0.04939835338822039,0.0,0,0.0,-152.65087088057294,26.13660142227418,0.0,-0.7034602344726864,78.45033937244443,0.0,0.0,1.0,0.0,0.0,0.0,,,,,,,,,,,,,,,,,,,,,,,,,,,,,,,,,,,,,,,,,-0.8343011736869812,2540,-19.43362808227539,9.752018653420001e-05,0.7805597186088562,1.5090179443359375
0.008126410835214447,1.0,0,0.0,-50.22438795673412,12.938467231177349,0.0,-0.49727116788845666,17.963610887527466,0.0,0.0,0.0,0.0,0.3,0.0,,,,,,,,,,,,,,,,,,,,,,,,,,,,,,,,,,,,,,,,,-0.84822016954422,2640,-19.349306106567383,9.75005370752e-05,0.7730544209480286,1.3060002326965332
,,,,,,,,,,,,,,,-41.324899370000004,116,0.22302836179733276,12641,25,490,108.88,,,,,,,,,,,,,,,,,,,,,,,,,,,,,,,,,,,,,,,
0.07195571955719557,0.0,0,0.0,-213.46746660922702,27.33908194394945,0.0,-0.6908332252725794,116.932423427701,0.0,0.0,1.0,0.0,0.0,0.0,,,,,,,,,,,,,,,,,,,,,,,,,,,,,,,,,,,,,,,,,-0.9621404409408569,2948,-20.17621612548828,9.744002924504802e-05,0.7504028677940369,0.877644419670105
0.029387417218543047,1.0,0,0.0,8.70675244229404,23.663353860603717,0.0,0.039219605595919096,72.63070151698776,62.654141107363316,0.0,0.0,0.0,0.0,0.0,,,,,,,,,,,,,,,,,,,,,,,,,,,,,,,,,,,,,,,,,-0.9807745218276978,3169,-19.309728622436523,9.739662454481951e-05,0.7345489263534546,1.2237458229064941
0.040244523688232295,0.0,0,0.0,-129.76262302480387,22.637381246355048,0.0,-0.5049129300576026,80.50200423318893,0.0,0.0,1.0,0.0,0.0,0.0,,,,,,,,,,,,,,,,,,,,,,,,,,,,,,,,,,,,,,,,,-1.0907244682312012,3425,-18.771682739257812,9.73463579471875e-05,0.7166237235069275,1.0132590532302856
0.016552511415525113,1.0,0,0.0,-41.324308928016634,16.02986340035325,0.0,-0.28898118131480166,31.589351275586523,0.0,0.0,0.0,0.0,0.0,0.0,,,,,,,,,,,,,,,,,,,,,,,,,,,,,,,,,,,,,,,,,-1.2591142654418945,3567,-19.346845626831055,9.73184813171555e-05,0.7068799734115601,0.5652971267700195
,,,,,,,,,,,,,,,-43.289973730000014,120,0.22297066450119019,13568,25,534,113.98,,,,,,,,,,,,,,,,,,,,,,,,,,,,,,,,,,,,,,,
0.039319872476089264,1.0,0,0.0,-96.25073977791182,22.297412772402488,0.0,-0.44560527674959177,66.61687182317837,21.949025544258912,0.0,0.0,0.0,0.0,0.0,,,,,,,,,,,,,,,,,,,,,,,,,,,,,,,,,,,,,,,,,-1.2981863021850586,3782,-17.64427947998047,9.727628138063801e-05,0.6923558115959167,1.2217185497283936
0.014628437682855471,1.0,0,0.0,-49.3042872709264,17.197272000206365,0.0,-0.46956464067548953,24.825599377509207,0.0,0.0,0.0,0.0,0.0,0.0,,,,,,,,,,,,,,,,,,,,,,,,,,,,,,,,,,,,,,,,,-1.2106330394744873,3886,-17.322765350341797,9.725587168910202e-05,0.6854544878005981,0.5204241871833801
0.02649656526005888,1.0,0,0.0,-8.534835191536775,22.412388366656124,0.0,-0.045886210707186965,57.65117582050152,56.1371078442767,0.0,0.0,0.0,0.0,0.0,,,,,,,,,,,,,,,,,,,,,,,,,,,,,,,,,,,,,,,,,-1.2666072845458984,4071,-16.24826431274414,9.721957130757951e-05,0.6733764410018921,0.6475621461868286
0.025035427491733587,0.0,0,0.0,-26.69093266414514,22.22106012482998,0.0,-0.1542828477696251,53.1580965546309,37.98853995931315,0.0,1.0,0.0,2.9999999999999973,0.0,,,,,,,,,,,,,,,,,,,,,,,,,,,,,,,,,,,,,,,,,-1.3508687019348145,4243,-16.76192283630371,9.71858278733755e-05,0.6624097228050232,0.5573170185089111
,,,,,,,,,,,,,,,-43.47687096,124,0.2229233831167221,14244,25,568,116.96,,,,,,,,,,,,,,,,,,,,,,,,,,,,,,,,,,,,,,,
0.0743700061462815,1.0,0,0.0,-14.669690313377417,26.024308198399222,0.0,-0.042154282509705224,125.45361692056758,89.87631446212829,0.0,0.0,0.0,0.0,0.0,,,,,,,,,,,,,,,,,,,,,,,,,,,,,,,,,,,,,,,,,-1.2062872648239136,4590,-16.35427474975586,9.711777037595e-05,0.6406307816505432,0.7395352125167847
0.056293149229952204,0.0,0,0.0,-97.75301825140241,23.0572117556391,0.0,-0.29180005448179824,106.96919357866864,73.39250032299182,0.0,1.0,0.0,0.0,0.0,,,,,,,,,,,,,,,,,,,,,,,,,,,,,,,,,,,,,,,,,-1.4910638332366943,4924,-15.679621696472168,9.7052285214712e-05,0.6204099655151367,0.5530024766921997
0.015285126396237508,1.0,0,0.0,-38.51795438794952,16.086118122221286,0.0,-0.3209829532329127,26.562155768158846,0.0,0.0,0.0,0.0,0.0,0.0,,,,,,,,,,,,,,,,,,,,,,,,,,,,,,,,,,,,,,,,,-1.362147331237793,5043,-14.788043975830078,9.70289590389755e-05,0.613345205783844,0.4748955965042114
0.038502673796791446,0.0,0,0.0,-0.06775859949947716,24.469804850517008,0.0,-0.00031081926375906954,73.86126141855493,86.64569004125715,0.0,1.0,0.0,0.0,0.0,,,,,,,,,,,,,,,,,,,,,,,,,,,,,,,,,,,,,,,,,-1.5304781198501587,5260,-14.411531448364258,9.698643032619999e-05,0.6006476283073425,0.5515287518501282
,,,,,,,,,,,,,,,-43.96107695,128,0.22287489473819733,15261,24,612,121.55,,,,,,,,,,,,,,,,,,,,,,,,,,,,,,,,,,,,,,,
0.04720496894409938,1.0,0,0.0,-142.58747807642362,20.516495396613216,0.0,-0.5129045973972073,78.92829438147601,0.0,0.0,0.0,0.0,0.0,0.0,,,,,,,,,,,,,,,,,,,,,,,,,,,,,,,,,,,,,,,,,-1.6526530981063843,5537,-15.84579849243164,9.69321561377155e-05,0.585015594959259,0.42458534240722656
0.030123231401186674,1.0,0,0.0,-80.08152952417682,19.774907773863436,0.0,-0.34077246606032685,64.27195681337616,22.324771462405046,0.0,0.0,0.0,0.0,0.0,,,,,,,,,,,,,,,,,,,,,,,,,,,,,,,,,,,,,,,,,-2.014951705932617,5771,-15.044428825378418,9.688631908187951e-05,0.5721738934516907,0.37672966718673706
0.018610421836228287,1.0,0,0.0,-114.35863508429583,17.501148841000607,0.0,-0.5864545388938247,47.167936332465615,0.0,0.0,0.0,0.0,0.0,0.0,,,,,,,,,,,,,,,,,,,,,,,,,,,,,,,,,,,,,,,,,-1.9102596044540405,5965,-14.954197883605957,9.68483256818875e-05,0.5615957975387573,0.3823423981666565
0.037482646922720964,0.0,0,0.0,-77.7069910574285,22.35100016178467,0.0,-0.2965915689214828,81.08808939918526,31.53480095983976,0.0,1.0,0.0,0.0,0.0,,,,,,,,,,,,,,,,,,,,,,,,,,,,,,,,,,,,,,,,,-2.3222174644470215,6226,-15.668231010437012,9.679722266606201e-05,0.5477985739707947,0.5911455750465393
,,,,,,,,,,,,,,,-45.33720150999999,132,0.22284948825836182,16227,24,657,125.52,,,,,,,,,,,,,,,,,,,,,,,,,,,,,,,,,,,,,,,
0.026733500417710943,1.0,0,0.0,7.1900487790276735,22.473191953417942,0.0,0.03328726286586886,67.14829654718051,76.93319424769702,0.0,0.0,0.0,0.0,0.0,,,,,,,,,,,,,,,,,,,,,,,,,,,,,,,,,,,,,,,,,-1.8798476457595825,6441,-11.96906852722168,9.67551364948595e-05,0.5365293622016907,0.5731528997421265
0.287012987012987,0.0,0,0.0,-851.5057050832735,26.98003964838884,0.0,-0.6812045640666188,467.8760367509676,0.0,0.0,1.0,0.0,0.0,0.0,,,,,,,,,,,,,,,,,,,,,,,,,,,,,,,,,,,,,,,,,-2.0823750495910645,7690,-8.823657035827637,9.651082714195001e-05,0.4762212634086609,1.337201714515686
0.009267840593141797,1.0,0,0.0,-26.3028389283367,14.432839509523555,0.0,-0.25536736823627865,20.469642717391253,0.0,0.0,0.0,0.0,1.850000000000001,0.0,,,,,,,,,,,,,,,,,,,,,,,,,,,,,,,,,,,,,,,,,-2.325911045074463,7792,-10.29545783996582,9.6490889248768e-05,0.47158700227737427,0.43825197219848633
0.09370119729307652,1.0,0,0.0,-249.76466497694133,24.173036210925254,0.0,-0.4549447449488913,183.9631530632032,0.0,0.0,0.0,0.0,0.0,0.0,,,,,,,,,,,,,,,,,,,,,,,,,,,,,,,,,,,,,,,,,-2.7881650924682617,8340,-8.744032859802246,9.63838073822e-05,0.4475868344306946,0.3958060145378113
,,,,,,,,,,,,,,,-54.1823988,136,0.22275759279727936,18341,24,757,141.78,,,,,,,,,,,,,,,,,,,,,,,,,,,,,,,,,,,,,,,
0.07649253731343283,0.0,0,0.0,-192.31275432941064,25.193517024721697,0.0,-0.3465094672601993,193.91751015820773,26.491303679423694,0.0,0.0,0.0,0.0,1.0,,,,,,,,,,,,,,,,,,,,,,,,,,,,,,,,,,,,,,,,,-2.884976387023926,8894,-7.660052299499512,9.627561383198201e-05,0.4245941936969757,0.2773750424385071
0.09837505489679403,0.0,0,0.0,-259.2252963883393,22.614745478149047,0.0,-0.34108591630044643,238.3959053826984,112.07154800996528,0.0,1.0,0.0,0.0,0.0,,,,,,,,,,,,,,,,,,,,,,,,,,,,,,,,,,,,,,,,,-2.9826161861419678,9653,-4.495179176330566,9.61274839206955e-05,0.39501234889030457,0.6066681146621704
,,,,,,,,,,,,,,,,,,,,,,3.3505454063415527,1.565601110458374,0.014067428186535835,0.012587228789925575,0.008547480218112469,13.023061752319336,0.007013916969299316,0.026869725435972214,0.19673793017864227,0.33793842792510986,9.370911598205566,0.05778343230485916,0.0051461863331496716,0.17441126704216003,24.532419204711914,10.841415405273438,0.009907667525112629,0.06205926090478897,1.7541509866714478,5.3243727684021,0.009057302959263325,7.256773471832275,0.2143775224685669,1.065835952758789,3.675100088119507,0.29437416791915894,21.74837303161621,0.0035521083045750856,59.784183502197266,1.5763705968856812,0.08694281429052353,0.0015132063999772072,36.70726013183594,-3.1410577297210693,9999,-5.598598003387451,9.60599950200995e-05,0.38223767280578613,0.27706873416900635
0.20505920344456405,1.0,0,0.0,-103.02424718728373,25.612249247486226,0.0,-0.0909304917804799,402.59654179168865,210.5336752648215,0.0,0.0,0.0,0.0,0.0,,,,,,,,,,,,,,,,,,,,,,,,,,,,,,,,,,,,,,,,,-3.3375048637390137,10785,-3.6774094104766846,9.590677061438749e-05,0.35479220747947693,0.23894625902175903
0.025,1.0,0,0.0,-23.010848679489108,18.21591426112196,0.0,-0.11116352019076864,52.11975876870565,26.45645678192255,0.0,0.0,0.0,0.39999999999999997,0.0,,,,,,,,,,,,,,,,,,,,,,,,,,,,,,,,,,,,,,,,,-3.432922124862671,10991,-4.094695091247559,9.586663289705951e-05,0.34794723987579346,0.254586786031723
,,,,,,,,,,,,,,,-58.25634666,140,0.22264473140239716,20992,23,881,163.3,,,,,,,,,,,,,,,,,,,,,,,,,,,,,,,,,,,,,,,
0.0513595166163142,0.0,0,0.0,-179.31084875804487,24.184925331059546,0.0,-0.4768905552075661,125.99238919230993,0.0,0.0,1.0,0.0,0.0,0.0,,,,,,,,,,,,,,,,,,,,,,,,,,,,,,,,,,,,,,,,,-3.768026828765869,11366,-3.407003879547119,9.5793588342622e-05,0.33578798174858093,0.2523743510246277
0.014436958614051972,0.0,0,0.0,-104.33781139508764,18.90762497480777,0.0,-0.49215948771267753,55.43781438935548,0.0,0.0,0.0,0.0,0.0,1.0,,,,,,,,,,,,,,,,,,,,,,,,,,,,,,,,,,,,,,,,,-3.6683852672576904,11577,-2.8060965538024902,9.575250090943551e-05,0.32911983132362366,1.2329843044281006
0.038125,0.0,0,0.0,-81.26035281669627,24.383188936702837,0.0,-0.44895222550660924,61.058892029570416,0.0,0.0,1.0,0.0,0.0,0.0,,,,,,,,,,,,,,,,,,,,,,,,,,,,,,,,,,,,,,,,,-3.642385959625244,11757,-3.090071439743042,9.57174570213755e-05,0.3235281705856323,0.41421106457710266
0.038111736682546554,0.0,0,0.0,-162.22491291949342,24.988598421002898,0.0,-0.6386807595255647,87.88891038543079,0.0,0.0,1.0,0.0,5.799999999999987,0.0,,,,,,,,,,,,,,,,,,,,,,,,,,,,,,,,,,,,,,,,,-3.31809663772583,12010,-2.6937003135681152,9.566821178995002e-05,0.315852552652359,0.2917834520339966
,,,,,,,,,,,,,,,-60.85207773,144,0.2226089984178543,22011,23,928,168.06,,,,,,,,,,,,,,,,,,,,,,,,,,,,,,,,,,,,,,,
0.004497138184791497,1.0,0,0.0,-34.40517706455621,10.709498003885695,0.0,-0.4410920136481566,11.438124126332696,0.0,0.0,0.0,0.0,0.0,0.0,,,,,,,,,,,,,,,,,,,,,,,,,,,,,,,,,,,,,,,,,-3.1732027530670166,12087,-2.1146390438079834,9.565322663911552e-05,0.31355419754981995,0.3595690429210663
0.05636833046471601,0.0,0,0.0,-212.65708729410397,22.480714359384475,0.0,-0.49570416618672253,133.62573399569374,0.0,0.0,1.0,0.0,0.0,0.0,,,,,,,,,,,,,,,,,,,,,,,,,,,,,,,,,,,,,,,,,-4.274168014526367,12515,-2.457085132598877,9.556995405988751e-05,0.30115804076194763,0.378427118062973
0.02004008016032064,1.0,0,0.0,-21.945789361397765,19.85602210584872,0.0,-0.13381578878901076,44.97282664338127,25.744765730136432,0.0,0.0,0.0,0.7000000000000001,0.0,,,,,,,,,,,,,,,,,,,,,,,,,,,,,,,,,,,,,,,,,-3.8596630096435547,12678,-1.2207417488098145,9.5538250022558e-05,0.2965644896030426,0.26238882541656494
0.013982642237222759,0.0,0,0.0,-54.10336669714232,16.8945659207716,0.0,-0.3655632884942049,34.5444325953722,0.0,0.0,0.0,0.0,0.0,1.0,,,,,,,,,,,,,,,,,,,,,,,,,,,,,,,,,,,,,,,,,-3.7822864055633545,12825,-0.03719127178192139,9.55096625721875e-05,0.2924918830394745,0.2710917592048645
,,,,,,,,,,,,,,,-62.52270082000001,148,0.2226034551858902,22826,23,965,171.81,,,,,,,,,,,,,,,,,,,,,,,,,,,,,,,,,,,,,,,
0.007222222222222222,1.0,0,0.0,-27.33917514746814,12.694650922167442,0.0,-0.374509248595454,12.698251613299362,0.0,0.0,0.0,0.0,3.399999999999996,0.0,,,,,,,,,,,,,,,,,,,,,,,,,,,,,,,,,,,,,,,,,-4.080697059631348,12897,-2.059128761291504,9.549566212459551e-05,0.29050227999687195,0.3371310830116272
0.022564667033571822,0.0,0,0.0,-110.06535312607528,21.506845846305175,0.0,-0.7975750226527194,40.96380734676495,0.0,0.0,1.0,0.0,2.3499999999999996,0.0,,,,,,,,,,,,,,,,,,,,,,,,,,,,,,,,,,,,,,,,,-3.6971912384033203,13034,0.2420852929353714,9.5469025233022e-05,0.2867412269115448,0.27806171774864197
0.06818181818181818,0.0,0,0.0,-235.74123237228008,25.23788003639683,0.0,-0.7436631936034072,110.76830584177515,0.0,0.0,1.0,0.0,0.0,0.0,,,,,,,,,,,,,,,,,,,,,,,,,,,,,,,,,,,,,,,,,-4.27069091796875,13350,-0.4401945471763611,9.540759963875001e-05,0.27830615639686584,0.276378870010376
0.030048608042421564,1.0,0,0.0,-18.793402030905963,20.80715847039506,0.0,-0.07997192353577005,67.65203050884884,54.21061272027421,0.0,0.0,0.0,0.0,0.0,,,,,,,,,,,,,,,,,,,,,,,,,,,,,,,,,,,,,,,,,-4.4174065589904785,13584,-1.578815221786499,9.5362126403072e-05,0.2722514569759369,0.43912023305892944
,,,,,,,,,,,,,,,-64.91266053,152,0.22256922721862793,23585,23,1002,174.96,,,,,,,,,,,,,,,,,,,,,,,,,,,,,,,,,,,,,,,
0.027255029201817,1.0,0,0.0,-36.066009205852545,20.370293195600347,0.0,-0.24368925139089556,41.62250999524258,0.0,0.0,0.0,0.0,0.0,0.0,,,,,,,,,,,,,,,,,,,,,,,,,,,,,,,,,,,,,,,,,-3.739409923553467,13731,-0.4176579713821411,9.533356545591952e-05,0.268481969833374,0.25424349308013916
0.07506584723441616,1.0,0,0.0,-80.12352587080308,23.178649301912053,0.0,-0.1492058209884601,172.48619859668543,119.67796318624316,0.0,0.0,0.0,3.699999999999995,0.0,,,,,,,,,,,,,,,,,,,,,,,,,,,,,,,,,,,,,,,,,-4.908430099487305,14267,1.7293519973754883,9.52294612852555e-05,0.2552497982978821,0.28975892066955566
0.007378472222222222,1.0,0,0.0,-35.3970321869066,13.072938880029943,0.0,-0.38061324932157636,16.692662591056433,0.0,0.0,0.0,0.0,1.1000000000000003,0.0,,,,,,,,,,,,,,,,,,,,,,,,,,,,,,,,,,,,,,,,,-4.468185901641846,14359,0.4382040500640869,9.52115984076595e-05,0.25304174423217773,0.24502027034759521
0.017162471395881007,1.0,0,0.0,-30.87147294319017,20.447995382224978,0.0,-0.328419924927555,26.45021259924397,0.0,0.0,0.0,0.0,0.0,0.0,,,,,,,,,,,,,,,,,,,,,,,,,,,,,,,,,,,,,,,,,-3.835991144180298,14452,0.986984372138977,9.519354308024799e-05,0.2508324086666107,0.24727647006511688
,,,,,,,,,,,,,,,-65.13660048,156,0.22254832088947296,24453,23,1044,178.36,,,,,,,,,,,,,,,,,,,,,,,,,,,,,,,,,,,,,,,
0.10153256704980843,0.0,1,0.0,48.62285723145476,29.00208767158122,0.0,0.12340826708491055,158.37326704256702,169.68011811823806,0.0,1.0,0.0,2.1000000000000005,0.0,,,,,,,,,,,,,,,,,,,,,,,,,,,,,,,,,,,,,,,,,-3.8544697761535645,14845,2.3785502910614014,9.511726376548751e-05,0.24176475405693054,0.252998948097229
0.003213367609254499,1.0,0,0.0,-20.764978146248282,9.086268313338545,0.0,-0.44180804566485704,5.784253360936418,0.0,0.0,0.0,0.0,0.0,0.0,,,,,,,,,,,,,,,,,,,,,,,,,,,,,,,,,,,,,,,,,-3.930293083190918,14891,0.5941957235336304,9.51083374071595e-05,0.2407284677028656,0.2801125645637512
0.010623556581986143,1.0,0,0.0,-56.83808223410358,13.835106855550448,0.0,-0.46588591995166867,23.251493494957685,0.0,0.0,0.0,0.0,0.0,0.0,,,,,,,,,,,,,,,,,,,,,,,,,,,,,,,,,,,,,,,,,-4.01710319519043,15012,1.0773098468780518,9.5084859214328e-05,0.2380191683769226,0.2968624234199524
0.03567567567567568,0.0,0,0.0,-2.8011709477903715,19.640980668334365,0.0,-0.01346716801822294,56.51778050151188,69.52027669890234,0.0,1.0,0.0,0.0,0.0,,,,,,,,,,,,,,,,,,,,,,,,,,,,,,,,,,,,,,,,,-4.7365312576293945,15219,2.211610794067383,9.50447007971195e-05,0.2334330528974533,0.29188990592956543
,,,,,,,,,,,,,,,-63.99899779,160,0.22248215973377228,25220,23,1084,181.14,,,,,,,,,,,,,,,,,,,,,,,,,,,,,,,,,,,,,,,
0.044989775051124746,1.0,0,0.0,-100.99207569923135,24.01028781904733,0.0,-0.37683610335534085,89.04398580780253,0.0,0.0,0.0,0.0,0.0,0.0,,,,,,,,,,,,,,,,,,,,,,,,,,,,,,,,,,,,,,,,,-5.241849422454834,15486,2.893491744995117,9.4992914851502e-05,0.2276192456483841,0.5350427031517029
0.049531459170013385,0.0,0,0.0,23.97717265039065,20.99064188280527,0.0,0.06195651847646163,112.56904875283362,126.25591181624972,0.0,0.0,0.0,2.6499999999999986,1.0,,,,,,,,,,,,,,,,,,,,,,,,,,,,,,,,,,,,,,,,,-5.004231929779053,15872,2.3303520679473877,9.4918073358208e-05,0.21956132352352142,0.2632511556148529
0.1259029927760578,1.0,0,0.0,-463.70045825872427,24.422724396604583,0.0,-0.6093304313518059,257.7011998661037,0.0,0.0,0.0,0.0,0.0,0.0,,,,,,,,,,,,,,,,,,,,,,,,,,,,,,,,,,,,,,,,,-4.429208755493164,16632,3.7064926624298096,9.477080371068801e-05,0.2045433521270752,0.2878611981868744
0.015531660692951015,1.0,0,0.0,-34.11549754275016,16.217233111388584,0.0,-0.33121842274514723,22.953252630482893,0.0,0.0,0.0,0.0,0.0,0.0,,,,,,,,,,,,,,,,,,,,,,,,,,,,,,,,,,,,,,,,,-4.485131740570068,16734,3.1995439529418945,9.4751047322222e-05,0.2026016116142273,0.23851919174194336
,,,,,,,,,,,,,,,-67.83955521000001,164,0.22245723009109497,26735,23,1154,192.49,,,,,,,,,,,,,,,,,,,,,,,,,,,,,,,,,,,,,,,
0.01636093207734259,1.0,0,0.0,-72.32907930704798,17.883620504507405,0.0,-0.4988212366003309,35.757585952524096,0.0,0.0,0.0,0.0,0.0,0.0,,,,,,,,,,,,,,,,,,,,,,,,,,,,,,,,,,,,,,,,,-5.196742057800293,16878,4.243650436401367,9.472315947495801e-05,0.1999252736568451,0.2116890698671341
0.005461993627674101,1.0,0,0.0,-31.993421411384375,11.682807076200746,0.0,-0.44435307515811634,11.491779531352222,0.0,0.0,0.0,0.0,0.0,0.0,,,,,,,,,,,,,,,,,,,,,,,,,,,,,,,,,,,,,,,,,-4.918666839599609,16949,2.7802658081054688,9.47094107357995e-05,0.19863589107990265,0.19398589432239532
0.02569960022844089,1.0,0,0.0,-41.417653025585466,19.896335016345805,0.0,-0.24653364896181826,46.167318215826526,0.0,0.0,0.0,0.0,0.0,0.0,,,,,,,,,,,,,,,,,,,,,,,,,,,,,,,,,,,,,,,,,-4.056596755981445,17116,4.255649089813232,9.4677076106872e-05,0.19557037949562073,0.24290113151073456
0.018244013683010263,1.0,0,0.0,-45.508458921972995,15.775008658610313,0.0,-0.3117017734381712,31.79012029536534,0.0,0.0,0.0,0.0,0.0,0.0,,,,,,,,,,,,,,,,,,,,,,,,,,,,,,,,,,,,,,,,,-4.291525363922119,17261,2.8937320709228516,9.46490056310395e-05,0.19293400645256042,0.24501711130142212
,,,,,,,,,,,,,,,-68.13909747000001,168,0.2224905639886856,27262,23,1180,193.67,,,,,,,,,,,,,,,,,,,,,,,,,,,,,,,,,,,,,,,
0.030505243088655862,0.0,0,0.0,-76.08333064034687,23.382686678805957,0.0,-0.461111094789981,53.367500492196996,0.0,0.0,1.0,0.0,1.7000000000000008,0.0,,,,,,,,,,,,,,,,,,,,,,,,,,,,,,,,,,,,,,,,,-5.291038513183594,17425,3.9947266578674316,9.46172619971875e-05,0.1900084763765335,0.229455828666687
0.01762977473065622,0.0,0,0.0,-1.3066303740648877,20.66158981870608,0.0,-0.010710085033318752,34.79875277564861,20.045808305376454,0.0,0.0,0.0,1.5500000000000007,1.0,,,,,,,,,,,,,,,,,,,,,,,,,,,,,,,,,,,,,,,,,-5.515960693359375,17546,4.698247909545898,9.459384482054201e-05,0.18788985908031464,0.2044723480939865
0.006310958118187034,1.0,0,0.0,-46.44903997079714,10.020976430459074,0.0,-0.546459293774084,11.679857121667737,0.0,0.0,0.0,0.0,0.15000000000000002,0.0,,,,,,,,,,,,,,,,,,,,,,,,,,,,,,,,,,,,,,,,,-4.2330546379089355,17630,4.334206581115723,9.457758998155e-05,0.1864279955625534,0.2503187656402588
0.011020881670533642,1.0,0,0.0,-32.169475706849035,13.139461952940911,0.0,-0.3386260600720951,17.12266610818915,0.0,0.0,0.0,0.0,4.399999999999992,0.0,,,,,,,,,,,,,,,,,,,,,,,,,,,,,,,,,,,,,,,,,-4.898411750793457,17724,4.434455394744873,9.455940170751201e-05,0.1848064363002777,0.25529879331588745
,,,,,,,,,,,,,,,-68.02563170000002,172,0.2224992960691452,27725,23,1204,194.95,,,,,,,,,,,,,,,,,,,,,,,,,,,,,,,,,,,,,,,
0.03829524397776405,1.0,0,0.0,-39.94560940171118,21.701307115854117,0.0,-0.19112731771153674,62.75079523352906,0.0,0.0,0.0,0.0,0.0,0.0,,,,,,,,,,,,,,,,,,,,,,,,,,,,,,,,,,,,,,,,,-5.597698211669922,17932,4.0694379806518555,9.451916156408802e-05,0.18124887347221375,0.2968427240848541
0.03575076608784474,1.0,0,0.0,6.141444465123918,23.8799645501053,0.0,0.028301587396884414,71.68484657723457,44.501116099849774,0.0,0.0,0.0,0.0,0.0,,,,,,,,,,,,,,,,,,,,,,,,,,,,,,,,,,,,,,,,,-5.571908950805664,18148,4.009889602661133,9.447738283544802e-05,0.17766666412353516,0.23841045796871185
0.02517162471395881,1.0,0,0.0,-37.76010334767636,20.054417383932794,0.0,-0.2622229399144192,39.845213279884774,0.0,0.0,0.0,0.0,0.0,0.0,,,,,,,,,,,,,,,,,,,,,,,,,,,,,,,,,,,,,,,,,-5.064526557922363,18291,3.505131721496582,9.444972887775952e-05,0.1753215193748474,0.18712033331394196
0.06425871482570349,1.0,0,0.0,-72.8784983712616,29.022833709852126,0.0,-0.18686794454169642,156.85415270458907,36.33129601017477,0.0,0.0,0.0,5.599999999999988,0.0,,,,,,,,,,,,,,,,,,,,,,,,,,,,,,,,,,,,,,,,,-4.976731300354004,18680,4.821140289306641,9.43745229688e-05,0.16909845173358917,0.23770004510879517
,,,,,,,,,,,,,,,-67.89539519,176,0.22252802550792694,28681,22,1249,200.35,,,,,,,,,,,,,,,,,,,,,,,,,,,,,,,,,,,,,,,
0.037679425837320576,0.0,0,0.0,-26.85954987277738,28.59104841746845,0.0,-0.16892798662124137,62.83862694061827,18.361790122368227,0.0,1.0,0.0,0.0,0.0,,,,,,,,,,,,,,,,,,,,,,,,,,,,,,,,,,,,,,,,,-5.742605209350586,18838,5.743274688720703,9.4343985209278e-05,0.16663210093975067,0.23153647780418396
0.01008827238335435,1.0,0,0.0,-32.023194651515695,13.28023945602923,0.0,-0.39534808211747774,14.755209512542933,0.0,0.0,0.0,0.0,0.0,0.0,,,,,,,,,,,,,,,,,,,,,,,,,,,,,,,,,,,,,,,,,-5.95026969909668,18918,4.930782318115234,9.4328524947038e-05,0.16540461778640747,0.24122652411460876
0.01088139281828074,0.0,0,0.0,-29.102647501351544,15.121514152226561,0.0,-0.3031525781390786,19.925641730427742,0.0,0.0,0.0,0.0,0.0,1.0,,,,,,,,,,,,,,,,,,,,,,,,,,,,,,,,,,,,,,,,,-4.935705184936523,19013,3.6669602394104004,9.431016753981551e-05,0.16392897069454193,0.19460445642471313
0.048134777376654635,1.0,0,0.0,-4.029059497110595,33.09374429677126,0.0,-0.02201671856344587,83.79228001413867,25.405465760320464,0.0,0.0,0.0,0.0,0.0,,,,,,,,,,,,,,,,,,,,,,,,,,,,,,,,,,,,,,,,,-4.916532516479492,19195,3.8853352069854736,9.427500362848751e-05,0.1611887514591217,0.2615130841732025
,,,,,,,,,,,,,,,-67.47459148000002,180,0.22253985702991486,29196,22,1273,201.29,,,,,,,,,,,,,,,,,,,,,,,,,,,,,,,,,,,,,,,
0.05950212507589557,0.0,0,0.0,12.989580550351889,31.56078604173365,0.0,0.05345506399321765,106.3187346328632,90.40273353410748,0.0,1.0,0.0,0.0,0.0,,,,,,,,,,,,,,,,,,,,,,,,,,,,,,,,,,,,,,,,,-4.586153507232666,19437,3.7073614597320557,9.422825742841549e-05,0.1576107293367386,0.218053936958313
0.007217847769028871,1.0,0,0.0,-25.874202959700444,11.365830786181292,0.0,-0.34498937279600594,11.67694756394485,0.0,0.0,0.0,0.0,0.0,0.0,,,,,,,,,,,,,,,,,,,,,,,,,,,,,,,,,,,,,,,,,-4.972165107727051,19511,5.208932876586914,9.421396546253952e-05,0.15656408667564392,0.2624264359474182
0.05371642723297939,1.0,0,0.0,-119.6084353260284,28.719002316317702,0.0,-0.5292408642744619,89.82780181174167,0.0,0.0,0.0,0.0,0.0,0.0,,,,,,,,,,,,,,,,,,,,,,,,,,,,,,,,,,,,,,,,,-5.347745418548584,19736,4.031993865966797,9.4170516854752e-05,0.15334248542785645,0.2916618585586548
,,,,,,,,,,,,,,,,,,,,,,4.258375644683838,1.0960514545440674,0.011353646405041218,0.03292623907327652,0.019952382892370224,15.287012100219727,0.0198806244879961,0.04832370951771736,0.3096444010734558,0.4840148985385895,8.687949180603027,0.12454618513584137,0.010619929060339928,0.17539329826831818,27.28644371032715,12.728965759277344,0.023827403783798218,0.13910433650016785,1.000504493713379,4.930626392364502,0.018712714314460754,9.23018741607666,0.3198843002319336,1.7582412958145142,2.9438071250915527,0.4256773889064789,15.455985069274902,0.006340578198432922,57.824371337890625,1.5130935907363892,0.14444729685783386,0.0023607525508850813,37.5114860534668,-5.5689897537231445,19999,6.2614336013793945,9.411974303009951e-05,0.14964428544044495,0.23746353387832642
0.07138423339540657,1.0,0,0.0,-210.35187509127397,25.637748574900804,0.0,-0.6393674014932339,116.81461382308044,0.0,0.0,0.0,0.0,0.39999999999999997,0.0,,,,,,,,,,,,,,,,,,,,,,,,,,,,,,,,,,,,,,,,,-4.947678089141846,20064,5.135471820831299,9.4107196487552e-05,0.148735910654068,0.2224484086036682
,,,,,,,,,,,,,,,-69.54572757000001,184,0.22260232269763947,30065,22,1319,205.43,,,,,,,,,,,,,,,,,,,,,,,,,,,,,,,,,,,,,,,
0.0377255330781848,1.0,0,0.0,-24.86857666361265,25.90872081676799,0.0,-0.1454302728866237,61.20313176792115,0.0,0.0,0.0,0.0,0.0,0.0,,,,,,,,,,,,,,,,,,,,,,,,,,,,,,,,,,,,,,,,,-5.873208045959473,20234,4.724908828735352,9.407438642822202e-05,0.14644625782966614,0.289507657289505
0.003711340206185567,1.0,0,0.0,-30.586611505373412,10.642481547957395,0.0,-0.4498031103731384,9.871841643936932,0.0,0.0,0.0,0.0,0.0,0.0,,,,,,,,,,,,,,,,,,,,,,,,,,,,,,,,,,,,,,,,,-4.652945518493652,20301,5.827883720397949,9.40614569847995e-05,0.1455446481704712,0.2658485770225525
0.0421417947446703,1.0,0,0.0,-16.90781216514445,26.018955651754304,0.0,-0.06901147822507939,88.21209452627227,51.973847942967055,0.0,0.0,0.0,0.0,0.0,,,,,,,,,,,,,,,,,,,,,,,,,,,,,,,,,,,,,,,,,-4.847209930419922,20545,6.294487953186035,9.40143782039875e-05,0.1423092484474182,0.23264534771442413
0.024559967253376995,1.0,0,0.0,3.1803021202152024,25.358560511229097,0.0,0.017474187473709903,63.79797092080116,48.55251773650803,0.0,0.0,0.0,0.0,0.0,,,,,,,,,,,,,,,,,,,,,,,,,,,,,,,,,,,,,,,,,-5.5542311668396,20726,6.015109062194824,9.3979462664062e-05,0.14000293612480164,0.2473079264163971
,,,,,,,,,,,,,,,-68.54247172000001,188,0.2226497232913971,30727,22,1351,207.79,,,,,,,,,,,,,,,,,,,,,,,,,,,,,,,,,,,,,,,
0.03901895206243032,0.0,0,0.0,-9.806730817249147,25.81663197752607,0.0,-0.04928005435803591,71.00915618392173,69.0784023814358,0.0,1.0,0.0,0.0,0.0,,,,,,,,,,,,,,,,,,,,,,,,,,,,,,,,,,,,,,,,,-5.56117057800293,20924,5.6447343826293945,9.394127523071201e-05,0.13749399781227112,0.268604576587677
0.026240730176839703,1.0,0,0.0,-31.453708906283,20.30628915619138,0.0,-0.21397080888627892,41.164308941952186,0.0,0.0,0.0,0.0,0.0,0.0,,,,,,,,,,,,,,,,,,,,,,,,,,,,,,,,,,,,,,,,,-4.696532249450684,21070,5.931825160980225,9.391312181754999e-05,0.1356244832277298,0.2332485467195511
0.06173526140155729,1.0,0,0.0,-190.839977162138,24.13973249809509,0.0,-0.5468194188026877,116.60063823591918,12.092593364600834,0.0,0.0,0.0,0.0,0.0,,,,,,,,,,,,,,,,,,,,,,,,,,,,,,,,,,,,,,,,,-6.078270435333252,21418,6.475442886352539,9.384603352703802e-05,0.13137495517730713,0.2355879545211792
0.10278514588859416,0.0,0,0.0,-86.23648187648075,29.87439433985081,0.0,-0.2161315335250144,165.22872588643804,0.0,0.0,1.0,0.0,0.0,0.0,,,,,,,,,,,,,,,,,,,,,,,,,,,,,,,,,,,,,,,,,-5.1688337326049805,21816,5.602034568786621,9.376933565667202e-05,0.12667706608772278,0.5999290943145752
,,,,,,,,,,,,,,,-70.24681748,192,0.22265462577342987,31817,22,1400,213.76,,,,,,,,,,,,,,,,,,,,,,,,,,,,,,,,,,,,,,,
0.04811594202898551,0.0,0,0.0,-50.38857830145102,28.06355354443465,0.0,-0.23656609531197662,82.77001875417773,0.0,0.0,1.0,0.0,1.3000000000000005,0.0,,,,,,,,,,,,,,,,,,,,,,,,,,,,,,,,,,,,,,,,,-5.511785507202148,22028,5.9331769943237305,9.372849438200801e-05,0.12427140772342682,0.2576672434806824
0.01311336717428088,1.0,0,0.0,-34.417300084027985,18.474800515434207,0.0,-0.2821090170821966,31.07372856256552,0.0,0.0,0.0,0.0,0.0,0.0,,,,,,,,,,,,,,,,,,,,,,,,,,,,,,,,,,,,,,,,,-7.864184379577637,22149,6.929834842681885,9.370518804099952e-05,0.12291965633630753,0.22792533040046692
0.01646090534979424,1.0,0,0.0,-5.724582548361752,19.95832461136667,0.0,-0.03512013833350768,44.92913742060773,39.2263145539318,0.0,0.0,0.0,0.7500000000000001,0.0,,,,,,,,,,,,,,,,,,,,,,,,,,,,,,,,,,,,,,,,,-6.3592634201049805,22311,6.2441911697387695,9.36739890717395e-05,0.12111394852399826,0.30408889055252075
0.005287896592244419,1.0,0,0.0,-14.464017741760417,12.631861182095314,0.0,-0.21588086181731966,11.480469820322469,9.372710483413162,0.0,0.0,0.0,0.5499999999999999,0.0,,,,,,,,,,,,,,,,,,,,,,,,,,,,,,,,,,,,,,,,,-5.477170944213867,22377,8.212753295898438,9.36612798778355e-05,0.1203940287232399,0.26855793595314026
,,,,,,,,,,,,,,,-70.22210488,196,0.22272303700447083,32378,22,1428,216.13,,,,,,,,,,,,,,,,,,,,,,,,,,,,,,,,,,,,,,,
0.02342116269343371,1.0,0,0.0,-27.85796424232982,24.151423175557525,0.0,-0.18950996083217567,48.98261641396675,0.0,0.0,0.0,0.0,4.99999999999999,0.0,,,,,,,,,,,,,,,,,,,,,,,,,,,,,,,,,,,,,,,,,-4.932170867919922,22523,7.0420241355896,9.363316868013551e-05,0.11877094209194183,0.2633398175239563
0.0048672566371681415,1.0,0,0.0,-32.63919652186301,13.705684392711703,0.0,-0.4799881841450443,12.737279474269599,0.0,0.0,0.0,0.0,0.0,0.0,,,,,,,,,,,,,,,,,,,,,,,,,,,,,,,,,,,,,,,,,-6.537505149841309,22590,6.292915344238281,9.362026975595e-05,0.11805732548236847,0.24576301872730255
0.006918238993710692,1.0,0,0.0,-18.68741486349588,11.950333660673483,0.0,-0.3014099171531594,10.098000585334376,0.0,0.0,0.0,0.0,2.9999999999999973,0.0,,,,,,,,,,,,,,,,,,,,,,,,,,,,,,,,,,,,,,,,,-6.307901382446289,22651,6.331032752990723,9.360852673619951e-05,0.11741325259208679,0.21003535389900208
0.047963206307490146,0.0,0,0.0,-35.41934855813803,34.22884981917189,0.0,-0.2285119261815357,73.39148946944624,18.012553276335808,0.0,1.0,0.0,1.7500000000000009,0.0,,,,,,,,,,,,,,,,,,,,,,,,,,,,,,,,,,,,,,,,,-5.665234565734863,22805,7.418976783752441,9.357888371848751e-05,0.11577153205871582,0.23637136816978455
,,,,,,,,,,,,,,,-70.39434170999999,200,0.22268164157867432,32806,22,1447,216.0,,,,,,,,,,,,,,,,,,,,,,,,,,,,,,,,,,,,,,,
0.04990524320909665,1.0,0,0.0,-19.26626964630175,32.39096935486335,0.0,-0.10358209487259006,83.33519825525582,45.05467196334925,0.0,0.0,0.0,0.0,0.0,,,,,,,,,,,,,,,,,,,,,,,,,,,,,,,,,,,,,,,,,-8.154972076416016,22990,6.974579334259033,9.354327983995001e-05,0.11384525150060654,0.23504561185836792
0.06228874939642685,1.0,0,0.0,6.35421379848076,26.232059037524902,0.0,0.017127260912347064,134.86631314922124,132.92868960148053,0.0,0.0,0.0,0.0,0.0,,,,,,,,,,,,,,,,,,,,,,,,,,,,,,,,,,,,,,,,,-4.333767414093018,23360,7.268335819244385,9.34720925152e-05,0.11008507758378983,0.2577196955680847
0.016062602965403624,1.0,0,0.0,6.08985060999084,22.226187644728093,0.0,0.046135231893870005,40.502078897785395,34.85122815538431,0.0,0.0,0.0,1.950000000000001,0.0,,,,,,,,,,,,,,,,,,,,,,,,,,,,,,,,,,,,,,,,,-5.239020824432373,23491,5.489765167236328,9.34468948845595e-05,0.10875460505485535,0.2618902921676636
0.07010915197313182,1.0,0,0.0,65.85549038062635,25.907361388990267,0.0,0.13893563371440157,170.17173499707133,189.3393798532422,0.0,0.0,0.0,0.0,0.0,,,,,,,,,,,,,,,,,,,,,,,,,,,,,,,,,,,,,,,,,-5.262691497802734,23964,6.938953399658203,9.3355942552952e-05,0.10422676056623459,0.2531208395957947
,,,,,,,,,,,,,,,-68.66210409,204,0.22267167270183563,33965,22,1500,224.68,,,,,,,,,,,,,,,,,,,,,,,,,,,,,,,,,,,,,,,
0.039384615384615386,0.0,0,0.0,-3.4579950824197887,26.088001135963335,0.0,-0.019318408281674797,64.57121950038709,58.50947776281843,0.0,1.0,0.0,0.0,0.0,,,,,,,,,,,,,,,,,,,,,,,,,,,,,,,,,,,,,,,,,-6.354140281677246,24142,6.869749069213867,9.3321726778318e-05,0.10255999863147736,0.2272564172744751
0.04472984942426927,0.0,0,0.0,-108.38453614412582,22.955697615533246,0.0,-0.3387016754503932,101.71215242356993,0.0,0.0,1.0,0.0,0.0,0.0,,,,,,,,,,,,,,,,,,,,,,,,,,,,,,,,,,,,,,,,,-5.817327499389648,24461,6.241734504699707,9.32604232718395e-05,0.09965863823890686,0.31422194838523865
0.03391883706844337,0.0,0,0.0,-40.96915796213929,29.922283130002175,0.0,-0.29904494862875397,56.61345632746816,0.0,0.0,1.0,0.0,0.0,0.0,,,,,,,,,,,,,,,,,,,,,,,,,,,,,,,,,,,,,,,,,-6.497630596160889,24597,6.574402332305908,9.323429376469551e-05,0.09843351691961288,0.3752060532569885
0.04223433242506812,0.0,0,0.0,-63.84127919008524,21.991912583186725,0.0,-0.23821372832121357,81.5895060240291,0.0,0.0,1.0,0.0,6.099999999999986,0.0,,,,,,,,,,,,,,,,,,,,,,,,,,,,,,,,,,,,,,,,,-5.214876174926758,24864,5.400938510894775,9.3183006100352e-05,0.0961129441857338,0.2829567492008209
,,,,,,,,,,,,,,,-69.72816311000001,208,0.22275863587856293,34865,22,1544,230.22,,,,,,,,,,,,,,,,,,,,,,,,,,,,,,,,,,,,,,,
0.016075845012366034,1.0,0,0.0,10.339999072717472,20.725863378522536,0.0,0.07492752951244545,39.48477917636046,13.851727438460609,0.0,0.0,0.0,1.900000000000001,0.0,,,,,,,,,,,,,,,,,,,,,,,,,,,,,,,,,,,,,,,,,-5.387542724609375,25001,6.921073913574219,9.315669546509952e-05,0.09493176639080048,0.3088526725769043
0.025089605734767026,0.0,0,0.0,-47.64778754848691,22.475263929638235,0.0,-0.2977986721780432,49.7967915066547,0.0,0.0,0.0,0.0,3.2499999999999964,1.0,,,,,,,,,,,,,,,,,,,,,,,,,,,,,,,,,,,,,,,,,-7.013434410095215,25160,7.528792381286621,9.312616444720001e-05,0.09360386431217194,0.24383488297462463
0.055636896046852125,1.0,0,0.0,36.16698368518931,28.930335775377163,0.0,0.12177435584238824,118.88372599054128,48.992700133197744,0.0,0.0,0.0,1.950000000000001,0.0,,,,,,,,,,,,,,,,,,,,,,,,,,,,,,,,,,,,,,,,,-6.028713226318359,25456,6.71810245513916,9.3069340229632e-05,0.09118065983057022,0.2610050439834595
0.04480183802412407,0.0,0,0.0,24.594974822614162,28.775398756319074,0.0,0.12612807601340595,77.66188881918788,93.96413845296915,0.0,1.0,0.0,0.0,0.0,,,,,,,,,,,,,,,,,,,,,,,,,,,,,,,,,,,,,,,,,-5.614258766174316,25650,6.011635780334473,9.303210678875002e-05,0.08961469680070877,0.31837406754493713
,,,,,,,,,,,,,,,-67.68975973,212,0.22281843423843384,35651,22,1582,234.38,,,,,,,,,,,,,,,,,,,,,,,,,,,,,,,,,,,,,,,
0.09103078982597054,1.0,0,0.0,-44.926472871621776,29.995905807577852,0.0,-0.0970334187292047,192.59261979081202,34.318875827259724,0.0,0.0,0.0,4.299999999999993,0.0,,,,,,,,,,,,,,,,,,,,,,,,,,,,,,,,,,,,,,,,,-5.527264595031738,26112,7.338273048400879,9.2943467616128e-05,0.08599241077899933,0.30146270990371704
0.005806451612903226,1.0,0,0.0,-27.684609012877218,12.010189523213253,0.0,-0.5323963271707157,8.48976660729386,0.0,0.0,0.0,0.0,0.0,0.0,,,,,,,,,,,,,,,,,,,,,,,,,,,,,,,,,,,,,,,,,-5.387228012084961,26163,7.479506492614746,9.293368537561551e-05,0.0855942815542221,0.23007988929748535
0.05260443527591542,0.0,0,0.0,-19.08571019695124,29.436601123140083,0.0,-0.07514059132657969,103.64973228797317,45.3605926794184,0.0,0.0,0.0,0.44999999999999996,1.0,,,,,,,,,,,,,,,,,,,,,,,,,,,,,,,,,,,,,,,,,-5.553916931152344,26416,7.0135626792907715,9.2885165443072e-05,0.08368565887212753,0.1983083337545395
0.02691721686135094,1.0,0,0.0,-32.57315752884685,21.83647541645749,0.0,-0.18507475868662981,53.09857056476176,0.0,0.0,0.0,0.0,0.0,0.0,,,,,,,,,,,,,,,,,,,,,,,,,,,,,,,,,,,,,,,,,-4.860528469085693,26591,7.911990165710449,9.285161167745949e-05,0.08238062262535095,0.22999891638755798
,,,,,,,,,,,,,,,-66.39562094,216,0.22281794250011444,36592,22,1625,239.51,,,,,,,,,,,,,,,,,,,,,,,,,,,,,,,,,,,,,,,
0.007903055848261328,1.0,0,0.0,-24.73965406236426,13.825072567859554,0.0,-0.3255217639784771,14.392130917171016,0.0,0.0,0.0,0.0,0.0,0.0,,,,,,,,,,,,,,,,,,,,,,,,,,,,,,,,,,,,,,,,,-7.494438171386719,26666,6.533725738525391,9.2837233357822e-05,0.08184726536273956,0.3050966262817383
0.06938954765041722,0.0,0,0.0,-13.657425907865449,29.613551748815215,0.0,-0.03804296910268927,147.3839131653076,61.92176657789843,0.0,1.0,0.0,3.599999999999995,0.0,,,,,,,,,,,,,,,,,,,,,,,,,,,,,,,,,,,,,,,,,-4.42009162902832,27024,6.574501037597656,9.276861626931202e-05,0.07927927374839783,0.295779287815094
0.027917364600781685,1.0,0,0.0,-3.646060108124482,25.151005828157018,0.0,-0.02414609343128796,52.45173825789243,38.161098385554595,0.0,0.0,0.0,0.0,0.0,,,,,,,,,,,,,,,,,,,,,,,,,,,,,,,,,,,,,,,,,-7.012030601501465,27174,6.189305305480957,9.2739873674462e-05,0.07822225242853165,0.24884620308876038
0.09090909090909091,0.0,0,0.0,98.13412837944347,29.02892565362063,0.0,0.20573192532378085,192.00876589864492,217.65831178884474,0.0,1.0,0.0,0.0,0.0,,,,,,,,,,,,,,,,,,,,,,,,,,,,,,,,,,,,,,,,,-6.420314788818359,27650,6.054736614227295,9.264869348875001e-05,0.07501915097236633,0.25806504487991333
,,,,,,,,,,,,,,,-62.07323849,220,0.22284118831157684,37651,22,1675,240.83,,,,,,,,,,,,,,,,,,,,,,,,,,,,,,,,,,,,,,,
0.01605231866825208,1.0,0,0.0,-29.052489209468025,19.504960780076466,0.0,-0.29052489209468024,26.79105947667267,0.0,0.0,0.0,0.0,4.849999999999991,0.0,,,,,,,,,,,,,,,,,,,,,,,,,,,,,,,,,,,,,,,,,-5.356279373168945,27749,7.314407825469971,9.26297352065995e-05,0.07437001913785934,0.24515856802463531
0.14434060228452752,1.0,0,0.0,42.882808715044035,23.72934842927271,0.0,0.04576607120068734,308.36996095161885,232.27617849855426,0.0,0.0,0.0,0.0,0.0,,,,,,,,,,,,,,,,,,,,,,,,,,,,,,,,,,,,,,,,,-6.767251968383789,28685,5.878124237060547,9.245058965788751e-05,0.06843387335538864,0.3436845541000366
0.04363472784525416,1.0,0,0.0,-112.37977763225145,27.014720975428784,0.0,-0.41468552631827105,101.31501536536962,0.0,0.0,0.0,0.0,0.0,0.0,,,,,,,,,,,,,,,,,,,,,,,,,,,,,,,,,,,,,,,,,-8.092853546142578,28955,7.4308319091796875,9.23989454564875e-05,0.06684976816177368,0.2467447966337204
0.017673653925195234,0.0,0,0.0,14.416917213377697,26.361501182114893,0.0,0.11914807614361733,44.04660061746836,45.92399076417622,0.0,0.0,0.0,2.3499999999999996,1.0,,,,,,,,,,,,,,,,,,,,,,,,,,,,,,,,,,,,,,,,,-4.634956359863281,29075,6.153424263000488,9.23759971346875e-05,0.06614738702774048,0.2515636086463928
,,,,,,,,,,,,,,,-61.108113610000004,224,0.22283849120140076,39076,22,1742,248.32,,,,,,,,,,,,,,,,,,,,,,,,,,,,,,,,,,,,,,,
,,,,,,,,,,,,,,,,,,,,,,3.752725124359131,1.2671164274215698,0.016231119632720947,0.08219689875841141,0.03586140275001526,16.259990692138672,0.06658246368169785,0.04873168468475342,0.3432167172431946,0.5833166241645813,12.15116024017334,0.23514504730701447,0.03503645211458206,0.1717463582754135,26.430400848388672,12.781846046447754,0.07476668804883957,0.2706559896469116,1.249924659729004,6.930825233459473,0.06142609566450119,13.171180725097656,0.3593211770057678,2.7616117000579834,3.7039120197296143,0.5167996883392334,13.22582721710205,0.018723879009485245,46.51581954956055,1.6233850717544556,0.16598094999790192,0.0064054797403514385,39.797664642333984,-5.937260627746582,29999,4.2157135009765625,9.21993910400995e-05,0.060995474457740784,0.23063033819198608
0.17568263781555898,1.0,0,0.0,44.1388012235507,26.095678514055127,0.0,0.043919205197562886,363.69959907524753,157.70146588215715,0.0,0.0,0.0,0.0,0.0,,,,,,,,,,,,,,,,,,,,,,,,,,,,,,,,,,,,,,,,,-5.437352180480957,30079,4.656764507293701,9.21841084609795e-05,0.06057409942150116,0.25933510065078735
0.07224563515954245,0.0,1,0.0,26.681981153953274,30.03706315776994,0.0,0.09737949326260319,113.99967359937727,91.53632992738912,0.0,1.0,0.0,2.9999999999999973,0.0,,,,,,,,,,,,,,,,,,,,,,,,,,,,,,,,,,,,,,,,,-5.339062690734863,30352,4.8772735595703125,9.213196624844801e-05,0.05913034826517105,0.32229164242744446
0.03365079365079365,1.0,0,0.0,-58.070428542210514,17.766090839212044,0.0,-0.22772717075376672,62.52457940793829,0.0,0.0,0.0,0.0,0.0,0.0,,,,,,,,,,,,,,,,,,,,,,,,,,,,,,,,,,,,,,,,,-4.727034091949463,30606,6.156614303588867,9.2083466299982e-05,0.05782429128885269,0.25748443603515625
0.07303077725612937,1.0,0,0.0,71.92655197406941,22.457212922058307,0.0,0.15434882397868974,145.00949598941952,167.3895627565436,0.0,0.0,0.0,0.0,0.0,,,,,,,,,,,,,,,,,,,,,,,,,,,,,,,,,,,,,,,,,-6.129189491271973,31071,5.171093940734863,9.199471029057951e-05,0.05552118271589279,0.2771304249763489
,,,,,,,,,,,,,,,-58.75275822,228,0.22293701767921448,41072,22,1830,258.11,,,,,,,,,,,,,,,,,,,,,,,,,,,,,,,,,,,,,,,
0.03367875647668394,0.0,0,0.0,-33.091699574248054,35.09144560822349,1.0,-0.24695298189737352,64.8990642928984,0.0,0.0,0.0,0.0,0.25,0.0,,,,,,,,,,,,,,,,,,,,,,,,,,,,,,,,,,,,,,,,,-6.919435501098633,31204,6.512868881225586,9.1969332076792e-05,0.054882317781448364,0.2820383906364441
0.024841437632135307,1.0,0,0.0,-6.489569417943385,24.072349818575656,0.0,-0.051098971794829806,42.18484127288684,0.0,0.0,0.0,0.0,0.0,0.0,,,,,,,,,,,,,,,,,,,,,,,,,,,,,,,,,,,,,,,,,-7.243710517883301,31330,6.756692886352539,9.194529280555002e-05,0.05427951738238335,0.22288605570793152
0.006230529595015576,1.0,0,0.0,-8.123848283864422,17.161817957780034,0.0,-0.14506871935472182,13.126141876447946,0.0,0.0,0.0,0.0,2.6999999999999984,0.0,,,,,,,,,,,,,,,,,,,,,,,,,,,,,,,,,,,,,,,,,-5.546977519989014,31385,6.078521728515625,9.19348004633875e-05,0.05402982234954834,0.22813646495342255
0.1550632911392405,1.0,0,0.0,63.06655363595834,23.11888389903578,0.0,0.06461737052864584,313.0348738091998,235.4088408436989,0.0,0.0,0.0,0.0,0.0,,,,,,,,,,,,,,,,,,,,,,,,,,,,,,,,,,,,,,,,,-8.878838539123535,32360,5.588189125061035,9.174889977520002e-05,0.04964073374867439,0.24219287931919098
,,,,,,,,,,,,,,,-54.45301749,232,0.22306786477565765,42361,22,1890,261.34,,,,,,,,,,,,,,,,,,,,,,,,,,,,,,,,,,,,,,,
0.027457440966501923,1.0,0,0.0,-16.47824129665009,23.786529869428726,0.0,-0.12027913355219044,44.96309817885049,0.0,0.0,0.0,0.0,0.0,0.0,,,,,,,,,,,,,,,,,,,,,,,,,,,,,,,,,,,,,,,,,-5.596157073974609,32496,5.193187236785889,9.172298404659201e-05,0.049043409526348114,0.2719944715499878
0.03804034582132565,1.0,0,0.0,-13.217962104075243,28.256309159748774,0.0,-0.08871115506090767,58.15176795888692,0.0,0.0,0.0,0.0,0.0,0.0,,,,,,,,,,,,,,,,,,,,,,,,,,,,,,,,,,,,,,,,,-6.389750003814697,32644,6.159266471862793,9.1694785818232e-05,0.048428602516651154,0.26451656222343445
0.021961184882533197,1.0,0,0.0,-28.845038490154202,22.672859239177058,0.0,-0.2017135558752042,44.78422725293785,0.0,0.0,0.0,0.0,0.0,0.0,,,,,,,,,,,,,,,,,,,,,,,,,,,,,,,,,,,,,,,,,-5.954145431518555,32786,4.929143905639648,9.166773485870201e-05,0.04783095791935921,0.2637966275215149
0.03456689711264742,0.0,0,0.0,3.584993311278339,29.520896817781423,0.0,0.016597191255918235,88.19754198659211,47.73467857889572,0.0,0.0,0.0,0.0,1.0,,,,,,,,,,,,,,,,,,,,,,,,,,,,,,,,,,,,,,,,,-4.828098297119141,33001,7.279363632202148,9.162678505709951e-05,0.046954549849033356,0.23568913340568542
,,,,,,,,,,,,,,,-43.79860758999999,236,0.2230316400527954,43002,22,1919,246.61,,,,,,,,,,,,,,,,,,,,,,,,,,,,,,,,,,,,,,,
0.03026841804683038,1.0,0,0.0,-5.548575004950121,27.22631240907975,0.0,-0.04438860003960097,46.94629264669493,0.0,0.0,0.0,0.0,0.0,0.0,,,,,,,,,,,,,,,,,,,,,,,,,,,,,,,,,,,,,,,,,-4.843471050262451,33125,5.922051906585693,9.160317167968751e-05,0.046459466218948364,0.2011374831199646
0.35106846925425206,1.0,1,0.0,354.0266792288809,27.974069177405084,0.0,0.1622487072542992,847.1994408648461,666.5490942515377,0.0,0.0,0.0,0.0,0.0,,,,,,,,,,,,,,,,,,,,,,,,,,,,,,,,,,,,,,,,,-4.345541954040527,35306,3.830949544906616,9.118834304678202e-05,0.0385633148252964,0.25928911566734314
0.010279840091376356,1.0,0,0.0,-25.507722754102485,16.80993338985075,0.0,-0.30009085593061746,19.571402614703402,0.0,0.0,0.0,0.0,0.0,0.0,,,,,,,,,,,,,,,,,,,,,,,,,,,,,,,,,,,,,,,,,-5.981843948364258,35390,4.757390022277832,9.117238508395e-05,0.03829186037182808,0.2849404513835907
0.021597187343043698,0.0,0,0.0,3.538163657653776,21.513987042619355,0.0,0.02406914052825698,43.72414919256698,28.851744638559502,0.0,0.0,0.0,1.1500000000000004,1.0,,,,,,,,,,,,,,,,,,,,,,,,,,,,,,,,,,,,,,,,,-3.0823802947998047,35536,4.33589506149292,9.1144651965952e-05,0.03781888261437416,0.22413477301597595
,,,,,,,,,,,,,,,-34.762003899999996,240,0.22306224703788757,45537,22,2036,245.45,,,,,,,,,,,,,,,,,,,,,,,,,,,,,,,,,,,,,,,
0.038819026790595956,1.0,0,0.0,-13.289645493145699,25.773119122182642,0.0,-0.0706896036869452,66.9998725131154,0.0,0.0,0.0,0.0,0.0,0.0,,,,,,,,,,,,,,,,,,,,,,,,,,,,,,,,,,,,,,,,,-4.31564998626709,35723,4.338014602661133,9.110913697653551e-05,0.03722868859767914,0.22946053743362427
0.012626262626262626,1.0,0,0.0,-19.337671434009657,19.127686433388295,0.0,-0.24478065106341337,20.73767729382962,0.0,0.0,0.0,0.0,0.0,0.0,,,,,,,,,,,,,,,,,,,,,,,,,,,,,,,,,,,,,,,,,-5.008947372436523,35801,4.893512725830078,9.10943252942995e-05,0.03698677942156792,0.23762743175029755
0.02530459231490159,0.0,0,0.0,-39.320760663470864,30.987057610327188,0.0,-0.3510782202095613,47.923563244752586,0.0,0.0,1.0,0.0,0.0,0.0,,,,,,,,,,,,,,,,,,,,,,,,,,,,,,,,,,,,,,,,,-4.966986656188965,35912,4.387809753417969,9.107324921852802e-05,0.0366416871547699,0.2387952208518982
0.042027194066749075,1.0,0,0.0,2.049833997590202,23.839370392357104,0.0,0.009761114274239056,69.2705095859128,24.984581688417528,0.0,0.0,0.0,0.0,0.0,,,,,,,,,,,,,,,,,,,,,,,,,,,,,,,,,,,,,,,,,-6.880092144012451,36121,3.8515572547912598,9.103357209077951e-05,0.03599822148680687,0.21737104654312134
,,,,,,,,,,,,,,,-30.1897829,244,0.22309863567352295,46122,22,2062,241.11,,,,,,,,,,,,,,,,,,,,,,,,,,,,,,,,,,,,,,,
0.19435736677115986,0.0,0,0.0,87.34979326017908,21.658546894145545,0.0,0.06338881949214738,414.12684825155884,288.95143294802017,0.0,1.0,0.0,0.0,0.0,,,,,,,,,,,,,,,,,,,,,,,,,,,,,,,,,,,,,,,,,-11.52388858795166,37498,3.426013469696045,9.0772375970398e-05,0.03209115192294121,0.1905246078968048
0.03438256658595642,0.0,0,0.0,-1.5920033766970327,27.514766729230747,0.0,-0.008605423657821798,70.3798961956054,19.68956051659318,0.0,0.0,0.0,0.15000000000000002,1.0,,,,,,,,,,,,,,,,,,,,,,,,,,,,,,,,,,,,,,,,,-5.0089945793151855,37682,4.163593769073486,9.073750252583801e-05,0.03160262852907181,0.20476821064949036
0.09967396367023754,1.0,1,0.0,-77.65525840626732,25.800610670352015,0.0,-0.1300758097257409,213.47468886850402,94.433943509068,0.0,0.0,0.0,2.7499999999999982,0.0,,,,,,,,,,,,,,,,,,,,,,,,,,,,,,,,,,,,,,,,,-4.71142053604126,38278,2.7863082885742188,9.0624589145758e-05,0.0300936009734869,0.2932741045951843
0.004410585404971933,0.0,0,0.0,-21.803678655822974,12.198817281323086,0.0,-0.3070940655749715,11.879998891847208,0.0,0.0,0.0,0.0,0.0,1.0,,,,,,,,,,,,,,,,,,,,,,,,,,,,,,,,,,,,,,,,,-3.527237892150879,38348,3.3131844997406006,9.061133214584799e-05,0.029920168220996857,0.25336965918540955
,,,,,,,,,,,,,,,-27.095540480000004,248,0.22286486625671387,48349,22,2162,255.23,,,,,,,,,,,,,,,,,,,,,,,,,,,,,,,,,,,,,,,
,,,,,,,,,,,,,,,,,,,,,,4.015233516693115,1.1890058517456055,0.018316812813282013,0.1142929196357727,0.04631580784916878,15.831235885620117,0.135005384683609,0.0544118732213974,0.3373330235481262,0.5932010412216187,12.694903373718262,0.2730030119419098,0.06869977712631226,0.17014482617378235,24.892929077148438,14.933624267578125,0.14537838101387024,0.3201141357421875,1.3516587018966675,9.515921592712402,0.09165030717849731,18.700214385986328,0.35927796363830566,3.4177980422973633,4.253823280334473,0.5262426137924194,12.555554389953613,0.030710291117429733,37.81489944458008,1.6510921716690063,0.20237091183662415,0.008583975955843925,38.83319854736328,-5.655058860778809,39999,4.247661590576172,9.02989390500995e-05,0.0261783879250288,0.24766165018081665
0.2547399124939232,1.0,0,0.0,194.641705786067,19.95498956943134,0.0,0.1063615878612388,506.682286581723,399.6237758725365,0.0,0.0,0.0,0.0,0.0,,,,,,,,,,,,,,,,,,,,,,,,,,,,,,,,,,,,,,,,,-4.096216201782227,40177,3.682410955429077,9.02652912672355e-05,0.025792017579078674,0.2559468746185303
0.005829015544041451,0.0,0,0.0,-14.05334994741191,10.863659627314037,0.0,-0.24229913702434328,8.660188009147532,0.0,0.0,0.0,0.0,2.849999999999998,1.0,,,,,,,,,,,,,,,,,,,,,,,,,,,,,,,,,,,,,,,,,-2.4300789833068848,40234,4.108363628387451,9.0254517748222e-05,0.025672854855656624,0.2480575293302536
0.3845419847328244,1.0,0,0.0,-3.8465364420793335,25.11728897095171,0.0,-0.0015816350501970944,847.7712995959446,435.53649086415834,0.0,0.0,0.0,0.0,0.0,,,,,,,,,,,,,,,,,,,,,,,,,,,,,,,,,,,,,,,,,-3.059239387512207,42665,2.6627931594848633,8.979563842138751e-05,0.021235382184386253,0.24929186701774597
0.037251123956326265,1.0,0,0.0,-30.805855009330873,20.79795236481793,0.0,-0.15961582906389055,55.563194243237376,0.0,0.0,0.0,0.0,0.0,0.0,,,,,,,,,,,,,,,,,,,,,,,,,,,,,,,,,,,,,,,,,-3.4272098541259766,42857,3.2296953201293945,8.97594463136755e-05,0.02092231810092926,0.24610592424869537
,,,,,,,,,,,,,,,-21.716929439999998,252,0.22206096351146698,52858,22,2375,292.73,,,,,,,,,,,,,,,,,,,,,,,,,,,,,,,,,,,,,,,
0.09307244843997885,1.0,0,0.0,76.42197050937739,21.447239131243496,0.0,0.12801000085322845,177.49960085423663,194.10829248721095,0.0,0.0,0.0,0.39999999999999997,0.0,,,,,,,,,,,,,,,,,,,,,,,,,,,,,,,,,,,,,,,,,-2.778189182281494,43453,3.6906113624572754,8.964714670929551e-05,0.020007967948913574,0.19890594482421875
0.062085593731163354,0.0,0,0.0,-65.14354950342553,29.46617817738806,0.0,-0.2585061488231172,102.78938426077366,0.0,0.0,1.0,0.0,0.0,0.0,,,,,,,,,,,,,,,,,,,,,,,,,,,,,,,,,,,,,,,,,-1.5354868173599243,43704,2.5523996353149414,8.9599873901792e-05,0.01963081955909729,0.3049604594707489
0.20989862850327967,1.0,0,0.0,163.6677595739476,24.703933848742953,0.0,0.14905989032235664,376.10524845914915,281.15832258278755,0.0,0.0,0.0,13.300000000000054,0.0,,,,,,,,,,,,,,,,,,,,,,,,,,,,,,,,,,,,,,,,,-1.4911699295043945,44801,2.358006715774536,8.93934143852995e-05,0.018080826848745346,0.2850465774536133
0.02328705776981639,1.0,0,0.0,-28.86844431744455,23.05011477045865,0.0,-0.158617825920025,57.964697148650885,31.88858243923354,0.0,0.0,0.0,0.7000000000000001,0.0,,,,,,,,,,,,,,,,,,,,,,,,,,,,,,,,,,,,,,,,,-3.1362154483795166,44982,1.4874478578567505,8.935937252223801e-05,0.017847219482064247,0.25161945819854736
,,,,,,,,,,,,,,,-18.430354089999998,256,0.22143352031707764,54983,22,2467,305.3,,,,,,,,,,,,,,,,,,,,,,,,,,,,,,,,,,,,,,,
0.0064808813998703824,1.0,0,0.0,-25.54312867548876,8.712006512674506,0.0,-0.3274760086601123,9.240425152296666,0.0,0.0,0.0,0.0,0.0,0.0,,,,,,,,,,,,,,,,,,,,,,,,,,,,,,,,,,,,,,,,,-11.558515548706055,45059,1.499241590499878,8.93448926013595e-05,0.017748629674315453,0.24967718124389648
0.00997506234413965,1.0,0,0.0,-26.07416916720311,18.960980563475122,0.0,-0.26880586770312487,25.296370012685657,0.0,0.0,0.0,0.0,0.0,0.0,,,,,,,,,,,,,,,,,,,,,,,,,,,,,,,,,,,,,,,,,-1.6714671850204468,45155,3.1223597526550293,8.932684136548751e-05,0.017629429697990417,0.2441394329071045
0.020710059171597635,0.0,0,0.0,-42.54715163553566,20.299301729415603,0.0,-0.27449775248732683,43.519065264146775,0.0,0.0,0.0,0.0,0.0,1.0,,,,,,,,,,,,,,,,,,,,,,,,,,,,,,,,,,,,,,,,,-5.635750770568848,45309,2.796520709991455,8.92978880053595e-05,0.017434213310480118,0.27454933524131775
0.19692563356875778,1.0,0,0.0,296.1908482096072,25.440286553105935,0.0,0.21036281833068696,497.01823030319065,415.6308138638978,0.0,0.0,0.0,1.1500000000000004,0.0,,,,,,,,,,,,,,,,,,,,,,,,,,,,,,,,,,,,,,,,,-1.3802202939987183,46716,1.2865333557128906,8.9033578113272e-05,0.01583668403327465,0.3136436641216278
,,,,,,,,,,,,,,,-16.093913599999997,260,0.22086913883686066,56717,22,2546,314.97,,,,,,,,,,,,,,,,,,,,,,,,,,,,,,,,,,,,,,,
0.20195272353545735,1.0,1,0.0,176.69943213544363,24.998038119652488,0.0,0.14911344484003683,411.04989453498274,313.04295449775384,0.0,0.0,0.0,0.0,0.0,,,,,,,,,,,,,,,,,,,,,,,,,,,,,,,,,,,,,,,,,-1.431380033493042,47900,0.8116796016693115,8.881146479500001e-05,0.014646817930042744,0.2099391371011734
0.04642166344294004,1.0,0,0.0,53.11966685642555,20.151210414108053,0.0,0.19895006313267996,74.42081936402246,91.52904155995935,0.0,0.0,0.0,0.0,0.0,,,,,,,,,,,,,,,,,,,,,,,,,,,,,,,,,,,,,,,,,-6.969322204589844,48166,0.7201437950134277,8.876160271382199e-05,0.01441026758402586,0.2423999309539795
0.03691983122362869,0.0,0,0.0,-3.0499534630272906,27.181323510735893,0.0,-0.01742830550301309,65.86290009366348,0.0,0.0,0.0,0.0,0.0,1.0,,,,,,,,,,,,,,,,,,,,,,,,,,,,,,,,,,,,,,,,,-1.4417699575424194,48340,0.9901189804077148,8.87289937822e-05,0.014252560213208199,0.29074031114578247
0.16056799563080285,1.0,0,0.0,118.08165707532524,22.52448699659375,0.0,0.11679689127134049,315.8170454687206,147.095069724326,0.0,0.0,0.0,0.0,0.0,,,,,,,,,,,,,,,,,,,,,,,,,,,,,,,,,,,,,,,,,-2.513883590698242,49350,1.5630935430526733,8.853983103875e-05,0.013409665785729885,0.20287775993347168
,,,,,,,,,,,,,,,-6.894241429999999,264,0.2197195440530777,59351,22,2665,326.16,,,,,,,,,,,,,,,,,,,,,,,,,,,,,,,,,,,,,,,
0.016361256544502618,1.0,0,0.0,-41.303016252685296,17.876435712990542,0.0,-0.3860094976886476,26.301493383944035,0.0,0.0,0.0,0.0,0.0,0.0,,,,,,,,,,,,,,,,,,,,,,,,,,,,,,,,,,,,,,,,,-0.5067996978759766,49456,0.7750706672668457,8.851999008563202e-05,0.013327432796359062,0.20101383328437805
,,,,,,,,,,,,,,,,,,,,,,4.063875675201416,1.5961925983428955,0.01795768365263939,0.15265241265296936,0.05095475912094116,17.87929916381836,0.1504722237586975,0.05550209805369377,0.3606298565864563,0.5751744508743286,11.16597843170166,0.33300405740737915,0.08025189489126205,0.17221228778362274,26.4053955078125,15.574233055114746,0.1604709029197693,0.37796562910079956,1.3148654699325562,9.399442672729492,0.09533447027206421,17.623945236206055,0.37335342168807983,3.7309186458587646,3.3323004245758057,0.49578240513801575,12.609421730041504,0.028450988233089447,39.00285339355469,1.5405629873275757,0.21270400285720825,0.013628199696540833,36.301292419433594,-0.4870675206184387,49999,0.7892773151397705,8.84183870600995e-05,0.012928958050906658,0.23026910424232483
0.25960932577189666,1.0,0,0.0,-138.78225731012384,21.72572487673353,0.0,-0.09538299471486175,438.2511572362855,43.924911881739014,0.0,0.0,0.0,40.24999999999985,0.0,,,,,,,,,,,,,,,,,,,,,,,,,,,,,,,,,,,,,,,,,-4.786102294921875,50910,0.6659945249557495,8.824805779595e-05,0.01232728362083435,0.2001303732395172
0.024984384759525295,1.0,0,0.0,-16.399330324817214,27.52821869483253,0.0,-0.14385377477909836,43.29350194102153,23.21847999617045,0.0,0.0,0.0,0.0,0.0,,,,,,,,,,,,,,,,,,,,,,,,,,,,,,,,,,,,,,,,,-0.13114827871322632,51023,0.9556992053985596,8.82269417496355e-05,0.012258181348443031,0.2197396159172058
0.04007177033492823,0.0,0,0.0,34.09714902448452,27.354616515610427,0.0,0.19155701699148608,67.39645078871399,60.46637170175755,0.0,1.0,0.0,0.0,0.0,,,,,,,,,,,,,,,,,,,,,,,,,,,,,,,,,,,,,,,,,-0.24133963882923126,51200,1.2533695697784424,8.819387128e-05,0.012136364355683327,0.35264328122138977
,,,,,,,,,,,,,,,-6.6026340700000015,268,0.2189372330904007,61201,22,2743,339.39,,,,,,,,,,,,,,,,,,,,,,,,,,,,,,,,,,,,,,,
0.18509254627313657,1.0,1,0.0,147.03752947909013,25.50912519897745,0.0,0.13318616800642222,390.73270297050476,252.8871682170459,0.0,0.0,0.0,0.0,0.0,,,,,,,,,,,,,,,,,,,,,,,,,,,,,,,,,,,,,,,,,-0.25198251008987427,52303,0.9791229963302612,8.79879285489955e-05,0.011492488905787468,0.3052484393119812
0.036036036036036036,1.0,0,0.0,0.8500822231832128,26.73893161099993,0.0,0.005862636021953192,53.587145851692185,0.0,0.0,0.0,0.0,0.0,0.0,,,,,,,,,,,,,,,,,,,,,,,,,,,,,,,,,,,,,,,,,-2.110703945159912,52447,0.20097553730010986,8.79610599669955e-05,0.011418676003813744,0.2804582417011261
0.08927381745502998,1.0,0,0.0,-0.13235648709597925,20.365382168815213,0.0,-0.00027177923428332493,137.4979703980498,0.0,0.0,0.0,0.0,2.3499999999999996,0.0,,,,,,,,,,,,,,,,,,,,,,,,,,,,,,,,,,,,,,,,,-0.6389787197113037,52933,1.1355942487716675,8.78704089676555e-05,0.01117764227092266,0.22599542140960693
0.03303684879288437,1.0,0,0.0,-15.398036002094607,25.148341515815883,0.0,-0.09807666243372361,54.54826435633004,0.0,0.0,0.0,0.0,0.0,0.0,,,,,,,,,,,,,,,,,,,,,,,,,,,,,,,,,,,,,,,,,0.6701822280883789,53089,1.4360284805297852,8.784132108113951e-05,0.011109425686299801,0.2532215714454651
,,,,,,,,,,,,,,,-3.718974450000002,272,0.21803376078605652,63090,22,2831,353.65,,,,,,,,,,,,,,,,,,,,,,,,,,,,,,,,,,,,,,,
0.006035003017501509,1.0,0,0.0,-12.36447714992162,13.319222390017538,0.0,-0.23777840672926193,9.430643427185714,0.0,0.0,0.0,0.0,2.499999999999999,0.0,,,,,,,,,,,,,,,,,,,,,,,,,,,,,,,,,,,,,,,,,-1.7398521900177002,53140,-0.7046831846237183,8.783181263020001e-05,0.011087527498602867,0.24835018813610077
0.1535965386695511,1.0,0,0.0,162.3640333539622,22.332541009924896,0.0,0.16350859350852187,307.5453355025966,222.5638693578247,0.0,0.0,0.0,2.4499999999999993,0.0,,,,,,,,,,,,,,,,,,,,,,,,,,,,,,,,,,,,,,,,,-3.5034780502319336,54132,0.5349775552749634,8.7646966885688e-05,0.010669082403182983,0.22606344521045685
0.022593764121102575,1.0,0,0.0,-10.050751607441182,22.17601133067275,0.0,-0.05843460236884408,52.792833272367716,35.739443105175226,0.0,0.0,0.0,0.0,0.0,,,,,,,,,,,,,,,,,,,,,,,,,,,,,,,,,,,,,,,,,-2.1875662803649902,54303,-0.6316269636154175,8.76151231429955e-05,0.01059873215854168,0.2644837200641632
0.18301982714794102,1.0,0,0.0,-469.6246144346343,23.947092373721382,0.0,-0.41087017885794774,379.70160300377756,0.0,0.0,0.0,0.0,0.0,0.0,,,,,,,,,,,,,,,,,,,,,,,,,,,,,,,,,,,,,,,,,1.3589773178100586,55445,-0.33137986063957214,8.740260827848752e-05,0.010227467864751816,0.28561505675315857
,,,,,,,,,,,,,,,-5.57280464,276,0.2170572727918625,65446,22,2941,367.65,,,,,,,,,,,,,,,,,,,,,,,,,,,,,,,,,,,,,,,
0.18294849023090587,0.0,0,0.0,11.022481841742419,29.801124675939434,0.0,0.010477644336257053,435.11455489345826,47.344802293759614,0.0,1.0,0.0,0.0,0.0,,,,,,,,,,,,,,,,,,,,,,,,,,,,,,,,,,,,,,,,,-0.3020458221435547,56496,-0.4708523750305176,8.7207256942592e-05,0.009961165487766266,0.2601104974746704
0.03224101479915433,1.0,0,0.0,0.22850063806380128,29.21757855809917,0.0,0.0016925973189911205,54.4981873605866,0.0,0.0,0.0,0.0,2.25,0.0,,,,,,,,,,,,,,,,,,,,,,,,,,,,,,,,,,,,,,,,,-2.373305320739746,56630,0.8577100038528442,8.718236591155001e-05,0.009933654218912125,0.27764779329299927
0.1689497716894977,0.0,0,0.0,-119.47353432964628,26.325265500346315,0.0,-0.16970672490006575,257.0192306842655,0.0,0.0,0.0,0.0,0.2,1.0,,,,,,,,,,,,,,,,,,,,,,,,,,,,,,,,,,,,,,,,,-0.18656909465789795,57333,0.33100301027297974,8.705183942245551e-05,0.009776532649993896,0.3432486355304718
0.044785668586052464,1.0,0,0.0,17.72972740161522,20.507638789805416,0.0,0.07035606111752073,71.54244107659906,53.70058553734025,0.0,0.0,0.0,0.0,0.0,,,,,,,,,,,,,,,,,,,,,,,,,,,,,,,,,,,,,,,,,-1.1902532577514648,57584,1.3980307579040527,8.7005259907072e-05,0.009715268388390541,0.3163983225822449
,,,,,,,,,,,,,,,-5.560443799999999,280,0.21625936031341553,67585,22,3037,383.89,,,,,,,,,,,,,,,,,,,,,,,,,,,,,,,,,,,,,,,
0.0759682224428997,1.0,0,0.0,-44.97461494795945,29.58014000400686,0.0,-0.11961333762755173,154.0506904880749,32.45963880085454,0.0,0.0,0.0,0.8500000000000002,0.0,,,,,,,,,,,,,,,,,,,,,,,,,,,,,,,,,,,,,,,,,-3.4989805221557617,57959,0.9178670048713684,8.69356923552595e-05,0.009631259366869926,0.28636232018470764
0.03438256658595642,1.0,0,0.0,56.17323911228486,25.18302241784395,0.0,0.27136830489026503,72.16658780910075,88.53922999140747,0.0,0.0,0.0,0.0,0.0,,,,,,,,,,,,,,,,,,,,,,,,,,,,,,,,,,,,,,,,,1.788367509841919,58165,-1.105557918548584,8.68974884888875e-05,0.009593052789568901,0.3251785635948181
0.03713527851458886,0.0,0,0.0,-24.752997836576263,22.03967456323672,0.0,-0.13236897238810835,57.03824256482767,0.0,0.0,0.0,0.0,0.35,1.0,,,,,,,,,,,,,,,,,,,,,,,,,,,,,,,,,,,,,,,,,0.060445189476013184,58351,1.0718934535980225,8.68630009904995e-05,0.0095541812479496,0.3152772784233093
0.14467813894200127,1.0,0,0.0,80.31869569514035,29.689571643927046,0.0,0.14873832536137102,222.4071952966042,138.05844900020938,0.0,0.0,0.0,6.549999999999985,0.0,,,,,,,,,,,,,,,,,,,,,,,,,,,,,,,,,,,,,,,,,-1.6349107027053833,58890,1.9137444496154785,8.676310029395001e-05,0.009476268664002419,0.3255922794342041
,,,,,,,,,,,,,,,-1.4612158099999994,284,0.2157352715730667,68891,22,3096,388.26,,,,,,,,,,,,,,,,,,,,,,,,,,,,,,,,,,,,,,,
0.06845809341010876,1.0,0,0.0,-247.88778639798403,16.959731292700294,0.0,-0.5424240402581707,107.52339794673026,0.0,0.0,0.0,0.0,0.0,0.0,,,,,,,,,,,,,,,,,,,,,,,,,,,,,,,,,,,,,,,,,0.5829782485961914,59346,0.30559852719306946,8.6678628337742e-05,0.009400654584169388,0.32717055082321167
,,,,,,,,,,,,,,,,,,,,,,4.620623588562012,1.281110167503357,0.015572164207696915,0.16505533456802368,0.044268302619457245,19.121673583984375,0.10965621471405029,0.061019595712423325,0.33565109968185425,0.5386115312576294,12.57291316986084,0.3624391257762909,0.0769222304224968,0.1622805893421173,25.41670799255371,17.554458618164062,0.12328330427408218,0.4115438163280487,1.1791802644729614,8.911446571350098,0.10852745175361633,12.703681945800781,0.3513127565383911,3.3521552085876465,3.4205727577209473,0.46997779607772827,12.288471221923828,0.02952585741877556,41.98860168457031,1.533139705657959,0.23182281851768494,0.011058345437049866,35.588409423828125,-0.9391518831253052,59999,1.1641836166381836,8.65577350700995e-05,0.009293454699218273,0.309215247631073
0.31551038444542645,0.0,0,0.0,-227.15311397236277,24.004251968342118,0.0,-0.09954124188096529,760.1659528212622,131.51104073171288,0.0,1.0,0.0,0.7500000000000001,0.0,,,,,,,,,,,,,,,,,,,,,,,,,,,,,,,,,,,,,,,,,0.8735659122467041,61627,1.009799838066101,8.62567044993355e-05,0.00908161886036396,0.3662756681442261
0.09253012048192771,1.0,0,0.0,100.00734901023134,29.096560943441375,0.0,0.2123298280472003,190.02634904254228,138.27096374899446,0.0,0.0,0.0,3.8499999999999943,0.0,,,,,,,,,,,,,,,,,,,,,,,,,,,,,,,,,,,,,,,,,-1.7413880825042725,62097,1.4006277322769165,8.61698957521955e-05,0.009067405015230179,0.35276663303375244
0.18034878774989366,1.0,1,0.0,305.6360600132459,21.292291902804706,0.0,0.20041708853327603,450.4947485951707,414.82312516331314,0.0,0.0,0.0,0.0,0.0,,,,,,,,,,,,,,,,,,,,,,,,,,,,,,,,,,,,,,,,,-1.4097588062286377,63621,0.8716796040534973,8.58887161382795e-05,0.00895172543823719,0.29193514585494995
,,,,,,,,,,,,,,,-1.4650018700000005,288,0.21403412520885468,73622,22,3308,428.95,,,,,,,,,,,,,,,,,,,,,,,,,,,,,,,,,,,,,,,
0.023556581986143188,0.0,0,0.0,9.744699067334992,26.112096435934713,0.0,0.06862464131926051,51.30159528134391,56.3890969980099,0.0,1.0,0.0,2.3,0.0,,,,,,,,,,,,,,,,,,,,,,,,,,,,,,,,,,,,,,,,,-0.8832458257675171,63762,0.8469835519790649,8.5862724848078e-05,0.008946357294917107,0.3335070312023163
0.01282051282051282,1.0,0,0.0,-9.24076210993155,18.952053658224145,0.0,-0.09526558876218093,25.283032121893484,0.0,0.0,0.0,0.0,4.749999999999991,0.0,,,,,,,,,,,,,,,,,,,,,,,,,,,,,,,,,,,,,,,,,-3.603316068649292,63858,0.7412652373313904,8.584503091431801e-05,0.008947010152041912,0.30041465163230896
0.296875,1.0,0,0.0,46.47841150682397,26.274954583970334,0.0,0.026589480267061767,637.2293722629547,32.14725833189709,0.0,0.0,0.0,2.5999999999999988,0.0,,,,,,,,,,,,,,,,,,,,,,,,,,,,,,,,,,,,,,,,,0.29000359773635864,65605,1.2928217649459839,8.55233585444875e-05,0.008870735764503479,0.3882577121257782
0.049129353233830844,1.0,0,0.0,-21.131017970144427,29.017038107595774,0.0,-0.10781131617420626,78.80443164333701,0.0,0.0,0.0,0.0,5.14999999999999,0.0,,,,,,,,,,,,,,,,,,,,,,,,,,,,,,,,,,,,,,,,,0.18269433081150055,65800,2.1061594486236572,8.548749118000001e-05,0.008855098858475685,0.33472853899002075
,,,,,,,,,,,,,,,1.9756605399999998,292,0.21329045295715332,75801,22,3403,439.84,,,,,,,,,,,,,,,,,,,,,,,,,,,,,,,,,,,,,,,
0.10779082177161152,1.0,0,0.0,118.95363194667206,23.63884171485456,0.0,0.1975973952602526,197.41808442841284,173.59799811862325,0.0,0.0,0.0,3.7499999999999947,0.0,,,,,,,,,,,,,,,,,,,,,,,,,,,,,,,,,,,,,,,,,2.1455469131469727,66401,2.1923141479492188,8.537699372369951e-05,0.008842377923429012,0.3147154450416565
0.09642301710730948,0.0,0,1.0,-204.67384113391205,15.482758536121846,0.0,-0.21773812886586388,201.89426527017076,0.0,0.0,0.0,0.0,0.0,0.0,,,,,,,,,,,,,,,,,,,,,,,,,,,,,,,,,,,,,,,,,-0.0024751126766204834,67340,-0.21126288175582886,8.52044968222e-05,0.008844519034028053,0.36963117122650146
0.038100820633059786,1.0,0,0.0,-21.295864564921278,23.684798976586425,0.0,-0.10439149296530038,66.81728307623416,0.0,0.0,0.0,0.0,0.0,0.0,,,,,,,,,,,,,,,,,,,,,,,,,,,,,,,,,,,,,,,,,1.1218745708465576,67543,1.837599277496338,8.51672282264755e-05,0.008833379484713078,0.2727568447589874
0.009041591320072333,1.0,0,0.0,-5.649221059273144,14.166124767073416,0.0,-0.07738658985305677,14.1875429158099,0.0,0.0,0.0,0.0,3.5499999999999954,0.0,,,,,,,,,,,,,,,,,,,,,,,,,,,,,,,,,,,,,,,,,-4.802067756652832,67615,1.9302557706832886,8.51540117783875e-05,0.008843452669680119,0.3027718663215637
,,,,,,,,,,,,,,,1.8989504900000003,296,0.21278159320354462,77616,22,3490,452.38,,,,,,,,,,,,,,,,,,,,,,,,,,,,,,,,,,,,,,,
,,,,,,,,,,,,,,,,,,,,,,4.665431022644043,1.1249289512634277,0.017370687797665596,0.16695305705070496,0.04578687995672226,17.976478576660156,0.13290099799633026,0.062041714787483215,0.33005982637405396,0.5394058227539062,12.971814155578613,0.37472063302993774,0.09214958548545837,0.17008672654628754,24.819934844970703,16.641727447509766,0.1477610170841217,0.4222725033760071,1.306246042251587,9.922101020812988,0.12047320604324341,14.30996322631836,0.3374752998352051,3.4430954456329346,3.3471014499664307,0.4831669330596924,12.790231704711914,0.031085552647709846,40.347618103027344,1.5983564853668213,0.22130458056926727,0.01044755894690752,36.33332824707031,-2.0107808113098145,69999,1.1597987413406372,8.47169830800995e-05,0.008874332532286644,0.3489590287208557
0.35311827956989245,1.0,0,0.0,-293.88177662475334,25.359626006930046,0.0,-0.1196100026962773,864.6459246487357,243.7842553310675,0.0,0.0,0.0,0.0,0.0,,,,,,,,,,,,,,,,,,,,,,,,,,,,,,,,,,,,,,,,,-0.8424222469329834,70071,0.8320391774177551,8.47038018215795e-05,0.00888154562562704,0.30678674578666687
0.05863539445628998,1.0,0,0.0,-10.306177190128329,36.44084557579517,0.0,-0.050769345764178964,102.46593543421477,0.0,0.0,0.0,0.0,0.0,0.0,,,,,,,,,,,,,,,,,,,,,,,,,,,,,,,,,,,,,,,,,3.0804100036621094,70273,1.419277310371399,8.46668265756355e-05,0.008873993530869484,0.3321540951728821
0.018343815513626835,1.0,0,0.0,-26.928436577422268,13.649339649575966,0.0,-0.14400233463862175,35.2846088643164,0.0,0.0,0.0,0.0,9.049999999999994,0.0,,,,,,,,,,,,,,,,,,,,,,,,,,,,,,,,,,,,,,,,,0.3036639988422394,70459,0.7141453623771667,8.463278724275949e-05,0.008881079033017159,0.35458579659461975
0.0004363001745200698,0.0,0,1.0,-16.344488334717035,0.32169234014462095,0.0,-0.1541932861765758,0.4238294210663298,0.0,0.0,0.0,0.0,2.799999999999998,0.0,,,,,,,,,,,,,,,,,,,,,,,,,,,,,,,,,,,,,,,,,-3.9168343544006348,70564,1.8257043361663818,8.461357453055201e-05,0.008887464180588722,0.30219101905822754
,,,,,,,,,,,,,,,-0.4296207800000003,300,0.2120046466588974,80565,22,3626,477.59,,,,,,,,,,,,,,,,,,,,,,,,,,,,,,,,,,,,,,,
0.19214183037853377,1.0,0,0.0,184.61737620778555,21.21515759860782,0.0,0.12955605347914775,419.4726423919201,320.8259473541616,0.0,0.0,0.0,0.0,0.0,,,,,,,,,,,,,,,,,,,,,,,,,,,,,,,,,,,,,,,,,0.8847460150718689,71988,1.7414456605911255,8.435323019832802e-05,0.008887879550457,0.26876455545425415
0.12975508077123502,0.0,0,0.0,165.2069857945945,23.25513787276393,0.0,0.19928466320216465,267.34562853723764,235.56017748418165,0.0,1.0,0.0,1.6500000000000008,0.0,,,,,,,,,,,,,,,,,,,,,,,,,,,,,,,,,,,,,,,,,0.6124670505523682,72816,1.8643009662628174,8.420203574067201e-05,0.008891075849533081,0.33585304021835327
0.0365296803652968,0.0,0,0.0,52.5258454499328,30.822522233413448,0.0,0.2793927949464511,80.23535368405282,75.42732657731908,0.0,1.0,0.0,0.0,0.0,,,,,,,,,,,,,,,,,,,,,,,,,,,,,,,,,,,,,,,,,3.3606271743774414,73003,0.43410927057266235,8.416790805189551e-05,0.00890511553734541,0.34749531745910645
0.006430868167202572,1.0,0,0.0,-2.290455679119434,18.84715553889385,0.0,-0.043216144889045925,13.629291894845665,0.0,0.0,0.0,0.0,2.549999999999999,0.0,,,,,,,,,,,,,,,,,,,,,,,,,,,,,,,,,,,,,,,,,-1.8997561931610107,73055,1.2692712545394897,8.415841923598751e-05,0.00890439748764038,0.321758896112442
,,,,,,,,,,,,,,,2.9806425699999983,304,0.2113979458808899,83056,22,3741,490.91,,,,,,,,,,,,,,,,,,,,,,,,,,,,,,,,,,,,,,,
0.20590043023970497,0.0,1,0.0,32.69208277027012,27.33599275715862,0.0,0.03665031700702928,338.2567847786704,185.88555721908372,0.0,1.0,0.0,0.0,0.0,,,,,,,,,,,,,,,,,,,,,,,,,,,,,,,,,,,,,,,,,1.1731517314910889,73946,1.2851399183273315,8.3995915626142e-05,0.00896433088928461,0.3210480213165283
0.004996876951905059,1.0,0,0.0,-16.514422469930178,11.167387631292259,0.0,-0.3302884493986036,7.542018984910101,0.0,0.0,0.0,0.0,0.0,0.0,,,,,,,,,,,,,,,,,,,,,,,,,,,,,,,,,,,,,,,,,-1.1859705448150635,73995,0.6282781362533569,8.39869834224875e-05,0.00895782746374607,0.36397284269332886
0.02880184331797235,1.0,0,0.0,5.652149371448701,27.44338608104145,0.0,0.04749705354158572,45.04054389335215,0.0,0.0,0.0,0.0,0.0,0.0,,,,,,,,,,,,,,,,,,,,,,,,,,,,,,,,,,,,,,,,,-5.936491966247559,74113,0.8621850609779358,8.396547517851551e-05,0.008970962837338448,0.34760376811027527
0.14979757085020243,1.0,1,0.0,275.3480092458656,25.044606755182542,0.0,0.30224808918316753,316.55067643523216,367.2464306560776,0.0,0.0,0.0,0.0,0.0,,,,,,,,,,,,,,,,,,,,,,,,,,,,,,,,,,,,,,,,,1.4116158485412598,75023,0.2639588713645935,8.379969959763551e-05,0.008975750766694546,0.350070059299469
,,,,,,,,,,,,,,,8.119090829999998,308,0.21102142333984375,85024,22,3832,501.59,,,,,,,,,,,,,,,,,,,,,,,,,,,,,,,,,,,,,,,
0.02379746835443038,1.0,0,0.0,-20.09318265838614,16.458421341816017,0.0,-0.09753972164265116,46.89869031094713,0.0,0.0,0.0,0.0,0.0,0.0,,,,,,,,,,,,,,,,,,,,,,,,,,,,,,,,,,,,,,,,,-0.7048693895339966,75228,1.2432637214660645,8.376237729240801e-05,0.00897868350148201,0.30844107270240784
0.21331581252737625,0.0,0,0.0,93.2820685962115,28.175475938976902,0.0,0.07126208448908442,511.87489016726613,115.940311098123,0.0,1.0,0.0,0.0,0.0,,,,,,,,,,,,,,,,,,,,,,,,,,,,,,,,,,,,,,,,,0.04421394318342209,76536,1.2291364669799805,8.352443968995202e-05,0.008963112719357014,0.3028673529624939
0.03341288782816229,0.0,0,0.0,3.8322643988491905,29.823751386240378,0.0,0.02228060697005343,70.98053314164281,50.84008211760002,0.0,1.0,0.0,2.3999999999999995,0.0,,,,,,,,,,,,,,,,,,,,,,,,,,,,,,,,,,,,,,,,,0.8880480527877808,76707,1.683150053024292,8.349335833297551e-05,0.008952105417847633,0.33200719952583313
0.009702457956015523,1.0,0,0.0,-0.6746852657496447,18.032953962043145,0.0,-0.010379773319225303,16.051113252993673,12.153589033895674,0.0,0.0,0.0,0.0,0.0,,,,,,,,,,,,,,,,,,,,,,,,,,,,,,,,,,,,,,,,,1.9959540367126465,76771,2.04722261428833,8.34817270408795e-05,0.00895161833614111,0.33274540305137634
,,,,,,,,,,,,,,,8.64923106,312,0.21064026653766632,86772,22,3910,511.21,,,,,,,,,,,,,,,,,,,,,,,,,,,,,,,,,,,,,,,
0.08598726114649681,0.0,0,0.0,74.99362139797717,33.52812149021517,0.0,0.2577100391683064,135.26118796598166,120.22545285544128,0.0,1.0,0.0,0.2,0.0,,,,,,,,,,,,,,,,,,,,,,,,,,,,,,,,,,,,,,,,,1.3873393535614014,77061,0.8253170251846313,8.34290329632395e-05,0.008949164301156998,0.3955889940261841
0.13194444444444445,1.0,0,0.0,171.38425206721035,24.781211792135785,0.0,0.2686273543373203,219.29012957960367,179.1605252519103,0.0,0.0,0.0,9.349999999999998,0.0,,,,,,,,,,,,,,,,,,,,,,,,,,,,,,,,,,,,,,,,,0.8748952150344849,77698,0.5566356778144836,8.331334645079799e-05,0.008957797661423683,0.32059651613235474
0.033783783783783786,1.0,0,0.0,-64.7774687122149,22.044130787107136,0.0,-0.35205146039247226,56.04067071713507,0.0,0.0,0.0,0.0,0.0,0.0,,,,,,,,,,,,,,,,,,,,,,,,,,,,,,,,,,,,,,,,,1.2535277605056763,77881,0.8566120862960815,8.328012648101951e-05,0.008954547345638275,0.4093881845474243
0.0667433831990794,1.0,0,0.0,13.930109001138,31.203030220605367,0.0,0.055720436004551996,108.13386438600719,0.0,0.0,0.0,0.0,0.0,0.0,,,,,,,,,,,,,,,,,,,,,,,,,,,,,,,,,,,,,,,,,-0.6596459746360779,78130,1.5859689712524414,8.323493624155e-05,0.008973491378128529,0.3807164430618286
,,,,,,,,,,,,,,,11.847235699999997,316,0.2103593945503235,88131,22,3969,515.39,,,,,,,,,,,,,,,,,,,,,,,,,,,,,,,,,,,,,,,
0.02383419689119171,0.0,0,0.0,12.994523961283939,28.23157845245223,0.0,0.1120217582869305,45.23080988554284,45.11231550391323,0.0,1.0,0.0,0.0,0.0,,,,,,,,,,,,,,,,,,,,,,,,,,,,,,,,,,,,,,,,,-0.03786119073629379,78245,1.3556910753250122,8.32140694124875e-05,0.008977086283266544,0.27886509895324707
0.03121319199057715,1.0,0,0.0,-1.1253944483343243,31.197662813399752,0.0,-0.010138688723732652,47.81226832349785,0.0,0.0,0.0,0.0,0.0,0.0,,,,,,,,,,,,,,,,,,,,,,,,,,,,,,,,,,,,,,,,,-0.10061188787221909,78355,1.749257206916809,8.31941122994875e-05,0.008981085382401943,0.3313678503036499
,,,,,,,,,,,,,,,,,,,,,,3.9333109855651855,1.10969078540802,0.01669253222644329,0.1811237931251526,0.044010818004608154,19.766122817993164,0.12099728733301163,0.0500754788517952,0.3166472911834717,0.5243080258369446,12.050735473632812,0.3733285069465637,0.0876578837633133,0.15974654257297516,24.871898651123047,17.21659278869629,0.13651961088180542,0.41564589738845825,1.3111591339111328,9.566144943237305,0.11042504012584686,13.204489707946777,0.3272586464881897,3.45694637298584,3.5613021850585938,0.4667534828186035,12.547714233398438,0.03263343870639801,40.741512298583984,1.6021212339401245,0.21918660402297974,0.010168477892875671,36.662384033203125,1.700397253036499,79999,0.9283328056335449,8.289613109009951e-05,0.00898616574704647,0.33084234595298767
0.30669371196754563,1.0,0,0.0,383.6236452457183,23.58192372110118,0.0,0.1577399857095881,796.002485731151,538.0623565810087,0.0,0.0,0.0,0.0,0.0,,,,,,,,,,,,,,,,,,,,,,,,,,,,,,,,,,,,,,,,,1.4455676078796387,80786,0.3477308750152588,8.2753674730702e-05,0.008984160609543324,0.2805712819099426
0.054512416717141125,1.0,0,0.0,84.21739157899489,21.012468207230647,0.0,0.2707954713150961,90.53951108641922,123.54453854388228,0.0,0.0,0.0,0.0,0.0,,,,,,,,,,,,,,,,,,,,,,,,,,,,,,,,,,,,,,,,,1.7851595878601074,81096,1.221418857574463,8.269759488099201e-05,0.008998892270028591,0.3414989113807678
,,,,,,,,,,,,,,,16.083427489999995,320,0.20979146659374237,91097,22,4104,534.46,,,,,,,,,,,,,,,,,,,,,,,,,,,,,,,,,,,,,,,
0.1894184168012924,1.0,0,0.0,250.8439059000375,24.879415779922358,0.0,0.17359439854673875,498.90095342323184,206.26886528057346,0.0,0.0,0.0,43.149999999999686,0.0,,,,,,,,,,,,,,,,,,,,,,,,,,,,,,,,,,,,,,,,,-3.9452109336853027,82540,2.164968252182007,8.24366233342e-05,0.009053760208189487,0.31685924530029297
0.015206812652068127,1.0,0,0.0,-17.078088567174376,17.52072690853414,0.0,-0.16908998581360768,24.3928294852376,0.0,0.0,0.0,0.0,0.0,0.0,,,,,,,,,,,,,,,,,,,,,,,,,,,,,,,,,,,,,,,,,0.2585776746273041,82640,0.0671212449669838,8.241856587519999e-05,0.009063998237252235,0.2920694947242737
0.018518518518518517,1.0,0,0.0,17.010339324480892,25.80067088365169,0.0,0.1518780296828651,39.824753833934665,41.87104753158237,0.0,0.0,0.0,1.6000000000000008,0.0,,,,,,,,,,,,,,,,,,,,,,,,,,,,,,,,,,,,,,,,,-1.2942475080490112,82751,0.8005660176277161,8.23985244260995e-05,0.009065913036465645,0.32959264516830444
0.04948586118251928,1.0,0,0.0,3.854810408095549,29.244857262777852,0.0,0.021297295072351098,73.21597621496767,0.0,0.0,0.0,0.0,0.0,0.0,,,,,,,,,,,,,,,,,,,,,,,,,,,,,,,,,,,,,,,,,0.2644346058368683,82931,0.5468052625656128,8.23660299907195e-05,0.00907625537365675,0.3275631070137024
,,,,,,,,,,,,,,,19.47092128,324,0.2095489650964737,92932,22,4190,538.56,,,,,,,,,,,,,,,,,,,,,,,,,,,,,,,,,,,,,,,
0.16817456093666844,1.0,0,0.0,-142.08520071385465,23.780040623142842,0.0,-0.13767945805606072,340.3165656533092,12.714238409856746,0.0,0.0,0.0,19.650000000000144,0.0,,,,,,,,,,,,,,,,,,,,,,,,,,,,,,,,,,,,,,,,,2.7687792778015137,83962,-0.6119056344032288,8.2180033315678e-05,0.009102659299969673,0.2959592342376709
0.14113980409617097,1.0,0,0.0,45.452443740598504,25.33941864158323,0.0,0.047052219193166156,339.4859499000013,99.3310481754177,0.0,0.0,0.0,0.0,0.0,,,,,,,,,,,,,,,,,,,,,,,,,,,,,,,,,,,,,,,,,2.2881946563720703,84927,-0.5145519971847534,8.200613496523551e-05,0.009130415506660938,0.33708998560905457
0.29853181076672103,1.0,1,0.0,326.7178339874655,23.509096968064714,0.0,0.137739390382574,773.8718216223642,502.58175718940896,0.0,0.0,0.0,0.0,0.0,,,,,,,,,,,,,,,,,,,,,,,,,,,,,,,,,,,,,,,,,0.548360288143158,87298,-0.16954663395881653,8.157965462999801e-05,0.009155234321951866,0.3274053931236267
0.06293706293706294,1.0,0,0.0,0.9818856713429547,35.61857352417935,0.0,0.005035311135092075,96.15972709655762,13.482985801197255,0.0,0.0,0.0,0.0,0.0,,,,,,,,,,,,,,,,,,,,,,,,,,,,,,,,,,,,,,,,,-2.474195957183838,87492,0.1904926598072052,8.1544808661368e-05,0.009158487431704998,0.33916139602661133
,,,,,,,,,,,,,,,20.934821669999998,328,0.20877370238304138,97493,22,4401,564.21,,,,,,,,,,,,,,,,,,,,,,,,,,,,,,,,,,,,,,,
0.025357607282184655,1.0,0,0.0,-9.577845628338977,29.010870767078536,0.0,-0.09390044733665665,40.76874152664095,0.0,0.0,0.0,0.0,0.0,0.0,,,,,,,,,,,,,,,,,,,,,,,,,,,,,,,,,,,,,,,,,-0.7732205390930176,87593,0.007482647895812988,8.15266701680755e-05,0.009156356565654278,0.3123246729373932
0.07417433676231727,0.0,0,0.0,115.38708328028844,23.835749957138976,0.0,0.279387610848156,136.4544325619936,170.0808864887333,0.0,1.0,0.0,0.0,0.0,,,,,,,,,,,,,,,,,,,,,,,,,,,,,,,,,,,,,,,,,1.6916919946670532,88005,0.005345210433006287,8.14527005124875e-05,0.009153082966804504,0.2983853220939636
,,,,,,,,,,,,,,,,,,,,,,4.362819671630859,1.1885851621627808,0.015314767137169838,0.1703256517648697,0.047613438218832016,17.776290893554688,0.12225986272096634,0.056623488664627075,0.3315039277076721,0.5074090361595154,12.054753303527832,0.40212199091911316,0.10493269562721252,0.16676419973373413,25.54226303100586,17.598968505859375,0.13806691765785217,0.433313250541687,1.179997444152832,10.951457023620605,0.11550406366586685,12.759832382202148,0.34489747881889343,3.6685988903045654,3.301025390625,0.4516337513923645,12.849123001098633,0.03162917122244835,41.96805953979492,1.4711880683898926,0.2284107655286789,0.011388571001589298,34.798221588134766,1.2029592990875244,89999,-0.620976984500885,8.10951791000995e-05,0.009181692264974117,0.2943229675292969
0.5364891518737672,1.0,0,0.0,189.2250242358751,26.913848203795197,0.0,0.06198002759118084,1140.418796919752,463.33900396250516,0.0,0.0,0.0,6.0499999999999865,0.0,,,,,,,,,,,,,,,,,,,,,,,,,,,,,,,,,,,,,,,,,0.14117103815078735,91057,0.22231848537921906,8.090580246627552e-05,0.00916358083486557,0.35002291202545166
0.1826086956521739,1.0,0,0.0,-177.43061365709647,31.381690892170695,0.0,-0.2044131493745351,377.9506486179307,0.0,0.0,0.0,0.0,3.599999999999995,0.0,,,,,,,,,,,,,,,,,,,,,,,,,,,,,,,,,,,,,,,,,0.13672009110450745,91924,-0.19090190529823303,8.075077992671201e-05,0.009153575636446476,0.3276405930519104
,,,,,,,,,,,,,,,21.956965889999996,332,0.20804660022258759,101925,22,4604,595.64,,,,,,,,,,,,,,,,,,,,,,,,,,,,,,,,,,,,,,,
0.08810325476992144,0.0,0,0.0,127.3173244199784,24.214092656628054,0.0,0.29747038415882804,143.65996732003987,183.9906200121624,0.0,1.0,0.0,0.0,0.0,,,,,,,,,,,,,,,,,,,,,,,,,,,,,,,,,,,,,,,,,-4.143423080444336,92351,-0.29709768295288086,8.06744858564995e-05,0.009162572212517262,0.3048880100250244
0.05813953488372093,1.0,0,0.0,-13.613352582383966,29.8514122071759,0.0,-0.056722302426599855,99.3157741597388,0.0,0.0,0.0,0.0,7.7499999999999805,0.0,,,,,,,,,,,,,,,,,,,,,,,,,,,,,,,,,,,,,,,,,-0.40174514055252075,92590,0.7942945957183838,8.063179845595e-05,0.009144322946667671,0.3175064027309418
0.08243727598566308,0.0,0,0.0,81.56980444732388,31.332718735700613,0.0,0.21986470201435007,161.1004167322535,90.54023457461554,0.0,0.0,0.0,1.5500000000000007,1.0,,,,,,,,,,,,,,,,,,,,,,,,,,,,,,,,,,,,,,,,,-4.016910076141357,92960,-0.4265552759170532,8.056573577920002e-05,0.009134216234087944,0.4096054434776306
0.05555555555555555,1.0,0,0.0,25.972526148266077,23.86639978109067,0.0,0.1018530437186905,84.23950052121654,0.0,0.0,0.0,0.0,12.650000000000045,0.0,,,,,,,,,,,,,,,,,,,,,,,,,,,,,,,,,,,,,,,,,-2.0147266387939453,93214,-0.31260815262794495,8.0520400414702e-05,0.00913321040570736,0.28220808506011963
,,,,,,,,,,,,,,,24.71912906,336,0.2078503668308258,103215,22,4662,602.13,,,,,,,,,,,,,,,,,,,,,,,,,,,,,,,,,,,,,,,
0.053037171350861285,0.0,1,0.0,101.08042917767813,29.141868185307334,0.0,0.355917004146754,114.72556296922266,139.47602816718174,0.0,1.0,0.0,0.0,0.0,,,,,,,,,,,,,,,,,,,,,,,,,,,,,,,,,,,,,,,,,1.5030922889709473,93497,-0.30897074937820435,8.046990408639552e-05,0.009132914245128632,0.29259809851646423
0.04608294930875576,1.0,0,0.0,5.973894005729303,29.035354143391274,0.0,0.029869470028646514,80.42734808567911,16.36400947772249,0.0,0.0,0.0,3.8499999999999943,0.0,,,,,,,,,,,,,,,,,,,,,,,,,,,,,,,,,,,,,,,,,3.206568717956543,93696,-0.2308039665222168,8.0434405611392e-05,0.009131856262683868,0.33460932970046997
0.15019762845849802,0.0,0,0.0,154.57691250969162,28.12590314700732,0.0,0.16497002402315009,365.68135939585045,181.60099479823222,0.0,1.0,0.0,0.0,0.0,,,,,,,,,,,,,,,,,,,,,,,,,,,,,,,,,,,,,,,,,-0.6400645971298218,94632,0.6798815727233887,8.0267543614688e-05,0.009107756428420544,0.26673927903175354
0.1733102253032929,1.0,0,0.0,296.7434175509754,22.57298121084572,0.0,0.2872637149573818,323.50054786074907,318.32255335521586,0.0,0.0,0.0,0.0,0.0,,,,,,,,,,,,,,,,,,,,,,,,,,,,,,,,,,,,,,,,,-4.768464088439941,95664,-0.5918738842010498,8.0083769649152e-05,0.009046023711562157,0.2989136576652527
,,,,,,,,,,,,,,,27.04200332,340,0.20752553641796112,105665,22,4770,601.28,,,,,,,,,,,,,,,,,,,,,,,,,,,,,,,,,,,,,,,
0.02344139650872818,0.0,0,0.0,-0.949255159864947,23.019277112401262,0.0,-0.005551199765292088,54.31859179865569,44.270969421641226,0.0,1.0,0.0,1.6500000000000008,0.0,,,,,,,,,,,,,,,,,,,,,,,,,,,,,,,,,,,,,,,,,1.761384129524231,95834,-0.6623328924179077,8.005351713782201e-05,0.009038064628839493,0.3566511273384094
0.030715225976305396,1.0,0,0.0,-45.00615947515887,35.98105389443004,0.0,-0.3358668617549169,66.63873448316008,0.0,0.0,0.0,0.0,5.249999999999989,0.0,,,,,,,,,,,,,,,,,,,,,,,,,,,,,,,,,,,,,,,,,-3.6029205322265625,95967,-0.7129558324813843,8.002985300635551e-05,0.009026500396430492,0.3026953637599945
0.12388943731490622,1.0,0,0.0,-79.45224595778666,32.71401403910534,0.0,-0.14137410312773427,254.8632799377665,0.0,0.0,0.0,0.0,0.0,0.0,,,,,,,,,,,,,,,,,,,,,,,,,,,,,,,,,,,,,,,,,-1.7315826416015625,96528,0.026209264993667603,7.993007537100801e-05,0.009000527672469616,0.30816301703453064
0.3420683200748713,1.0,1,0.0,109.87107094638014,24.26070122860126,0.0,0.048083619670188246,769.3062318470329,333.1322026977731,0.0,0.0,0.0,0.0,0.0,,,,,,,,,,,,,,,,,,,,,,,,,,,,,,,,,,,,,,,,,-0.6551740765571594,98812,-2.005600929260254,7.9524497108728e-05,0.00892801582813263,0.3650868535041809
,,,,,,,,,,,,,,,27.585899719999997,344,0.20696040987968445,108813,22,4913,626.91,,,,,,,,,,,,,,,,,,,,,,,,,,,,,,,,,,,,,,,
0.02981029810298103,0.0,0,0.0,-40.899067245725796,35.119261660358234,0.0,-0.3029560536720429,65.59634761419147,0.0,0.0,1.0,0.0,2.6499999999999986,0.0,,,,,,,,,,,,,,,,,,,,,,,,,,,,,,,,,,,,,,,,,-3.7899222373962402,98946,0.20284035801887512,7.950073447614201e-05,0.008923206478357315,0.4266039729118347
0.05330964015992892,0.0,0,0.0,94.18754191272555,26.981200202797872,0.0,0.2889188402230845,121.81167457532138,134.59267916961724,0.0,0.0,0.0,0.0,1.0,,,,,,,,,,,,,,,,,,,,,,,,,,,,,,,,,,,,,,,,,-2.146519184112549,99271,-0.6234793663024902,7.944311606837951e-05,0.008913722820580006,0.231300950050354
0.07426679280983917,0.0,0,0.0,-18.594378332170017,31.411916330931124,0.0,-0.05122418273325074,158.00860660616308,0.0,0.0,0.0,0.0,0.5499999999999999,1.0,,,,,,,,,,,,,,,,,,,,,,,,,,,,,,,,,,,,,,,,,-0.34610557556152344,99633,0.04195666313171387,7.93789627715555e-05,0.008891732431948185,0.3200727105140686
,,,,,,,,,,,,,,,,,,,,,,3.880638837814331,1.1620186567306519,0.014175367541611195,0.1917399764060974,0.04656067118048668,19.360431671142578,0.14688880741596222,0.05101138353347778,0.342907190322876,0.5161780118942261,12.87178897857666,0.3637663722038269,0.11563731729984283,0.15890249609947205,26.086315155029297,18.82288360595703,0.1584032028913498,0.40331175923347473,1.0783766508102417,11.676169395446777,0.12747839093208313,14.831704139709473,0.35071486234664917,3.542055606842041,3.3675599098205566,0.45352402329444885,12.088345527648926,0.033351317048072815,36.7303352355957,1.4717882871627808,0.24742865562438965,0.011508287861943245,34.50137710571289,0.8700973987579346,99999,-1.1192619800567627,7.931412711009951e-05,0.008881693705916405,0.24901026487350464
0.1808799565453558,0.0,0,0.0,51.730094178460334,27.52800953944891,0.0,0.055326303934182176,357.080868691206,178.87920407257005,0.0,1.0,0.0,8.14999999999998,0.0,,,,,,,,,,,,,,,,,,,,,,,,,,,,,,,,,,,,,,,,,-1.3080662488937378,100567,-1.1030654907226562,7.921356061815551e-05,0.008861755952239037,0.3104269504547119
,,,,,,,,,,,,,,,28.58851129,348,0.20663875341415405,110568,22,4995,622.19,,,,,,,,,,,,,,,,,,,,,,,,,,,,,,,,,,,,,,,
0.3675040518638574,0.0,0,0.0,177.81676989113282,24.744759189300584,0.0,0.0694054527287794,879.8886485816911,412.95930518827004,0.0,1.0,0.0,0.7000000000000001,0.0,,,,,,,,,,,,,,,,,,,,,,,,,,,,,,,,,,,,,,,,,0.7901632785797119,103128,-0.7179336547851562,7.8760923466208e-05,0.008709494955837727,0.35479116439819336
0.04135554279149914,1.0,0,0.0,33.477333786441775,23.914026077123566,0.0,0.16907744336586755,65.52776224259287,0.0,0.0,0.0,0.0,9.750000000000004,0.0,,,,,,,,,,,,,,,,,,,,,,,,,,,,,,,,,,,,,,,,,-1.7779722213745117,103325,-0.4117806553840637,7.872615928468751e-05,0.008710222318768501,0.35218048095703125
0.03412749517063748,0.0,0,0.0,23.459695467746904,20.837208577275806,0.0,0.12612739498788658,53.62343216850422,50.5744765352265,0.0,1.0,0.0,2.849999999999998,0.0,,,,,,,,,,,,,,,,,,,,,,,,,,,,,,,,,,,,,,,,,0.23758819699287415,103510,-0.9208360314369202,7.869351974995e-05,0.008702471852302551,0.24441055953502655
0.18298308559712967,1.0,0,0.0,-89.28623246643463,28.709149097836132,0.0,-0.09339564065526634,380.67671750858426,0.0,0.0,0.0,0.0,0.0,0.0,,,,,,,,,,,,,,,,,,,,,,,,,,,,,,,,,,,,,,,,,0.24608910083770752,104465,0.27020448446273804,7.85251375043875e-05,0.00863724760711193,0.4013715982437134
,,,,,,,,,,,,,,,28.582468390000003,352,0.20600850880146027,114466,22,5167,616.08,,,,,,,,,,,,,,,,,,,,,,,,,,,,,,,,,,,,,,,
0.034841393655746226,1.0,0,0.0,8.789242737728504,32.47600796802258,0.0,0.06658517225551897,59.22054955735803,0.0,0.0,0.0,0.0,1.6500000000000008,0.0,,,,,,,,,,,,,,,,,,,,,,,,,,,,,,,,,,,,,,,,,0.09486411511898041,104596,-1.3221213817596436,7.8502054199992e-05,0.008640448562800884,0.3149572014808655
0.2388682745825603,1.0,0,0.0,90.0190213063594,23.01165173832374,0.0,0.057778575934762134,497.5120724446606,173.23562487791304,0.0,0.0,0.0,0.0,0.0,,,,,,,,,,,,,,,,,,,,,,,,,,,,,,,,,,,,,,,,,2.4178714752197266,106153,-1.280698537826538,7.822795918119551e-05,0.008551339618861675,0.2761305272579193
0.36629353233830847,1.0,0,0.0,-14.217881995352204,22.23984852633492,0.0,-0.007351541879706414,596.8900290086167,0.0,0.0,0.0,0.0,10.350000000000012,0.0,,,,,,,,,,,,,,,,,,,,,,,,,,,,,,,,,,,,,,,,,-4.104770183563232,108086,-0.743704617023468,7.7888344187902e-05,0.008447387255728245,0.24864661693572998
0.036260623229461754,1.0,0,0.0,9.982338778517526,29.46979073022556,0.0,0.07181538689580955,56.61795478663407,0.0,0.0,0.0,0.0,1.2500000000000004,0.0,,,,,,,,,,,,,,,,,,,,,,,,,,,,,,,,,,,,,,,,,0.28560179471969604,108224,-0.7861225605010986,7.786412696051201e-05,0.0084372628480196,0.2454899102449417
,,,,,,,,,,,,,,,28.067699260000005,356,0.20531825721263885,118225,22,5334,632.42,,,,,,,,,,,,,,,,,,,,,,,,,,,,,,,,,,,,,,,
0.13817330210772832,1.0,0,0.0,162.06778601499371,22.36247326894993,0.0,0.23053739120198252,218.06535140797496,219.21426978832,0.0,0.0,0.0,0.0,0.0,,,,,,,,,,,,,,,,,,,,,,,,,,,,,,,,,,,,,,,,,1.0084407329559326,108926,-1.5423691272735596,7.774099365086201e-05,0.008418643847107887,0.278666228055954
,,,,,,,,,,,,,,,,,,,,,,4.666731357574463,1.0222070217132568,0.012007731944322586,0.19311264157295227,0.04413998872041702,19.587217330932617,0.1370437741279602,0.05669701099395752,0.2990976870059967,0.48088037967681885,12.265827178955078,0.3707505464553833,0.12252786010503769,0.14988690614700317,24.618732452392578,18.611064910888672,0.1483525186777115,0.4150489866733551,0.9883565306663513,12.427874565124512,0.12093020975589752,13.900208473205566,0.3119257390499115,3.6331629753112793,3.1918246746063232,0.42698049545288086,12.33719253540039,0.03146857023239136,37.6048469543457,1.5416501760482788,0.22610938549041748,0.010078057646751404,35.14476776123047,-1.9964395761489868,109999,-2.704172134399414,7.75529751200995e-05,0.008350003510713577,0.29412126541137695
0.29447115384615385,0.0,0,0.0,244.03439768730715,24.539534913419885,0.0,0.11823371980974183,702.9863916505128,419.60559805730617,0.0,1.0,0.0,2.000000000000001,0.0,,,,,,,,,,,,,,,,,,,,,,,,,,,,,,,,,,,,,,,,,0.563668429851532,110989,-2.0884509086608887,7.73797036430395e-05,0.008285018615424633,0.2300814390182495
0.011504424778761062,0.0,0,0.0,-4.975487081181481,28.467985823751025,1.0,-0.07654595509509972,25.326514382846653,0.0,0.0,0.0,0.0,3.1999999999999966,0.0,,,,,,,,,,,,,,,,,,,,,,,,,,,,,,,,,,,,,,,,,-1.94248366355896,111053,-1.6312706470489502,7.736850896649552e-05,0.008285149931907654,0.29133340716362
0.10026041666666667,0.0,0,0.0,72.07091940155533,25.757836381508998,0.0,0.1762125168742184,146.03638850525022,108.85974007540077,0.0,1.0,0.0,0.9500000000000003,0.0,,,,,,,,,,,,,,,,,,,,,,,,,,,,,,,,,,,,,,,,,0.2535385489463806,111461,-1.930867075920105,7.72971620648395e-05,0.008260868489742279,0.30598199367523193
,,,,,,,,,,,,,,,30.779691190000005,360,0.2047148197889328,121462,22,5475,647.45,,,,,,,,,,,,,,,,,,,,,,,,,,,,,,,,,,,,,,,
0.11115602263540825,0.0,0,0.0,168.23871831038772,27.155782622547413,0.0,0.2196327915279213,288.6698875743896,268.54943459005074,0.0,1.0,0.0,0.0,0.0,,,,,,,,,,,,,,,,,,,,,,,,,,,,,,,,,,,,,,,,,-4.089630126953125,112226,-1.5609709024429321,7.716347591006202e-05,0.008216100744903088,0.22853714227676392
0.04226227470478558,1.0,0,0.0,41.83634200536891,29.761634587071182,0.0,0.24609612944334655,70.02502573572565,33.614500115641434,0.0,0.0,0.0,0.0,0.0,,,,,,,,,,,,,,,,,,,,,,,,,,,,,,,,,,,,,,,,,2.1103007793426514,112395,-1.5439724922180176,7.71339583344875e-05,0.008212464861571789,0.2406262308359146
0.31156636790439607,1.0,0,0.0,147.5865370837106,28.67839239244852,0.0,0.07564661049908283,776.4811206883751,326.99604071130983,0.0,0.0,0.0,9.600000000000001,0.0,,,,,,,,,,,,,,,,,,,,,,,,,,,,,,,,,,,,,,,,,0.5345656871795654,114345,-1.893139123916626,7.67937820629875e-05,0.00813097320497036,0.2476641684770584
0.38180956892468026,1.0,0,0.0,465.1563367484105,26.820196156799604,0.0,0.2045542377961348,846.553274165839,547.6075321124639,0.0,0.0,0.0,11.900000000000034,0.0,,,,,,,,,,,,,,,,,,,,,,,,,,,,,,,,,,,,,,,,,1.235255241394043,116618,-1.1261703968048096,7.6398213733438e-05,0.008042615838348866,0.23798339068889618
,,,,,,,,,,,,,,,35.55786461,364,0.2037678062915802,126619,22,5715,672.68,,,,,,,,,,,,,,,,,,,,,,,,,,,,,,,,,,,,,,,
0.02821869488536155,1.0,0,0.0,0.8794022971355808,24.46766969002593,0.0,0.006817072070818456,43.57369039906189,0.0,0.0,0.0,0.0,6.299999999999986,0.0,,,,,,,,,,,,,,,,,,,,,,,,,,,,,,,,,,,,,,,,,-1.4654433727264404,116746,-2.303671360015869,7.6375968577342e-05,0.008039080537855625,0.2892168164253235
0.08807439824945296,0.0,0,1.0,33.994986904886936,16.484987788760492,0.0,0.04898413098686878,158.6750335707402,0.0,0.0,0.0,0.0,3.599999999999995,0.0,,,,,,,,,,,,,,,,,,,,,,,,,,,,,,,,,,,,,,,,,1.462918996810913,117439,-2.6588919162750244,7.62555885227395e-05,0.008006731048226357,0.2849041223526001
0.042735042735042736,1.0,0,0.0,-3.4386171013934472,24.07436153533073,0.0,-0.018003230897347892,63.60004267236218,0.0,0.0,0.0,0.0,8.79999999999999,0.0,,,,,,,,,,,,,,,,,,,,,,,,,,,,,,,,,,,,,,,,,-0.9045201539993286,117629,-2.9063539505004883,7.622260058327951e-05,0.008002708666026592,0.3152274489402771
0.06035205364626991,0.0,0,0.0,11.135290158996568,30.683337924575323,0.0,0.02463559769689506,192.1434788350016,111.49809980391741,0.0,0.0,0.0,0.0,1.0,,,,,,,,,,,,,,,,,,,,,,,,,,,,,,,,,,,,,,,,,-3.5885634422302246,118080,-1.5374836921691895,7.614432639680002e-05,0.007959320209920406,0.3046599328517914
,,,,,,,,,,,,,,,37.604869580000006,368,0.20345070958137512,128081,22,5786,668.8,,,,,,,,,,,,,,,,,,,,,,,,,,,,,,,,,,,,,,,
0.2152736019242333,1.0,0,0.0,163.13910228838347,29.684792641002694,0.0,0.1775180656021583,378.4327670405619,223.28561957969464,0.0,0.0,0.0,0.0,0.0,,,,,,,,,,,,,,,,,,,,,,,,,,,,,,,,,,,,,,,,,1.576683759689331,118998,-2.4572715759277344,7.598512615839802e-05,0.007922722958028316,0.290976345539093
,,,,,,,,,,,,,,,,,,,,,,4.501589775085449,1.1621766090393066,0.012059781700372696,0.21714961528778076,0.049626998603343964,20.198867797851562,0.15532246232032776,0.05460386723279953,0.2975931763648987,0.4691052734851837,12.477991104125977,0.3861643075942993,0.13297343254089355,0.14961737394332886,24.533836364746094,20.178478240966797,0.17018653452396393,0.4223659038543701,0.9942187666893005,12.368949890136719,0.13414567708969116,14.4478178024292,0.3056374192237854,4.091292381286621,3.4238858222961426,0.40472641587257385,12.334585189819336,0.03680877014994621,35.92031478881836,1.5348423719406128,0.2447630763053894,0.012494076043367386,33.36599349975586,-3.977938175201416,119999,-2.392416000366211,7.581172313009951e-05,0.007883422076702118,0.33104532957077026
0.24744245524296676,1.0,0,0.0,199.68129179842535,27.3235728007467,0.0,0.18506143818204387,408.9570167325437,256.36300721207675,0.0,0.0,0.0,0.0,0.0,,,,,,,,,,,,,,,,,,,,,,,,,,,,,,,,,,,,,,,,,-15.374155044555664,120076,-2.8078582286834717,7.5798392694712e-05,0.007870846427977085,0.2819691002368927
0.18053375196232338,1.0,0,0.0,229.7759930513346,27.55715261027205,0.0,0.23885238362924596,367.8774589840323,240.34275395732826,0.0,0.0,0.0,0.25,0.0,,,,,,,,,,,,,,,,,,,,,,,,,,,,,,,,,,,,,,,,,1.9923865795135498,121037,-2.4706201553344727,7.56321211892155e-05,0.00785046722739935,0.32371196150779724
0.00809138505473584,1.0,0,0.0,-8.766510156690167,21.067329484993266,0.0,-0.16234278067944755,15.583705584518611,0.0,0.0,0.0,0.0,2.549999999999999,0.0,,,,,,,,,,,,,,,,,,,,,,,,,,,,,,,,,,,,,,,,,3.586672306060791,121090,-3.5429835319519043,7.562295651595e-05,0.00785165373235941,0.26329588890075684
,,,,,,,,,,,,,,,42.117956160000006,372,0.2027711421251297,131091,22,5927,680.01,,,,,,,,,,,,,,,,,,,,,,,,,,,,,,,,,,,,,,,
0.04607046070460705,1.0,0,0.0,39.83798036214225,23.421805412178525,0.0,0.12295672951278472,104.95834371540695,109.2910986914845,0.0,0.0,0.0,2.6499999999999986,0.0,,,,,,,,,,,,,,,,,,,,,,,,,,,,,,,,,,,,,,,,,-2.533202886581421,121413,-3.3139564990997314,7.55671159686155e-05,0.007850111462175846,0.2904951274394989
0.013123359580052493,1.0,0,0.0,-5.351230066481022,21.352209708960917,0.0,-0.06370511983905978,24.716746538877487,0.0,0.0,0.0,0.0,0.0,0.0,,,,,,,,,,,,,,,,,,,,,,,,,,,,,,,,,,,,,,,,,2.4051084518432617,121496,-3.148310661315918,7.5552770202592e-05,0.00784117728471756,0.3038792610168457
0.03052064631956912,1.0,0,0.0,22.706836297904296,28.76215937763374,0.0,0.1773971585773773,50.88262886274606,38.04664839657814,0.0,0.0,0.0,0.9500000000000003,0.0,,,,,,,,,,,,,,,,,,,,,,,,,,,,,,,,,,,,,,,,,1.0444163084030151,121623,-2.1310782432556152,7.553082210583549e-05,0.007836236618459225,0.2993425130844116
0.08727450024378353,1.0,0,0.0,41.178083331994095,23.32028554053026,0.0,0.07211573263046252,184.6963986363262,0.0,0.0,0.0,0.0,0.0,0.0,,,,,,,,,,,,,,,,,,,,,,,,,,,,,,,,,,,,,,,,,0.22353392839431763,122193,-3.2365639209747314,7.543235443027551e-05,0.007838060148060322,0.3103204667568207
,,,,,,,,,,,,,,,46.398431230000014,376,0.2025488018989563,132194,22,5983,667.48,,,,,,,,,,,,,,,,,,,,,,,,,,,,,,,,,,,,,,,
0.055666003976143144,0.0,0,0.0,14.417440938067017,34.92957286821054,0.0,0.08333780889056079,83.67796264588833,38.3669391356858,0.0,1.0,0.0,0.44999999999999996,0.0,,,,,,,,,,,,,,,,,,,,,,,,,,,,,,,,,,,,,,,,,-3.7999510765075684,122365,-1.9521771669387817,7.54026540758875e-05,0.00782848335802555,0.314593642950058
0.03882915173237754,1.0,0,0.0,15.857089116598019,32.6343653970445,0.0,0.12388350872342202,57.736179625149816,0.0,0.0,0.0,0.0,1.4000000000000006,0.0,,,,,,,,,,,,,,,,,,,,,,,,,,,,,,,,,,,,,,,,,0.2494012415409088,122492,-2.7840139865875244,7.538072794136799e-05,0.007830394431948662,0.2671267092227936
0.4663105998356615,1.0,1,0.0,316.62957084795465,27.038765314765534,0.0,0.10125665840996312,1173.6361785987392,476.149324792623,0.0,0.0,0.0,3.899999999999994,0.0,,,,,,,,,,,,,,,,,,,,,,,,,,,,,,,,,,,,,,,,,2.9417214393615723,125618,-2.674640655517578,7.4842046071438e-05,0.00779753876850009,0.2523396611213684
0.1559975139838409,1.0,0,0.0,158.9461998197492,24.970854175160042,0.0,0.23865795768731113,230.63388574123383,223.45543934476294,0.0,0.0,0.0,0.0,0.0,,,,,,,,,,,,,,,,,,,,,,,,,,,,,,,,,,,,,,,,,0.554134726524353,126283,-3.061277389526367,7.472770208085551e-05,0.007814918644726276,0.3176732361316681
,,,,,,,,,,,,,,,52.36186251,380,0.20172908902168274,136284,22,6172,686.99,,,,,,,,,,,,,,,,,,,,,,,,,,,,,,,,,,,,,,,
0.3093681917211329,1.0,0,0.0,215.38108115659793,26.11133622512208,0.0,0.14320550608816351,545.0860644001514,302.28355497098454,0.0,0.0,0.0,8.649999999999988,0.0,,,,,,,,,,,,,,,,,,,,,,,,,,,,,,,,,,,,,,,,,-0.3699865937232971,127786,-4.037966728210449,7.4469591688702e-05,0.007856728509068489,0.2533664405345917
0.045072115384615384,1.0,0,0.0,7.4488098976339,32.64907643265667,0.0,0.04433815415258274,75.88297466188669,0.0,0.0,0.0,0.0,2.3999999999999995,0.0,,,,,,,,,,,,,,,,,,,,,,,,,,,,,,,,,,,,,,,,,0.7889012694358826,127953,-3.6408309936523438,7.44409405057955e-05,0.007869145832955837,0.31571659445762634
0.06136950904392765,0.0,0,0.0,61.05356970020445,31.507679155547926,0.0,0.2826554152787243,94.32615090440959,73.32012566013734,0.0,1.0,0.0,0.15000000000000002,0.0,,,,,,,,,,,,,,,,,,,,,,,,,,,,,,,,,,,,,,,,,-2.462826728820801,128168,-4.16404914855957,7.440406242428799e-05,0.007871667854487896,0.26813170313835144
0.1596369460758142,1.0,0,0.0,172.22695306340844,32.362425010203125,0.0,0.2402049554580313,321.9661211211351,153.6802168047709,0.0,0.0,0.0,5.249999999999989,0.0,,,,,,,,,,,,,,,,,,,,,,,,,,,,,,,,,,,,,,,,,-3.409471035003662,128884,-3.8477530479431152,7.428131616287201e-05,0.007894176058471203,0.3282308280467987
,,,,,,,,,,,,,,,56.25382541,384,0.20124150812625885,138885,22,6295,699.94,,,,,,,,,,,,,,,,,,,,,,,,,,,,,,,,,,,,,,,
0.10372208436724566,1.0,0,0.0,-7.243971490091175,33.78202729667883,0.0,-0.016278587618182416,208.43641590862535,5.755600184869282,0.0,0.0,0.0,2.549999999999999,0.0,,,,,,,,,,,,,,,,,,,,,,,,,,,,,,,,,,,,,,,,,2.1671643257141113,129328,-3.5052664279937744,7.420525101260801e-05,0.007913615554571152,0.2814762592315674
,,,,,,,,,,,,,,,,,,,,,,5.097776412963867,0.9775075912475586,0.00953243300318718,0.20974504947662354,0.05325278639793396,20.044597625732422,0.1364644169807434,0.05981219559907913,0.27317243814468384,0.4586678743362427,12.043949127197266,0.37433260679244995,0.1480112373828888,0.14421944320201874,23.282407760620117,20.157426834106445,0.15635743737220764,0.4074242115020752,0.8124465346336365,14.144914627075195,0.12602689862251282,13.041425704956055,0.2894943952560425,4.538719654083252,3.9739532470703125,0.39680343866348267,12.291781425476074,0.04158312454819679,35.77365493774414,1.5843756198883057,0.23650705814361572,0.010228559374809265,33.81944274902344,0.7942291498184204,129999,-5.743460655212402,7.409037114009952e-05,0.007917899638414383,0.22175052762031555
0.20682926829268292,1.0,0,0.0,72.81557555513788,25.918591309880778,0.0,0.061918006424436976,423.0778408497572,27.648303902102324,0.0,0.0,0.0,0.0,0.0,,,,,,,,,,,,,,,,,,,,,,,,,,,,,,,,,,,,,,,,,1.674477219581604,130503,-3.965433359146118,7.40041417543955e-05,0.00795068684965372,0.2991451621055603
0.017208413001912046,1.0,0,0.0,-6.362311388549158,22.50563288144981,0.0,-0.07313001596033515,26.95807820931077,0.0,0.0,0.0,0.0,0.0,0.0,,,,,,,,,,,,,,,,,,,,,,,,,,,,,,,,,,,,,,,,,1.1815075874328613,130589,-3.654019355773926,7.398943305863951e-05,0.007957498542964458,0.26456597447395325
0.16403508771929826,1.0,0,0.0,118.08219178988577,22.889199902036285,0.0,0.09864844761059798,380.2255412321538,0.0,0.0,0.0,0.0,59.64999999999875,0.0,,,,,,,,,,,,,,,,,,,,,,,,,,,,,,,,,,,,,,,,,-0.6413527727127075,131785,-2.8661231994628906,7.37850321293875e-05,0.00801363680511713,0.2319623827934265
,,,,,,,,,,,,,,,58.71935768000001,388,0.20076847076416016,141786,22,6433,681.64,,,,,,,,,,,,,,,,,,,,,,,,,,,,,,,,,,,,,,,
0.016569200779727095,1.0,0,0.0,7.793703341472202,18.244185600757348,0.0,0.06388281427436232,30.769873298704624,0.0,0.0,0.0,0.0,5.899999999999987,0.0,,,,,,,,,,,,,,,,,,,,,,,,,,,,,,,,,,,,,,,,,-1.5807558298110962,131906,-3.60280704498291,7.376436862718201e-05,0.008016617968678474,0.24658174812793732
0.15818516247700798,0.0,0,0.0,238.02292489361923,25.009907246654656,0.0,0.3410070557215175,242.16502512991428,255.59405807988605,0.0,1.0,0.0,0.0,0.0,,,,,,,,,,,,,,,,,,,,,,,,,,,,,,,,,,,,,,,,,0.19952312111854553,132603,-4.514674663543701,7.36453967530955e-05,0.00805686041712761,0.2642090618610382
0.0515625,1.0,0,0.0,16.756516114871488,36.74200511944086,0.0,0.09309175619373049,91.65754500217736,0.0,0.0,0.0,0.0,0.0,0.0,,,,,,,,,,,,,,,,,,,,,,,,,,,,,,,,,,,,,,,,,2.3607101440429688,132782,-4.258515357971191,7.3614858602638e-05,0.008064036257565022,0.23295117914676666
0.039691943127962086,1.0,0,0.0,25.416700259698295,28.84347144980918,0.0,0.14863567403332337,68.2444135742262,0.0,0.0,0.0,0.0,1.900000000000001,0.0,,,,,,,,,,,,,,,,,,,,,,,,,,,,,,,,,,,,,,,,,-3.962897300720215,132952,-3.5648162364959717,7.358586179324802e-05,0.008068863302469254,0.21407334506511688
,,,,,,,,,,,,,,,61.34196079999999,392,0.20055198669433594,142953,22,6490,671.52,,,,,,,,,,,,,,,,,,,,,,,,,,,,,,,,,,,,,,,
0.14466885861906997,1.0,0,0.0,145.35393555275607,26.295076795200085,0.0,0.18191981921496378,291.56655739061534,159.93395364619272,0.0,0.0,0.0,1.850000000000001,0.0,,,,,,,,,,,,,,,,,,,,,,,,,,,,,,,,,,,,,,,,,-3.232896327972412,133750,-3.267655611038208,7.344982421875001e-05,0.008132733404636383,0.2057969868183136
0.31985294117647056,1.0,0,0.0,-30.33979993125018,28.15471988324363,0.0,-0.014291003264837579,829.5620171716437,303.3169749745315,0.0,0.0,0.0,24.95000000000022,0.0,,,,,,,,,,,,,,,,,,,,,,,,,,,,,,,,,,,,,,,,,-0.6800915002822876,135872,-3.2086353302001953,7.3088696718208e-05,0.008226261474192142,0.2566763758659363
0.009208103130755065,1.0,0,0.0,-25.304759860949716,17.83838199605003,0.0,-0.31630949826187144,19.579597712494433,0.0,0.0,0.0,0.0,0.0,0.0,,,,,,,,,,,,,,,,,,,,,,,,,,,,,,,,,,,,,,,,,1.2950384616851807,135951,-4.064201354980469,7.307526959289952e-05,0.00823224987834692,0.2422345131635666
0.2031152647975078,1.0,0,0.0,114.2527033486576,22.536765704410232,0.0,0.117423127799237,304.27244326192886,234.85731016195172,0.0,0.0,0.0,0.15000000000000002,0.0,,,,,,,,,,,,,,,,,,,,,,,,,,,,,,,,,,,,,,,,,1.3506850004196167,136923,-3.4148879051208496,7.29101666089355e-05,0.008253446780145168,0.2847626507282257
,,,,,,,,,,,,,,,64.50973359,396,0.2000787854194641,146924,22,6676,693.08,,,,,,,,,,,,,,,,,,,,,,,,,,,,,,,,,,,,,,,
0.09051348999129678,0.0,0,0.0,125.27738344111975,31.582578706973337,0.0,0.266547624342808,205.84819963108748,115.46633629742547,0.0,0.0,0.0,0.39999999999999997,1.0,,,,,,,,,,,,,,,,,,,,,,,,,,,,,,,,,,,,,,,,,2.1252615451812744,137392,-3.1581249237060547,7.283056996556801e-05,0.008271763101220131,0.2535496950149536
0.048215403882279274,1.0,0,0.0,-114.0973683466828,21.802213582670646,0.0,-0.440530379716922,78.19174686074257,0.0,0.0,0.0,0.0,0.0,0.0,,,,,,,,,,,,,,,,,,,,,,,,,,,,,,,,,,,,,,,,,-3.315284252166748,137650,-4.481362342834473,7.278680198875e-05,0.008281602524220943,0.26994067430496216
0.04975396391470749,1.0,0,0.0,20.28536347288403,35.90022316448872,0.0,0.1193256674875531,84.50385957118124,0.0,0.0,0.0,0.0,0.05,0.0,,,,,,,,,,,,,,,,,,,,,,,,,,,,,,,,,,,,,,,,,1.618557095527649,137819,-4.990470886230469,7.275813944771951e-05,0.008288903161883354,0.3206428587436676
0.016276041666666668,1.0,0,0.0,-1.450999482614975,24.76476783463546,0.0,-0.019608101116418582,25.237151930108666,0.0,0.0,0.0,0.0,0.0,0.0,,,,,,,,,,,,,,,,,,,,,,,,,,,,,,,,,,,,,,,,,1.407840371131897,137892,-3.2179667949676514,7.2745760344568e-05,0.008287666365504265,0.2927020788192749
,,,,,,,,,,,,,,,68.28271278,400,0.19990500807762146,147893,22,6721,673.28,,,,,,,,,,,,,,,,,,,,,,,,,,,,,,,,,,,,,,,
0.20012353304508956,1.0,0,0.0,51.36033780959687,18.976169519134217,0.0,0.04470003290652469,302.65696175117046,233.6796122034046,0.0,0.0,0.0,2.9999999999999973,0.0,,,,,,,,,,,,,,,,,,,,,,,,,,,,,,,,,,,,,,,,,1.93893563747406,139040,-3.5416781902313232,7.255122569919999e-05,0.008322924375534058,0.24423445761203766
0.03596187175043328,0.0,0,0.0,-2.316785880960822,35.048677652249715,0.0,-0.01362815224094601,82.5630191154778,0.0,0.0,1.0,0.0,1.850000000000001,0.0,,,,,,,,,,,,,,,,,,,,,,,,,,,,,,,,,,,,,,,,,0.9199694395065308,139209,-3.6749110221862793,7.25226099052595e-05,0.008325917646288872,0.27004894614219666
,,,,,,,,,,,,,,,,,,,,,,4.709402084350586,0.9808651804924011,0.010152604430913925,0.21878014504909515,0.051092877984046936,20.595518112182617,0.15372493863105774,0.054221637547016144,0.2768600583076477,0.4460958242416382,11.338607788085938,0.37383216619491577,0.14289554953575134,0.1416606605052948,24.046586990356445,20.1542911529541,0.1655292958021164,0.4179341793060303,0.8818010091781616,13.451896667480469,0.12044669687747955,14.471353530883789,0.28570079803466797,4.437654495239258,3.9699535369873047,0.3853146433830261,12.303888320922852,0.042171649634838104,35.19179916381836,1.5614091157913208,0.23204617202281952,0.010419442318379879,33.46636962890625,2.6837477684020996,139999,-3.426246404647827,7.238891915009951e-05,0.008355742320418358,0.3011745810508728
0.3096302316131654,0.0,0,0.0,322.3219017234399,21.900713961102138,0.0,0.12172277255416915,804.9039283678867,569.684003925811,0.0,1.0,0.0,0.0,0.0,,,,,,,,,,,,,,,,,,,,,,,,,,,,,,,,,,,,,,,,,1.542656421661377,141856,-3.7172865867614746,7.207515035123201e-05,0.00845312885940075,0.27558112144470215
0.01911220715166461,1.0,0,0.0,5.328770311853404,26.043006036092272,0.0,0.06343774180777861,30.11396616604179,0.0,0.0,0.0,0.0,0.0,0.0,,,,,,,,,,,,,,,,,,,,,,,,,,,,,,,,,,,,,,,,,2.150953769683838,141939,-4.951026439666748,7.206114224223948e-05,0.00846181996166706,0.2972959578037262
,,,,,,,,,,,,,,,68.05041706,404,0.1993034929037094,151940,21,6912,688.84,,,,,,,,,,,,,,,,,,,,,,,,,,,,,,,,,,,,,,,
0.3015397775876818,1.0,1,0.0,397.69531646612313,30.187511610615324,0.0,0.22168077840921022,751.6353032682091,387.6800761456173,0.0,0.0,0.0,1.2500000000000004,0.0,,,,,,,,,,,,,,,,,,,,,,,,,,,,,,,,,,,,,,,,,1.59805166721344,143732,-4.964637756347656,7.1758868018488e-05,0.008517327718436718,0.35137924551963806
0.05268648930620762,0.0,0,0.0,89.54516556959092,23.49232179580883,0.0,0.28792657739418304,101.25192631781101,133.291673871524,0.0,1.0,0.0,0.0,0.0,,,,,,,,,,,,,,,,,,,,,,,,,,,,,,,,,,,,,,,,,2.8091931343078613,144042,-3.70943021774292,7.1706671307518e-05,0.008522650226950645,0.2604946494102478
0.030945558739255013,1.0,0,0.0,-25.465947711404652,27.50545299487158,0.0,-0.17562722559589417,55.131082436069846,6.916409581662577,0.0,0.0,0.0,0.0,0.0,,,,,,,,,,,,,,,,,,,,,,,,,,,,,,,,,,,,,,,,,-0.7182587385177612,144186,-3.9921202659606934,7.168243159830202e-05,0.008525775745511055,0.3077312409877777
0.003147482014388489,1.0,0,0.0,-23.678084776803573,10.627101993417904,0.0,-0.3699700746375558,9.261316823307425,0.0,0.0,0.0,0.0,0.0,0.0,,,,,,,,,,,,,,,,,,,,,,,,,,,,,,,,,,,,,,,,,-2.484861135482788,144249,-4.436742782592773,7.167182802309951e-05,0.00852136593312025,0.27359944581985474
,,,,,,,,,,,,,,,69.46096102,408,0.19896727800369263,154250,21,7016,692.26,,,,,,,,,,,,,,,,,,,,,,,,,,,,,,,,,,,,,,,
0.10210063507572056,1.0,0,0.0,26.72672018057385,35.22973975728341,0.0,0.0625918505399856,208.51302996464074,43.791507613224965,0.0,0.0,0.0,0.3,0.0,,,,,,,,,,,,,,,,,,,,,,,,,,,,,,,,,,,,,,,,,2.6508915424346924,144675,-4.360170841217041,7.16001483846875e-05,0.008532156236469746,0.3087006211280823
0.028992176714219973,0.0,0,0.0,30.654393034316726,24.778493133344515,0.0,0.15965829705373294,65.89502834528685,63.13851635342971,0.0,1.0,0.0,0.35,0.0,,,,,,,,,,,,,,,,,,,,,,,,,,,,,,,,,,,,,,,,,-2.885606288909912,144866,-3.225729465484619,7.156802205662201e-05,0.00853750016540289,0.25937268137931824
0.10176041219407471,0.0,0,0.0,264.0700806843984,21.567752568031622,0.0,0.3088538955373081,255.85576064093038,308.52982456254756,0.0,1.0,0.0,0.0,0.0,,,,,,,,,,,,,,,,,,,,,,,,,,,,,,,,,,,,,,,,,0.3196444511413574,145720,-3.934889793395996,7.14244674808e-05,0.00857754610478878,0.293918639421463
0.08156943727413526,0.0,0,0.0,128.89951477499523,28.187619615665746,0.0,0.2997663134302215,168.12409846950322,131.948623676681,0.0,1.0,0.0,0.0,0.0,,,,,,,,,,,,,,,,,,,,,,,,,,,,,,,,,,,,,,,,,-1.6198177337646484,146149,-3.3942878246307373,7.135240876499951e-05,0.008589047007262707,0.38152018189430237
,,,,,,,,,,,,,,,73.2025015,412,0.19872212409973145,156150,21,7100,693.78,,,,,,,,,,,,,,,,,,,,,,,,,,,,,,,,,,,,,,,
0.12367724867724868,0.0,0,0.0,-5.545464884127092,36.02491681496647,0.0,-0.014987742930073223,184.91640081442893,43.456218384821995,0.0,1.0,0.0,2.1000000000000005,0.0,,,,,,,,,,,,,,,,,,,,,,,,,,,,,,,,,,,,,,,,,1.7317168712615967,146518,-4.1426496505737305,7.129045749023801e-05,0.008608626201748848,0.2593332529067993
0.3026172300981461,1.0,0,0.0,324.3114834449971,20.18277062186408,0.0,0.17015292940451054,533.9092812091112,481.175346858327,0.0,0.0,0.0,3.7499999999999947,0.0,,,,,,,,,,,,,,,,,,,,,,,,,,,,,,,,,,,,,,,,,-0.31211039423942566,148423,-3.730212688446045,7.097105876943551e-05,0.008713935501873493,0.3102096915245056
0.03519061583577713,1.0,0,0.0,12.979853992395807,18.252129378747668,0.0,0.060653523328952366,54.01111597428098,0.0,0.0,0.0,0.0,10.350000000000012,0.0,,,,,,,,,,,,,,,,,,,,,,,,,,,,,,,,,,,,,,,,,-7.6283674240112305,148636,-4.1826372146606445,7.0935391359352e-05,0.008735914714634418,0.2929494082927704
0.2375,1.0,1,0.0,209.2867655071176,29.630598808441512,0.0,0.22503953280335226,382.3326556822285,199.7028251472232,0.0,0.0,0.0,0.0,0.0,,,,,,,,,,,,,,,,,,,,,,,,,,,,,,,,,,,,,,,,,0.6590614318847656,149565,-4.4225969314575195,7.077993342788752e-05,0.008780140429735184,0.29381898045539856
,,,,,,,,,,,,,,,76.65630208,416,0.198257714509964,159566,21,7256,714.35,,,,,,,,,,,,,,,,,,,,,,,,,,,,,,,,,,,,,,,
0.010853478046373951,0.0,0,0.0,-9.689572573101279,22.575257064961956,0.0,-0.14042858801596056,21.568846219219267,0.0,0.0,0.0,0.0,0.0,1.0,,,,,,,,,,,,,,,,,,,,,,,,,,,,,,,,,,,,,,,,,-0.4640398621559143,149633,-3.9357762336730957,7.07685611215555e-05,0.008786535821855068,0.29862523078918457
,,,,,,,,,,,,,,,,,,,,,,4.784336566925049,1.0533558130264282,0.01031766552478075,0.2139669507741928,0.05684419721364975,20.391536712646484,0.14868375658988953,0.05620960891246796,0.2647145390510559,0.4550781846046448,11.470467567443848,0.37403440475463867,0.13862060010433197,0.14261189103126526,22.531442642211914,20.560556411743164,0.16634775698184967,0.43199262022972107,0.8781983852386475,13.210857391357422,0.12035880237817764,14.169899940490723,0.271305114030838,4.838350296020508,4.057547092437744,0.4026101231575012,12.138553619384766,0.04257555305957794,35.646331787109375,1.6773667335510254,0.2415592521429062,0.011052788235247135,34.26856231689453,1.285475254058838,149999,-4.628912925720215,7.07073671600995e-05,0.008803550153970718,0.2982807457447052
