terminal/too_fast,terminal/collision_other,custom/blocked_time,terminal/solid_line,custom/overtake_reward,custom/mean_reward,terminal/collision_vehicle,custom/total_distance,custom/routes_completed,custom/overtakes,custom/total_reward,terminal/off_track,custom/avg_speed,terminal/route_done,terminal/stopped,rollout/ep_len_mean,time/episodes,time/total_timesteps,time/fps,train/std,time/time_elapsed,rollout/ep_rew_mean,attention/steer_share/waypoints,attention/throttle/prev_action,attention/throttle_share/lidar,attention/steer/next_angle,attention/steer/cam,attention/steer/speed,attention/steer_share/next_angle,attention/steer_share/prev_action,attention/throttle_share/prev_action,attention/throttle/next_angle,attention/steer/route,attention/throttle_share/waypoints,attention/steer/lidar,attention/steer_sensors_vs_route,attention/throttle_share/maneuver,attention/steer/maneuver,attention/throttle_share/speed,attention/throttle/lidar,attention/throttle/cam,attention/steer_share/cam,attention/throttle/speed,attention/throttle_share/next_angle,attention/steer/waypoints,attention/steer_share/speed,attention/throttle/route,attention/throttle/maneuver,attention/steer/sensors,attention/throttle/waypoints,attention/throttle_share/cam,attention/steer_share/lidar,attention/steer_share/maneuver,attention/throttle/sensors,attention/steer/prev_action,train/ent_coef,train/learning_rate,train/critic_loss,train/n_updates,train/ent_coef_loss,train/actor_loss
0.0,0.0,0.0,0.0,0.0,-0.4739280677511703,0.0,22.3552465045359,0.012041884816753926,0,-48.81459097837054,1.0,15.790324340099184,0.0,0.0,,,,,,,,,,,,,,,,,,,,,,,,,,,,,,,,,,,,,,,,,,,,,,
0.0,0.0,0.0,0.0,0.0,-0.47538317553928516,0.0,27.487219949951395,0.011679420056383408,0,-50.86599978270351,1.0,18.656766787784694,0.0,0.0,,,,,,,,,,,,,,,,,,,,,,,,,,,,,,,,,,,,,,,,,,,,,,
0.0,1.0,0.0,0.0,0.0,-0.39739276320036837,0.0,6.512990842107683,0.0021249468763280916,0,-20.664423686419156,0.0,9.20248579358035,0.0,0.0,,,,,,,,,,,,,,,,,,,,,,,,,,,,,,,,,,,,,,,,,,,,,,
0.0,0.0,0.0,0.0,0.0,-0.2964376468332392,0.0,62.61389834759757,0.032137118371719335,0,-50.39439996165066,1.0,26.63555056463991,0.0,0.0,,,,,,,,,,,,,,,,,,,,,,,,,,,,,,,,,,,,,,,,,,,,,,
,,,,,,,,,,,,,,,107.0,4,428,23,0.22313019633293152,18,-42.661429250000005,,,,,,,,,,,,,,,,,,,,,,,,,,,,,,,,,,,,,,,
0.0,0.0,0.0,0.0,14.770554349160747,-0.31054348967263323,0.0,40.44640313304262,0.019076305220883535,0,-41.92337110580549,1.0,21.719052852107783,0.0,0.0,,,,,,,,,,,,,,,,,,,,,,,,,,,,,,,,,,,,,,,,,,,,,,
0.0,0.0,2.849999999999998,0.0,0.0,-0.39070725697105424,0.0,9.555793050210923,0.0042863266180882984,0,-24.614557189176416,1.0,11.148869193287007,0.0,0.0,,,,,,,,,,,,,,,,,,,,,,,,,,,,,,,,,,,,,,,,,,,,,,
0.0,0.0,0.0,0.0,21.501456223633266,-0.13418830207762178,0.0,32.58168293721974,0.015080603224128965,0,-16.907726061780345,1.0,18.762991816021025,0.0,0.0,,,,,,,,,,,,,,,,,,,,,,,,,,,,,,,,,,,,,,,,,,,,,,
0.0,0.0,0.0,0.0,0.0,-0.4070253448792982,0.0,11.27838573756162,0.0065986802639472104,0,-27.27069810691298,1.0,12.327498144527572,0.0,0.0,,,,,,,,,,,,,,,,,,,,,,,,,,,,,,,,,,,,,,,,,,,,,,
,,,,,,,,,,,,,,,101.875,8,815,22,0.22313019633293152,35,-35.175525750000006,,,,,,,,,,,,,,,,,,,,,,,,,,,,,,,,,,,,,,,
0.0,0.0,0.0,0.0,0.0,-0.5268269701197407,0.0,24.86563985410612,0.0093603744149766,0,-50.5753891314951,1.0,18.84581131622344,0.0,0.0,,,,,,,,,,,,,,,,,,,,,,,,,,,,,,,,,,,,,,,,,,,,,,
0.0,1.0,0.0,0.0,11.338717586333765,-0.20548786981987469,0.0,16.704836316406727,0.007045171985080812,0,-16.439029585589974,0.0,15.081535757981792,0.0,0.0,,,,,,,,,,,,,,,,,,,,,,,,,,,,,,,,,,,,,,,,,,,,,,
0.0,0.0,4.249999999999993,0.0,0.0,-0.27942621533966855,0.0,19.776529773836955,0.010346611484738748,0,-25.42778559590984,1.0,15.825015898541618,0.0,0.0,,,,,,,,,,,,,,,,,,,,,,,,,,,,,,,,,,,,,,,,,,,,,,
0.0,1.0,0.0,0.0,0.0,-0.3658264039766015,0.0,17.917001930531114,0.0070577856197618,0,-30.363591530057924,0.0,15.72283281654009,0.0,0.0,,,,,,,,,,,,,,,,,,,,,,,,,,,,,,,,,,,,,,,,,,,,,,
,,,,,,,,,,,,,,,96.75,12,1161,23,0.22313019633293152,50,-33.67402608333334,,,,,,,,,,,,,,,,,,,,,,,,,,,,,,,,,,,,,,,
0.0,0.0,0.15000000000000002,0.0,0.0,-0.5098163900071706,0.0,28.382052602944896,0.010554089709762533,0,-65.25649792091784,1.0,16.104866416524324,0.0,0.0,,,,,,,,,,,,,,,,,,,,,,,,,,,,,,,,,,,,,,,,,,,,,,
0.0,0.0,0.0,0.0,45.845456214401246,-0.03860558199742072,0.0,72.58465430850629,0.03500522466039707,0,-7.296454997512516,1.0,27.77469918145965,0.0,0.0,,,,,,,,,,,,,,,,,,,,,,,,,,,,,,,,,,,,,,,,,,,,,,
0.0,0.0,0.0,0.0,0.0,-0.5233950913135262,0.0,21.59330388531089,0.009667673716012085,0,-47.62895330953089,1.0,17.275926236422773,0.0,0.0,,,,,,,,,,,,,,,,,,,,,,,,,,,,,,,,,,,,,,,,,,,,,,
0.0,0.0,0.0,0.0,0.0,-0.38350135705953614,0.0,56.03224455882446,0.027571580063626724,0,-75.54976734072862,1.0,20.587702170025043,0.0,0.0,,,,,,,,,,,,,,,,,,,,,,,,,,,,,,,,,,,,,,,,,,,,,,
,,,,,,,,,,,,,,,110.125,16,1762,23,0.22313019633293152,76,-37.492254875,,,,,,,,,,,,,,,,,,,,,,,,,,,,,,,,,,,,,,,
0.0,0.0,0.0,0.0,0.0,-0.4225612584188051,0.0,18.500097344862297,0.0075656430796617715,0,-37.18539074085485,1.0,15.294624686811511,0.0,0.0,,,,,,,,,,,,,,,,,,,,,,,,,,,,,,,,,,,,,,,,,,,,,,
0.0,0.0,0.0,0.0,0.0,-0.3888655183020938,0.0,8.421285787597299,0.004012483281319661,0,-21.776469024917255,1.0,11.057787343388402,0.0,0.0,,,,,,,,,,,,,,,,,,,,,,,,,,,,,,,,,,,,,,,,,,,,,,
0.0,0.0,0.0,0.0,0.0,-0.5917319959459573,1.0,45.633766253944486,0.0223463687150838,0,-85.20940741621784,0.0,22.91564943563932,0.0,0.0,,,,,,,,,,,,,,,,,,,,,,,,,,,,,,,,,,,,,,,,,,,,,,
0.0,0.0,0.0,0.0,8.644764006497809,-0.27295841296426426,0.0,32.26936262642266,0.011235955056179775,0,-33.02796796867597,1.0,19.359952848291087,0.0,0.0,,,,,,,,,,,,,,,,,,,,,,,,,,,,,,,,,,,,,,,,,,,,,,
,,,,,,,,,,,,,,,108.35,20,2167,22,0.22313019633293152,94,-38.85657020000001,,,,,,,,,,,,,,,,,,,,,,,,,,,,,,,,,,,,,,,
0.0,0.0,0.0,0.0,0.0,-0.25127372241225654,0.0,32.098551479226444,0.014427412082957619,0,-29.65029924464627,1.0,19.739865254981222,0.0,0.0,,,,,,,,,,,,,,,,,,,,,,,,,,,,,,,,,,,,,,,,,,,,,,
0.0,0.0,0.0,0.0,12.216440283542443,-0.24465498671450214,0.0,47.90132476040162,0.02621231979030144,0,-38.166177927462336,1.0,22.247252806996837,0.0,0.0,,,,,,,,,,,,,,,,,,,,,,,,,,,,,,,,,,,,,,,,,,,,,,
0.0,1.0,0.0,0.0,9.2479069287651,-0.32428698635558456,0.0,20.742773171747103,0.005838198498748957,0,-29.83440274471378,0.0,16.30840260130308,0.0,0.0,,,,,,,,,,,,,,,,,,,,,,,,,,,,,,,,,,,,,,,,,,,,,,
0.0,0.0,0.0,0.0,0.0,-0.24414717148549786,0.0,100.86297858261969,0.04740292486132123,0,-62.98997024325845,1.0,28.242113741937434,0.0,0.0,,,,,,,,,,,,,,,,,,,,,,,,,,,,,,,,,,,,,,,,,,,,,,
,,,,,,,,,,,,,,,116.125,24,2787,23,0.22313019633293152,117,-39.057457416666665,,,,,,,,,,,,,,,,,,,,,,,,,,,,,,,,,,,,,,,
0.0,1.0,1.1500000000000004,0.0,0.0,-0.4653621516620441,0.0,8.552754241623916,0.00473186119873817,0,-27.4563669480606,0.0,10.513507305543085,0.0,0.0,,,,,,,,,,,,,,,,,,,,,,,,,,,,,,,,,,,,,,,,,,,,,,
0.0,0.0,0.0,0.0,0.0,-0.28474495439978725,0.0,17.544158354518004,0.01098901098901099,0,-23.91857616958213,1.0,15.237781030887149,0.0,0.0,,,,,,,,,,,,,,,,,,,,,,,,,,,,,,,,,,,,,,,,,,,,,,
0.0,0.0,0.25,0.0,0.0,-0.4535391570059945,0.0,19.22996111190878,0.007837713231904103,0,-39.91144581652752,1.0,15.900082742698402,0.0,0.0,,,,,,,,,,,,,,,,,,,,,,,,,,,,,,,,,,,,,,,,,,,,,,
0.0,0.0,0.0,0.0,13.915593762652742,-0.08610207390093723,0.0,51.746534075937234,0.02436495593571799,0,-14.29294426755558,1.0,22.561582961257876,0.0,0.0,,,,,,,,,,,,,,,,,,,,,,,,,,,,,,,,,,,,,,,,,,,,,,
,,,,,,,,,,,,,,,113.57142857142857,28,3180,23,0.22313019633293152,135,-37.244165107142855,,,,,,,,,,,,,,,,,,,,,,,,,,,,,,,,,,,,,,,
0.0,0.0,0.0,0.0,0.0,-0.2437909158845163,0.0,57.466424372047186,0.031982942430703626,0,-43.63857394332842,1.0,23.223124329824632,0.0,0.0,,,,,,,,,,,,,,,,,,,,,,,,,,,,,,,,,,,,,,,,,,,,,,
0.0,1.0,0.0,0.0,0.0,-0.3693410664153309,0.0,7.166257221251726,0.004297114794352364,0,-18.09771225435121,0.0,10.689545986875205,0.0,0.0,,,,,,,,,,,,,,,,,,,,,,,,,,,,,,,,,,,,,,,,,,,,,,
0.0,0.0,0.0,0.0,0.0,-0.5630216366360165,0.0,29.191349458124023,0.014468558708959377,0,-71.50374785277408,1.0,16.682192120273495,0.0,0.0,,,,,,,,,,,,,,,,,,,,,,,,,,,,,,,,,,,,,,,,,,,,,,
0.0,0.0,0.0,0.0,11.284391153830034,-0.31134946146732134,0.0,34.03645559877623,0.015648662291771833,0,-38.60733322194785,1.0,19.928224027925364,0.0,0.0,,,,,,,,,,,,,,,,,,,,,,,,,,,,,,,,,,,,,,,,,,,,,,
,,,,,,,,,,,,,,,114.21875,32,3655,23,0.22313019633293152,155,-37.955946656250006,,,,,,,,,,,,,,,,,,,,,,,,,,,,,,,,,,,,,,,
0.0,0.0,0.0,0.0,9.027740493320149,-0.30232469862884287,0.0,39.69649674001266,0.016010385114668974,0,-39.60453552037841,1.0,21.970285718698676,0.0,0.0,,,,,,,,,,,,,,,,,,,,,,,,,,,,,,,,,,,,,,,,,,,,,,
0.0,0.0,0.0,0.0,0.0,-0.5019564497074173,0.0,24.00484969781246,0.013472137170851195,0,-47.18390627249722,1.0,18.58039513129399,0.0,0.0,,,,,,,,,,,,,,,,,,,,,,,,,,,,,,,,,,,,,,,,,,,,,,
0.0,0.0,0.0,0.0,0.0,-0.4569987428021572,0.0,31.47647279512603,0.011962782454585734,0,-54.83984913625886,1.0,19.029737426977796,0.0,0.0,,,,,,,,,,,,,,,,,,,,,,,,,,,,,,,,,,,,,,,,,,,,,,
0.0,0.0,0.0,0.0,0.0,-0.4446442718140969,0.0,34.07968664984219,0.013181019332161687,0,-53.357312617691626,1.0,20.608192610026013,0.0,0.0,,,,,,,,,,,,,,,,,,,,,,,,,,,,,,,,,,,,,,,,,,,,,,
,,,,,,,,,,,,,,,114.33333333333333,36,4116,23,0.22313019633293152,173,-39.156444083333334,,,,,,,,,,,,,,,,,,,,,,,,,,,,,,,,,,,,,,,
0.0,0.0,1.1500000000000004,0.0,8.690876335155563,-0.3329564095788347,0.0,27.100778093445115,0.012380416432189083,0,-37.29111787282949,1.0,17.569536260366892,0.0,0.0,,,,,,,,,,,,,,,,,,,,,,,,,,,,,,,,,,,,,,,,,,,,,,
0.0,0.0,0.0,0.0,0.0,-0.5486771844202719,0.0,36.680832888465375,0.018465089440276975,0,-71.87671115905562,1.0,20.30926310930081,0.0,0.0,,,,,,,,,,,,,,,,,,,,,,,,,,,,,,,,,,,,,,,,,,,,,,
0.0,0.0,0.0,0.0,0.0,-0.5390852876415806,0.0,49.18541736865882,0.01692524682651622,0,-88.40998717321922,1.0,21.72178728516218,0.0,0.0,,,,,,,,,,,,,,,,,,,,,,,,,,,,,,,,,,,,,,,,,,,,,,
0.0,0.0,2.6499999999999986,0.0,0.0,-0.42238786433251674,0.0,9.287964207585901,0.003909643788010426,0,-25.76565972428352,1.0,11.129719631107209,0.0,0.0,,,,,,,,,,,,,,,,,,,,,,,,,,,,,,,,,,,,,,,,,,,,,,
,,,,,,,,,,,,,,,114.5,40,4580,23,0.22313019633293152,193,-40.825089125,,,,,,,,,,,,,,,,,,,,,,,,,,,,,,,,,,,,,,,
0.0,0.0,0.0,0.0,20.440266210097164,-0.28411953264605977,0.0,34.682064168388024,0.01374113475177305,0,-39.49261503780231,1.0,18.088645911977768,0.0,0.0,,,,,,,,,,,,,,,,,,,,,,,,,,,,,,,,,,,,,,,,,,,,,,
0.0,0.0,0.0,0.0,0.0,-0.30893227838993376,0.0,21.19808095821645,0.011343283582089553,0,-28.11283733348397,1.0,16.950197924871016,0.0,0.0,,,,,,,,,,,,,,,,,,,,,,,,,,,,,,,,,,,,,,,,,,,,,,
0.0,0.0,0.0,0.0,9.852619532833158,-0.2358143765620612,0.0,13.882179617881775,0.005620608899297424,0,-18.393521371840773,1.0,13.004279990743987,0.0,0.0,,,,,,,,,,,,,,,,,,,,,,,,,,,,,,,,,,,,,,,,,,,,,,
0.0,0.0,0.0,0.0,0.0,-0.4991659678239187,0.0,59.70068240775436,0.02434928631402183,0,-93.84320195089671,1.0,22.973586749870837,0.0,0.0,,,,,,,,,,,,,,,,,,,,,,,,,,,,,,,,,,,,,,,,,,,,,,
,,,,,,,,,,,,,,,115.27272727272727,44,5072,23,0.22313019633293152,216,-41.19550577272727,,,,,,,,,,,,,,,,,,,,,,,,,,,,,,,,,,,,,,,
0.0,0.0,0.0,0.0,24.820027352681464,-0.24335495542474872,0.0,59.11767823481932,0.027961362480935434,0,-38.693437912535046,1.0,26.91112399599384,0.0,0.0,,,,,,,,,,,,,,,,,,,,,,,,,,,,,,,,,,,,,,,,,,,,,,
0.0,0.0,0.0,0.0,6.7182163186215735,-0.4176486516761541,0.0,26.932802332332358,0.013003901170351105,0,-46.77664898772926,1.0,17.492277560225723,0.0,0.0,,,,,,,,,,,,,,,,,,,,,,,,,,,,,,,,,,,,,,,,,,,,,,
0.0,0.0,0.0,0.0,16.228238656566223,-0.1973779848625069,0.0,38.1014598000329,0.01588089330024814,0,-25.264382062400884,1.0,21.597515811614613,0.0,0.0,,,,,,,,,,,,,,,,,,,,,,,,,,,,,,,,,,,,,,,,,,,,,,
0.0,0.0,0.0,0.0,0.0,-0.30422041509870223,0.0,15.208735013700789,0.009986684420772303,0,-25.554514868290987,1.0,13.209558490220807,0.0,0.0,,,,,,,,,,,,,,,,,,,,,,,,,,,,,,,,,,,,,,,,,,,,,,
,,,,,,,,,,,,,,,115.64583333333333,48,5551,23,0.22313019633293152,237,-40.596828166666675,,,,,,,,,,,,,,,,,,,,,,,,,,,,,,,,,,,,,,,
0.0,0.0,0.0,0.0,9.578226598301073,-0.22993821059926361,0.0,25.021005264483392,0.011461318051575931,0,-23.683635691724152,1.0,17.66128051872302,0.0,0.0,,,,,,,,,,,,,,,,,,,,,,,,,,,,,,,,,,,,,,,,,,,,,,
0.0,0.0,0.0,0.0,0.0,-0.43812799254715573,0.0,28.499242447083816,0.01097328244274809,0,-50.38471914292291,1.0,18.007003171038125,0.0,0.0,,,,,,,,,,,,,,,,,,,,,,,,,,,,,,,,,,,,,,,,,,,,,,
0.0,0.0,0.0,0.0,12.246119701530771,-0.19632191221944023,0.0,40.739705139247235,0.01738721804511278,0,-28.074033447379954,1.0,20.65510426898549,0.0,0.0,,,,,,,,,,,,,,,,,,,,,,,,,,,,,,,,,,,,,,,,,,,,,,
0.0,0.0,0.0,0.0,7.759293974528896,-0.3269182199418662,0.0,32.477668325649574,0.017028772753963594,0,-36.94175885343088,1.0,20.876939109471394,0.0,0.0,,,,,,,,,,,,,,,,,,,,,,,,,,,,,,,,,,,,,,,,,,,,,,
,,,,,,,,,,,,,,,115.78846153846153,52,6021,23,0.22313019633293152,258,-40.146888480769235,,,,,,,,,,,,,,,,,,,,,,,,,,,,,,,,,,,,,,,
0.0,0.0,0.0,0.0,0.0,-0.4251732929886211,0.0,54.182508907979354,0.027301927194860815,0,-74.83049956599731,1.0,22.291320639281878,0.0,0.0,,,,,,,,,,,,,,,,,,,,,,,,,,,,,,,,,,,,,,,,,,,,,,
0.0,0.0,0.0,0.0,43.082987387820765,-0.08366150552087623,0.0,66.22653798191459,0.04081632653061224,0,-15.895686048966484,1.0,25.218108398359327,0.0,0.0,,,,,,,,,,,,,,,,,,,,,,,,,,,,,,,,,,,,,,,,,,,,,,
0.0,0.0,0.0,0.0,0.0,-0.4679598755007106,0.0,12.815381427993998,0.005210800568450971,0,-32.28923140954903,1.0,13.570372724196126,0.0,0.0,,,,,,,,,,,,,,,,,,,,,,,,,,,,,,,,,,,,,,,,,,,,,,
0.0,0.0,2.3999999999999995,0.0,0.0,-0.5943176406888624,0.0,29.06539070943836,0.01310483870967742,0,-66.56357575715259,1.0,18.849990043941602,0.0,0.0,,,,,,,,,,,,,,,,,,,,,,,,,,,,,,,,,,,,,,,,,,,,,,
,,,,,,,,,,,,,,,117.21428571428571,56,6564,23,0.22313019633293152,279,-40.66534455357142,,,,,,,,,,,,,,,,,,,,,,,,,,,,,,,,,,,,,,,
0.0,0.0,0.0,0.0,0.0,-0.37035017844522977,0.0,14.551150315441191,0.00819672131147541,0,-27.776263383392234,1.0,14.163354517387024,0.0,0.0,,,,,,,,,,,,,,,,,,,,,,,,,,,,,,,,,,,,,,,,,,,,,,
0.0,0.0,0.0,0.0,0.0,-0.5766906972171647,0.0,30.582616425468586,0.014500836586726157,0,-69.77957436327694,1.0,18.356134200105252,0.0,0.0,,,,,,,,,,,,,,,,,,,,,,,,,,,,,,,,,,,,,,,,,,,,,,
0.0,0.0,0.0,0.0,0.0,-0.5322897174031354,0.0,27.388403330463916,0.012012012012012012,0,-56.95499976213548,1.0,18.608540566664484,0.0,0.0,,,,,,,,,,,,,,,,,,,,,,,,,,,,,,,,,,,,,,,,,,,,,,
0.0,0.0,0.0,0.0,0.0,-0.2121516837390803,0.0,36.04291366686812,0.020737327188940093,0,-27.36756720234136,1.0,20.275589126092072,0.0,0.0,,,,,,,,,,,,,,,,,,,,,,,,,,,,,,,,,,,,,,,,,,,,,,
,,,,,,,,,,,,,,,116.53333333333333,60,6992,23,0.22313019633293152,297,-40.98632946666666,,,,,,,,,,,,,,,,,,,,,,,,,,,,,,,,,,,,,,,
0.0,0.0,0.0,0.0,0.0,-0.333640918930814,0.0,8.500632226641756,0.003216726980297547,0,-20.01845513584884,1.0,10.410651868482814,0.0,0.0,,,,,,,,,,,,,,,,,,,,,,,,,,,,,,,,,,,,,,,,,,,,,,
0.0,0.0,2.7499999999999982,0.0,0.0,-0.3580928190037949,0.0,7.883234727196395,0.004542873367404884,0,-20.769383502220105,1.0,9.996317567780144,0.0,0.0,,,,,,,,,,,,,,,,,,,,,,,,,,,,,,,,,,,,,,,,,,,,,,
0.0,0.0,0.0,0.0,0.0,-0.5597038073578355,0.0,23.559831275139004,0.00881057268722467,0,-56.53008454314139,1.0,16.98057212737565,0.0,0.0,,,,,,,,,,,,,,,,,,,,,,,,,,,,,,,,,,,,,,,,,,,,,,
0.0,0.0,0.0,0.0,0.0,-0.4686995658795018,0.0,26.196721179876477,0.010169491525423728,0,-46.86995658795018,1.0,19.0420836260509,0.0,0.0,,,,,,,,,,,,,,,,,,,,,,,,,,,,,,,,,,,,,,,,,,,,,,
,,,,,,,,,,,,,,,114.171875,64,7307,23,0.22313019633293152,311,-40.678280796875,,,,,,,,,,,,,,,,,,,,,,,,,,,,,,,,,,,,,,,
0.0,0.0,0.0,0.0,0.0,-0.4566627771064405,0.0,38.05760518065654,0.02198492462311558,0,-63.47612601779523,1.0,19.843952417604285,0.0,0.0,,,,,,,,,,,,,,,,,,,,,,,,,,,,,,,,,,,,,,,,,,,,,,
0.0,1.0,1.6500000000000008,0.0,7.936571983143499,-0.23735706938374732,0.0,10.653995478758588,0.00508646998982706,0,-15.665566579327322,0.0,11.734526725282393,0.0,0.0,,,,,,,,,,,,,,,,,,,,,,,,,,,,,,,,,,,,,,,,,,,,,,
0.0,0.0,0.0,0.0,0.0,-0.4711476054617251,0.0,26.249728814465925,0.0136986301369863,0,-48.52820336255769,1.0,18.530748743589662,0.0,0.0,,,,,,,,,,,,,,,,,,,,,,,,,,,,,,,,,,,,,,,,,,,,,,
0.0,0.0,0.0,0.0,9.574506132821893,-0.18273929562201682,0.0,46.608199963811785,0.02411873840445269,0,-26.49719786519244,1.0,23.285965936261285,0.0,0.0,,,,,,,,,,,,,,,,,,,,,,,,,,,,,,,,,,,,,,,,,,,,,,
,,,,,,,,,,,,,,,114.05882352941177,68,7756,23,0.22313019633293152,329,-40.55102091176471,,,,,,,,,,,,,,,,,,,,,,,,,,,,,,,,,,,,,,,
0.0,0.0,2.549999999999999,0.0,0.0,-0.40763780040334724,0.0,8.506858370732516,0.003585835948005379,0,-22.420079022184098,1.0,11.353696550624822,0.0,0.0,,,,,,,,,,,,,,,,,,,,,,,,,,,,,,,,,,,,,,,,,,,,,,
0.0,0.0,0.0,0.0,0.0,-0.5637177393848973,0.0,33.2048982452834,0.019230769230769232,0,-66.51869324741789,1.0,20.425047695368896,0.0,0.0,,,,,,,,,,,,,,,,,,,,,,,,,,,,,,,,,,,,,,,,,,,,,,
0.0,0.0,0.0,0.0,0.0,-0.47461957933467874,0.0,24.71906047454104,0.007992477668077104,0,-47.46195793346787,1.0,17.998050470777613,0.0,0.0,,,,,,,,,,,,,,,,,,,,,,,,,,,,,,,,,,,,,,,,,,,,,,
0.0,0.0,0.0,0.0,0.0,-0.3782496710954858,0.0,8.066188630880788,0.004563894523326572,0,-21.56023125244269,1.0,10.386153958976156,0.0,0.0,,,,,,,,,,,,,,,,,,,,,,,,,,,,,,,,,,,,,,,,,,,,,,
,,,,,,,,,,,,,,,112.25,72,8082,23,0.22313019633293152,341,-40.492673902777774,,,,,,,,,,,,,,,,,,,,,,,,,,,,,,,,,,,,,,,
0.0,0.0,0.0,0.0,0.0,-0.5797222975215115,0.0,26.760687872301787,0.011307767944936086,0,-63.769452727366264,1.0,17.67988299258241,0.0,0.0,,,,,,,,,,,,,,,,,,,,,,,,,,,,,,,,,,,,,,,,,,,,,,
0.0,0.0,2.849999999999998,0.0,0.0,-0.3914146032322376,0.0,9.341121939185541,0.004580852038479157,0,-23.484876193934255,1.0,11.42269966895354,0.0,0.0,,,,,,,,,,,,,,,,,,,,,,,,,,,,,,,,,,,,,,,,,,,,,,
0.0,0.0,0.0,0.0,11.755553994669043,-0.22222600526097405,0.0,38.62784576701233,0.02238314680710994,0,-30.66718872601442,1.0,20.308869278602618,0.0,0.0,,,,,,,,,,,,,,,,,,,,,,,,,,,,,,,,,,,,,,,,,,,,,,
0.0,0.0,0.0,0.0,0.0,-0.38275410062063703,0.0,25.9471387648955,0.011635423400129283,0,-40.57193466578752,1.0,17.792214936818404,0.0,0.0,,,,,,,,,,,,,,,,,,,,,,,,,,,,,,,,,,,,,,,,,,,,,,
,,,,,,,,,,,,,,,111.73684210526316,76,8492,23,0.22313019633293152,359,-40.447476723684204,,,,,,,,,,,,,,,,,,,,,,,,,,,,,,,,,,,,,,,
0.0,0.0,0.0,0.0,31.840218061548914,-0.14801416594326663,0.0,50.44831422777497,0.027544910179640718,0,-21.906096559603462,1.0,24.693502151988383,0.0,0.0,,,,,,,,,,,,,,,,,,,,,,,,,,,,,,,,,,,,,,,,,,,,,,
0.0,0.0,0.0,0.0,10.361553416100575,-0.3092106507508786,0.0,31.858765821205452,0.016906700062617408,0,-35.86843548710192,1.0,19.95316607088126,0.0,0.0,,,,,,,,,,,,,,,,,,,,,,,,,,,,,,,,,,,,,,,,,,,,,,
0.0,0.0,2.2,0.0,6.342355576462412,-0.24037680714405846,0.0,10.3709718065802,0.0037974683544303796,0,-15.384115657219741,1.0,11.882387883748018,0.0,0.0,,,,,,,,,,,,,,,,,,,,,,,,,,,,,,,,,,,,,,,,,,,,,,
0.0,0.0,0.0,0.0,0.0,-0.5410230757553233,0.0,59.18585581568186,0.02760180995475113,0,-102.79438439351142,1.0,22.54097133310657,0.0,0.0,,,,,,,,,,,,,,,,,,,,,,,,,,,,,,,,,,,,,,,,,,,,,,
,,,,,,,,,,,,,,,112.575,80,9006,23,0.22313019633293152,380,-40.621298975,,,,,,,,,,,,,,,,,,,,,,,,,,,,,,,,,,,,,,,
0.0,0.0,1.950000000000001,0.0,9.463862135942412,-0.24217495536736078,0.0,12.42620317672845,0.007609384908053266,0,-16.710071920347893,1.0,13.107758455272824,0.0,0.0,,,,,,,,,,,,,,,,,,,,,,,,,,,,,,,,,,,,,,,,,,,,,,
0.0,0.0,0.0,0.0,0.0,-0.5119039287569985,0.0,10.914662513765506,0.0062678062678062675,0,-36.857082870503895,1.0,11.10291453017075,0.0,0.0,,,,,,,,,,,,,,,,,,,,,,,,,,,,,,,,,,,,,,,,,,,,,,
0.0,0.0,0.0,0.0,0.0,-0.3607299533194429,0.0,41.36408021685202,0.01921079958463136,0,-52.666573184638665,1.0,20.52191382005432,0.0,0.0,,,,,,,,,,,,,,,,,,,,,,,,,,,,,,,,,,,,,,,,,,,,,,
0.0,0.0,0.0,0.0,9.262294005042374,-0.3392668335806959,0.0,28.348284390966,0.010734220695577501,0,-40.03348636252212,1.0,17.453682100238463,0.0,0.0,,,,,,,,,,,,,,,,,,,,,,,,,,,,,,,,,,,,,,,,,,,,,,
,,,,,,,,,,,,,,,111.98809523809524,84,9407,23,0.22313019633293152,397,-40.42694536904762,,,,,,,,,,,,,,,,,,,,,,,,,,,,,,,,,,,,,,,
0.0,0.0,0.0,0.0,0.0,-0.3961291440046586,0.0,27.166028848616406,0.008731808731808732,0,-39.2167852564612,1.0,19.95154126207114,0.0,0.0,,,,,,,,,,,,,,,,,,,,,,,,,,,,,,,,,,,,,,,,,,,,,,
0.0,0.0,0.0,0.0,0.0,-0.5281418276887078,0.0,55.48420010774862,0.02821869488536155,0,-82.39012511943841,1.0,25.755574924794445,0.0,0.0,,,,,,,,,,,,,,,,,,,,,,,,,,,,,,,,,,,,,,,,,,,,,,
0.0,0.0,0.0,0.0,0.0,-0.3663670035281721,0.0,10.457766273175366,0.004066693777958519,0,-23.447488225803014,1.0,11.954175402658528,0.0,0.0,,,,,,,,,,,,,,,,,,,,,,,,,,,,,,,,,,,,,,,,,,,,,,
0.0,0.0,0.0,0.0,0.0,-0.572458339005704,0.0,22.05634094006382,0.008342022940563087,0,-54.95600054454758,1.0,16.733306463868516,0.0,0.0,,,,,,,,,,,,,,,,,,,,,,,,,,,,,,,,,,,,,,,,,,,,,,
,,,,,,,,,,,,,,,111.56818181818181,88,9818,23,0.22313019633293152,414,-40.86268043181818,,,,,,,,,,,,,,,,,,,,,,,,,,,,,,,,,,,,,,,
0.0,0.0,0.0,0.0,12.001490726463008,-0.3800045373997843,0.0,30.309388727298938,0.01694915254237288,0,-43.32051726357541,1.0,19.297860163362156,0.0,0.0,,,,,,,,,,,,,,,,,,,,,,,,,,,,,,,,,,,,,,,,,,,,,,
,,,,,,,,,,,,,,,,,,,,,,5.8472065925598145,0.0035300799645483494,22.92172622680664,0.00651134317740798,0.050610147416591644,0.007694817613810301,5.783979415893555,5.955672264099121,5.896718502044678,0.002733524888753891,0.012986719608306885,9.019241333007812,0.029488487169146538,4.422483921051025,4.286564350128174,0.004983540158718824,6.461568832397461,0.013722129166126251,0.028045654296875,44.95663070678711,0.0038682285230606794,4.566136360168457,0.00658252090215683,6.835251808166504,0.007124502211809158,0.0025661587715148926,0.057433560490608215,0.00539938360452652,46.84803771972656,26.194412231445312,4.426843166351318,0.030590739101171494,0.0067046270705759525,,,,,,
0.0,0.0,2.3499999999999996,0.0,15.53241018788116,-0.16135859016049106,0.0,20.896113564725965,0.010147133434804667,0,-15.329066065246652,1.0,16.00302120435438,0.0,0.0,,,,,,,,,,,,,,,,,,,,,,,,,,,,,,,,,,,,,,,,,0.9977368116378784,9.8015221817312e-05,1.6188126802444458,24,-0.007251183968037367,-2.350956439971924
0.0,0.0,0.0,0.0,0.0,-0.5986513041693292,0.0,28.34415034412814,0.011516314779270634,0,-85.00848519204474,1.0,14.50308412298317,0.0,0.0,,,,,,,,,,,,,,,,,,,,,,,,,,,,,,,,,,,,,,,,,0.9840512275695801,9.798744605888751e-05,0.7983487844467163,165,-0.05730963498353958,-4.7188615798950195
0.0,0.0,0.0,0.0,11.94472472215484,-0.34201667095727867,0.0,32.85014702042099,0.014084507042253521,0,-40.35796717295888,1.0,20.2038876056381,0.0,0.0,,,,,,,,,,,,,,,,,,,,,,,,,,,,,,,,,,,,,,,,,0.9728280901908875,9.7964401092638e-05,0.3357275128364563,282,-0.105511873960495,-7.115583419799805
,,,,,,,,,,,,,,,111.77173913043478,92,10283,23,0.22312761843204498,438,-41.08341806521739,,,,,,,,,,,,,,,,,,,,,,,,,,,,,,,,,,,,,,,
0.0,0.0,0.0,0.0,0.0,-0.4080886086741517,0.0,9.445111348381033,0.005886200130804447,0,-28.56620260719062,1.0,9.882281171207646,0.0,0.0,,,,,,,,,,,,,,,,,,,,,,,,,,,,,,,,,,,,,,,,,0.9663201570510864,9.795081174849951e-05,0.30488288402557373,351,-0.11038857698440552,-6.786396026611328
0.0,0.0,0.0,0.0,0.0,-0.5036474673319488,0.0,34.896836384083144,0.012572533849129593,0,-59.43040114516995,1.0,21.45912606013059,0.0,0.0,,,,,,,,,,,,,,,,,,,,,,,,,,,,,,,,,,,,,,,,,0.9552866220474243,9.792777111288799e-05,0.22394999861717224,468,-0.14746969938278198,-8.06435775756836
0.0,0.0,0.0,0.0,0.0,-0.5417477744818651,0.0,26.455570251477184,0.012939001848428836,0,-57.967011869559556,1.0,17.97664896726207,0.0,0.0,,,,,,,,,,,,,,,,,,,,,,,,,,,,,,,,,,,,,,,,,0.945360004901886,9.7906899042862e-05,0.28927239775657654,574,-0.19480358064174652,-10.702917098999023
0.0,0.0,0.0,0.0,0.0,-0.44260733087765103,0.0,6.107299947820138,0.0038560411311053984,0,-23.458188536515504,1.0,8.505868753432184,0.0,0.0,,,,,,,,,,,,,,,,,,,,,,,,,,,,,,,,,,,,,,,,,0.9405185580253601,9.789666073166201e-05,0.25654304027557373,626,-0.19025757908821106,-9.935539245605469
,,,,,,,,,,,,,,,110.69791666666667,96,10627,23,0.22310464084148407,456,-41.13685764583334,,,,,,,,,,,,,,,,,,,,,,,,,,,,,,,,,,,,,,,
0.0,0.0,0.0,0.0,0.0,-0.38739556048251295,0.0,15.96856442434364,0.009572072072072071,0,-33.316018201496114,1.0,13.553401243969365,0.0,0.0,,,,,,,,,,,,,,,,,,,,,,,,,,,,,,,,,,,,,,,,,0.9327227473258972,9.78799261893395e-05,0.5049281120300293,711,-0.23882326483726501,-11.23237419128418
0.0,0.0,0.0,0.0,0.0,-0.4358095371990218,0.0,10.629159272939432,0.00413393964448119,0,-30.070858066732505,1.0,11.263579539070804,0.0,0.0,,,,,,,,,,,,,,,,,,,,,,,,,,,,,,,,,,,,,,,,,0.926550567150116,9.786653959067951e-05,0.2212379276752472,779,-0.2620370090007782,-12.528833389282227
0.0,0.0,0.0,0.0,0.0,-0.366732264981503,0.0,19.98697322816588,0.01079136690647482,0,-34.83956517324279,1.0,15.31240674081649,0.0,0.0,,,,,,,,,,,,,,,,,,,,,,,,,,,,,,,,,,,,,,,,,0.9180945158004761,9.78480361018355e-05,0.30918118357658386,873,-0.25941479206085205,-13.518987655639648
0.0,1.0,0.0,0.0,0.0,-0.42774770720918653,0.0,5.237837184453383,0.002720348204570185,0,-19.248646824413395,0.0,8.58314832713637,0.0,0.0,,,,,,,,,,,,,,,,,,,,,,,,,,,,,,,,,,,,,,,,,0.9141541719436646,9.783937549845551e-05,0.43083250522613525,917,-0.2860700786113739,-14.024364471435547
,,,,,,,,,,,,,,,109.18,100,10918,23,0.2230776995420456,472,-40.66669514000001,,,,,,,,,,,,,,,,,,,,,,,,,,,,,,,,,,,,,,,
0.0,1.0,0.0,0.0,0.0,-0.48744452444646,0.0,6.581663357792422,0.0031931878658861094,0,-23.88478169787654,0.0,9.905318748115322,0.0,0.0,,,,,,,,,,,,,,,,,,,,,,,,,,,,,,,,,,,,,,,,,0.9098066687583923,9.782992800688751e-05,0.49362805485725403,965,-0.2810356616973877,-12.7141695022583
0.0,0.0,0.0,0.0,0.0,-0.5718805237457529,0.0,27.617824563203612,0.014801657785671996,0,-61.19121604079557,1.0,18.776785562408854,0.0,0.0,,,,,,,,,,,,,,,,,,,,,,,,,,,,,,,,,,,,,,,,,0.9004817605018616,9.78090664205795e-05,0.3373495042324066,1071,-0.358521431684494,-14.778915405273438
0.0,0.0,0.0,0.0,0.0,-0.5932390127433466,0.0,12.772567699663341,0.006571087216248507,0,-42.71320891752095,1.0,12.938606647962075,0.0,0.0,,,,,,,,,,,,,,,,,,,,,,,,,,,,,,,,,,,,,,,,,0.8942367434501648,9.779509434431801e-05,0.4078732132911682,1142,-0.36656129360198975,-14.91364574432373
0.0,0.0,0.0,0.0,0.0,-0.3070414568625853,0.0,20.328778482973576,0.013879709187045605,0,-28.24781403135785,1.0,16.077813752423225,0.0,0.0,,,,,,,,,,,,,,,,,,,,,,,,,,,,,,,,,,,,,,,,,0.8863905072212219,9.77771879387555e-05,0.6583751440048218,1233,-0.37550777196884155,-14.413164138793945
,,,,,,,,,,,,,,,108.06,104,11234,22,0.22306114435195923,488,-40.5196712,,,,,,,,,,,,,,,,,,,,,,,,,,,,,,,,,,,,,,,
0.0,0.0,0.0,0.0,0.0,-0.5995955375362547,0.0,11.244036040036008,0.006752608962553714,0,-34.77654117710277,1.0,14.22269588987776,0.0,0.0,,,,,,,,,,,,,,,,,,,,,,,,,,,,,,,,,,,,,,,,,0.8813679814338684,9.776597267795e-05,0.5408573150634766,1290,-0.4116785526275635,-16.52972412109375
0.0,0.0,0.0,0.0,0.0,-0.5942636871212449,0.0,19.653585388325155,0.007903055848261328,0,-51.10667709242706,1.0,16.68324278230016,0.0,0.0,,,,,,,,,,,,,,,,,,,,,,,,,,,,,,,,,,,,,,,,,0.8742024302482605,9.774924936718749e-05,0.5602472424507141,1375,-0.4224175214767456,-14.891094207763672
0.0,0.0,0.0,0.0,0.0,-0.45941343709520394,0.0,8.276737538864836,0.0035056967572304996,0,-22.970671854760198,1.0,12.188122042732239,0.0,0.0,,,,,,,,,,,,,,,,,,,,,,,,,,,,,,,,,,,,,,,,,0.8700486421585083,9.7739609523712e-05,0.5349904298782349,1424,-0.4958496689796448,-16.39048957824707
0.0,0.0,0.0,0.0,0.0,-0.3094899378613378,0.0,24.862824962940067,0.010643689812468323,0,-34.97236297833118,1.0,15.976570574631552,0.0,0.0,,,,,,,,,,,,,,,,,,,,,,,,,,,,,,,,,,,,,,,,,0.8606539368629456,9.771757738995201e-05,0.6814990639686584,1536,-0.44797250628471375,-17.145442962646484
,,,,,,,,,,,,,,,107.22,108,11537,22,0.22304967045783997,506,-40.84941187,,,,,,,,,,,,,,,,,,,,,,,,,,,,,,,,,,,,,,,
0.0,0.0,0.0,0.0,30.414110914993472,-0.10789997452012699,0.0,42.201281497837044,0.02203856749311295,0,-15.537596330898287,1.0,21.225635995187872,0.0,0.0,,,,,,,,,,,,,,,,,,,,,,,,,,,,,,,,,,,,,,,,,0.8487558364868164,9.768945070457951e-05,0.3897215723991394,1679,-0.5752679109573364,-17.781173706054688
0.0,0.0,0.0,0.0,41.463006029066996,-0.11180608293770541,0.0,51.90547996642999,0.029222676797194622,0,-19.00703409940992,1.0,22.12409077990948,0.0,0.0,,,,,,,,,,,,,,,,,,,,,,,,,,,,,,,,,,,,,,,,,0.8348667621612549,9.765621532284801e-05,0.544487476348877,1848,-0.6576120853424072,-19.694198608398438
0.0,0.0,0.0,0.0,0.0,-0.5777071266313271,0.0,7.307052797172219,0.002892561983471074,0,-30.04077058482901,1.0,10.35997379128145,0.0,0.0,,,,,,,,,,,,,,,,,,,,,,,,,,,,,,,,,,,,,,,,,0.8307269811630249,9.76461868269995e-05,0.5664036273956299,1899,-0.6714676022529602,-17.41543960571289
0.0,0.0,0.0,0.0,0.0,-0.41360967738113397,0.0,7.2631631451658905,0.003582089552238806,0,-23.162141933343502,1.0,9.541618239715726,0.0,0.0,,,,,,,,,,,,,,,,,,,,,,,,,,,,,,,,,,,,,,,,,0.8263028264045715,9.7635372362542e-05,0.895409345626831,1954,-0.5051659345626831,-18.648239135742188
,,,,,,,,,,,,,,,107.94,112,11955,22,0.22303597629070282,528,-40.497611809999995,,,,,,,,,,,,,,,,,,,,,,,,,,,,,,,,,,,,,,,
0.0,0.0,0.0,0.0,0.0,-0.3632440443668035,0.0,15.89472522039432,0.008120649651972157,0,-32.328719948645514,1.0,13.016540827094168,0.0,0.0,,,,,,,,,,,,,,,,,,,,,,,,,,,,,,,,,,,,,,,,,0.8193472623825073,9.761807047151801e-05,0.8256165385246277,2042,-0.7273832559585571,-19.829692840576172
0.0,0.0,3.149999999999997,0.0,0.0,-0.47168833757197554,0.0,10.884667710051872,0.007863695937090432,0,-32.074806954894335,1.0,11.744118303440679,0.0,0.0,,,,,,,,,,,,,,,,,,,,,,,,,,,,,,,,,,,,,,,,,0.8139850497245789,9.760489847415949e-05,0.7314809560775757,2109,-0.6163713932037354,-17.8837947845459
0.0,0.0,0.0,0.0,0.0,-0.3362575819149913,0.0,21.72563314778381,0.01062753036437247,0,-36.315818846819056,1.0,14.644284690526629,0.0,0.0,,,,,,,,,,,,,,,,,,,,,,,,,,,,,,,,,,,,,,,,,0.8056138157844543,9.7583864450272e-05,0.7799644470214844,2216,-0.738116979598999,-19.421070098876953
0.0,0.0,0.0,0.0,0.0,-0.4643966727365182,0.0,39.12312762069632,0.02289156626506024,0,-71.98148427416032,1.0,18.305922623793943,0.0,0.0,,,,,,,,,,,,,,,,,,,,,,,,,,,,,,,,,,,,,,,,,0.7936747074127197,9.755359518155e-05,0.5944249629974365,2370,-0.8169699907302856,-20.24039077758789
,,,,,,,,,,,,,,,106.09,116,12371,22,0.22304224967956543,549,-40.26702292,,,,,,,,,,,,,,,,,,,,,,,,,,,,,,,,,,,,,,,
0.0,0.0,0.0,0.0,13.438352554218786,-0.39564457517495427,0.0,40.5318816913059,0.016270888302550572,0,-61.32490915211791,1.0,18.943505681304607,0.0,0.0,,,,,,,,,,,,,,,,,,,,,,,,,,,,,,,,,,,,,,,,,0.7819206118583679,9.752333063231201e-05,0.6327251195907593,2524,-0.7877963781356812,-18.78563690185547
0.0,0.0,0.0,0.0,10.789133444125282,-0.3784772939379271,0.0,28.5141683742404,0.010945709281961471,0,-42.38945692104784,1.0,18.505635126928407,0.0,0.0,,,,,,,,,,,,,,,,,,,,,,,,,,,,,,,,,,,,,,,,,0.7735452651977539,9.750151950088751e-05,1.131163239479065,2635,-0.8355109691619873,-20.851253509521484
0.0,0.0,0.0,0.0,23.209761772246683,-0.16887111446303993,0.0,30.21167640062049,0.01669545192861255,0,-19.082435934323513,1.0,19.39228003671233,0.0,0.0,,,,,,,,,,,,,,,,,,,,,,,,,,,,,,,,,,,,,,,,,0.7651634216308594,9.747951435789552e-05,0.5583507418632507,2747,-0.8598483800888062,-20.010229110717773
0.0,0.0,0.0,0.0,11.526381240401719,-0.21651407435424072,0.0,48.854822596069425,0.02875399361022364,0,-34.642251896678516,1.0,22.110601837638686,0.0,0.0,,,,,,,,,,,,,,,,,,,,,,,,,,,,,,,,,,,,,,,,,0.7534542083740234,9.744827920118201e-05,0.610659658908844,2906,-0.903769314289093,-18.115631103515625
,,,,,,,,,,,,,,,107.4,120,12907,22,0.22301168739795685,578,-40.06492744999999,,,,,,,,,,,,,,,,,,,,,,,,,,,,,,,,,,,,,,,
0.0,0.0,0.0,0.0,70.54471132754544,-0.08711747695570855,0.0,117.05735467161867,0.07177322074788903,0,-31.884996565789333,1.0,23.107252178325876,0.0,0.0,,,,,,,,,,,,,,,,,,,,,,,,,,,,,,,,,,,,,,,,,0.7272536754608154,9.73765948843795e-05,0.7782321572303772,3271,-1.167494297027588,-19.65774154663086
0.0,0.0,0.0,0.0,0.0,-0.5933414423193043,0.0,81.67525396868587,0.0105866784296427,0,-158.42216509925424,1.0,22.1109537817412,0.0,0.0,,,,,,,,,,,,,,,,,,,,,,,,,,,,,,,,,,,,,,,,,0.7088416814804077,9.73243704117155e-05,0.6650275588035583,3537,-1.184434413909912,-18.137794494628906
0.0,0.0,0.7500000000000001,0.0,9.916847682822613,-0.12183780745806953,0.0,71.85759302682709,0.03937881308929562,0,-25.95145298856881,1.0,24.39519899790902,0.0,0.0,,,,,,,,,,,,,,,,,,,,,,,,,,,,,,,,,,,,,,,,,0.6944891214370728,9.72827579825995e-05,0.562743067741394,3749,-1.1616177558898926,-17.686840057373047
0.0,0.0,0.49999999999999994,0.0,18.739269059250816,-0.17805314352866136,0.0,33.028701426927,0.013805004314063849,0,-22.790802371668654,1.0,18.7118639711636,0.0,0.0,,,,,,,,,,,,,,,,,,,,,,,,,,,,,,,,,,,,,,,,,0.6860880255699158,9.7257834065912e-05,0.9379761219024658,3876,-1.2831565141677856,-17.511917114257812
,,,,,,,,,,,,,,,110.9,124,13877,22,0.222986102104187,630,-40.85051101,,,,,,,,,,,,,,,,,,,,,,,,,,,,,,,,,,,,,,,
0.0,0.0,2.4499999999999993,0.0,0.0,-0.4266654934399533,0.0,7.555957513162866,0.003663003663003663,0,-23.893267632637386,1.0,9.942727999533842,0.0,0.0,,,,,,,,,,,,,,,,,,,,,,,,,,,,,,,,,,,,,,,,,0.6824663281440735,9.72470412397195e-05,0.5819752216339111,3931,-1.2050855159759521,-16.98465347290039
0.0,0.0,0.0,0.0,0.0,-0.34427472430268896,0.0,29.4373239018023,0.01120896717373899,0,-42.00151636492805,1.0,17.527291000915177,0.0,0.0,,,,,,,,,,,,,,,,,,,,,,,,,,,,,,,,,,,,,,,,,0.6746386289596558,9.722329914104802e-05,0.4555882215499878,4052,-1.26533043384552,-17.65294647216797
0.0,0.0,0.0,0.0,32.08132315746243,-0.23683103453090862,1.0,52.78263701999094,0.025961058412381426,0,-41.44543104290901,0.0,21.81434891507306,0.0,0.0,,,,,,,,,,,,,,,,,,,,,,,,,,,,,,,,,,,,,,,,,0.6635180115699768,9.718916271806201e-05,0.436453640460968,4226,-1.2683959007263184,-19.962818145751953
0.0,1.0,2.849999999999998,0.0,69.61118364919291,-0.014336073095436623,0.0,96.66143581416691,0.042991491267353334,0,-4.042772612913128,0.0,24.75011415301752,0.0,0.0,,,,,,,,,,,,,,,,,,,,,,,,,,,,,,,,,,,,,,,,,0.6458670496940613,9.71340470783755e-05,1.4529720544815063,4507,-2.003751754760742,-18.181156158447266
,,,,,,,,,,,,,,,113.28,128,14508,21,0.22294825315475464,664,-40.90854971,,,,,,,,,,,,,,,,,,,,,,,,,,,,,,,,,,,,,,,
0.0,0.0,0.0,0.0,0.0,-0.3673920012765476,0.0,219.84390996961156,0.11046202867764206,0,-210.14822473018523,1.0,27.726685444809437,0.0,0.0,,,,,,,,,,,,,,,,,,,,,,,,,,,,,,,,,,,,,,,,,0.6113816499710083,9.7022098935358e-05,0.6181720495223999,5078,-1.4188169240951538,-15.849384307861328
0.0,0.0,0.0,0.0,121.12070003680078,-0.14743107886451642,0.0,175.3049835996353,0.11597084161696487,0,-72.24122864361304,1.0,25.80671207022173,0.0,0.0,,,,,,,,,,,,,,,,,,,,,,,,,,,,,,,,,,,,,,,,,0.5834722518920898,9.69262789831555e-05,0.5566098690032959,5567,-1.7260963916778564,-15.255157470703125
0.0,0.0,0.0,0.0,0.0,-0.487577723721295,0.0,75.84440658372478,0.04207492795389049,0,-111.16772100845526,1.0,24.039241274695133,0.0,0.0,,,,,,,,,,,,,,,,,,,,,,,,,,,,,,,,,,,,,,,,,0.570972204208374,9.688181431838201e-05,0.5645962953567505,5794,-1.9976444244384766,-14.941686630249023
0.0,0.0,0.1,0.0,2.8741288215523544,-0.4858031426151138,0.0,157.5291463980684,0.10204081632653061,0,-213.26757960803496,1.0,25.89714060145772,0.0,0.0,,,,,,,,,,,,,,,,,,,,,,,,,,,,,,,,,,,,,,,,,0.5476000308990479,9.679604804348801e-05,0.5198699235916138,6232,-2.0728607177734375,-13.908498764038086
,,,,,,,,,,,,,,,125.78,132,16233,21,0.2228020280599594,750,-45.258323630000014,,,,,,,,,,,,,,,,,,,,,,,,,,,,,,,,,,,,,,,
0.0,0.0,0.0,0.0,0.0,-0.24684538149432506,0.0,47.83172112875036,0.017820980153908466,0,-46.90062248392176,1.0,18.20257455472799,0.0,0.0,,,,,,,,,,,,,,,,,,,,,,,,,,,,,,,,,,,,,,,,,0.5377117395401001,9.67590510994795e-05,0.5134828686714172,6421,-2.1388773918151855,-13.08650016784668
0.0,0.0,4.849999999999991,0.0,0.0,-0.3541172548074383,0.0,17.595151633278874,0.011310711909514305,0,-36.47407724516614,1.0,12.412369258885567,0.0,0.0,,,,,,,,,,,,,,,,,,,,,,,,,,,,,,,,,,,,,,,,,0.5325450897216797,9.673908744813551e-05,0.4006769061088562,6523,-1.8261091709136963,-12.995637893676758
0.0,0.0,3.099999999999997,0.0,0.0,-0.5160880607338636,0.0,18.28291856951546,0.007977475363679024,0,-48.51227770898318,1.0,14.150490339725803,0.0,0.0,,,,,,,,,,,,,,,,,,,,,,,,,,,,,,,,,,,,,,,,,0.5278291702270508,9.672088709987202e-05,0.5598160028457642,6616,-1.719209909439087,-14.345107078552246
0.0,0.0,0.0,0.0,0.0,-0.28707156912789117,0.0,27.73399860120844,0.018289085545722714,0,-34.16151672621905,1.0,16.91335752066483,0.0,0.0,,,,,,,,,,,,,,,,,,,,,,,,,,,,,,,,,,,,,,,,,0.5219699740409851,9.6697796662222e-05,0.4396257996559143,6734,-2.031661033630371,-12.827539443969727
,,,,,,,,,,,,,,,126.19,136,16735,21,0.22278064489364624,779,-44.967035020000004,,,,,,,,,,,,,,,,,,,,,,,,,,,,,,,,,,,,,,,
0.0,0.0,0.0,0.0,51.59410405000737,-0.12784879180903413,0.0,140.95079186640214,0.06421152030217187,0,-45.76986746763422,1.0,28.41208342551622,0.0,0.0,,,,,,,,,,,,,,,,,,,,,,,,,,,,,,,,,,,,,,,,,0.5043274760246277,9.662795517695951e-05,0.4498034119606018,7091,-1.9027540683746338,-13.747848510742188
0.0,0.0,5.999999999999987,0.0,0.0,-0.3161367547577452,1.0,144.17297812525067,0.08008898776418243,0,-125.50629163882486,0.0,26.19307737509921,0.0,0.0,,,,,,,,,,,,,,,,,,,,,,,,,,,,,,,,,,,,,,,,,0.4856344759464264,9.65505136193155e-05,0.41789156198501587,7487,-2.058290481567383,-13.072029113769531
0.0,0.0,5.349999999999989,0.0,0.0,-0.2920906566454551,0.0,21.6032190421829,0.013289036544850499,0,-33.00624420093642,1.0,13.889721918868018,0.0,0.0,,,,,,,,,,,,,,,,,,,,,,,,,,,,,,,,,,,,,,,,,0.4804877042770386,9.65286166176995e-05,0.4391801655292511,7599,-2.446042537689209,-11.374985694885254
0.0,0.0,0.0,0.0,103.52133143834361,0.0023907579738506385,1.0,135.70783512332127,0.0858974358974359,0,0.8917527242462882,0.0,26.24434998465393,0.0,0.0,,,,,,,,,,,,,,,,,,,,,,,,,,,,,,,,,,,,,,,,,0.46377357840538025,9.645590520567952e-05,0.382662832736969,7971,-2.277235984802246,-11.313754081726074
,,,,,,,,,,,,,,,133.92,140,17972,21,0.22275172173976898,843,-44.766151099999995,,,,,,,,,,,,,,,,,,,,,,,,,,,,,,,,,,,,,,,
0.0,0.0,5.04999999999999,0.0,0.0,-0.33036586182135785,0.0,20.267199811525643,0.01398176291793313,0,-36.009878938528004,1.0,13.517944385812577,0.0,0.0,,,,,,,,,,,,,,,,,,,,,,,,,,,,,,,,,,,,,,,,,0.45903342962265015,9.643480059897952e-05,0.3166656792163849,8079,-2.30438232421875,-10.925363540649414
0.0,0.0,0.7000000000000001,0.0,157.05934290731702,-0.1812809047880028,0.0,328.4293714504456,0.15067778936392076,0,-180.01193845448677,1.0,23.846421179057195,0.0,0.0,,,,,,,,,,,,,,,,,,,,,,,,,,,,,,,,,,,,,,,,,0.41762909293174744,9.624105945257951e-05,0.4189898371696472,9071,-2.955872058868408,-10.183140754699707
0.0,0.0,0.0,0.0,0.0,-0.2719915969472871,1.0,144.7562417772133,0.058125255832992224,0,-104.44477322775825,0.0,27.197244347022522,0.0,0.0,,,,,,,,,,,,,,,,,,,,,,,,,,,,,,,,,,,,,,,,,0.40270689129829407,9.616631058254201e-05,0.28485020995140076,9454,-2.5335958003997803,-9.127437591552734
,,,,,,,,,,,,,,,,,,,,,,16.765277862548828,0.009353972971439362,9.794063568115234,0.013944130390882492,0.3047561049461365,0.014437609352171421,1.9099928140640259,24.21551513671875,11.158892631530762,0.0020730281248688698,0.1314498782157898,21.408830642700195,0.08492468297481537,2.5861005783081055,2.521017074584961,0.012814182788133621,4.889825820922852,0.008209900930523872,0.04003020003437996,41.743873596191406,0.00409890990704298,2.473034620285034,0.12239690124988556,1.977587103843689,0.020286239683628082,0.002113249385729432,0.33994260430336,0.017946012318134308,47.754329681396484,11.63253116607666,1.755218744277954,0.042670004069805145,0.17678825557231903,0.382313072681427,9.60599950200995e-05,0.25258582830429077,9999,-2.742488145828247,-8.038736343383789
0.0,0.0,0.0,0.0,0.0,-0.30250923899094695,1.0,223.62839710747357,0.10489856506679862,0,-222.04178141935506,0.0,21.97098265851557,0.0,0.0,,,,,,,,,,,,,,,,,,,,,,,,,,,,,,,,,,,,,,,,,0.3755599558353424,9.602333473941552e-05,0.23971372842788696,10187,-2.7601523399353027,-8.49362564086914
,,,,,,,,,,,,,,,151.16,144,20188,20,0.2226218730211258,965,-48.39417327,,,,,,,,,,,,,,,,,,,,,,,,,,,,,,,,,,,,,,,
0.0,0.0,0.0,0.0,0.0,-0.44328835731470384,0.0,172.45446292008273,0.09173333333333333,0,-228.7367923743872,1.0,24.10551337809196,0.0,0.0,,,,,,,,,,,,,,,,,,,,,,,,,,,,,,,,,,,,,,,,,0.3576187491416931,9.5922944993998e-05,0.4875175356864929,10702,-2.9357941150665283,-6.397571563720703
0.0,0.0,0.0,0.0,40.50076158168501,-0.19717131017812453,1.0,79.48064073943533,0.0506649778340722,0,-48.70131361399676,0.0,23.250774617580497,0.0,0.0,,,,,,,,,,,,,,,,,,,,,,,,,,,,,,,,,,,,,,,,,0.34935638308525085,9.5875010461048e-05,0.2733922302722931,10948,-3.5210084915161133,-5.794936180114746
0.0,0.0,5.09999999999999,0.0,0.0,-0.2666381178812132,0.0,21.994334043818526,0.011758941695247428,0,-29.063554849052238,1.0,14.658863764394862,0.0,0.0,,,,,,,,,,,,,,,,,,,,,,,,,,,,,,,,,,,,,,,,,0.34574803709983826,9.585396983603202e-05,0.27356085181236267,11056,-3.50414776802063,-6.6193132400512695
0.0,0.0,0.25,0.0,113.66978618246763,-0.0870032447706333,0.0,269.5818525038194,0.11249444197421075,0,-60.380251870819514,1.0,28.014754458769357,0.0,0.0,,,,,,,,,,,,,,,,,,,,,,,,,,,,,,,,,,,,,,,,,0.32378292083740234,9.571901439059951e-05,0.2853681743144989,11749,-3.444289445877075,-6.3596320152282715
,,,,,,,,,,,,,,,161.99,148,21750,20,0.22255784273147583,1059,-50.7014621,,,,,,,,,,,,,,,,,,,,,,,,,,,,,,,,,,,,,,,
0.0,0.0,0.0,0.0,124.63176998749044,0.031537871198947784,1.0,115.64098054473288,0.056129985228951254,0,10.628262594045403,0.0,24.768354709922566,0.0,0.0,,,,,,,,,,,,,,,,,,,,,,,,,,,,,,,,,,,,,,,,,0.313642293214798,9.56536158488875e-05,0.3044770061969757,12085,-3.755918025970459,-4.3214616775512695
0.0,0.0,0.0,0.0,0.0,-0.6801724565666089,1.0,22.583341175690293,0.01097328244274809,0,-68.6974181132275,0.0,16.229460892618427,0.0,0.0,,,,,,,,,,,,,,,,,,,,,,,,,,,,,,,,,,,,,,,,,0.3106856942176819,9.56341563353875e-05,0.3139386773109436,12185,-3.7020909786224365,-4.283271312713623
0.0,0.0,0.0,0.0,0.0,-0.6483415489712229,0.0,122.65934242424555,0.06498194945848375,0,-245.72144706009345,1.0,23.36529212806377,0.0,0.0,,,,,,,,,,,,,,,,,,,,,,,,,,,,,,,,,,,,,,,,,0.29981204867362976,9.556061735241551e-05,0.28414785861968994,12563,-3.7840301990509033,-2.703805923461914
0.0,0.0,0.0,0.0,0.0,-0.3670481433220022,1.0,331.7326822835021,0.1593011305241521,0,-309.42158482044783,0.0,28.36856530730497,0.0,0.0,,,,,,,,,,,,,,,,,,,,,,,,,,,,,,,,,,,,,,,,,0.2768676280975342,9.539691050548751e-05,0.3626708686351776,13405,-4.355755805969238,-2.5715579986572266
,,,,,,,,,,,,,,,173.85,152,23406,20,0.22246526181697845,1156,-55.44124463,,,,,,,,,,,,,,,,,,,,,,,,,,,,,,,,,,,,,,,
0.0,0.0,0.0,0.0,39.060524283465135,-0.09694418260573205,1.0,107.46188799338415,0.05878824235152969,0,-27.822980407845098,0.0,27.019988698193135,0.0,0.0,,,,,,,,,,,,,,,,,,,,,,,,,,,,,,,,,,,,,,,,,0.26949170231819153,9.53413367163595e-05,0.2986234426498413,13691,-4.9843902587890625,-2.4574198722839355
0.0,0.0,8.549999999999986,0.0,0.0,-0.25849923044329165,0.0,52.40770311979577,0.026447105788423155,0,-44.97886609713275,1.0,21.797704702423115,0.0,0.0,,,,,,,,,,,,,,,,,,,,,,,,,,,,,,,,,,,,,,,,,0.2651059329509735,9.530772830435201e-05,0.26198554039001465,13864,-3.947201728820801,-2.0977604389190674
0.0,0.0,0.0,0.0,0.0,-0.24073838788015048,0.0,61.772330171836074,0.022617124394184167,0,-55.36982921243461,1.0,19.41347516743095,0.0,0.0,,,,,,,,,,,,,,,,,,,,,,,,,,,,,,,,,,,,,,,,,0.2594932019710541,9.526325002857549e-05,0.3127986192703247,14093,-4.484180927276611,-2.176677942276001
0.0,0.0,0.0,0.0,86.58346043953061,-0.13783432170589197,0.0,376.7285744200926,0.2073945696129405,1,-140.31533949659803,1.0,26.678612671369994,0.0,0.0,,,,,,,,,,,,,,,,,,,,,,,,,,,,,,,,,,,,,,,,,0.23579974472522736,9.506584595395001e-05,0.2635347545146942,15110,-4.061929702758789,-1.0133286714553833
,,,,,,,,,,,,,,,185.47,156,25111,20,0.2223644107580185,1254,-56.22732939999999,,,,,,,,,,,,,,,,,,,,,,,,,,,,,,,,,,,,,,,
0.0,0.0,2.9499999999999975,0.0,35.198633538425575,-0.20405828928465566,1.0,43.01827653986402,0.020046620046620046,0,-31.629034839121626,0.0,20.09949412132012,0.0,0.0,,,,,,,,,,,,,,,,,,,,,,,,,,,,,,,,,,,,,,,,,0.23243772983551025,9.503597183475201e-05,0.24965037405490875,15264,-4.371087074279785,0.2031298279762268
0.0,0.0,0.0,0.0,0.0,-0.6677458436322301,1.0,184.8269284371927,0.11791237113402062,0,-356.5762804996109,0.0,24.96269155915813,0.0,0.0,,,,,,,,,,,,,,,,,,,,,,,,,,,,,,,,,,,,,,,,,0.22109538316726685,9.493261277829552e-05,0.29173731803894043,15797,-4.767049789428711,-0.1536947339773178
0.0,0.0,0.0,0.0,44.25203514407138,-0.27008377851288073,1.0,127.58464571356308,0.05245901639344262,0,-82.37555244642863,0.0,30.16412293904053,0.0,0.0,,,,,,,,,,,,,,,,,,,,,,,,,,,,,,,,,,,,,,,,,0.2148960679769516,9.487368658899949e-05,0.3243921399116516,16101,-4.466592311859131,1.2957367897033691
0.0,0.0,2.9999999999999973,0.0,50.37046937019693,-0.12903100277377988,0.0,170.69086531089852,0.07446322521699406,0,-50.322091081774154,1.0,31.579293926400165,0.0,0.0,,,,,,,,,,,,,,,,,,,,,,,,,,,,,,,,,,,,,,,,,0.20721803605556488,9.479831114995e-05,0.29243943095207214,16490,-4.8796162605285645,1.8361462354660034
,,,,,,,,,,,,,,,194.99,160,26491,19,0.22234274446964264,1334,-59.61771516999999,,,,,,,,,,,,,,,,,,,,,,,,,,,,,,,,,,,,,,,
0.0,0.0,0.0,0.0,0.0,-0.40563894490053826,0.0,16.09844462259207,0.010944700460829493,0,-33.262393481844136,1.0,14.303980844731752,0.0,0.0,,,,,,,,,,,,,,,,,,,,,,,,,,,,,,,,,,,,,,,,,0.20564942061901093,9.47826197950795e-05,0.28507131338119507,16571,-4.482266426086426,0.7662488222122192
0.0,0.0,0.0,0.0,33.00231286158069,-0.3348533344611041,1.0,101.35698284336831,0.06261859582542695,0,-99.11658700048682,0.0,24.724529016226914,0.0,0.0,,,,,,,,,,,,,,,,,,,,,,,,,,,,,,,,,,,,,,,,,0.20007510483264923,9.4725483304622e-05,0.30767178535461426,16866,-4.166444301605225,1.418879508972168
0.0,0.0,0.0,0.0,0.0,-0.333847701861577,0.0,143.85564959864132,0.05938144329896907,0,-120.51902037202929,1.0,28.75869946901342,0.0,0.0,,,,,,,,,,,,,,,,,,,,,,,,,,,,,,,,,,,,,,,,,0.19346535205841064,9.465578088006201e-05,0.320662260055542,17226,-5.096285343170166,0.6811392307281494
0.0,0.0,0.15000000000000002,0.0,0.0,-0.26239177997924834,0.0,226.62792828888632,0.14276609305289995,0,-185.24859666534934,1.0,23.153760887957358,0.0,0.0,,,,,,,,,,,,,,,,,,,,,,,,,,,,,,,,,,,,,,,,,0.1812061369419098,9.451935500571949e-05,0.23752908408641815,17931,-6.040146827697754,2.959689140319824
,,,,,,,,,,,,,,,206.25,164,27932,19,0.222374826669693,1408,-62.55729979000001,,,,,,,,,,,,,,,,,,,,,,,,,,,,,,,,,,,,,,,
0.0,1.0,0.0,0.0,0.0,-0.19796157016548183,0.0,117.48846797004808,0.06588498045784479,0,-75.42335823304857,0.0,22.26741315476786,0.0,0.0,,,,,,,,,,,,,,,,,,,,,,,,,,,,,,,,,,,,,,,,,0.17491023242473602,9.444586151573952e-05,0.2910149395465851,18311,-5.865449905395508,2.5151591300964355
0.0,0.0,0.0,0.0,0.0,-0.3369805508529204,0.0,72.7581993676722,0.047963206307490146,0,-80.20137110299505,1.0,22.076802345316374,0.0,0.0,,,,,,,,,,,,,,,,,,,,,,,,,,,,,,,,,,,,,,,,,0.17108474671840668,9.4400039336248e-05,0.19660700857639313,18548,-5.64224100112915,3.2724499702453613
0.0,0.0,0.0,0.0,0.0,-0.3609786007708509,0.0,13.171946291462518,0.006831318970047294,0,-24.907523453188713,1.0,13.950627530626583,0.0,0.0,,,,,,,,,,,,,,,,,,,,,,,,,,,,,,,,,,,,,,,,,0.17001491785049438,9.438689410787201e-05,0.28959375619888306,18616,-5.576444149017334,3.0398316383361816
0.0,0.0,0.0,0.0,0.0,-0.20847625510929024,0.0,127.027094301935,0.08,0,-90.47869471743196,1.0,21.115469099836634,0.0,0.0,,,,,,,,,,,,,,,,,,,,,,,,,,,,,,,,,,,,,,,,,0.16327446699142456,9.430321151789952e-05,0.22125254571437836,19049,-5.657989978790283,3.737325668334961
,,,,,,,,,,,,,,,212.94,168,29050,19,0.22237560153007507,1470,-63.72587777,,,,,,,,,,,,,,,,,,,,,,,,,,,,,,,,,,,,,,,
0.0,0.0,5.299999999999989,0.0,0.0,-0.1676874678568815,0.0,22.864715207368135,0.015294117647058824,0,-18.1102465285432,1.0,15.394720357162003,0.0,0.0,,,,,,,,,,,,,,,,,,,,,,,,,,,,,,,,,,,,,,,,,0.16166186332702637,9.428253819743202e-05,0.23630745708942413,19156,-5.735499382019043,3.2559666633605957
0.0,0.0,0.0,0.0,34.845569196469896,-0.11433451862234754,1.0,84.08522915857611,0.041202132816286964,0,-25.496597652783503,0.0,27.241846720272303,0.0,0.0,,,,,,,,,,,,,,,,,,,,,,,,,,,,,,,,,,,,,,,,,0.15836437046527863,9.423965315495799e-05,0.22463390231132507,19378,-4.892225742340088,2.809875965118408
0.0,0.0,0.0,0.0,0.0,-0.053768717477387686,0.0,129.27459680335596,0.05249895002099958,0,-15.754234220874592,1.0,31.839219628498775,0.0,0.0,,,,,,,,,,,,,,,,,,,,,,,,,,,,,,,,,,,,,,,,,0.15412594377994537,9.418326073555002e-05,0.1860206127166748,19670,-5.4324951171875,4.5650634765625
,,,,,,,,,,,,,,,,,,,,,,17.91669464111328,0.03167777508497238,10.35269546508789,0.01007458008825779,0.4321569800376892,0.042257532477378845,1.0032234191894531,16.9902286529541,11.7704496383667,0.002915025455877185,0.19421625137329102,19.838258743286133,0.13652248680591583,2.467780828475952,3.15852952003479,0.032666876912117004,4.965950012207031,0.027862176299095154,0.13141867518424988,43.034053802490234,0.01336484495550394,1.0831303596496582,0.17992320656776428,4.207991600036621,0.05814560130238533,0.008500540629029274,0.4792831242084503,0.05339064821600914,48.83098220825195,13.594864845275879,3.2529571056365967,0.14100852608680725,0.1706194281578064,0.14954835176467896,9.411974303009951e-05,0.31155213713645935,19999,-6.114634990692139,3.7886576652526855
0.0,0.0,0.0,0.0,52.52434829821986,-0.008566591933585837,0.0,209.90042874403298,0.10615711252653928,1,-3.6151017959732235,1.0,35.87217936128643,0.0,0.0,,,,,,,,,,,,,,,,,,,,,,,,,,,,,,,,,,,,,,,,,0.14830027520656586,9.410198509395952e-05,0.18270789086818695,20091,-5.198677062988281,3.7528791427612305
,,,,,,,,,,,,,,,220.1,172,30092,19,0.2225029617547989,1522,-62.77303603,,,,,,,,,,,,,,,,,,,,,,,,,,,,,,,,,,,,,,,
0.0,0.0,12.650000000000045,0.0,0.0,-0.21600063575487385,0.0,101.17270799679682,0.0521155830753354,0,-64.15218881919753,1.0,24.598853572829967,0.0,0.0,,,,,,,,,,,,,,,,,,,,,,,,,,,,,,,,,,,,,,,,,0.14429490268230438,9.40448622920155e-05,0.172939270734787,20387,-4.99014139175415,4.6222124099731445
0.0,1.0,0.0,0.0,0.0,-0.1925271729288861,0.0,174.87324615591206,0.09523809523809523,0,-116.09388527611833,0.0,20.925074846859328,0.0,0.0,,,,,,,,,,,,,,,,,,,,,,,,,,,,,,,,,,,,,,,,,0.1364767998456955,9.39287406530395e-05,0.20668327808380127,20989,-6.174028396606445,4.51146125793457
0.0,0.0,0.0,0.0,47.049322244369435,0.022532705515405985,1.0,108.59821482084226,0.044237012987012984,0,5.903568845036368,0.0,29.925370306942217,0.0,0.0,,,,,,,,,,,,,,,,,,,,,,,,,,,,,,,,,,,,,,,,,0.13324175775051117,9.387841796875001e-05,0.2201876938343048,21250,-6.4399895668029785,4.5706787109375
0.0,1.0,0.0,0.0,0.0,-0.42437912414684653,0.0,8.579902787692845,0.0034465780403741997,0,-28.00902219369187,0.0,9.454401992573912,0.0,0.0,,,,,,,,,,,,,,,,,,,,,,,,,,,,,,,,,,,,,,,,,0.13244493305683136,9.386588760788751e-05,0.24492287635803223,21315,-5.543680191040039,5.924619674682617
,,,,,,,,,,,,,,,228.24,176,31316,19,0.22249199450016022,1585,-63.21161552,,,,,,,,,,,,,,,,,,,,,,,,,,,,,,,,,,,,,,,
0.0,0.0,5.699999999999988,0.0,45.95110501463477,-0.10575712375324754,0.0,187.9115689152968,0.08781725888324873,0,-47.3791914414549,1.0,30.244808755849753,0.0,0.0,,,,,,,,,,,,,,,,,,,,,,,,,,,,,,,,,,,,,,,,,0.1271134614944458,9.377974005207801e-05,0.2143608033657074,21762,-5.294631004333496,4.4699201583862305
0.0,0.0,0.0,0.0,0.0,-0.20376694383188687,0.0,105.25562877848279,0.06187974314068885,0,-68.46569312751399,1.0,22.605529984371174,0.0,0.0,,,,,,,,,,,,,,,,,,,,,,,,,,,,,,,,,,,,,,,,,0.12328658998012543,9.371520363219549e-05,0.3009597659111023,22097,-5.804337024688721,5.006875038146973
0.0,0.0,0.44999999999999996,0.0,0.0,-0.13475260150375293,0.0,154.07862152671441,0.0695364238410596,0,-50.26272036089984,1.0,29.797760458130586,0.0,0.0,,,,,,,,,,,,,,,,,,,,,,,,,,,,,,,,,,,,,,,,,0.11914569139480591,9.36435654781195e-05,0.28899312019348145,22469,-5.680199146270752,5.788872718811035
0.0,0.0,0.0,0.0,0.0,-0.1268635909727016,0.0,505.45775801711716,0.3163129973474801,0,-196.8922931896329,1.0,23.470370240373157,0.0,0.0,,,,,,,,,,,,,,,,,,,,,,,,,,,,,,,,,,,,,,,,,0.10344083607196808,9.334517735979999e-05,0.17863333225250244,24020,-7.711190700531006,5.658185005187988
,,,,,,,,,,,,,,,250.15,180,34021,19,0.22254230082035065,1726,-65.08521854,,,,,,,,,,,,,,,,,,,,,,,,,,,,,,,,,,,,,,,
0.0,0.0,8.699999999999989,0.0,0.0,-0.3284672887067624,0.0,206.11659404169768,0.10283315844700944,0,-157.33583129053918,1.0,31.02619136834453,0.0,0.0,,,,,,,,,,,,,,,,,,,,,,,,,,,,,,,,,,,,,,,,,0.09904372692108154,9.325331414439799e-05,0.22250741720199585,24498,-5.421568870544434,4.960604667663574
0.0,0.0,2.1500000000000004,0.0,37.361711078729066,0.02688782228707332,0.0,42.82103230152279,0.026599113362887904,0,3.791182942477338,1.0,22.00419515288608,0.0,0.0,,,,,,,,,,,,,,,,,,,,,,,,,,,,,,,,,,,,,,,,,0.09778296947479248,9.322641720887802e-05,0.15905669331550598,24638,-6.101871967315674,5.325037002563477
0.0,0.0,0.0,0.0,0.0,-0.3241441190325687,0.0,83.0801978490781,0.05735204392922514,0,-69.69098559200226,1.0,27.95616244922184,0.0,0.0,,,,,,,,,,,,,,,,,,,,,,,,,,,,,,,,,,,,,,,,,0.09590697288513184,9.3185310859448e-05,0.14155256748199463,24852,-5.759975433349609,5.718579292297363
0.0,0.0,3.949999999999994,0.0,16.788693250530944,-0.09441834007208975,1.0,132.17926058080047,0.09096612296110414,0,-30.119450482996633,0.0,29.89577054568396,0.0,0.0,,,,,,,,,,,,,,,,,,,,,,,,,,,,,,,,,,,,,,,,,0.09319351613521576,9.312424442555e-05,0.19618962705135345,25170,-4.668013572692871,4.773252487182617
,,,,,,,,,,,,,,,257.64,184,35171,19,0.22261358797550201,1786,-66.15745548999999,,,,,,,,,,,,,,,,,,,,,,,,,,,,,,,,,,,,,,,
0.0,0.0,0.0,0.0,0.0,-0.28676119770719105,0.0,13.752957960474305,0.006756756756756757,0,-21.79385102574652,1.0,13.20854940277366,0.0,0.0,,,,,,,,,,,,,,,,,,,,,,,,,,,,,,,,,,,,,,,,,0.09256376326084137,9.310984489748751e-05,0.21431399881839752,25245,-6.465664863586426,5.716500282287598
0.0,0.0,0.0,0.0,0.0,-0.35226393852805993,0.0,10.45988201443106,0.004625346901017576,0,-19.022252680515237,1.0,14.193401734550514,0.0,0.0,,,,,,,,,,,,,,,,,,,,,,,,,,,,,,,,,,,,,,,,,0.09213784337043762,9.3099669905998e-05,0.19393852353096008,25298,-6.027860164642334,6.6265058517456055
0.0,0.0,2.25,0.0,31.229703964307344,-0.22092666244733608,0.0,87.23030186630785,0.02452733776188043,0,-48.382939075966604,1.0,28.806972819577133,0.0,0.0,,,,,,,,,,,,,,,,,,,,,,,,,,,,,,,,,,,,,,,,,0.09032603353261948,9.305782393247201e-05,0.21612241864204407,25516,-4.761638641357422,5.408882141113281
0.0,0.0,0.0,0.0,0.0,-0.0644920912395117,0.0,89.0685627348721,0.04559270516717325,0,-14.575212620129646,1.0,28.458597355187205,0.0,0.0,,,,,,,,,,,,,,,,,,,,,,,,,,,,,,,,,,,,,,,,,0.08852951973676682,9.30146441985595e-05,0.19104014337062836,25741,-5.947187423706055,6.751761436462402
,,,,,,,,,,,,,,,259.24,188,35742,19,0.22269341349601746,1816,-65.19509463,,,,,,,,,,,,,,,,,,,,,,,,,,,,,,,,,,,,,,,
0.0,0.0,0.0,0.0,0.0,-0.13216777320243644,0.0,182.3277880824171,0.08157776781712237,0,-51.01676045614047,1.0,34.07478579668745,0.0,0.0,,,,,,,,,,,,,,,,,,,,,,,,,,,,,,,,,,,,,,,,,0.08552172034978867,9.2940782243662e-05,0.25962504744529724,26126,-5.761844635009766,5.983227252960205
0.0,0.0,0.0,0.0,0.0,-0.17259945606012314,0.0,63.06744383077603,0.04089861751152074,0,-34.00209284384426,1.0,23.165793143064242,0.0,0.0,,,,,,,,,,,,,,,,,,,,,,,,,,,,,,,,,,,,,,,,,0.0840258002281189,9.290319112455801e-05,0.22561977803707123,26322,-6.5696516036987305,6.090653419494629
0.0,0.0,9.399999999999999,0.0,35.90767792657583,-0.0273654777759765,0.0,266.66779869794846,0.11646398503274089,0,-17.67809864328082,1.0,29.752871314733575,0.0,0.0,,,,,,,,,,,,,,,,,,,,,,,,,,,,,,,,,,,,,,,,,0.07925309985876083,9.277953962935551e-05,0.22573553025722504,26967,-5.698120594024658,5.604990482330322
0.0,0.0,0.0,0.0,0.0,-0.2717180943124537,0.0,308.2737144520506,0.14578005115089515,0,-255.6867267480189,1.0,23.61962109380278,0.0,0.0,,,,,,,,,,,,,,,,,,,,,,,,,,,,,,,,,,,,,,,,,0.07285618036985397,9.25994825945755e-05,0.150465726852417,27907,-5.205560684204102,6.457409858703613
,,,,,,,,,,,,,,,276.25,192,37908,19,0.2227010726928711,1930,-66.94176626000001,,,,,,,,,,,,,,,,,,,,,,,,,,,,,,,,,,,,,,,
0.0,0.0,2.849999999999998,0.0,0.0,-0.05248359275734479,1.0,168.3898092964664,0.09378292939936776,0,-17.63448716646785,0.0,36.15778111308897,0.0,0.0,,,,,,,,,,,,,,,,,,,,,,,,,,,,,,,,,,,,,,,,,0.07072623819112778,9.2535355831118e-05,0.14901584386825562,28242,-7.0014848709106445,7.742247104644775
0.0,0.0,1.6500000000000008,0.0,0.0,-0.03876154144958118,0.0,74.70613177865744,0.0321572130415364,0,-6.860792836575869,1.0,30.5071540172713,0.0,0.0,,,,,,,,,,,,,,,,,,,,,,,,,,,,,,,,,,,,,,,,,0.0696239173412323,9.250167430103801e-05,0.21005746722221375,28418,-8.032508850097656,5.876864433288574
0.0,1.0,0.0,0.0,0.0,-0.17750837929217433,0.0,256.9296866382938,0.1159559175850503,0,-120.88320629797073,0.0,27.179216180712224,0.0,0.0,,,,,,,,,,,,,,,,,,,,,,,,,,,,,,,,,,,,,,,,,0.06553125381469727,9.237159903359801e-05,0.20377495884895325,29098,-5.420440673828125,5.500551700592041
0.0,0.0,0.0,0.0,104.00555203361918,0.03816839631030464,1.0,123.90721456194296,0.05918057663125948,0,12.97725474550358,0.0,26.288660091606765,0.0,0.0,,,,,,,,,,,,,,,,,,,,,,,,,,,,,,,,,,,,,,,,,0.06357967108488083,9.230678705841552e-05,0.3332345485687256,29437,-6.581406593322754,6.0665130615234375
,,,,,,,,,,,,,,,288.11,196,39438,19,0.22282250225543976,2010,-66.57020287,,,,,,,,,,,,,,,,,,,,,,,,,,,,,,,,,,,,,,,
0.0,0.0,0.0,0.0,0.0,-0.07651843692170457,0.0,183.46371270297095,0.08558329088130413,0,-41.779066559250694,1.0,24.231640658034937,0.0,0.0,,,,,,,,,,,,,,,,,,,,,,,,,,,,,,,,,,,,,,,,,0.06057518720626831,9.220263875223801e-05,0.1921430230140686,29982,-7.236626148223877,7.384342193603516
,,,,,,,,,,,,,,,,,,,,,,21.248706817626953,0.06983387470245361,14.445158004760742,0.013051462359726429,0.41319549083709717,0.054991208016872406,1.1945034265518188,16.896305084228516,13.495514869689941,0.004615028854459524,0.25076860189437866,19.298114776611328,0.15209776163101196,1.843637228012085,3.3193628787994385,0.04250819981098175,7.851428985595703,0.07474789768457413,0.21059872210025787,37.816715240478516,0.040627993643283844,0.891862154006958,0.2321690171957016,5.032937049865723,0.10725601017475128,0.017176371067762375,0.462326318025589,0.09985999763011932,40.69855880737305,13.920378684997559,3.890460252761841,0.23931454122066498,0.18461351096630096,0.06048533320426941,9.21993910400995e-05,0.2385551482439041,29999,-8.447001457214355,6.768050193786621
0.0,0.0,6.5999999999999845,0.0,0.0,-0.08903483536377446,0.0,479.3410468758084,0.23124042879019907,0,-103.72558319879725,1.0,29.653245475474602,0.0,0.0,,,,,,,,,,,,,,,,,,,,,,,,,,,,,,,,,,,,,,,,,0.05466712638735771,9.1980398834942e-05,0.189120352268219,31146,-6.111386299133301,7.364968299865723
0.0,0.0,0.0,0.0,89.21193834898013,0.14639521907910533,1.0,84.34276082518045,0.05164903546981954,0,31.474972102007648,0.0,28.31071370072637,0.0,0.0,,,,,,,,,,,,,,,,,,,,,,,,,,,,,,,,,,,,,,,,,0.05364294722676277,9.193956963520001e-05,0.1843746304512024,31360,-6.256992340087891,5.950757026672363
0.0,0.0,0.0,0.0,0.0,-0.07218521444526531,0.0,235.08155348245054,0.1609907120743034,0,-42.444906093816,1.0,28.81778723437438,0.0,0.0,,,,,,,,,,,,,,,,,,,,,,,,,,,,,,,,,,,,,,,,,0.050941433757543564,9.182762230549552e-05,0.21153613924980164,31947,-11.076336860656738,6.7477874755859375
,,,,,,,,,,,,,,,310.3,200,41948,19,0.22288519144058228,2138,-66.95869994,,,,,,,,,,,,,,,,,,,,,,,,,,,,,,,,,,,,,,,
0.0,0.0,0.0,0.0,113.16518423530201,0.11449205302563671,1.0,127.7042231017258,0.06388595564941922,0,36.86644107425502,0.0,28.6007413604536,0.0,0.0,,,,,,,,,,,,,,,,,,,,,,,,,,,,,,,,,,,,,,,,,0.04952642321586609,9.176643309048801e-05,0.15267899632453918,32268,-5.023501396179199,7.2029266357421875
0.0,0.0,0.0,0.0,48.26286856617136,0.09388586960168896,0.0,67.77473162300885,0.028145695364238412,0,16.430027180295568,1.0,27.979871229720864,0.0,0.0,,,,,,,,,,,,,,,,,,,,,,,,,,,,,,,,,,,,,,,,,0.04877078905701637,9.1733273674718e-05,0.2473437488079071,32442,-6.225087642669678,6.003998756408691
0.0,0.0,0.35,0.0,0.0,-0.31015043290786193,1.0,27.394616168690845,0.014901543374135177,0,-23.261282468089647,0.0,26.585802210401408,0.0,0.0,,,,,,,,,,,,,,,,,,,,,,,,,,,,,,,,,,,,,,,,,0.04845685511827469,9.1719173220472e-05,0.18721511960029602,32516,-5.295738697052002,6.467447280883789
0.0,0.0,0.0,0.0,97.86752761841849,0.1358324247147272,1.0,124.42194251995534,0.05985915492957746,0,39.527235591985615,0.0,30.8524619066947,0.0,0.0,,,,,,,,,,,,,,,,,,,,,,,,,,,,,,,,,,,,,,,,,0.04726586490869522,9.1663925186782e-05,0.294236958026886,32806,-7.6558403968811035,5.672696113586426
,,,,,,,,,,,,,,,315.73,204,42807,19,0.2228582352399826,2182,-64.70106795999999,,,,,,,,,,,,,,,,,,,,,,,,,,,,,,,,,,,,,,,
0.0,0.0,0.0,0.0,0.0,-0.1463596487717147,0.0,50.07115837163292,0.0192,0,-18.441315745236054,1.0,28.794958482641103,0.0,0.0,,,,,,,,,,,,,,,,,,,,,,,,,,,,,,,,,,,,,,,,,0.04675553739070892,9.16401165407195e-05,0.21044272184371948,32931,-5.206523895263672,5.274025917053223
0.0,0.0,0.0,0.0,92.94146343464762,0.12483573206664342,0.0,120.5924219863955,0.05675805675805676,0,45.19053500812492,1.0,24.031822639303414,0.0,0.0,,,,,,,,,,,,,,,,,,,,,,,,,,,,,,,,,,,,,,,,,0.04531143605709076,9.1571374627768e-05,0.2014094442129135,33292,-5.227714538574219,5.796401023864746
0.0,0.0,0.0,0.0,0.0,0.14103773361515703,0.0,85.12076273281127,0.0547422024188415,0,28.771697657492034,1.0,30.12224645194801,0.0,0.0,,,,,,,,,,,,,,,,,,,,,,,,,,,,,,,,,,,,,,,,,0.04452537000179291,9.153273059498752e-05,0.24043221771717072,33495,-8.625223159790039,6.7998762130737305
0.0,0.0,10.050000000000008,0.0,169.0390867754843,0.06385695259408708,1.0,419.98905807733536,0.23933009184224743,0,66.47508765044465,0.0,29.076682904532426,0.0,0.0,,,,,,,,,,,,,,,,,,,,,,,,,,,,,,,,,,,,,,,,,0.04069182276725769,9.13348799393875e-05,0.1800963282585144,34535,-6.442584037780762,5.6843671798706055
,,,,,,,,,,,,,,,329.99,208,44536,19,0.2227163463830948,2277,-62.04120795000001,,,,,,,,,,,,,,,,,,,,,,,,,,,,,,,,,,,,,,,
0.0,0.0,0.0,0.0,0.0,0.021340473456781715,0.0,115.68718981323764,0.07400379506641366,0,7.08503718765153,1.0,25.136282651977204,0.0,0.0,,,,,,,,,,,,,,,,,,,,,,,,,,,,,,,,,,,,,,,,,0.03954681381583214,9.1271955316622e-05,0.17439056932926178,34866,-6.832809925079346,6.578122138977051
0.0,0.0,0.0,0.0,57.34955813502501,0.13353326479614355,0.0,139.41198930051178,0.05908485117725455,0,40.727645762823784,1.0,32.96570923451998,0.0,0.0,,,,,,,,,,,,,,,,,,,,,,,,,,,,,,,,,,,,,,,,,0.038519155234098434,9.121418272555001e-05,0.20897985994815826,35170,-6.133479118347168,6.85922908782959
0.0,0.0,0.0,0.0,10.944058481810954,0.1522363602938449,0.0,85.26699840743095,0.050204319906596614,0,29.229381176418222,1.0,32.062524626311316,0.0,0.0,,,,,,,,,,,,,,,,,,,,,,,,,,,,,,,,,,,,,,,,,0.03789921849966049,9.117789422193951e-05,0.2128763496875763,35361,-5.3101019859313965,5.468573570251465
0.0,0.0,2.3999999999999995,0.0,0.0,-0.41824107029930196,0.0,9.30003397166729,0.0033034450212364322,0,-27.60391063975393,1.0,10.356102584639363,0.0,0.0,,,,,,,,,,,,,,,,,,,,,,,,,,,,,,,,,,,,,,,,,0.037692841142416,9.116554638686201e-05,0.2151879370212555,35426,-5.847527980804443,5.554274559020996
,,,,,,,,,,,,,,,334.72,212,45427,19,0.22255712747573853,2325,-60.67220771,,,,,,,,,,,,,,,,,,,,,,,,,,,,,,,,,,,,,,,
0.0,0.0,0.0,0.0,23.364264218183283,-0.19982460912356284,1.0,30.70014455378987,0.013882461823229986,0,-22.5801808309626,0.0,19.609887587072933,0.0,0.0,,,,,,,,,,,,,,,,,,,,,,,,,,,,,,,,,,,,,,,,,0.03733035549521446,9.114427208967801e-05,0.2366182655096054,35538,-5.252693176269531,5.460991859436035
0.0,1.0,0.0,0.0,0.0,-0.35015462435164146,0.0,16.46833259705454,0.007540056550424128,0,-23.460359831559977,0.0,17.881411772313246,0.0,0.0,,,,,,,,,,,,,,,,,,,,,,,,,,,,,,,,,,,,,,,,,0.03712647035717964,9.113173661919201e-05,0.18301910161972046,35604,-5.203814506530762,5.341165542602539
0.0,0.0,2.799999999999998,0.0,0.0,-0.6302662556692968,1.0,37.967497661476955,0.016843971631205674,0,-76.26221693598492,0.0,22.746895140304886,0.0,0.0,,,,,,,,,,,,,,,,,,,,,,,,,,,,,,,,,,,,,,,,,0.036732763051986694,9.1108947075512e-05,0.22491000592708588,35724,-6.757651329040527,5.382871627807617
0.0,0.0,7.149999999999983,0.0,96.14004572549003,-0.012012325063096543,0.0,242.781286357902,0.11630321910695743,0,-8.660886370492607,1.0,24.27816350617226,0.0,0.0,,,,,,,,,,,,,,,,,,,,,,,,,,,,,,,,,,,,,,,,,0.03453812003135681,9.0972269991032e-05,0.18228274583816528,36444,-8.327404022216797,5.104966163635254
,,,,,,,,,,,,,,,340.74,216,46445,19,0.22241494059562683,2381,-60.25048327999999,,,,,,,,,,,,,,,,,,,,,,,,,,,,,,,,,,,,,,,
0.0,0.0,0.0,0.0,0.0,-0.21861285850618511,0.0,26.733280072920024,0.011638316920322292,0,-21.42406013360614,1.0,19.803760614773047,0.0,0.0,,,,,,,,,,,,,,,,,,,,,,,,,,,,,,,,,,,,,,,,,0.03425093740224838,9.095386443575951e-05,0.18980944156646729,36541,-4.420400142669678,6.019686698913574
0.0,0.0,0.0,0.0,18.975814917220024,-0.24077376090262445,1.0,31.360664770007133,0.013566739606126914,0,-29.855946351925432,0.0,18.298241929522117,0.0,0.0,,,,,,,,,,,,,,,,,,,,,,,,,,,,,,,,,,,,,,,,,0.03389313071966171,9.0930528125152e-05,0.17564962804317474,36664,-7.777575969696045,6.175171375274658
0.0,0.0,6.799999999999984,0.0,0.0,-0.15181572374107152,0.0,50.00360078574158,0.025688073394495414,0,-20.95056987626787,1.0,26.263077124839977,0.0,0.0,,,,,,,,,,,,,,,,,,,,,,,,,,,,,,,,,,,,,,,,,0.03350270539522171,9.09045391932995e-05,0.22383779287338257,36801,-8.574551582336426,4.842971324920654
0.0,0.0,2.4499999999999993,0.0,158.60052314054994,0.05673605695235025,0.0,442.88721165200695,0.2214587737843552,0,67.062019317678,1.0,27.004383573284333,0.0,0.0,,,,,,,,,,,,,,,,,,,,,,,,,,,,,,,,,,,,,,,,,0.03031848557293415,9.068065809623802e-05,0.272548109292984,37982,-5.682412147521973,4.463582515716553
,,,,,,,,,,,,,,,350.76,220,47983,19,0.22212514281272888,2461,-58.72764062,,,,,,,,,,,,,,,,,,,,,,,,,,,,,,,,,,,,,,,
0.0,0.0,0.0,0.0,0.0,-0.10112750237866702,0.0,66.50698047783226,0.03879310344827586,0,-24.06834556612275,1.0,20.185286695809175,0.0,0.0,,,,,,,,,,,,,,,,,,,,,,,,,,,,,,,,,,,,,,,,,0.029728394001722336,9.06357636601195e-05,0.1907375007867813,38219,-5.235099792480469,5.134441375732422
0.0,0.0,2.0500000000000007,0.0,236.40268611283312,0.1627745338261856,1.0,271.64288794482127,0.11613805970149253,0,117.52321342250599,0.0,27.115168852472014,0.0,0.0,,,,,,,,,,,,,,,,,,,,,,,,,,,,,,,,,,,,,,,,,0.027996329590678215,9.049925479820001e-05,0.271537184715271,38940,-5.42774772644043,4.823557376861572
0.0,0.0,0.0,0.0,0.0,-0.28201934603404166,0.0,25.975405955687165,0.013657957244655582,0,-26.50981852719992,1.0,20.122838719835546,0.0,0.0,,,,,,,,,,,,,,,,,,,,,,,,,,,,,,,,,,,,,,,,,0.027779407799243927,9.04816543913555e-05,0.20879948139190674,39033,-7.1800336837768555,5.938730716705322
0.0,0.0,0.0,0.0,96.2134589366736,0.1484676152424474,0.0,109.96283939667046,0.05813953488372093,0,49.29124826049254,1.0,23.91378522466178,0.0,0.0,,,,,,,,,,,,,,,,,,,,,,,,,,,,,,,,,,,,,,,,,0.027023809030652046,9.041902604735201e-05,0.1651499718427658,39364,-4.203896522521973,5.199474334716797
,,,,,,,,,,,,,,,354.88,224,49365,19,0.22183258831501007,2527,-55.176141470000005,,,,,,,,,,,,,,,,,,,,,,,,,,,,,,,,,,,,,,,
1.0,0.0,0.3,0.0,0.0,-0.08772399237364457,0.0,94.20415354052966,0.06109510086455332,0,-22.895962009521234,0.0,26.10902384214527,0.0,0.0,,,,,,,,,,,,,,,,,,,,,,,,,,,,,,,,,,,,,,,,,0.026447009295225143,9.0369846866912e-05,0.20869532227516174,39624,-5.2573347091674805,5.536604881286621
0.0,0.0,0.65,0.0,47.88492546206476,-0.07898369068818702,1.0,85.83235065825284,0.03248259860788863,0,-19.272020527917633,0.0,25.43199296865138,0.0,0.0,,,,,,,,,,,,,,,,,,,,,,,,,,,,,,,,,,,,,,,,,0.025919096544384956,9.03238954100555e-05,0.1911865919828415,39867,-4.81382942199707,4.7797441482543945
,,,,,,,,,,,,,,,,,,,,,,20.177852630615234,0.10226979851722717,14.538747787475586,0.014248555526137352,0.4407792389392853,0.06221970543265343,1.249784231185913,15.175716400146484,15.075143814086914,0.006001574918627739,0.25120413303375244,9.660988807678223,0.17758381366729736,2.0154471397399902,5.312214374542236,0.04219060391187668,14.338571548461914,0.098630890250206,0.27264681458473206,38.662086486816406,0.09727289527654648,0.8846659064292908,0.2300439178943634,5.457479953765869,0.09578445553779602,0.03603807091712952,0.5062886476516724,0.06554016470909119,40.189674377441406,15.576416015625,3.7006664276123047,0.3071747124195099,0.17301549017429352,0.02564512938261032,9.02989390500995e-05,0.2391524612903595,39999,-9.026250839233398,4.545284748077393
0.0,0.0,0.7500000000000001,0.0,0.0,-0.3292333932529947,1.0,48.19816437806003,0.02208927749654855,0,-57.286610426021085,0.0,20.025258777684545,0.0,0.0,,,,,,,,,,,,,,,,,,,,,,,,,,,,,,,,,,,,,,,,,0.02556043490767479,9.02911881592e-05,0.21690060198307037,40040,-8.708976745605469,4.160152435302734
0.0,0.0,0.0,0.0,44.2445277307322,0.08210396010418644,0.0,56.3984380075708,0.03418803418803419,0,13.054529656565645,1.0,25.647286185601057,0.0,0.0,,,,,,,,,,,,,,,,,,,,,,,,,,,,,,,,,,,,,,,,,0.025228634476661682,9.026132200079801e-05,0.2000657320022583,40198,-4.90814208984375,6.087307929992676
,,,,,,,,,,,,,,,356.91,228,50199,19,0.2216137796640396,2568,-54.923453959999996,,,,,,,,,,,,,,,,,,,,,,,,,,,,,,,,,,,,,,,
0.0,0.0,4.249999999999993,0.0,0.0,-0.04855886561484888,0.0,108.90801064576954,0.05783385909568875,0,-12.285393000556766,1.0,31.05712388069096,0.0,0.0,,,,,,,,,,,,,,,,,,,,,,,,,,,,,,,,,,,,,,,,,0.024715181440114975,9.021369764875001e-05,0.26927828788757324,40450,-5.051250457763672,5.0442962646484375
0.0,0.0,0.0,0.0,172.37864733943206,0.12855404115118996,0.0,208.26899871323258,0.1365040148239654,0,83.3030186659711,1.0,23.17554346993095,0.0,0.0,,,,,,,,,,,,,,,,,,,,,,,,,,,,,,,,,,,,,,,,,0.023442385718226433,9.009148188919551e-05,0.21721410751342773,41097,-4.433187961578369,4.921985149383545
0.0,0.0,0.0,0.0,32.63007608501685,-0.0761739456760667,1.0,35.872012270614505,0.019230769230769232,0,-8.912351644099804,0.0,22.214418093905426,0.0,0.0,,,,,,,,,,,,,,,,,,,,,,,,,,,,,,,,,,,,,,,,,0.02323140762746334,9.006957875121551e-05,0.27509504556655884,41213,-8.869964599609375,3.8215160369873047
0.0,0.0,1.3000000000000005,0.0,0.0,-0.02108119043822181,0.0,303.3965745345995,0.1475563909774436,0,-19.521182345793395,1.0,23.61551136188226,0.0,0.0,,,,,,,,,,,,,,,,,,,,,,,,,,,,,,,,,,,,,,,,,0.021547457203269005,8.9895015918878e-05,0.22869442403316498,42138,-6.546505928039551,3.7290735244750977
,,,,,,,,,,,,,,,359.06,232,52139,19,0.22109639644622803,2675,-48.427867549999995,,,,,,,,,,,,,,,,,,,,,,,,,,,,,,,,,,,,,,,
0.0,0.0,7.84999999999998,0.0,0.0,0.08869300439525664,0.0,159.03292927518487,0.10297619047619047,0,30.599086516363542,1.0,33.24616248310986,0.0,0.0,,,,,,,,,,,,,,,,,,,,,,,,,,,,,,,,,,,,,,,,,0.020960718393325806,8.9830140852238e-05,0.19498828053474426,42482,-3.7081313133239746,4.299192428588867
0.0,0.0,0.0,0.0,58.705180262689794,0.19711229431374877,0.0,130.845767615363,0.06676003734827264,1,58.345239116869635,1.0,31.905960883897276,0.0,0.0,,,,,,,,,,,,,,,,,,,,,,,,,,,,,,,,,,,,,,,,,0.020471014082431793,8.977452546703551e-05,0.19805683195590973,42777,-5.654823303222656,3.3704655170440674
1.0,0.0,1.850000000000001,0.0,0.0,-0.037089663627114015,0.0,95.66745104838628,0.06290417401528513,0,-9.309505570405618,0.0,27.576571924074624,0.0,0.0,,,,,,,,,,,,,,,,,,,,,,,,,,,,,,,,,,,,,,,,,0.020059389993548393,8.972740734153549e-05,0.2400638610124588,43027,-5.1967010498046875,5.115026473999023
0.0,0.0,0.0,0.0,0.0,0.1315240818761827,0.0,134.9021246372722,0.05740818910932883,0,34.85388169718841,1.0,36.732716030399,0.0,0.0,,,,,,,,,,,,,,,,,,,,,,,,,,,,,,,,,,,,,,,,,0.019649989902973175,8.967766410275951e-05,0.18506067991256714,43291,-5.120899677276611,3.911240816116333
,,,,,,,,,,,,,,,365.57,236,53292,19,0.22079244256019592,2733,-45.622774989999996,,,,,,,,,,,,,,,,,,,,,,,,,,,,,,,,,,,,,,,
0.0,0.0,0.0,0.0,0.0,-0.043227317224268764,0.0,67.09077780687949,0.03514684641309581,0,-9.855828327133278,1.0,21.273308221479596,0.0,0.0,,,,,,,,,,,,,,,,,,,,,,,,,,,,,,,,,,,,,,,,,0.0192966777831316,8.963490354423802e-05,0.20294511318206787,43518,-3.0200958251953125,4.0736494064331055
0.0,0.0,0.0,0.0,36.110587633090695,0.12934776820680818,1.0,93.66879036650062,0.03969594594594594,0,27.033683555222908,0.0,32.31898714276122,0.0,0.0,,,,,,,,,,,,,,,,,,,,,,,,,,,,,,,,,,,,,,,,,0.018980618566274643,8.9595731066062e-05,0.2061937153339386,43726,-2.5653223991394043,4.192902088165283
0.0,0.0,0.0,0.0,0.0,-0.015380585908254729,0.0,157.20616374444216,0.09181871689228958,0,-5.936906160586325,1.0,29.367866002703995,0.0,0.0,,,,,,,,,,,,,,,,,,,,,,,,,,,,,,,,,,,,,,,,,0.018420275300741196,8.95232470319395e-05,0.18579205870628357,44111,-3.533736228942871,3.380882978439331
0.0,0.0,0.0,0.0,33.90896666086872,0.17970000634128083,1.0,219.0195332057774,0.0906054279749478,0,75.65370266967923,0.0,37.49954807491876,0.0,0.0,,,,,,,,,,,,,,,,,,,,,,,,,,,,,,,,,,,,,,,,,0.017825089395046234,8.94442071811195e-05,0.1452866792678833,44531,-3.447237014770508,4.443398475646973
,,,,,,,,,,,,,,,365.6,240,54532,19,0.220419779419899,2797,-42.72155752,,,,,,,,,,,,,,,,,,,,,,,,,,,,,,,,,,,,,,,
0.0,0.0,0.8000000000000002,0.0,235.22908266146175,0.08930945750349213,1.0,665.5153402048163,0.4165159734779988,0,155.21983714106932,0.0,27.584704320095327,0.0,0.0,,,,,,,,,,,,,,,,,,,,,,,,,,,,,,,,,,,,,,,,,0.015593062154948711,8.911769373848801e-05,0.2237844616174698,46268,-7.862954139709473,2.72476863861084
0.0,0.0,0.0,0.0,14.096797333354951,-0.019601478408598834,0.0,52.28815354430117,0.021492295214922953,0,-2.940221761289825,1.0,25.215451335455867,0.0,0.0,,,,,,,,,,,,,,,,,,,,,,,,,,,,,,,,,,,,,,,,,0.015423056669533253,8.90897133499555e-05,0.17244040966033936,46417,-5.091091156005859,3.929743528366089
0.0,0.0,12.500000000000043,0.0,0.0,-0.021291835515805105,1.0,216.98186404909939,0.10136157337367625,0,-10.944003455123823,0.0,30.436111962533754,0.0,0.0,,,,,,,,,,,,,,,,,,,,,,,,,,,,,,,,,,,,,,,,,0.014833149500191212,8.899341197755e-05,0.2671521008014679,46930,-4.015995979309082,3.1925392150878906
0.0,0.0,6.249999999999986,0.0,24.691116979468287,0.02164268518923818,1.0,153.04446087451652,0.0740281224152192,0,9.046642409101558,0.0,26.410338676850927,0.0,0.0,,,,,,,,,,,,,,,,,,,,,,,,,,,,,,,,,,,,,,,,,0.01438605971634388,8.89151705016955e-05,0.17967402935028076,47347,-1.4743249416351318,3.0673911571502686
,,,,,,,,,,,,,,,371.6,244,57348,19,0.21944722533226013,2951,-35.79264952000001,,,,,,,,,,,,,,,,,,,,,,,,,,,,,,,,,,,,,,,
0.0,1.0,2.1000000000000005,0.0,56.580867091488074,0.19548808085132885,0.0,58.24849040014669,0.023778071334214,0,31.473581017063943,0.0,26.22669187598411,0.0,0.0,,,,,,,,,,,,,,,,,,,,,,,,,,,,,,,,,,,,,,,,,0.014218125492334366,8.888515897737551e-05,0.21675586700439453,47507,-1.8539032936096191,2.1565945148468018
0.0,0.0,1.3000000000000005,0.0,0.0,-0.11095549214347059,0.0,45.3193750558421,0.027522935779816515,0,-19.306255632963882,1.0,18.898014934399665,0.0,0.0,,,,,,,,,,,,,,,,,,,,,,,,,,,,,,,,,,,,,,,,,0.014036601409316063,8.88527147488e-05,0.3051689565181732,47680,-1.8531328439712524,2.263859272003174
0.0,0.0,0.0,0.0,7.30235149517273,-0.32844743885905,1.0,20.062642514705658,0.008200082000820008,0,-21.677530964697297,0.0,22.146529158526267,0.0,0.0,,,,,,,,,,,,,,,,,,,,,,,,,,,,,,,,,,,,,,,,,0.013970434665679932,8.884052625998749e-05,0.20457011461257935,47745,-6.970293998718262,4.0398335456848145
0.0,0.0,0.0,0.0,199.2296118152064,0.3205077280446756,0.0,209.47212260682136,0.10226104830421377,1,145.19000080423805,1.0,33.33635541105552,0.0,0.0,,,,,,,,,,,,,,,,,,,,,,,,,,,,,,,,,,,,,,,,,0.013514800928533077,8.875579263549549e-05,0.2145519256591797,48197,-2.871281385421753,2.7393124103546143
,,,,,,,,,,,,,,,364.48,248,58198,19,0.21911437809467316,2995,-30.764035340000007,,,,,,,,,,,,,,,,,,,,,,,,,,,,,,,,,,,,,,,
0.0,1.0,0.0,0.0,0.0,-0.37020577428094636,0.0,45.439638865180314,0.020644511581067473,0,-45.16510446227546,0.0,26.85705255059072,0.0,0.0,,,,,,,,,,,,,,,,,,,,,,,,,,,,,,,,,,,,,,,,,0.013406181707978249,8.873311641783801e-05,0.24402648210525513,48318,-2.8496079444885254,2.260244131088257
0.0,0.0,0.0,0.0,30.130260441928645,0.0034483605265241118,0.0,48.551268476992846,0.029073288915808602,0,0.4689770316072792,1.0,25.828136758230997,0.0,0.0,,,,,,,,,,,,,,,,,,,,,,,,,,,,,,,,,,,,,,,,,0.013271575793623924,8.870781994429551e-05,0.19716650247573853,48453,-4.511266708374023,2.695708751678467
0.0,0.0,0.0,0.0,88.00034558180903,0.17028388859656532,1.0,88.15820308309048,0.05650793650793651,0,39.33557826580659,0.0,27.554776202443023,0.0,0.0,,,,,,,,,,,,,,,,,,,,,,,,,,,,,,,,,,,,,,,,,0.01305944100022316,8.86647306016555e-05,0.19550451636314392,48683,-2.4457108974456787,2.7381033897399902
0.0,0.0,0.44999999999999996,0.0,16.89412752797773,-0.05774452372747258,0.0,69.48872586153448,0.04448742746615087,0,-13.338984981046167,1.0,21.729630748260938,0.0,0.0,,,,,,,,,,,,,,,,,,,,,,,,,,,,,,,,,,,,,,,,,0.012849618680775166,8.86216517861155e-05,0.17837798595428467,48913,-3.955996036529541,2.703950881958008
,,,,,,,,,,,,,,,355.08,252,58914,19,0.21889516711235046,3034,-24.818908790000002,,,,,,,,,,,,,,,,,,,,,,,,,,,,,,,,,,,,,,,
0.0,0.0,0.0,0.0,21.10965283063073,0.04165676076790223,0.0,36.921003424562514,0.015151515151515152,0,4.373959880629734,1.0,25.469020740566474,0.0,0.0,,,,,,,,,,,,,,,,,,,,,,,,,,,,,,,,,,,,,,,,,0.012756195850670338,8.86021761257555e-05,0.2189006209373474,49017,-4.144790172576904,2.9713683128356934
0.0,0.0,1.7500000000000009,0.0,11.326460434305433,0.08546984331118078,0.0,42.84558404888958,0.022564667033571822,0,9.99997166740815,1.0,26.510999715893288,0.0,0.0,,,,,,,,,,,,,,,,,,,,,,,,,,,,,,,,,,,,,,,,,0.012651254422962666,8.858045581305551e-05,0.26199251413345337,49133,-1.9201557636260986,3.703571081161499
0.0,0.0,5.649999999999988,0.0,0.0,-0.2302554900251987,1.0,40.70817183051258,0.024671052631578948,0,-26.249125862872653,0.0,25.88432309276668,0.0,0.0,,,,,,,,,,,,,,,,,,,,,,,,,,,,,,,,,,,,,,,,,0.012547571212053299,8.8559299807342e-05,0.24251526594161987,49246,-5.303323745727539,3.6010875701904297
,,,,,,,,,,,,,,,,,,,,,,20.70352554321289,0.12041611224412918,17.527984619140625,0.012603353708982468,0.41943731904029846,0.060665011405944824,1.1521682739257812,13.65795612335205,15.104049682617188,0.006711054593324661,0.24112293124198914,8.129741668701172,0.18641802668571472,2.00128173828125,4.535366058349609,0.03888380900025368,14.955693244934082,0.13974077999591827,0.31017082929611206,38.343955993652344,0.11923335492610931,0.8417818546295166,0.22647197544574738,5.545849800109863,0.09351685643196106,0.03615792840719223,0.48255491256713867,0.06481386721134186,38.90538787841797,17.041887283325195,3.5546646118164062,0.3527219295501709,0.14940181374549866,0.01188625581562519,8.84183870600995e-05,0.22943472862243652,49999,-2.8714118003845215,2.8838438987731934
0.0,0.0,4.6499999999999915,0.0,0.0,0.09045326210873003,0.0,383.70053773082327,0.19812878370941112,0,79.96068370411734,1.0,31.28087912854169,0.0,0.0,,,,,,,,,,,,,,,,,,,,,,,,,,,,,,,,,,,,,,,,,0.01178659312427044,8.839407091577951e-05,0.1937655806541443,50129,-4.918610572814941,4.060220241546631
,,,,,,,,,,,,,,,350.19,256,60130,19,0.21841789782047272,3091,-21.45454377,,,,,,,,,,,,,,,,,,,,,,,,,,,,,,,,,,,,,,,
0.0,0.0,6.399999999999985,0.0,54.8840471848443,0.08398488960499127,0.0,288.45511350012384,0.15259009009009009,0,61.81287874927358,1.0,28.250293565423373,0.0,0.0,,,,,,,,,,,,,,,,,,,,,,,,,,,,,,,,,,,,,,,,,0.0111992871388793,8.8256654436352e-05,0.22002123296260834,50864,-2.7960634231567383,1.6943461894989014
0.0,0.0,0.0,0.0,101.17894476716334,0.14104238907628705,0.0,117.98815456684679,0.075,0,44.14626778087785,1.0,27.211494327292836,0.0,0.0,,,,,,,,,,,,,,,,,,,,,,,,,,,,,,,,,,,,,,,,,0.010979609563946724,8.8198355046112e-05,0.19605720043182373,51176,-1.6812511682510376,1.9774837493896484
1.0,0.0,1.1000000000000003,0.0,0.0,-0.040359604319512805,0.0,94.17883723112755,0.06017191977077364,0,-10.332058705795278,0.0,26.608500696371316,0.0,0.0,,,,,,,,,,,,,,,,,,,,,,,,,,,,,,,,,,,,,,,,,0.010802657343447208,8.815072089221951e-05,0.18186096847057343,51431,-1.7327938079833984,2.8810300827026367
0.0,0.0,0.0,0.0,0.0,-0.0024747156797941786,1.0,160.91210408881307,0.06272912423625254,0,-0.8636757722481683,0.0,33.25479613954048,0.0,0.0,,,,,,,,,,,,,,,,,,,,,,,,,,,,,,,,,,,,,,,,,0.010580508038401604,8.808573516167949e-05,0.17462964355945587,51779,-5.417762756347656,3.012450933456421
,,,,,,,,,,,,,,,352.89,260,61780,19,0.21775950491428375,3168,-15.29624195,,,,,,,,,,,,,,,,,,,,,,,,,,,,,,,,,,,,,,,
0.0,0.0,13.900000000000063,0.0,95.37368762883813,0.2039906357830679,0.0,194.92306677252054,0.08155867693701857,0,104.03522424936463,1.0,27.557697129450187,0.0,0.0,,,,,,,,,,,,,,,,,,,,,,,,,,,,,,,,,,,,,,,,,0.010250408202409744,8.799072759692801e-05,0.19931790232658386,52288,-0.22137509286403656,1.7629809379577637
0.0,0.0,19.200000000000138,0.0,32.08794789404325,0.0634936521155189,0.0,201.64632702805102,0.09126984126984126,0,38.54064683411997,1.0,23.93708869633886,0.0,0.0,,,,,,,,,,,,,,,,,,,,,,,,,,,,,,,,,,,,,,,,,0.009876230731606483,8.7877681695982e-05,0.24787460267543793,52894,-4.214074611663818,1.3458633422851562
0.0,0.0,0.44999999999999996,0.0,24.195080709160024,-0.3026806526034084,1.0,79.7883599891793,0.05231788079470199,0,-64.16829835192257,0.0,27.196024255317447,0.0,0.0,,,,,,,,,,,,,,,,,,,,,,,,,,,,,,,,,,,,,,,,,0.009754887782037258,8.783833798198751e-05,0.24079175293445587,53105,-1.3558447360992432,1.4946184158325195
0.0,0.0,1.4500000000000006,0.0,0.0,-0.2976764626917595,1.0,54.36173199804034,0.02267954640907182,0,-45.24682232914745,0.0,25.875310177388904,0.0,0.0,,,,,,,,,,,,,,,,,,,,,,,,,,,,,,,,,,,,,,,,,0.009672160260379314,8.781018749283201e-05,0.22824932634830475,53256,-1.4774723052978516,1.8394520282745361
,,,,,,,,,,,,,,,353.25,264,63257,19,0.2171287089586258,3247,-10.58017321,,,,,,,,,,,,,,,,,,,,,,,,,,,,,,,,,,,,,,,
0.0,0.0,2.7499999999999982,0.0,136.1542719168039,0.11008508981379345,0.0,172.80443162471056,0.09085963003264418,0,46.34582281160704,1.0,29.615133488317465,0.0,0.0,,,,,,,,,,,,,,,,,,,,,,,,,,,,,,,,,,,,,,,,,0.00943442340940237,8.773191198111202e-05,0.22202953696250916,53676,-4.142667293548584,2.2447452545166016
0.0,0.0,3.5499999999999954,0.0,0.0,-0.1103313860251137,0.0,156.71998815028928,0.09775280898876404,0,-36.63002016033775,1.0,34.068538167570466,0.0,0.0,,,,,,,,,,,,,,,,,,,,,,,,,,,,,,,,,,,,,,,,,0.009280125610530376,8.76702481568755e-05,0.27520933747291565,54007,-1.7355868816375732,0.29593580961227417
0.0,0.0,0.0,0.0,0.0,-0.35154293583263047,0.0,9.217454296187498,0.003663003663003663,0,-24.256462572451504,1.0,9.792055635330705,0.0,0.0,,,,,,,,,,,,,,,,,,,,,,,,,,,,,,,,,,,,,,,,,0.009251212701201439,8.76575827596875e-05,0.458918035030365,54075,-4.205421447753906,1.8566935062408447
0.0,0.0,5.1999999999999895,0.0,14.50872310003574,0.06963072818683583,0.0,140.92878522048704,0.07524012806830309,0,23.952970496271526,1.0,29.551471806601455,0.0,0.0,,,,,,,,,,,,,,,,,,,,,,,,,,,,,,,,,,,,,,,,,0.009073896333575249,8.7593711033038e-05,0.20988760888576508,54418,-3.4139678478240967,1.7958111763000488
,,,,,,,,,,,,,,,353.69,268,64419,19,0.2166731059551239,3308,-7.77715806,,,,,,,,,,,,,,,,,,,,,,,,,,,,,,,,,,,,,,,
0.0,0.0,6.199999999999986,0.0,0.0,-0.012959255714579536,0.0,47.97345524886623,0.030957943925233645,0,-1.6328662200370214,1.0,27.619150051489367,0.0,0.0,,,,,,,,,,,,,,,,,,,,,,,,,,,,,,,,,,,,,,,,,0.009009725414216518,8.75704399854755e-05,0.18950051069259644,54543,0.3949027359485626,1.8734270334243774
0.0,0.0,0.7500000000000001,0.0,0.0,0.005442989211362139,0.0,164.5695001441054,0.07590909090909091,0,2.422130199056152,1.0,26.6809800496193,0.0,0.0,,,,,,,,,,,,,,,,,,,,,,,,,,,,,,,,,,,,,,,,,0.008809848688542843,8.74878063618155e-05,0.19156964123249054,54987,-3.7318897247314453,1.5009331703186035
0.0,0.0,0.0,0.0,0.0,-0.6933984162371107,1.0,19.5594172058627,0.012586532410320957,0,-49.231287552834864,0.0,19.993883852806576,0.0,0.0,,,,,,,,,,,,,,,,,,,,,,,,,,,,,,,,,,,,,,,,,0.008771545253694057,8.74747821182755e-05,0.1933499127626419,55057,-0.47685274481773376,1.5313061475753784
0.0,0.0,8.199999999999982,0.0,0.0,-0.27199329994173305,0.0,86.0602757576853,0.038341506910387874,0,-48.68680068957021,1.0,34.70111609141904,0.0,0.0,,,,,,,,,,,,,,,,,,,,,,,,,,,,,,,,,,,,,,,,,0.00869252160191536,8.74416677198875e-05,0.19125038385391235,55235,2.3600497245788574,1.7626655101776123
,,,,,,,,,,,,,,,351.44,272,65236,19,0.21634680032730103,3349,-8.12154006,,,,,,,,,,,,,,,,,,,,,,,,,,,,,,,,,,,,,,,
0.0,0.0,5.949999999999987,0.0,0.0,-0.03704651701471577,0.0,49.66838719556108,0.03260225251926497,0,-4.4826285587806085,1.0,29.781490031974226,0.0,0.0,,,,,,,,,,,,,,,,,,,,,,,,,,,,,,,,,,,,,,,,,0.008647104725241661,8.74193469644875e-05,0.20557308197021484,55355,-4.496630668640137,3.4754414558410645
0.0,0.0,1.0500000000000003,0.0,32.590006395692136,0.059255352564885136,1.0,135.7111708726734,0.08511979823455233,0,23.87990708364871,0.0,24.290513968031135,0.0,0.0,,,,,,,,,,,,,,,,,,,,,,,,,,,,,,,,,,,,,,,,,0.00849275104701519,8.73445933133755e-05,0.18751263618469238,55757,1.0062494277954102,2.175877332687378
0.0,0.0,0.0,0.0,27.43464466885631,0.0495086700911311,0.0,36.459514061920345,0.01522198731501057,0,4.851849668930848,1.0,26.983554603728468,0.0,0.0,,,,,,,,,,,,,,,,,,,,,,,,,,,,,,,,,,,,,,,,,0.008455879054963589,8.732656055694201e-05,0.22720235586166382,55854,-6.414081573486328,1.970508098602295
0.0,0.0,4.94999999999999,0.0,126.96638809173555,0.19986022550388605,0.0,290.52242277399637,0.1403998140399814,0,154.49195431450391,1.0,27.09121927422029,0.0,0.0,,,,,,,,,,,,,,,,,,,,,,,,,,,,,,,,,,,,,,,,,0.008168625645339489,8.718310887566202e-05,0.17093826830387115,56626,-8.852974891662598,1.5966947078704834
,,,,,,,,,,,,,,,353.11,276,66627,19,0.2158171683549881,3425,-4.307620229999999,,,,,,,,,,,,,,,,,,,,,,,,,,,,,,,,,,,,,,,
0.0,0.0,0.7500000000000001,0.0,15.013800850314006,0.029418162821703227,0.0,45.51413631415926,0.024,0,3.500761375782684,1.0,27.66187030164732,0.0,0.0,,,,,,,,,,,,,,,,,,,,,,,,,,,,,,,,,,,,,,,,,0.008121335878968239,8.7161192772832e-05,0.21825408935546875,56744,-3.610913038253784,0.7431124448776245
0.0,1.0,0.49999999999999994,0.0,60.21284454559789,0.21509567831610985,0.0,56.912643634714186,0.023870417732310314,0,37.42664802700311,0.0,23.633803289801826,0.0,0.0,,,,,,,,,,,,,,,,,,,,,,,,,,,,,,,,,,,,,,,,,0.00805568415671587,8.71290665464555e-05,0.2819514274597168,56917,-1.579485535621643,1.667414903640747
0.0,0.0,1.900000000000001,0.0,46.1243907118006,0.06797104366937119,0.0,86.1439009476453,0.047027027027027025,0,15.157542738269775,1.0,27.8907276806278,0.0,0.0,,,,,,,,,,,,,,,,,,,,,,,,,,,,,,,,,,,,,,,,,0.007990499027073383,8.708784970943949e-05,0.19831106066703796,57139,1.7942676544189453,1.4430785179138184
0.0,0.0,7.699999999999981,0.0,188.20933990981183,-0.03246761506263829,0.0,877.4080406259745,0.4499753573188763,1,-68.24692686166568,1.0,30.070986301496408,0.0,0.0,,,,,,,,,,,,,,,,,,,,,,,,,,,,,,,,,,,,,,,,,0.007407607510685921,8.669826067120001e-05,0.18512409925460815,59240,2.6055502891540527,1.4123504161834717
,,,,,,,,,,,,,,,352.2,280,69241,19,0.2147550731897354,3574,-0.7976035399999982,,,,,,,,,,,,,,,,,,,,,,,,,,,,,,,,,,,,,,,
0.0,0.0,3.949999999999994,0.0,0.0,-0.22696693288855252,0.0,27.618523206561804,0.018094089264173704,0,-18.384321563972755,1.0,24.804263279582308,0.0,0.0,,,,,,,,,,,,,,,,,,,,,,,,,,,,,,,,,,,,,,,,,0.007387864403426647,8.66834436088e-05,0.21358343958854675,59320,-6.909409523010254,1.5992145538330078
0.0,0.0,0.0,0.0,152.9971524203393,0.21713206327396958,0.0,210.6314618177712,0.09788092835519677,0,119.85689892723121,1.0,27.511719796887085,0.0,0.0,,,,,,,,,,,,,,,,,,,,,,,,,,,,,,,,,,,,,,,,,0.007277267053723335,8.65814256857795e-05,0.20976118743419647,59871,-0.8829551935195923,1.149048089981079
,,,,,,,,,,,,,,,,,,,,,,21.18987274169922,0.11284095048904419,20.568933486938477,0.011188658885657787,0.39738133549690247,0.05290818214416504,1.0704805850982666,13.670422554016113,13.75560188293457,0.005764119327068329,0.23235514760017395,7.057924747467041,0.18724584579467773,1.9387037754058838,3.462996482849121,0.0321158692240715,13.840140342712402,0.16873256862163544,0.33314916491508484,38.01966094970703,0.11353444308042526,0.7026610374450684,0.22147643566131592,5.062017440795898,0.07960782200098038,0.028407901525497437,0.4504677951335907,0.05789807811379433,40.61174011230469,17.91484260559082,3.072702407836914,0.387085497379303,0.14288318157196045,0.00725362915545702,8.65577350700995e-05,0.19012561440467834,59999,-4.679854393005371,1.005698323249817
0.0,0.0,2.2,0.0,82.98303425679414,0.19744739294835115,0.0,111.58087122812867,0.05776173285198556,0,53.50824348900316,1.0,29.714454222004736,0.0,0.0,,,,,,,,,,,,,,,,,,,,,,,,,,,,,,,,,,,,,,,,,0.007228516973555088,8.65314571081595e-05,0.21069616079330444,60141,-4.991554260253906,0.13075265288352966
0.0,0.0,0.0,0.0,0.0,-0.08768274533283966,0.0,30.892083700746298,0.020242914979757085,0,-13.06472905459311,1.0,15.008754961019608,0.0,0.0,,,,,,,,,,,,,,,,,,,,,,,,,,,,,,,,,,,,,,,,,0.007196988444775343,8.650407308033949e-05,0.23363661766052246,60289,-0.6319156289100647,1.4250550270080566
,,,,,,,,,,,,,,,351.19,284,70290,19,0.2143196165561676,3624,3.1566046200000013,,,,,,,,,,,,,,,,,,,,,,,,,,,,,,,,,,,,,,,
0.0,0.0,0.0,0.0,214.1374269711498,0.25993031354887564,1.0,235.59682861343026,0.09986859395532194,1,146.34076652801699,0.0,30.177428016088033,0.0,0.0,,,,,,,,,,,,,,,,,,,,,,,,,,,,,,,,,,,,,,,,,0.007112575229257345,8.64001274879995e-05,0.23041211068630219,60851,1.728345274925232,0.5604017376899719
0.0,0.0,2.9999999999999973,0.0,13.747325181543816,0.052111594265130325,1.0,91.9945420594886,0.044642857142857144,0,10.370207258760935,0.0,33.3490098734088,0.0,0.0,,,,,,,,,,,,,,,,,,,,,,,,,,,,,,,,,,,,,,,,,0.007087366655468941,8.636352105989949e-05,0.16942209005355835,61049,3.4877126216888428,1.1674036979675293
0.0,1.0,0.0,0.0,0.0,-0.3772601379485325,0.0,35.05153417494148,0.012736236647493838,0,-39.989574622544446,0.0,24.020296367108216,0.0,0.0,,,,,,,,,,,,,,,,,,,,,,,,,,,,,,,,,,,,,,,,,0.007071038708090782,8.634411172574202e-05,0.2707452178001404,61154,-4.677151679992676,0.8720420598983765
0.0,0.0,3.7499999999999947,0.0,0.0,0.04808443720424635,0.0,123.49415375012904,0.07308781869688386,0,11.924940426653095,1.0,35.93016868889776,0.0,0.0,,,,,,,,,,,,,,,,,,,,,,,,,,,,,,,,,,,,,,,,,0.00703836465254426,8.62984622286995e-05,0.2131357640028,61401,-0.7781157493591309,1.2528973817825317
,,,,,,,,,,,,,,,356.6,288,71402,19,0.2138534039258957,3680,5.482168809999999,,,,,,,,,,,,,,,,,,,,,,,,,,,,,,,,,,,,,,,
0.0,0.0,8.599999999999987,0.0,27.891572253062737,-0.18453811100340042,1.0,298.53648963570595,0.12063765618267988,0,-120.13431026321368,0.0,33.05620996334215,0.0,0.0,,,,,,,,,,,,,,,,,,,,,,,,,,,,,,,,,,,,,,,,,0.006973811890929937,8.617838998679951e-05,0.24428802728652954,62051,0.5071830153465271,0.3686843514442444
0.0,0.0,0.0,0.0,157.8789277608907,0.02152274435386747,1.0,240.1853390643373,0.15691007845503924,0,15.582466912200047,0.0,23.910024610003465,0.0,0.0,,,,,,,,,,,,,,,,,,,,,,,,,,,,,,,,,,,,,,,,,0.006925954483449459,8.6044931480062e-05,0.302378386259079,62774,0.12901313602924347,1.6729483604431152
0.0,0.0,24.450000000000212,0.0,199.4666559157823,0.1514006283065318,0.0,658.1361106159166,0.27633928571428573,0,274.48933911974217,1.0,26.150691512612077,0.0,0.0,,,,,,,,,,,,,,,,,,,,,,,,,,,,,,,,,,,,,,,,,0.0069022271782159805,8.571091160390199e-05,0.2614835798740387,64586,2.9345951080322266,1.7123265266418457
0.0,0.0,5.249999999999989,0.0,270.3564538801994,0.07417338965554542,0.0,734.5589931309223,0.29314720812182743,1,152.8713560800791,1.0,25.674433524652038,0.0,0.0,,,,,,,,,,,,,,,,,,,,,,,,,,,,,,,,,,,,,,,,,0.0069760968908667564,8.533196962694201e-05,0.2916797995567322,66646,1.5772148370742798,-0.24188202619552612
,,,,,,,,,,,,,,,387.39,292,76647,19,0.2118454873561859,3951,12.29545165,,,,,,,,,,,,,,,,,,,,,,,,,,,,,,,,,,,,,,,
0.0,0.0,6.249999999999986,0.0,0.0,-0.048572737283954254,0.0,42.01385187217966,0.029449423815621,0,-6.1687376350621905,1.0,23.9436240585085,0.0,0.0,,,,,,,,,,,,,,,,,,,,,,,,,,,,,,,,,,,,,,,,,0.006978229619562626,8.530881902840799e-05,0.2569997310638428,66772,1.1930139064788818,0.4528128504753113
0.0,0.0,0.0,0.0,161.1721693625634,0.17323192762094744,1.0,265.13762998813763,0.13704496788008566,0,120.91588547942132,0.0,27.37995605554691,0.0,0.0,,,,,,,,,,,,,,,,,,,,,,,,,,,,,,,,,,,,,,,,,0.007025191094726324,8.51808128731195e-05,0.2422056496143341,67469,-1.1396541595458984,0.8237000703811646
0.0,0.0,0.0,0.0,82.77036198874846,0.264133157581517,1.0,144.99477701541036,0.06682808716707021,0,90.06940673529729,0.0,30.66595345545504,0.0,0.0,,,,,,,,,,,,,,,,,,,,,,,,,,,,,,,,,,,,,,,,,0.007061425130814314,8.51184059278595e-05,0.23951762914657593,67809,0.016978800296783447,1.4072930812835693
0.0,0.0,9.850000000000005,0.0,144.00205078349998,-0.04565541072034496,0.0,326.81131281895205,0.13449781659388646,0,-55.653945668100505,0.0,19.322258335285163,0.0,1.0,,,,,,,,,,,,,,,,,,,,,,,,,,,,,,,,,,,,,,,,,0.007163524627685547,8.489503103953552e-05,0.2835844159126282,69027,1.387929081916809,1.127351999282837
,,,,,,,,,,,,,,,395.9,296,79028,19,0.2111377716064453,4081,15.109730500000003,,,,,,,,,,,,,,,,,,,,,,,,,,,,,,,,,,,,,,,
,,,,,,,,,,,,,,,,,,,,,,25.159311294555664,0.1212192103266716,19.264970779418945,0.009580444544553757,0.40129631757736206,0.04913493990898132,0.8806716799736023,12.467024803161621,13.807978630065918,0.0062888264656066895,0.2810850143432617,7.756461143493652,0.18574482202529907,1.607677936553955,4.384912967681885,0.03277946263551712,15.223844528198242,0.1691257357597351,0.3410215377807617,36.88871765136719,0.13364899158477783,0.7163549661636353,0.2736971974372864,4.516674518585205,0.09762515127658844,0.03849482163786888,0.4518941640853882,0.06809338927268982,38.84547805786133,17.074386596679688,3.0132155418395996,0.38591066002845764,0.13562333583831787,0.007278346456587315,8.47169830800995e-05,0.22821328043937683,69999,1.6804964542388916,-0.2797306180000305
0.0,1.0,29.750000000000288,0.0,0.0,-0.316519552714283,0.0,459.679863285739,0.30212483399734397,0,-426.6683570588535,0.0,24.576533061759143,0.0,0.0,,,,,,,,,,,,,,,,,,,,,,,,,,,,,,,,,,,,,,,,,0.007313504349440336,8.464834199766201e-05,0.24003785848617554,70374,1.4743564128875732,-0.18977539241313934
0.0,0.0,14.40000000000007,0.0,0.0,0.09652545386617213,0.0,188.5876477509737,0.07705192629815745,0,43.6295051475098,1.0,30.086152382863414,0.0,0.0,,,,,,,,,,,,,,,,,,,,,,,,,,,,,,,,,,,,,,,,,0.007355020381510258,8.45658267221875e-05,0.2238483428955078,70825,-5.712253570556641,0.9258348941802979
0.0,1.0,0.0,0.0,0.0,-0.14361965173851693,0.0,33.682502646930516,0.016264169541646133,0,-13.50024726342059,0.0,26.028569535527673,0.0,0.0,,,,,,,,,,,,,,,,,,,,,,,,,,,,,,,,,,,,,,,,,0.007365426979959011,8.4548816411038e-05,0.21820484101772308,70918,-4.795903205871582,0.5569077730178833
0.0,0.0,10.400000000000013,0.0,0.0,0.10645438808608344,0.0,129.9067041594535,0.062099556431739776,0,33.95894979946062,1.0,29.380174698915955,0.0,0.0,,,,,,,,,,,,,,,,,,,,,,,,,,,,,,,,,,,,,,,,,0.007414099294692278,8.449066512575201e-05,0.2390669584274292,71236,4.269315719604492,-0.24071931838989258
,,,,,,,,,,,,,,,392.89,300,81237,19,0.2103770524263382,4188,13.047316680000002,,,,,,,,,,,,,,,,,,,,,,,,,,,,,,,,,,,,,,,
0.0,0.0,0.0,0.0,135.26051929189873,0.10993045910848721,0.0,1146.1063254131004,0.4820960698689956,1,345.07171114154136,1.0,26.305726200400255,0.0,0.0,,,,,,,,,,,,,,,,,,,,,,,,,,,,,,,,,,,,,,,,,0.007797843310981989,8.391791170166202e-05,0.22217291593551636,74374,-3.77077317237854,-0.07436220347881317
0.0,0.0,3.1999999999999966,0.0,0.0,-0.058340730698643296,0.0,17.61745131202042,0.009143407122232916,0,-3.9671696875077442,1.0,18.866600004281654,0.0,0.0,,,,,,,,,,,,,,,,,,,,,,,,,,,,,,,,,,,,,,,,,0.007804304827004671,8.39057041068595e-05,0.2148626148700714,74441,2.078958511352539,0.3816135823726654
0.0,0.0,4.899999999999991,0.0,175.46136095878632,0.09382169064999937,1.0,451.64093172410503,0.1947014297729184,1,93.25876050609938,0.0,32.74429709263916,0.0,0.0,,,,,,,,,,,,,,,,,,,,,,,,,,,,,,,,,,,,,,,,,0.007900657132267952,8.372488135142199e-05,0.26750725507736206,75434,1.409839391708374,-0.32971590757369995
0.0,0.0,0.0,0.0,167.27768289640002,0.1592488429826226,1.0,213.38678578007966,0.12709030100334448,0,84.5611356237726,0.0,28.97809138596101,0.0,0.0,,,,,,,,,,,,,,,,,,,,,,,,,,,,,,,,,,,,,,,,,0.007952984422445297,8.362845002495199e-05,0.22827798128128052,75964,2.8315083980560303,-0.6541470885276794
,,,,,,,,,,,,,,,431.58,304,85965,19,0.20907345414161682,4437,17.540935519999998,,,,,,,,,,,,,,,,,,,,,,,,,,,,,,,,,,,,,,,
0.0,0.0,0.0,0.0,492.97844449925697,0.09553059702253762,0.0,1115.1501568323001,0.5120772946859904,1,315.44203136841924,1.0,24.328589040027328,0.0,0.0,,,,,,,,,,,,,,,,,,,,,,,,,,,,,,,,,,,,,,,,,0.008218933828175068,8.30291049023875e-05,0.22144977748394012,79265,3.171772003173828,-1.4269540309906006
0.0,0.0,0.65,0.0,38.32565903428319,0.005506708107369294,1.0,55.65545209404081,0.029015544041450778,0,0.7213787620653775,0.0,30.7368276546518,0.0,0.0,,,,,,,,,,,,,,,,,,,,,,,,,,,,,,,,,,,,,,,,,0.008234464563429356,8.30055458694875e-05,0.2809603214263916,79395,0.9511242508888245,-0.40084201097488403
0.0,1.0,0.0,0.0,142.57890428638217,0.17968771694793265,0.0,175.89283031690866,0.07893549842129004,1,77.80478143845484,0.0,29.33522637842181,0.0,0.0,,,,,,,,,,,,,,,,,,,,,,,,,,,,,,,,,,,,,,,,,0.008276557549834251,8.29272815479355e-05,0.257885217666626,79827,3.164510726928711,-0.23079192638397217
,,,,,,,,,,,,,,,,,,,,,,25.216190338134766,0.12741144001483917,19.258224487304688,0.009498664177954197,0.37294596433639526,0.054617106914520264,0.9144005179405212,11.231545448303223,13.777410507202148,0.005941086448729038,0.2705955505371094,7.7286882400512695,0.18841460347175598,1.5827399492263794,6.360265731811523,0.034695565700531006,17.025121688842773,0.1780971884727478,0.32559704780578613,35.902099609375,0.1574457883834839,0.6424288153648376,0.2619422376155853,5.257782936096191,0.11934967339038849,0.058818791061639786,0.42828238010406494,0.07147376239299774,35.20785903930664,18.137964248657227,3.3400111198425293,0.36555519700050354,0.11667171120643616,0.00829453393816948,8.289613109009951e-05,0.2295747846364975,79999,-0.3077180087566376,0.10417157411575317
0.0,0.0,10.500000000000014,0.0,55.33849832150717,0.014304280116716176,0.0,676.4858131948858,0.3492569002123142,0,22.944065307212746,1.0,30.390029234587256,0.0,0.0,,,,,,,,,,,,,,,,,,,,,,,,,,,,,,,,,,,,,,,,,0.008429903537034988,8.263719476755e-05,0.22488893568515778,81430,0.4183170795440674,0.4972766041755676
,,,,,,,,,,,,,,,468.95,308,91431,19,0.2078552097082138,4730,20.48995847,,,,,,,,,,,,,,,,,,,,,,,,,,,,,,,,,,,,,,,
0.0,0.0,3.2499999999999964,0.0,50.855549416396755,0.031115707448926205,1.0,66.53536705300212,0.030123231401186674,0,5.631943048255643,0.0,26.53927544306593,0.0,0.0,,,,,,,,,,,,,,,,,,,,,,,,,,,,,,,,,,,,,,,,,0.008443436585366726,8.260465301395001e-05,0.26808977127075195,81610,2.8646109104156494,-0.9316375255584717
0.0,0.0,5.749999999999988,0.0,0.0,-0.044243410216667965,0.0,43.48235788056627,0.028605482717520857,0,-5.2207224055668195,1.0,26.716415911979983,0.0,0.0,,,,,,,,,,,,,,,,,,,,,,,,,,,,,,,,,,,,,,,,,0.00845297146588564,8.25835043316355e-05,0.23993206024169922,81727,1.9788737297058105,-0.3070341646671295
0.0,1.0,0.2,0.0,93.82259497132189,0.012322944628782622,0.0,173.10714603494853,0.08278457196613359,0,4.768979571338875,0.0,32.23550386842725,0.0,0.0,,,,,,,,,,,,,,,,,,,,,,,,,,,,,,,,,,,,,,,,,0.00847966130822897,8.25137510745155e-05,0.2592601180076599,82113,0.44071394205093384,0.15489119291305542
0.0,0.0,5.14999999999999,0.0,107.86357962463067,0.23828090692899198,0.0,636.8119236379862,0.33101604278074864,0,333.3549887936598,1.0,32.7977579196982,0.0,0.0,,,,,,,,,,,,,,,,,,,,,,,,,,,,,,,,,,,,,,,,,0.00858866237103939,8.22613695585395e-05,0.25372469425201416,83511,1.6314432621002197,-0.3479597568511963
,,,,,,,,,,,,,,,480.85,312,93512,19,0.20742832124233246,4840,23.381067520000002,,,,,,,,,,,,,,,,,,,,,,,,,,,,,,,,,,,,,,,
0.0,0.0,0.6,0.0,0.0,0.16464805656652803,0.0,359.84682712936774,0.23165283982131463,0,116.40617599253532,1.0,36.68569530001788,0.0,0.0,,,,,,,,,,,,,,,,,,,,,,,,,,,,,,,,,,,,,,,,,0.008653387427330017,8.21340628873555e-05,0.1825987547636032,84217,0.9011803865432739,-0.6677416563034058
0.0,0.0,4.249999999999993,0.0,0.0,-0.29540007825681336,0.0,31.680675274692476,0.016621983914209115,0,-25.699806808342764,1.0,26.405314940843212,0.0,0.0,,,,,,,,,,,,,,,,,,,,,,,,,,,,,,,,,,,,,,,,,0.008659693412482738,8.21185620529955e-05,0.18872883915901184,84303,-15.326393127441406,-1.3701684474945068
0.0,1.0,2.1000000000000005,0.0,100.93089192110853,0.13641204840809215,0.0,153.11490082810633,0.0724976613657624,0,59.74847720274437,0.0,25.20568206963066,0.0,0.0,,,,,,,,,,,,,,,,,,,,,,,,,,,,,,,,,,,,,,,,,0.008706679567694664,8.20398189262e-05,0.26650023460388184,84740,1.957908034324646,-1.1445977687835693
0.0,0.0,0.0,0.0,24.81194810790514,-0.04159004187131982,1.0,53.137877150438726,0.029943502824858758,0,-5.531475568885536,0.0,28.867977482950167,0.0,0.0,,,,,,,,,,,,,,,,,,,,,,,,,,,,,,,,,,,,,,,,,0.008716885931789875,8.201604129020801e-05,0.2665719985961914,84872,-3.620594024658203,-0.33227017521858215
,,,,,,,,,,,,,,,484.28,316,94873,19,0.20720554888248444,4909,26.137081939999998,,,,,,,,,,,,,,,,,,,,,,,,,,,,,,,,,,,,,,,
0.0,0.0,0.44999999999999996,0.0,29.445898016676463,0.24122393962557398,1.0,158.59710890613496,0.09828009828009827,0,86.84061826520663,0.0,31.7752985490465,0.0,0.0,,,,,,,,,,,,,,,,,,,,,,,,,,,,,,,,,,,,,,,,,0.00876091979444027,8.195139086441951e-05,0.24125619232654572,85231,1.9364633560180664,-0.9985554218292236
0.0,0.0,11.900000000000034,0.0,117.8594495095356,0.20927347545108904,1.0,258.42755921185017,0.10517090271691498,0,143.352330683996,0.0,27.19402517411496,0.0,0.0,,,,,,,,,,,,,,,,,,,,,,,,,,,,,,,,,,,,,,,,,0.008809257298707962,8.182828387888751e-05,0.193452388048172,85915,-1.3843019008636475,-1.037348747253418
0.0,0.0,2.3,0.0,35.61362064616104,-0.0743942873867779,1.0,53.85153645137325,0.02483598875351453,0,-12.423845993591911,0.0,23.307037838135102,0.0,0.0,,,,,,,,,,,,,,,,,,,,,,,,,,,,,,,,,,,,,,,,,0.008819672279059887,8.179842107681951e-05,0.245012104511261,86081,-3.6264429092407227,-2.069523811340332
0.0,0.0,1.5500000000000007,0.0,0.0,0.2247418606239878,0.0,206.74219563230872,0.13562621674237507,0,89.44726052834714,1.0,37.46004833154543,0.0,0.0,,,,,,,,,,,,,,,,,,,,,,,,,,,,,,,,,,,,,,,,,0.00886587705463171,8.172702444615801e-05,0.2414366900920868,86478,-2.5625150203704834,-1.6550939083099365
,,,,,,,,,,,,,,,484.96,320,96479,19,0.20697107911109924,4990,29.256439420000003,,,,,,,,,,,,,,,,,,,,,,,,,,,,,,,,,,,,,,,
0.0,0.0,0.8500000000000002,0.0,83.01575536899492,0.06913265848567775,1.0,342.3141595432535,0.22477064220183487,1,50.9507693039445,0.0,33.47247625453112,0.0,0.0,,,,,,,,,,,,,,,,,,,,,,,,,,,,,,,,,,,,,,,,,0.00889153778553009,8.1594744898702e-05,0.3018943667411804,87214,1.9391099214553833,-1.1359153985977173
0.0,0.0,0.0,0.0,103.40847171919364,0.2347932607032368,1.0,153.0465293219313,0.06460061108686163,0,85.4647468959782,0.0,30.322199825827738,0.0,0.0,,,,,,,,,,,,,,,,,,,,,,,,,,,,,,,,,,,,,,,,,0.008912023156881332,8.15295434574355e-05,0.29056549072265625,87577,-0.814499020576477,-0.23977041244506836
0.0,0.0,0.0,0.0,0.0,0.0021934558095109955,0.0,133.18002381175756,0.08875379939209727,0,0.7501618868527604,1.0,28.087604978253857,0.0,0.0,,,,,,,,,,,,,,,,,,,,,,,,,,,,,,,,,,,,,,,,,0.00893347430974245,8.146831750503801e-05,0.2233702391386032,87918,-3.193190574645996,-2.106451988220215
0.0,0.0,5.299999999999989,0.0,14.562871134949283,0.14640405734825115,0.0,232.2427582652308,0.12995729103111653,0,75.25168547700109,1.0,32.57346016941821,0.0,0.0,,,,,,,,,,,,,,,,,,,,,,,,,,,,,,,,,,,,,,,,,0.008978327736258507,8.13762528452195e-05,0.20458507537841797,88431,2.682926654815674,-1.2843884229660034
,,,,,,,,,,,,,,,490.67,324,98432,19,0.20658674836158752,5083,30.218110189999997,,,,,,,,,,,,,,,,,,,,,,,,,,,,,,,,,,,,,,,
0.0,0.0,0.7000000000000001,0.0,0.0,-0.14144347416467223,0.0,48.27057692594826,0.026982378854625552,0,-19.094869012230753,1.0,25.862393300098613,0.0,0.0,,,,,,,,,,,,,,,,,,,,,,,,,,,,,,,,,,,,,,,,,0.00897703506052494,8.135221339288751e-05,0.2192307710647583,88565,-0.5566585063934326,-1.6563291549682617
0.0,0.0,0.0,0.0,287.62030852070063,0.30675361198038964,0.0,376.11360820941627,0.2165674066053059,2,238.34755650876275,1.0,34.883305832906125,0.0,0.0,,,,,,,,,,,,,,,,,,,,,,,,,,,,,,,,,,,,,,,,,0.009042435325682163,8.12130701109595e-05,0.24981148540973663,89341,3.139596939086914,-2.5229344367980957
,,,,,,,,,,,,,,,,,,,,,,27.10472869873047,0.11282285302877426,20.40226173400879,0.00931842252612114,0.3578268885612488,0.0540371872484684,0.8768216371536255,11.373966217041016,12.068992614746094,0.005982643458992243,0.29767006635665894,8.319903373718262,0.19551603496074677,1.4144898653030396,5.099041938781738,0.03711914271116257,17.279897689819336,0.19072356820106506,0.338309109210968,33.669898986816406,0.16153521835803986,0.6399809718132019,0.28805553913116455,5.084656238555908,0.1136317253112793,0.047666650265455246,0.4210512936115265,0.07777577638626099,36.189918518066406,18.397178649902344,3.492744207382202,0.397553026676178,0.12087683379650116,0.009074069559574127,8.10951791000995e-05,0.25635194778442383,89999,3.3904104232788086,-0.5333365201950073
0.0,0.0,3.699999999999995,0.0,181.4549835436227,0.21256007711287891,0.0,614.5873731384054,0.3109375,0,293.97058664711153,1.0,32.01860810127149,0.0,0.0,,,,,,,,,,,,,,,,,,,,,,,,,,,,,,,,,,,,,,,,,0.009123047813773155,8.096556271153551e-05,0.24294695258140564,90723,2.1020801067352295,-1.609147310256958
0.0,0.0,0.0,0.0,27.39588055841045,-0.11436639717261175,1.0,58.57846473995596,0.02629193109700816,0,-17.955524356100046,0.0,26.97186731918041,0.0,0.0,,,,,,,,,,,,,,,,,,,,,,,,,,,,,,,,,,,,,,,,,0.009142435155808926,8.093764797777952e-05,0.19998572766780853,90879,2.429702043533325,-2.1707682609558105
,,,,,,,,,,,,,,,506.81,328,100880,19,0.20624756813049316,5217,36.034787570000006,,,,,,,,,,,,,,,,,,,,,,,,,,,,,,,,,,,,,,,
0.0,0.0,6.749999999999984,0.0,0.0,0.10261295179499308,1.0,636.60107283853,0.3952896244430299,0,156.89520329454442,0.0,29.99187099132667,0.0,0.0,,,,,,,,,,,,,,,,,,,,,,,,,,,,,,,,,,,,,,,,,0.009208869189023972,8.06644827680755e-05,0.20992299914360046,92407,-0.719397783279419,-0.9306878447532654
0.0,0.0,0.0,0.0,0.0,0.011281181356282222,0.0,48.300858619622886,0.031795511221945134,0,1.4778347576729711,1.0,26.681486622188473,0.0,0.0,,,,,,,,,,,,,,,,,,,,,,,,,,,,,,,,,,,,,,,,,0.009209194220602512,8.064126371871551e-05,0.27939528226852417,92537,1.184147834777832,-0.538806676864624
0.0,0.0,14.200000000000067,0.0,262.347404381545,0.1800232666458363,1.0,562.0679901856929,0.21365105008077545,0,253.83280597062918,0.0,28.719427997197858,0.0,0.0,,,,,,,,,,,,,,,,,,,,,,,,,,,,,,,,,,,,,,,,,0.009277595207095146,8.038982070614201e-05,0.249370276927948,93946,1.165899395942688,-1.830021619796753
0.0,1.0,0.0,0.0,93.10709543270724,0.10432733468258222,0.0,221.32076837401837,0.11720831113478956,0,62.90938281359708,0.0,26.46190920994774,0.0,0.0,,,,,,,,,,,,,,,,,,,,,,,,,,,,,,,,,,,,,,,,,0.009304260835051537,8.028251128824801e-05,0.1917845457792282,94548,-0.5261210203170776,-1.9663002490997314
,,,,,,,,,,,,,,,524.1,332,104549,19,0.20561861991882324,5414,40.35710313,,,,,,,,,,,,,,,,,,,,,,,,,,,,,,,,,,,,,,,
0.0,0.0,11.150000000000023,0.0,50.640264485285314,0.12123981177008447,0.0,167.9155121196527,0.08948194662480377,0,48.49592470803379,1.0,30.27848534930024,0.0,0.0,,,,,,,,,,,,,,,,,,,,,,,,,,,,,,,,,,,,,,,,,0.009298819117248058,8.02114273444955e-05,0.20807769894599915,94947,-10.647785186767578,-2.2587497234344482
0.0,0.0,0.0,0.0,131.7613298951281,0.23565900314471236,1.0,136.59797206148505,0.05564648117839607,0,90.96437521385897,0.0,25.53236379726166,0.0,0.0,,,,,,,,,,,,,,,,,,,,,,,,,,,,,,,,,,,,,,,,,0.009320126846432686,8.014286760728801e-05,0.2128913849592209,95332,0.6958891153335571,-1.396765112876892
0.0,0.0,78.34999999999769,0.0,0.0,0.17791852503241873,0.0,512.3984246710315,0.2589928057553957,0,279.3320843008974,1.0,23.51726811845259,0.0,0.0,,,,,,,,,,,,,,,,,,,,,,,,,,,,,,,,,,,,,,,,,0.009361856617033482,7.98637694681995e-05,0.19188998639583588,96901,2.111107349395752,-1.7337051630020142
0.0,1.0,2.25,0.0,150.9537607221374,0.16447123773667868,0.0,286.3175889127888,0.1770573566084788,0,95.22884664953696,0.0,35.65921417924182,0.0,0.0,,,,,,,,,,,,,,,,,,,,,,,,,,,,,,,,,,,,,,,,,0.00938109029084444,7.97610766763795e-05,0.2563464939594269,97479,-4.445874214172363,-1.079413890838623
,,,,,,,,,,,,,,,541.88,336,107480,19,0.20511414110660553,5562,44.35120964,,,,,,,,,,,,,,,,,,,,,,,,,,,,,,,,,,,,,,,
0.0,0.0,44.14999999999963,0.0,0.0,0.08655823100756485,0.0,319.8558861790225,0.17446808510638298,0,84.740508156406,1.0,23.546757016472103,0.0,0.0,,,,,,,,,,,,,,,,,,,,,,,,,,,,,,,,,,,,,,,,,0.009394009597599506,7.95874676244755e-05,0.18587984144687653,98457,-2.143040418624878,-3.274658441543579
0.0,0.0,0.0,0.0,72.62216804751078,0.18090460339556427,1.0,133.01325401756912,0.06482899438489025,0,55.53771324243823,0.0,31.252605442759318,0.0,0.0,,,,,,,,,,,,,,,,,,,,,,,,,,,,,,,,,,,,,,,,,0.009414547123014927,7.953318732181552e-05,0.22844374179840088,98763,-2.1624622344970703,-3.1526074409484863
0.0,0.0,3.2499999999999964,0.0,21.67487691725448,0.14287991889810348,1.0,190.85464635118842,0.1175030599755202,0,56.58044788364897,0.0,34.743779092447994,0.0,0.0,,,,,,,,,,,,,,,,,,,,,,,,,,,,,,,,,,,,,,,,,0.009428738616406918,7.946314716191801e-05,0.22362180054187775,99158,2.460651397705078,-2.093317747116089
0.0,0.0,0.0,0.0,0.0,-0.15645722155742084,0.0,233.185462763533,0.09439290036304962,0,-88.24187295838536,1.0,29.809129750486967,0.0,0.0,,,,,,,,,,,,,,,,,,,,,,,,,,,,,,,,,,,,,,,,,0.009441300295293331,7.936337143517951e-05,0.25710630416870117,99721,0.28386861085891724,-1.3086726665496826
,,,,,,,,,,,,,,,551.9,340,109722,19,0.20481990277767181,5685,44.56843107,,,,,,,,,,,,,,,,,,,,,,,,,,,,,,,,,,,,,,,
,,,,,,,,,,,,,,,,,,,,,,25.561220169067383,0.12311509251594543,20.643962860107422,0.007920287549495697,0.35081493854522705,0.05107452720403671,0.7557234168052673,12.388197898864746,12.900252342224121,0.00464282464236021,0.27963680028915405,7.5840630531311035,0.20197054743766785,1.4736636877059937,5.590795516967773,0.03853495046496391,17.61109733581543,0.19701813161373138,0.3357764184474945,33.47341537475586,0.1680735945701599,0.48648467659950256,0.26789194345474243,4.873335361480713,0.11309418082237244,0.05335642397403717,0.41209059953689575,0.07237941026687622,35.18334197998047,19.27125358581543,3.6768569946289062,0.39378732442855835,0.12983334064483643,0.009454847313463688,7.931412711009951e-05,0.24380990862846375,99999,2.53769588470459,-2.780512809753418
0.0,0.0,0.0,0.0,719.168872039507,0.11151965950703585,0.0,1941.293314914219,1.0,0,587.7086056020789,0.0,26.531962065146185,1.0,0.0,,,,,,,,,,,,,,,,,,,,,,,,,,,,,,,,,,,,,,,,,0.009675121866166592,7.843264865995e-05,0.21903091669082642,104990,-0.04709719121456146,-1.792003870010376
0.0,0.0,0.0,0.0,374.16049520006396,0.05981503403658488,1.0,720.4253702908754,0.384142936906756,0,154.02371264420606,0.0,20.160145883811367,0.0,0.0,,,,,,,,,,,,,,,,,,,,,,,,,,,,,,,,,,,,,,,,,0.009752134792506695,7.7979982762552e-05,0.20215129852294922,107564,1.1952545642852783,-3.2382211685180664
0.0,0.0,3.099999999999997,0.0,0.0,0.10469432050183712,0.0,110.79234060528688,0.06825749167591565,0,26.278274445961117,1.0,31.87228814591387,0.0,0.0,,,,,,,,,,,,,,,,,,,,,,,,,,,,,,,,,,,,,,,,,0.00975065678358078,7.793608779030201e-05,0.2249690294265747,107814,-0.7267058491706848,-3.7195932865142822
0.0,0.0,2.6499999999999986,0.0,246.73691450108365,0.0787880476612029,0.0,532.5534501969814,0.255632183908046,0,116.60631053858029,1.0,25.927468645503197,0.0,0.0,,,,,,,,,,,,,,,,,,,,,,,,,,,,,,,,,,,,,,,,,0.009806216694414616,7.767665957497551e-05,0.25780540704727173,109293,0.6435563564300537,-3.18561053276062
,,,,,,,,,,,,,,,619.46,344,119294,19,0.20331072807312012,6184,51.91091792000001,,,,,,,,,,,,,,,,,,,,,,,,,,,,,,,,,,,,,,,
0.0,1.0,1.6000000000000008,0.0,62.80733915420489,0.03865137402339426,0.0,159.22383081854787,0.08141321044546851,1,18.8618705234164,0.0,23.527755139785484,0.0,0.0,,,,,,,,,,,,,,,,,,,,,,,,,,,,,,,,,,,,,,,,,0.00982569344341755,7.759133121580001e-05,0.2326868176460266,109780,0.09162215888500214,-2.201467275619507
,,,,,,,,,,,,,,,,,,,,,,26.066308975219727,0.11527417600154877,22.394393920898438,0.006784893572330475,0.34013354778289795,0.04862009733915329,0.6591770052909851,12.285242080688477,11.79525375366211,0.005480240099132061,0.2799040675163269,7.806007385253906,0.19888347387313843,1.4547537565231323,4.413531303405762,0.04012398421764374,16.09531593322754,0.21885880827903748,0.3609604835510254,33.04521179199219,0.15729837119579315,0.5607572197914124,0.2682998776435852,4.723618984222412,0.105489581823349,0.043133124709129333,0.4071914851665497,0.07628755271434784,36.934730529785156,19.32225227355957,3.89819073677063,0.42875564098358154,0.12645170092582703,0.009833745658397675,7.75529751200995e-05,0.1914314329624176,109999,-1.4748823642730713,-3.8304476737976074
0.0,0.0,0.0,0.0,360.5814787441868,0.1633885092908365,1.0,580.2010770589113,0.29727047146401986,1,264.852773560446,0.0,25.790079661371795,0.0,0.0,,,,,,,,,,,,,,,,,,,,,,,,,,,,,,,,,,,,,,,,,0.009897097013890743,7.730782702e-05,0.20136436820030212,111400,-0.11169061064720154,-4.699175834655762
0.0,0.0,3.699999999999995,0.0,0.0,0.20311683118712678,1.0,244.70576092693955,0.14637072585482905,0,94.85556016438821,0.0,37.75763289604695,0.0,0.0,,,,,,,,,,,,,,,,,,,,,,,,,,,,,,,,,,,,,,,,,0.009908788837492466,7.7226372534622e-05,0.24034610390663147,111866,2.5978128910064697,-2.8454132080078125
0.0,0.0,13.70000000000006,0.0,0.0,0.07056381300538621,0.0,1255.2841746513732,0.6596401028277635,0,211.19749232512092,1.0,30.21051625534846,0.0,0.0,,,,,,,,,,,,,,,,,,,,,,,,,,,,,,,,,,,,,,,,,0.009947258047759533,7.670441525631801e-05,0.22404544055461884,114858,4.23115348815918,-3.649362564086914
,,,,,,,,,,,,,,,666.61,348,124859,19,0.20242135226726532,6487,56.44880173000001,,,,,,,,,,,,,,,,,,,,,,,,,,,,,,,,,,,,,,,
0.0,0.0,2.6499999999999986,0.0,215.46242244676063,0.1156136338586872,0.0,460.00437466724543,0.2537746806039489,0,160.24049652814045,1.0,23.917146831476405,0.0,0.0,,,,,,,,,,,,,,,,,,,,,,,,,,,,,,,,,,,,,,,,,0.009977893903851509,7.646340385737551e-05,0.1726633608341217,116243,1.6721690893173218,-3.8259315490722656
0.0,0.0,1.1500000000000004,0.0,147.5845870018672,0.14513444298211067,1.0,232.46453208569437,0.12910406232609906,1,93.17631239451505,0.0,26.104233551175145,0.0,0.0,,,,,,,,,,,,,,,,,,,,,,,,,,,,,,,,,,,,,,,,,0.009985500015318394,7.6351989170872e-05,0.2262817621231079,116884,-3.9628348350524902,-3.5951485633850098
0.0,0.0,0.0,0.0,64.5507998202473,0.22325853836140677,1.0,109.28581208456308,0.050645007166746296,0,52.01923943820778,0.0,33.830192607141576,0.0,0.0,,,,,,,,,,,,,,,,,,,,,,,,,,,,,,,,,,,,,,,,,0.009993692860007286,7.631168450687201e-05,0.18272234499454498,117116,-1.5991718769073486,-4.449761390686035
0.0,0.0,0.9000000000000002,0.0,45.87989170756543,0.12258844050080484,1.0,496.3883897867054,0.33354551241247615,0,158.75203044854226,0.0,27.618591021736357,0.0,0.0,,,,,,,,,,,,,,,,,,,,,,,,,,,,,,,,,,,,,,,,,0.010039914399385452,7.608707824595001e-05,0.18584556877613068,118410,1.066427230834961,-4.175795078277588
,,,,,,,,,,,,,,,694.97,352,128411,19,0.20191530883312225,6671,61.276179979999995,,,,,,,,,,,,,,,,,,,,,,,,,,,,,,,,,,,,,,,
,,,,,,,,,,,,,,,,,,,,,,27.358049392700195,0.12396159768104553,19.74239730834961,0.005950322840362787,0.31433528661727905,0.04953563213348389,0.5849287509918213,12.193278312683105,12.091840744018555,0.004395876545459032,0.29172995686531067,8.008087158203125,0.197356179356575,1.2887170314788818,4.97744083404541,0.04775068163871765,17.47478675842285,0.2023926079273224,0.38214796781539917,30.899795532226562,0.17914581298828125,0.4287959933280945,0.2783060669898987,4.869452953338623,0.11532063782215118,0.051027096807956696,0.3759573698043823,0.08209629356861115,37.27664566040039,19.4005126953125,4.693988800048828,0.4109775125980377,0.1240389347076416,0.010040349327027798,7.581172313009951e-05,0.15974102914333344,119999,1.2572587728500366,-4.76594352722168
0.0,0.0,10.20000000000001,0.0,264.6598309567707,0.21587403183630607,0.0,1814.988606265746,0.9989235737351991,1,842.3404722252664,1.0,33.50537038313552,0.0,0.0,,,,,,,,,,,,,,,,,,,,,,,,,,,,,,,,,,,,,,,,,0.009975777007639408,7.54119779717395e-05,0.2064332664012909,122311,-0.1816893219947815,-5.847082614898682
0.0,0.0,29.650000000000286,0.0,455.738138449731,0.24695518183883078,1.0,1654.6189853558317,0.841053144807411,1,935.7131839873298,0.0,31.45196432778677,0.0,0.0,,,,,,,,,,,,,,,,,,,,,,,,,,,,,,,,,,,,,,,,,0.009863975457847118,7.475933131119951e-05,0.18009299039840698,126099,2.23004412651062,-5.362513542175293
0.0,0.0,0.0,0.0,37.80686287895153,-0.01409914967824037,1.0,42.30945521593094,0.018978761861726163,0,-1.5932039136411618,0.0,27.09756315535482,0.0,0.0,,,,,,,,,,,,,,,,,,,,,,,,,,,,,,,,,,,,,,,,,0.009873142465949059,7.474007793383951e-05,0.1499965488910675,126211,-2.7769737243652344,-6.065211296081543
0.0,0.0,15.600000000000087,0.0,34.09772115542082,0.13587128519029792,1.0,260.8471579281613,0.16436781609195403,0,81.25102854379816,0.0,31.441415824098684,0.0,0.0,,,,,,,,,,,,,,,,,,,,,,,,,,,,,,,,,,,,,,,,,0.009838736616075039,7.463749267196798e-05,0.21269500255584717,126808,-4.651528358459473,-5.559908866882324
,,,,,,,,,,,,,,,766.79,356,136809,19,0.20061133801937103,7113,79.17230265999999,,,,,,,,,,,,,,,,,,,,,,,,,,,,,,,,,,,,,,,
0.0,0.0,11.55000000000003,0.0,390.2553863749356,0.09505341116484471,0.0,952.3806593716145,0.5233751425313569,0,263.9633228047738,1.0,24.703321408189037,0.0,0.0,,,,,,,,,,,,,,,,,,,,,,,,,,,,,,,,,,,,,,,,,0.009736884385347366,7.4161411459072e-05,0.17062467336654663,129584,1.9897973537445068,-5.168075084686279
,,,,,,,,,,,,,,,,,,,,,,25.511323928833008,0.12421584129333496,21.000652313232422,0.005328520201146603,0.3260807991027832,0.05066249147057533,0.5307311415672302,11.691914558410645,11.65510368347168,0.004441329278051853,0.2683691680431366,9.59939193725586,0.20558799803256989,1.450022578239441,5.211523532867432,0.04281724989414215,16.516477584838867,0.22381727397441864,0.3794131577014923,32.47829055786133,0.1760265976190567,0.4167274832725525,0.25613269209861755,5.046084403991699,0.13680681586265564,0.055542510002851486,0.38914135098457336,0.10230681300163269,35.600128173828125,20.476970672607422,4.264682769775391,0.4314597249031067,0.11738637089729309,0.00972104724496603,7.409037114009952e-05,0.18796062469482422,129999,1.2132680416107178,-5.325172424316406
0.0,0.0,0.25,0.0,154.97407918555243,0.11198354751714994,1.0,770.3914958238602,0.36367753623188404,1,195.2993068699095,0.0,31.83718390634253,0.0,0.0,,,,,,,,,,,,,,,,,,,,,,,,,,,,,,,,,,,,,,,,,0.009683416225016117,7.386327243243552e-05,0.1894189417362213,131327,-0.6487688422203064,-5.767537593841553
0.0,0.0,9.299999999999997,0.0,302.8641950990365,0.006351041179557643,0.0,777.490660960786,0.4775314559616537,0,14.35970410697983,1.0,24.7736153780694,0.0,0.0,,,,,,,,,,,,,,,,,,,,,,,,,,,,,,,,,,,,,,,,,0.009701228700578213,7.34776010436155e-05,0.1923874467611313,133587,0.4243388772010803,-5.154980659484863
0.0,0.0,0.0,0.0,193.67343184615282,0.06255120165718155,1.0,672.4467024030164,0.3394851869839728,0,106.64979882549454,0.0,28.418422385024794,0.0,0.0,,,,,,,,,,,,,,,,,,,,,,,,,,,,,,,,,,,,,,,,,0.009651019237935543,7.318748373075948e-05,0.19930493831634521,135291,0.9495112895965576,-5.121767044067383
,,,,,,,,,,,,,,,835.12,360,145292,19,0.19937801361083984,7595,84.02575175,,,,,,,,,,,,,,,,,,,,,,,,,,,,,,,,,,,,,,,
0.0,0.0,0.0,0.0,193.93721146055583,0.03318245985445572,1.0,414.1030318085104,0.16178291374329343,0,37.76163931437061,0.0,26.221014523559642,0.0,0.0,,,,,,,,,,,,,,,,,,,,,,,,,,,,,,,,,,,,,,,,,0.009600415825843811,7.2994223338808e-05,0.22821882367134094,136428,0.5927978157997131,-4.871897220611572
0.0,0.0,0.0,0.0,39.41722338063087,0.025553840742647608,1.0,48.4641826977022,0.020172910662824207,0,3.449768500257427,0.0,25.997706674614847,0.0,0.0,,,,,,,,,,,,,,,,,,,,,,,,,,,,,,,,,,,,,,,,,0.009596561081707478,7.2971463774478e-05,0.20714277029037476,136562,-0.05136552453041077,-5.79075813293457
0.0,0.0,0.0,0.0,147.0010456510697,0.26461166702004757,1.0,131.64861301146448,0.08312342569269521,0,94.73097679317704,0.0,26.533650375651394,0.0,0.0,,,,,,,,,,,,,,,,,,,,,,,,,,,,,,,,,,,,,,,,,0.009586513973772526,7.291084565981949e-05,0.21766933798789978,136919,-0.5627142190933228,-4.329054832458496
0.0,0.0,39.099999999999916,0.0,383.03971160015834,0.19275256217769002,0.0,1109.6803527008742,0.4958061509785648,0,580.3779647170246,1.0,26.545859017350605,0.0,0.0,,,,,,,,,,,,,,,,,,,,,,,,,,,,,,,,,,,,,,,,,0.009519143030047417,7.240076015157951e-05,0.15952152013778687,139929,-0.30551278591156006,-6.20150089263916
,,,,,,,,,,,,,,,866.73,364,149930,19,0.198590949177742,7848,90.86020380999999,,,,,,,,,,,,,,,,,,,,,,,,,,,,,,,,,,,,,,,
,,,,,,,,,,,,,,,,,,,,,,28.132658004760742,0.12473683804273605,20.150346755981445,0.005107704550027847,0.31762024760246277,0.05087088793516159,0.5015159249305725,11.56900405883789,11.725196838378906,0.0038060201331973076,0.2962259352207184,11.200186729431152,0.199416846036911,1.3235596418380737,5.0683159828186035,0.04109466075897217,17.343385696411133,0.2143665850162506,0.36335110664367676,31.186534881591797,0.1845051348209381,0.3577638864517212,0.2865179181098938,4.994916915893555,0.15435323119163513,0.05391855537891388,0.3920726776123047,0.11915159225463867,34.15481185913086,19.580366134643555,4.035007476806641,0.41467201709747314,0.11782488226890564,0.009520146064460278,7.238891915009951e-05,0.18618234992027283,139999,0.23681829869747162,-4.97783899307251
0.0,0.0,22.90000000000019,0.0,206.23093994842574,0.11256607457622127,1.0,1110.6300193676725,0.4352989352989353,0,271.73450402699814,0.0,33.14126347566655,0.0,0.0,,,,,,,,,,,,,,,,,,,,,,,,,,,,,,,,,,,,,,,,,0.00948754046112299,7.1993146453918e-05,0.15609963238239288,142342,1.515714406967163,-4.814366340637207
0.0,0.0,6.949999999999983,0.0,158.06519623629416,0.21907028904779594,1.0,631.4841724596918,0.4167717528373266,1,347.2264081407566,0.0,28.704552988172225,0.0,0.0,,,,,,,,,,,,,,,,,,,,,,,,,,,,,,,,,,,,,,,,,0.0095007149502635,7.1726200740862e-05,0.16259416937828064,143926,2.269819974899292,-6.162954330444336
0.0,0.0,27.10000000000025,0.0,0.0,0.04339625222261533,1.0,463.9025733852759,0.24633891213389122,0,52.55286144158717,0.0,27.59930393144134,0.0,0.0,,,,,,,,,,,,,,,,,,,,,,,,,,,,,,,,,,,,,,,,,0.009479233995079994,7.152262026035202e-05,0.1825195848941803,145136,-1.4461150169372559,-5.212105751037598
0.0,0.0,14.650000000000073,0.0,0.0,0.22228344116664578,0.0,930.8757174559869,0.5969604863221885,0,420.56027068729384,1.0,35.44139043918887,0.0,0.0,,,,,,,,,,,,,,,,,,,,,,,,,,,,,,,,,,,,,,,,,0.009485604241490364,7.12050461335355e-05,0.15928113460540771,147027,0.31575751304626465,-5.556078910827637
,,,,,,,,,,,,,,,926.09,368,157028,19,0.19751907885074615,8227,101.68803858000001,,,,,,,,,,,,,,,,,,,,,,,,,,,,,,,,,,,,,,,
0.0,0.0,3.399999999999996,0.0,347.42522919810915,0.09687655492019694,0.0,721.9656032565981,0.3460820895522388,1,205.7658026504983,1.0,24.495984083526533,0.0,0.0,,,,,,,,,,,,,,,,,,,,,,,,,,,,,,,,,,,,,,,,,0.009476987645030022,7.084935788874999e-05,0.15984296798706055,149150,1.25922691822052,-5.584274768829346
,,,,,,,,,,,,,,,,,,,,,,27.02168846130371,0.13888126611709595,20.092092514038086,0.004396018572151661,0.3227043151855469,0.052974097430706024,0.433763712644577,11.389559745788574,12.102335929870605,0.0036921862047165632,0.2853115200996399,10.539213180541992,0.19884011149406433,1.3240134716033936,5.43070650100708,0.045262426137924194,17.993824005126953,0.2305683195590973,0.38466230034828186,31.841861724853516,0.2064894586801529,0.3217430114746094,0.2738538086414337,5.227056980133057,0.15622234344482422,0.06232047826051712,0.3777562975883484,0.12094352394342422,33.52008819580078,19.61993980407715,4.466131687164307,0.4291872978210449,0.11542855203151703,0.009463444352149963,7.07073671600995e-05,0.2064947634935379,149999,2.5025477409362793,-4.520050525665283
0.0,0.0,0.0,0.0,260.4217611243341,0.0854876134062285,1.0,488.6062109405175,0.30388059701492537,0,122.58923762453168,0.0,24.549634503742332,0.0,0.0,,,,,,,,,,,,,,,,,,,,,,,,,,,,,,,,,,,,,,,,,0.009460154920816422,7.06097795389555e-05,0.19728440046310425,150583,-2.4106814861297607,-4.560278415679932
0.0,0.0,36.95000000000004,0.0,0.0,0.22256979972170773,0.0,257.1340731251985,0.1328358208955224,0,169.15304778849787,1.0,24.387240601726713,0.0,0.0,,,,,,,,,,,,,,,,,,,,,,,,,,,,,,,,,,,,,,,,,0.00946597196161747,7.048305047591801e-05,0.1562691628932953,151342,1.711663007736206,-6.632451057434082
0.0,0.0,1.2000000000000004,0.0,190.42354806522053,0.002065170552897407,1.0,828.1497508948669,0.37250453720508164,0,4.652829255677858,0.0,26.497032233099407,0.0,0.0,,,,,,,,,,,,,,,,,,,,,,,,,,,,,,,,,,,,,,,,,0.009429953061044216,7.0107712185182e-05,0.15051047503948212,153594,0.38895493745803833,-5.820229530334473
,,,,,,,,,,,,,,,983.59,372,163595,19,0.19659113883972168,8586,107.68243500000003,,,,,,,,,,,,,,,,,,,,,,,,,,,,,,,,,,,,,,,
0.0,0.0,2.3999999999999995,0.0,52.889950060365464,0.06033686603822288,0.0,335.35830644425005,0.1974223784417106,0,60.94023469860511,1.0,23.9263268583618,0.0,0.0,,,,,,,,,,,,,,,,,,,,,,,,,,,,,,,,,,,,,,,,,0.009435957297682762,6.993987068709548e-05,0.17128702998161316,154603,2.182724714279175,-4.834643363952637
0.0,0.0,0.0,0.0,64.52099087595639,0.18222423937931498,1.0,75.46847222931683,0.044802867383512544,0,31.16034493386286,0.0,31.887495628474028,0.0,0.0,,,,,,,,,,,,,,,,,,,,,,,,,,,,,,,,,,,,,,,,,0.00943058729171753,6.99116120821355e-05,0.19265687465667725,154773,0.8637173175811768,-5.24839448928833
0.0,0.0,0.39999999999999997,0.0,109.66003430714954,0.12956943690230427,0.0,134.67226642929018,0.053517479499352615,0,49.62509433358254,1.0,25.38593334076094,0.0,0.0,,,,,,,,,,,,,,,,,,,,,,,,,,,,,,,,,,,,,,,,,0.009411920793354511,6.984813431548751e-05,0.1703428477048874,155155,0.7708487510681152,-5.350255012512207
0.0,0.0,2.0500000000000007,0.0,64.19982296511935,0.1820130667195058,1.0,202.95654492569156,0.09639203015616586,0,91.3705594931919,0.0,29.14596960622538,0.0,0.0,,,,,,,,,,,,,,,,,,,,,,,,,,,,,,,,,,,,,,,,,0.009406061843037605,6.976492607843199e-05,0.18677911162376404,155656,-10.478622436523438,-5.721104621887207
,,,,,,,,,,,,,,,990.3,376,165657,19,0.19633977115154266,8685,108.22584897,,,,,,,,,,,,,,,,,,,,,,,,,,,,,,,,,,,,,,,
0.0,0.0,24.850000000000218,0.0,0.0,0.2835904495557289,0.0,162.72509578056633,0.087988136431043,0,141.79522477786443,1.0,23.466716132602983,0.0,0.0,,,,,,,,,,,,,,,,,,,,,,,,,,,,,,,,,,,,,,,,,0.009391402825713158,6.968209966048749e-05,0.12246748059988022,156155,1.6734800338745117,-6.253766059875488
,,,,,,,,,,,,,,,,,,,,,,26.648286819458008,0.12586458027362823,20.203533172607422,0.005025175400078297,0.3260148763656616,0.05256976932287216,0.48898813128471375,9.999405860900879,11.140053749084473,0.004922239575535059,0.28908175230026245,11.277307510375977,0.21350863575935364,1.3390309810638428,5.540770053863525,0.05393306165933609,17.428247451782227,0.22826722264289856,0.3838560879230499,31.7237491607666,0.1969110071659088,0.4356587827205658,0.27385595440864563,5.115442276000977,0.1620422601699829,0.062601737678051,0.38708943128585815,0.12741532921791077,33.974430084228516,20.776031494140625,5.248101234436035,0.43576282262802124,0.10276070237159729,0.009314937517046928,6.90457151700995e-05,0.13596242666244507,159999,1.338047742843628,-6.039022445678711
0.0,0.0,60.19999999999872,0.0,293.94364964834966,0.1924627952284436,0.0,1578.9029223024845,1.0,0,799.8753769694116,0.0,27.371482962095293,1.0,0.0,,,,,,,,,,,,,,,,,,,,,,,,,,,,,,,,,,,,,,,,,0.009304647333920002,6.899435686195001e-05,0.15283015370368958,160310,1.6681568622589111,-4.588894844055176
0.0,0.0,3.1999999999999966,0.0,0.0,-0.3312740582044718,1.0,84.42634826153517,0.046180159635119726,0,-64.598441349872,0.0,31.251973572713784,0.0,0.0,,,,,,,,,,,,,,,,,,,,,,,,,,,,,,,,,,,,,,,,,0.009298525750637054,6.896232959459201e-05,0.23088060319423676,160504,2.4562573432922363,-6.355530738830566
0.0,0.0,76.29999999999781,0.0,0.0,0.2566770156696857,0.0,1325.289747147821,0.6346153846153846,0,759.5072893666,1.0,32.25795526424054,0.0,0.0,,,,,,,,,,,,,,,,,,,,,,,,,,,,,,,,,,,,,,,,,0.00926214735955,6.8474924011678e-05,0.16845011711120605,163462,1.5323063135147095,-6.021330833435059
,,,,,,,,,,,,,,,1042.22,380,173463,19,0.1952313780784607,9087,124.71176409,,,,,,,,,,,,,,,,,,,,,,,,,,,,,,,,,,,,,,,
0.0,0.0,13.70000000000006,0.0,0.0,-0.029238005828711187,1.0,170.9189005177468,0.08931116389548693,0,-12.835484558804211,0.0,28.073088567246728,0.0,0.0,,,,,,,,,,,,,,,,,,,,,,,,,,,,,,,,,,,,,,,,,0.009262955747544765,6.840290039500001e-05,0.16404834389686584,163900,1.8681161403656006,-6.731389999389648
0.0,0.0,16.250000000000096,0.0,60.70350848382368,0.16781206051941033,1.0,500.33856380637735,0.31868131868131866,1,178.3842203321332,0.0,33.90846722283813,0.0,0.0,,,,,,,,,,,,,,,,,,,,,,,,,,,,,,,,,,,,,,,,,0.009255696088075638,6.8228426293678e-05,0.15549716353416443,164962,-0.3447181284427643,-7.009169101715088
,,,,,,,,,,,,,,,,,,,,,,25.565052032470703,0.12542091310024261,21.132720947265625,0.004942848347127438,0.324072927236557,0.05357590317726135,0.4831342101097107,10.939387321472168,11.177092552185059,0.004220745526254177,0.27338555455207825,10.722603797912598,0.21436016261577606,1.4131734371185303,5.285669803619385,0.052658312022686005,17.330142974853516,0.23713546991348267,0.38124901056289673,31.676212310791016,0.19446581602096558,0.37613874673843384,0.2615508735179901,5.236727714538574,0.1533006876707077,0.05931180343031883,0.3863412141799927,0.12032097578048706,33.97563552856445,20.952438354492188,5.147038459777832,0.43911299109458923,0.11191865801811218,0.00922678504139185,6.74039631800995e-05,0.1648981273174286,169999,-1.7596845626831055,-7.062878608703613
0.0,0.0,134.69999999999638,0.0,498.7131485818406,0.24970331856906963,0.0,2328.843536429107,1.0,1,1575.6279401708293,0.0,26.58441144997284,1.0,0.0,,,,,,,,,,,,,,,,,,,,,,,,,,,,,,,,,,,,,,,,,0.009193873032927513,6.719655895637951e-05,0.19227831065654755,171271,1.8407613039016724,-6.330205917358398
0.0,0.0,9.249999999999996,0.0,5.447425149485479,0.2344737884229135,1.0,458.390001015272,0.2532705389848247,0,210.79193579219924,0.0,36.73531426852804,0.0,0.0,,,,,,,,,,,,,,,,,,,,,,,,,,,,,,,,,,,,,,,,,0.009172183461487293,6.70503306838195e-05,0.14586515724658966,172169,1.9748178720474243,-6.281005859375
,,,,,,,,,,,,,,,1118.8,384,182170,19,0.19426614046096802,9540,142.81215113,,,,,,,,,,,,,,,,,,,,,,,,,,,,,,,,,,,,,,,
1.0,0.0,6.799999999999984,0.0,147.12154311642377,0.22717052512735933,0.0,1273.7082407474518,0.7250554323725056,0,616.0864641453985,0.0,33.83187178022465,0.0,0.0,,,,,,,,,,,,,,,,,,,,,,,,,,,,,,,,,,,,,,,,,0.009082311764359474,6.660985113280001e-05,0.17596925795078278,174880,0.8184707760810852,-6.995159149169922
0.0,0.0,0.0,0.0,76.20657861543178,0.18829242787674202,1.0,75.66618474386632,0.032409381663113,0,36.15214615233447,0.0,28.45720189496041,0.0,0.0,,,,,,,,,,,,,,,,,,,,,,,,,,,,,,,,,,,,,,,,,0.0090708639472723,6.657887286657951e-05,0.1550556868314743,175071,1.1821726560592651,-7.621026039123535
0.0,0.0,34.0500000000002,0.0,140.66984134844583,0.23483785175280772,0.0,378.00541845243424,0.1968503937007874,0,297.53955817080737,1.0,21.499811517060476,0.0,0.0,,,,,,,,,,,,,,,,,,,,,,,,,,,,,,,,,,,,,,,,,0.009040572680532932,6.63737240181155e-05,0.15100950002670288,176337,-1.0162653923034668,-7.540817737579346
0.0,0.0,2.9499999999999975,0.0,0.8884240317212502,0.1404633857585941,1.0,118.76280079502612,0.05972515856236787,0,31.18287163840789,0.0,38.59630438772511,0.0,0.0,,,,,,,,,,,,,,,,,,,,,,,,,,,,,,,,,,,,,,,,,0.009038417600095272,6.6337944792718e-05,0.13737374544143677,176558,1.6276379823684692,-7.287361145019531
,,,,,,,,,,,,,,,1151.57,388,186559,19,0.19376863539218903,9774,151.33693356999999,,,,,,,,,,,,,,,,,,,,,,,,,,,,,,,,,,,,,,,
0.0,0.0,12.750000000000046,0.0,65.97772006931643,0.29333691206188106,0.0,372.8210148764774,0.18577494692144372,1,210.90923977249247,1.0,37.35615134842406,0.0,0.0,,,,,,,,,,,,,,,,,,,,,,,,,,,,,,,,,,,,,,,,,0.009024244733154774,6.622176986751201e-05,0.19072312116622925,177276,-0.17392228543758392,-7.302585601806641
0.0,0.0,6.199999999999986,0.0,0.0,0.17378202337371793,1.0,386.98113891575485,0.22797356828193832,0,120.95228826810768,0.0,40.05860490993683,0.0,0.0,,,,,,,,,,,,,,,,,,,,,,,,,,,,,,,,,,,,,,,,,0.009031170979142189,6.610941413567951e-05,0.1580641269683838,177971,0.7122774124145508,-6.974608421325684
0.0,0.0,2.5999999999999988,0.0,0.0,-0.19098773528190152,1.0,59.415773924440145,0.03099510603588907,0,-25.783344263056705,0.0,31.782930273532536,0.0,0.0,,,,,,,,,,,,,,,,,,,,,,,,,,,,,,,,,,,,,,,,,0.009021895937621593,6.608776235698751e-05,0.17909826338291168,178105,-7.380054473876953,-6.6820878982543945
,,,,,,,,,,,,,,,,,,,,,,24.285749435424805,0.1301182508468628,20.45250701904297,0.0051544648595154285,0.31827372312545776,0.05825961381196976,0.5089948773384094,11.561280250549316,11.423779487609863,0.0051849884912371635,0.2618933916091919,9.609189987182617,0.20627495646476746,1.3996175527572632,5.452915191650391,0.06169847398996353,18.312618255615234,0.23295657336711884,0.39061033725738525,31.429004669189453,0.20858296751976013,0.4552179276943207,0.24593573808670044,5.753040790557861,0.14550288021564484,0.06210937350988388,0.36655059456825256,0.10944986343383789,34.29377746582031,20.36931037902832,6.09262228012085,0.43537795543670654,0.11707822233438492,0.008933027274906635,6.57821111900995e-05,0.16247405111789703,179999,-12.395946502685547,-5.611387252807617
0.0,0.0,2.7499999999999982,0.0,736.4356300544041,0.11219054619218544,0.0,1623.6141722542234,1.0,2,543.5631963011384,0.0,24.13845781119872,1.0,0.0,,,,,,,,,,,,,,,,,,,,,,,,,,,,,,,,,,,,,,,,,0.008867306634783745,6.53074660017995e-05,0.16504645347595215,182949,1.2377448081970215,-5.785523414611816
,,,,,,,,,,,,,,,1163.03,392,192950,19,0.19292347133159637,10123,156.60376109,,,,,,,,,,,,,,,,,,,,,,,,,,,,,,,,,,,,,,,
0.0,0.0,0.0,0.0,37.642683578454395,0.2507778516254753,1.0,114.52294798195362,0.053268765133171914,0,62.44368505474334,0.0,33.20659588177583,0.0,0.0,,,,,,,,,,,,,,,,,,,,,,,,,,,,,,,,,,,,,,,,,0.008855774067342281,6.52676425404955e-05,0.13546742498874664,183197,-2.6591796875,-8.983357429504395
0.0,0.0,2.6499999999999986,0.0,413.03446176271206,0.24499061985392148,1.0,870.1718350439332,0.5549348230912476,2,503.45572379980865,0.0,30.500985636070148,0.0,0.0,,,,,,,,,,,,,,,,,,,,,,,,,,,,,,,,,,,,,,,,,0.00882705207914114,6.493828482359949e-05,0.1679151952266693,185251,-2.150747060775757,-7.722987651824951
0.0,0.0,2.9999999999999973,0.0,0.0,-0.09559041652866743,1.0,88.94433368463069,0.047139830508474576,0,-15.96359956028746,0.0,38.445253512098446,0.0,0.0,,,,,,,,,,,,,,,,,,,,,,,,,,,,,,,,,,,,,,,,,0.008821872062981129,6.491170348695551e-05,0.18032525479793549,185417,0.9945279955863953,-7.042095184326172
0.0,0.0,27.450000000000255,0.0,268.7905649073062,0.22337115813186376,0.0,1588.602214248851,1.0,0,796.0948075819624,0.0,32.10510872687043,1.0,0.0,,,,,,,,,,,,,,,,,,,,,,,,,,,,,,,,,,,,,,,,,0.00882583949714899,6.434248751980002e-05,0.1595168560743332,188980,2.516120433807373,-7.5835065841674805
,,,,,,,,,,,,,,,1199.53,396,198981,19,0.19216759502887726,10420,168.57230283,,,,,,,,,,,,,,,,,,,,,,,,,,,,,,,,,,,,,,,
0.0,0.0,18.05000000000012,0.0,0.0,0.24738797073167754,1.0,260.83290282730013,0.1866840731070496,0,152.63837794144504,0.0,30.463693256009588,0.0,0.0,,,,,,,,,,,,,,,,,,,,,,,,,,,,,,,,,,,,,,,,,0.008828487247228622,6.4244333039992e-05,0.1730394959449768,189596,0.7623565196990967,-6.224666118621826
0.0,0.0,0.0,0.0,113.15148403831711,0.24090616952166366,1.0,145.22617400437593,0.059567523459812324,0,96.84428014770879,0.0,26.0613578903714,0.0,0.0,,,,,,,,,,,,,,,,,,,,,,,,,,,,,,,,,,,,,,,,,0.008824223652482033,6.41804776008955e-05,0.15838779509067535,189997,0.13170695304870605,-6.967470645904541
,,,,,,,,,,,,,,,,,,,,,,25.408742904663086,0.11903198063373566,20.53823471069336,0.005155281163752079,0.29930686950683594,0.06020234525203705,0.5243459939956665,11.379667282104492,10.579980850219727,0.006537857465445995,0.2645687162876129,11.10477352142334,0.20170053839683533,1.354919672012329,4.607268333435059,0.0551205649971962,17.949689865112305,0.23106911778450012,0.38971173763275146,30.442636489868164,0.2019462287425995,0.5811077356338501,0.2498144805431366,6.1232075691223145,0.1513596773147583,0.05183490365743637,0.3584693670272827,0.12493626773357391,34.638946533203125,20.515052795410156,5.606337547302246,0.44558680057525635,0.11188296973705292,0.008824404329061508,6.41801592000995e-05,0.1371690332889557,189999,1.2230455875396729,-6.415995121002197
0.0,0.0,2.7499999999999982,0.0,135.82278115138215,0.291915409602047,1.0,174.72270301170647,0.08531044926804644,0,117.64191006962494,0.0,31.269426387322262,0.0,0.0,,,,,,,,,,,,,,,,,,,,,,,,,,,,,,,,,,,,,,,,,0.008831207640469074,6.41164950404995e-05,0.17719942331314087,190399,1.0243518352508545,-7.620680809020996
0.0,0.0,34.95000000000015,0.0,0.0,0.3492786493533911,0.0,202.19904066249728,0.10331930808789154,0,247.63856239155427,1.0,20.55605409373642,0.0,0.0,,,,,,,,,,,,,,,,,,,,,,,,,,,,,,,,,,,,,,,,,0.00884589459747076,6.40038875321755e-05,0.152238667011261,191107,-0.43165746331214905,-7.531062602996826
,,,,,,,,,,,,,,,1198.71,400,201108,19,0.1919679343700409,10534,178.34573424,,,,,,,,,,,,,,,,,,,,,,,,,,,,,,,,,,,,,,,
0.0,0.0,177.80000000000618,0.0,0.0,0.23165840719477626,0.0,1072.049951239489,0.5905338470005503,0,853.6612305127505,1.0,20.955320791385528,0.0,0.0,,,,,,,,,,,,,,,,,,,,,,,,,,,,,,,,,,,,,,,,,0.008828545920550823,6.341955669125951e-05,0.13342852890491486,194791,0.05863793194293976,-7.60054874420166
0.0,0.0,0.0,0.0,13.907983520024068,-0.04268396286390809,1.0,43.088309748098254,0.01891772987241531,0,-4.737919877893798,0.0,28.104568546207606,0.0,0.0,,,,,,,,,,,,,,,,,,,,,,,,,,,,,,,,,,,,,,,,,0.008831450715661049,6.340215077019951e-05,0.14007996022701263,194901,-5.897964000701904,-7.715905666351318
0.0,0.0,51.7499999999992,0.0,251.8387305319725,0.3098459364825844,1.0,1419.0368973091245,0.7105637138796779,0,1136.5148950181197,0.0,27.863294376162717,0.0,0.0,,,,,,,,,,,,,,,,,,,,,,,,,,,,,,,,,,,,,,,,,0.008844439871609211,6.282327875708801e-05,0.16035211086273193,198568,-1.0617997646331787,-8.267879486083984
0.0,0.0,0.0,0.0,94.77120298323281,0.20272334046095913,1.0,95.66127660125494,0.05649717514124294,0,51.89717515800554,0.0,26.977461750136904,0.0,0.0,,,,,,,,,,,,,,,,,,,,,,,,,,,,,,,,,,,,,,,,,0.00884728692471981,6.27831240102355e-05,0.1347798854112625,198823,-4.1451616287231445,-7.494443893432617
,,,,,,,,,,,,,,,1228.59,404,208824,19,0.19128400087356567,10969,193.53134345,,,,,,,,,,,,,,,,,,,,,,,,,,,,,,,,,,,,,,,
,,,,,,,,,,,,,,,,,,,,,,24.881860733032227,0.11838258057832718,20.242280960083008,0.005166731309145689,0.3380936086177826,0.062037061899900436,0.4871479570865631,10.824719429016113,10.221025466918945,0.007543513551354408,0.2798604369163513,11.707263946533203,0.21491283178329468,1.4425715208053589,4.59433650970459,0.06169109046459198,17.96578025817871,0.23445136845111847,0.40095487236976624,31.877330780029297,0.2080843299627304,0.6512989401817322,0.2638990879058838,5.849196434020996,0.16180723905563354,0.05321279913187027,0.4037186801433563,0.13559657335281372,34.61801528930664,20.263168334960938,5.8165764808654785,0.4372814893722534,0.11480787396430969,0.008827964775264263,6.25981072100995e-05,0.18276137113571167,199999,0.7162387371063232,-7.201677322387695
0.0,0.0,27.400000000000254,0.0,293.5330479957771,0.2571216317261115,0.0,1782.0119314976037,1.0,1,936.6941043782242,0.0,35.23389110858584,1.0,0.0,,,,,,,,,,,,,,,,,,,,,,,,,,,,,,,,,,,,,,,,,0.008811479434370995,6.22110319343875e-05,0.12568123638629913,202465,0.26378166675567627,-9.289000511169434
0.0,0.0,2.1000000000000005,0.0,0.0,-0.03817325472933649,1.0,46.22893854579888,0.02096924510717614,0,-4.809830095896398,0.0,26.469226312667733,0.0,0.0,,,,,,,,,,,,,,,,,,,,,,,,,,,,,,,,,,,,,,,,,0.00880083441734314,6.219144355595e-05,0.12077527493238449,202590,1.1434822082519531,-8.351236343383789
0.0,0.0,102.14999999999634,0.0,32.85670729609694,0.4034792988890416,1.0,885.4209986627102,0.446,0,985.6999271859286,0.0,26.10885875435948,0.0,0.0,,,,,,,,,,,,,,,,,,,,,,,,,,,,,,,,,,,,,,,,,0.008724558167159557,6.1809388721888e-05,0.12457787990570068,205032,0.7656909227371216,-8.703498840332031
0.0,0.0,75.04999999999788,0.0,114.64897743765492,0.2942073134299935,1.0,703.0591186480597,0.3665377176015474,0,651.9634065608657,0.0,22.855899494853574,0.0,0.0,,,,,,,,,,,,,,,,,,,,,,,,,,,,,,,,,,,,,,,,,0.00864710845053196,6.146387477139552e-05,0.13724003732204437,207247,-1.4170799255371094,-8.213384628295898
,,,,,,,,,,,,,,,1258.17,408,217248,19,0.1905173808336258,11433,215.05498014,,,,,,,,,,,,,,,,,,,,,,,,,,,,,,,,,,,,,,,
,,,,,,,,,,,,,,,,,,,,,,24.27433204650879,0.12366987764835358,19.6652889251709,0.005448563490062952,0.3089451491832733,0.06640255451202393,0.532240629196167,11.590628623962402,10.594935417175293,0.007127964869141579,0.2676369547843933,9.722686767578125,0.21238765120506287,1.3738161325454712,5.047229766845703,0.06336852163076401,20.7034854888916,0.2295440137386322,0.3928478956222534,30.179174423217773,0.2416624128818512,0.6106606721878052,0.24849708378314972,6.486505031585693,0.1456085741519928,0.058914028108119965,0.3676839768886566,0.11348852515220642,33.65571594238281,20.746997833251953,6.190126895904541,0.4331166744232178,0.11865362524986267,0.008585263974964619,6.10359552200995e-05,0.13040941953659058,209999,1.8499295711517334,-10.437443733215332
0.0,0.0,84.99999999999731,0.0,495.55942051685804,0.29070307384133554,0.0,2400.6211139271036,1.0,0,1639.5653364651323,0.0,30.65849783627233,1.0,0.0,,,,,,,,,,,,,,,,,,,,,,,,,,,,,,,,,,,,,,,,,0.008532111532986164,6.0588663815102004e-05,0.1329551339149475,212886,2.3496086597442627,-8.934057235717773
0.0,0.0,17.20000000000011,0.0,254.76452712494947,0.3263397175236077,0.0,1104.4375932756811,0.4937888198757764,1,773.7514702484738,1.0,33.55084978169682,0.0,0.0,,,,,,,,,,,,,,,,,,,,,,,,,,,,,,,,,,,,,,,,,0.008522946387529373,6.0222712420832e-05,0.11912146210670471,215256,0.3990910053253174,-9.772184371948242
0.0,0.0,81.94999999999749,0.0,435.8919380025146,0.29407771427983054,1.0,1443.2586226910353,0.9152439024390244,1,1115.1426925491173,0.0,27.415969950434228,0.0,0.0,,,,,,,,,,,,,,,,,,,,,,,,,,,,,,,,,,,,,,,,,0.008519651368260384,5.96396685567955e-05,0.11834225058555603,219047,1.3686707019805908,-10.446812629699707
,,,,,,,,,,,,,,,,,,,,,,24.424999237060547,0.1255732774734497,20.403133392333984,0.005219597835093737,0.30588844418525696,0.06617580354213715,0.5044471025466919,12.17890739440918,10.480488777160645,0.006935824640095234,0.27463582158088684,10.866637229919434,0.21062558889389038,1.3216460943222046,5.820333957672119,0.06806045770645142,19.921022415161133,0.24446266889572144,0.38256731629371643,29.56253433227539,0.2386861890554428,0.5788719058036804,0.25272953510284424,6.3955488204956055,0.165220707654953,0.06973704695701599,0.36297136545181274,0.13019995391368866,31.929508209228516,20.355873107910156,6.577690601348877,0.431954562664032,0.12601718306541443,0.008511018007993698,5.949370323009949e-05,0.19124427437782288,219999,0.7748708724975586,-9.118135452270508
0.0,0.0,11.400000000000027,0.0,51.78746210426101,0.18929576803301434,1.0,429.1354239564389,0.17372700042789901,0,199.70703527483013,0.0,29.306681578886398,0.0,0.0,,,,,,,,,,,,,,,,,,,,,,,,,,,,,,,,,,,,,,,,,0.008517936803400517,5.94780747849995e-05,0.13389502465724945,220101,-0.7012581825256348,-9.642671585083008
,,,,,,,,,,,,,,,1365.9,412,230102,18,0.18910273909568787,12129,248.95401206,,,,,,,,,,,,,,,,,,,,,,,,,,,,,,,,,,,,,,,
0.0,0.0,22.700000000000188,0.0,0.0,0.22758500322342845,1.0,150.66462100110948,0.0762081784386617,0,103.55117646665994,0.0,23.858320904108368,0.0,0.0,,,,,,,,,,,,,,,,,,,,,,,,,,,,,,,,,,,,,,,,,0.008514461107552052,5.94085379984875e-05,0.11063271015882492,220555,1.4481641054153442,-10.229942321777344
0.0,0.0,2.000000000000001,0.0,134.95474308083848,0.20818387630272092,1.0,558.7504129633307,0.28564570331253003,0,271.88814245135353,0.0,30.838805373363016,0.0,0.0,,,,,,,,,,,,,,,,,,,,,,,,,,,,,,,,,,,,,,,,,0.008511833846569061,5.920888643020001e-05,0.14975106716156006,221860,-2.2803378105163574,-8.846785545349121
0.0,0.0,29.550000000000285,0.0,332.1741552559676,0.28984492287318714,1.0,1911.2634940994903,0.9938712972420838,2,1199.3782908492483,0.0,33.26879779208113,0.0,0.0,,,,,,,,,,,,,,,,,,,,,,,,,,,,,,,,,,,,,,,,,0.00848355982452631,5.857820810889551e-05,0.129690021276474,225997,2.1774797439575195,-9.447664260864258
0.0,0.0,3.7499999999999947,0.0,295.0533137226675,0.21968278947995604,1.0,379.701388111338,0.18387262455059064,0,246.70377258599063,0.0,24.37033797601544,0.0,0.0,,,,,,,,,,,,,,,,,,,,,,,,,,,,,,,,,,,,,,,,,0.008474058471620083,5.84077483060195e-05,0.1366174817085266,227119,0.04523260146379471,-10.852256774902344
,,,,,,,,,,,,,,,1422.47,416,237120,18,0.1883523166179657,12501,265.72134900000003,,,,,,,,,,,,,,,,,,,,,,,,,,,,,,,,,,,,,,,
0.0,0.0,0.0,0.0,38.32218415117383,0.018293621592979287,1.0,46.9745216416195,0.024517475221700575,0,2.0671792400066593,0.0,30.08803796528418,0.0,0.0,,,,,,,,,,,,,,,,,,,,,,,,,,,,,,,,,,,,,,,,,0.008472216315567493,5.8390746462419513e-05,0.12941093742847443,227231,-2.1326661109924316,-10.064104080200195
0.0,0.0,2.799999999999998,0.0,44.883462163650435,0.14664180586531414,1.0,106.71135100466199,0.059510567296996664,0,39.30000397190419,0.0,28.732013080788963,0.0,0.0,,,,,,,,,,,,,,,,,,,,,,,,,,,,,,,,,,,,,,,,,0.008467555046081543,5.8350225350398005e-05,0.13085170090198517,227498,-5.494555473327637,-10.263781547546387
,,,,,,,,,,,,,,,,,,,,,,23.70987319946289,0.1256478726863861,21.32510757446289,0.005786797031760216,0.31138530373573303,0.06729312986135483,0.5552446842193604,11.964126586914062,10.067112922668457,0.008396807126700878,0.2639729976654053,10.91888427734375,0.21643048524856567,1.3748667240142822,6.243586540222168,0.069514200091362,17.943166732788086,0.26615914702415466,0.40974417328834534,29.87750244140625,0.22394907474517822,0.6727659702301025,0.24710586667060852,6.456793308258057,0.17584072053432465,0.07792634516954422,0.3629276752471924,0.13627885282039642,32.829376220703125,20.76656150817871,6.669905662536621,0.45935025811195374,0.12469092011451721,0.008505781181156635,5.797135124009951e-05,0.1303568035364151,229999,1.767966628074646,-10.007394790649414
0.0,0.0,38.79999999999993,0.0,520.0347541021766,0.22463912344577291,1.0,1390.8918362818658,0.6410748560460653,0,947.9771009411617,0.0,23.7405888493892,0.0,0.0,,,,,,,,,,,,,,,,,,,,,,,,,,,,,,,,,,,,,,,,,0.0085373530164361,5.771181425485551e-05,0.4440428912639618,231717,0.9800677299499512,-9.117895126342773
0.0,0.0,48.99999999999935,0.0,699.8301966178084,0.21647051821176633,1.0,1392.5212963977829,0.5680131904369332,0,936.0185207476776,0.0,23.1989291411252,0.0,0.0,,,,,,,,,,,,,,,,,,,,,,,,,,,,,,,,,,,,,,,,,0.0085455272346735,5.7061340319199994e-05,0.11404037475585938,236040,1.1179898977279663,-9.990920066833496
,,,,,,,,,,,,,,,1495.62,420,246041,18,0.18739387392997742,12961,281.90566957000004,,,,,,,,,,,,,,,,,,,,,,,,,,,,,,,,,,,,,,,
0.0,0.0,44.549999999999606,0.0,147.70147815950412,0.33792932072519805,1.0,1018.7660556547344,0.6714659685863874,0,843.1336552093691,0.0,29.410465811839007,0.0,0.0,,,,,,,,,,,,,,,,,,,,,,,,,,,,,,,,,,,,,,,,,0.008515621535480022,5.6687764341022e-05,0.12720361351966858,238534,-4.987712860107422,-10.434831619262695
,,,,,,,,,,,,,,,,,,,,,,23.047733306884766,0.12825962901115417,20.7036190032959,0.0050734104588627815,0.30088335275650024,0.07323483377695084,0.49093928933143616,12.611367225646973,10.426395416259766,0.009063814766705036,0.255459189414978,10.555719375610352,0.21355284750461578,1.3801122903823853,5.976412296295166,0.07216021418571472,18.822553634643555,0.2546842396259308,0.40322238206863403,29.115615844726562,0.23154443502426147,0.7368095517158508,0.2381773144006729,7.086723804473877,0.17058759927749634,0.07351844757795334,0.3525623679161072,0.12985050678253174,32.77848434448242,20.664894104003906,6.982736110687256,0.44703778624534607,0.1303269863128662,0.008501024916768074,5.646889925009951e-05,0.13461923599243164,239999,-4.387855529785156,-11.320209503173828
0.0,0.0,119.24999999999537,0.0,467.84820776033536,0.3503749385388737,1.0,1523.3000230100006,0.7076252723311547,0,1526.5836072138727,0.0,25.18211697985793,0.0,0.0,,,,,,,,,,,,,,,,,,,,,,,,,,,,,,,,,,,,,,,,,0.008463514968752861,5.603824853395e-05,0.11619715392589569,242890,0.709251880645752,-11.03713607788086
0.0,1.0,80.49999999999757,0.0,77.00900094533313,0.3450113368476393,0.0,1445.8692149147391,0.7814122533748702,1,1225.1352571459672,0.0,29.327749903804644,0.0,0.0,,,,,,,,,,,,,,,,,,,,,,,,,,,,,,,,,,,,,,,,,0.008458096534013748,5.5511706623199994e-05,0.10475659370422363,246440,1.2390772104263306,-11.757080078125
0.0,0.0,79.8499999999976,0.0,60.916584450047296,0.3285359315095027,1.0,672.8700478561223,0.4473516273133376,1,647.5443210052299,0.0,24.592936904875334,0.0,0.0,,,,,,,,,,,,,,,,,,,,,,,,,,,,,,,,,,,,,,,,,0.008460823446512222,5.5220594945950005e-05,0.10096348077058792,248410,0.38549473881721497,-11.053791999816895
,,,,,,,,,,,,,,,1599.79,424,258411,18,0.1858566403388977,13613,322.20396643000004,,,,,,,,,,,,,,,,,,,,,,,,,,,,,,,,,,,,,,,
0.0,0.0,18.950000000000134,0.0,73.63512376680873,0.2816187495756635,1.0,603.3568243836053,0.33245521601685984,1,343.85649323188517,0.0,35.594222032894564,0.0,0.0,,,,,,,,,,,,,,,,,,,,,,,,,,,,,,,,,,,,,,,,,0.008480687625706196,5.5040699821549995e-05,0.1488906741142273,249630,-8.206811904907227,-12.758885383605957
,,,,,,,,,,,,,,,,,,,,,,21.899364471435547,0.12413325160741806,20.26146697998047,0.004470501095056534,0.3045695126056671,0.07264360785484314,0.44485604763031006,12.402907371520996,10.37015438079834,0.006910874508321285,0.23914849758148193,10.5922269821167,0.20609208941459656,1.4291423559188843,5.316744327545166,0.07244180142879486,19.598705291748047,0.24253463745117188,0.398409903049469,30.30747413635254,0.234601229429245,0.577337920665741,0.22007372975349426,7.228708744049072,0.15846610069274902,0.0636427104473114,0.3417772352695465,0.12679150700569153,33.28336715698242,20.5080623626709,7.208626747131348,0.439169704914093,0.12464079260826111,0.008488459512591362,5.4986347260099506e-05,0.12241216748952866,249999,-6.293874740600586,-11.389019966125488
0.0,0.0,51.54999999999921,0.0,169.4059818503687,0.3763703444038825,1.0,1189.137473342009,0.8125408229915089,0,1053.0842236420633,0.0,30.61042687795746,0.0,0.0,,,,,,,,,,,,,,,,,,,,,,,,,,,,,,,,,,,,,,,,,0.008490496315062046,5.462938606773551e-05,0.09814099967479706,252427,2.309170722961426,-13.349302291870117
0.0,0.0,4.849999999999991,0.0,721.3509517944779,0.1092189080675708,0.0,2013.9249903513119,1.0,0,718.5511961765483,0.0,22.045400491668072,1.0,0.0,,,,,,,,,,,,,,,,,,,,,,,,,,,,,,,,,,,,,,,,,0.0085762245580554,5.3668192157487515e-05,0.09440641105175018,259005,2.071660280227661,-12.331062316894531
,,,,,,,,,,,,,,,,,,,,,,22.060483932495117,0.12229683995246887,20.608779907226562,0.005240859463810921,0.29846060276031494,0.07933411002159119,0.5157886743545532,12.624358177185059,9.701499938964844,0.009255759418010712,0.239766925573349,10.298690795898438,0.20811264216899872,1.449392557144165,5.353954315185547,0.07251032441854477,20.24307632446289,0.2597936987876892,0.4167504906654358,29.3735408782959,0.2551836669445038,0.7342360615730286,0.22415360808372498,7.807810306549072,0.16463696956634521,0.0674917995929718,0.34751638770103455,0.12982501089572906,33.05976486206055,20.481782913208008,7.136234760284424,0.46179869771003723,0.12827441096305847,0.008595258928835392,5.3523695270099505e-05,0.1179146096110344,259999,1.0573683977127075,-12.056208610534668
0.0,0.0,44.6499999999996,0.0,0.0,0.2759581868149564,1.0,442.51442509144545,0.22376873661670235,0,332.25365692520745,0.0,26.476737209866624,0.0,0.0,,,,,,,,,,,,,,,,,,,,,,,,,,,,,,,,,,,,,,,,,0.008598094806075096,5.349333814476801e-05,0.09056432545185089,260208,-1.9730539321899414,-11.389066696166992
,,,,,,,,,,,,,,,1693.29,428,270209,19,0.18465590476989746,14212,341.72411146999997,,,,,,,,,,,,,,,,,,,,,,,,,,,,,,,,,,,,,,,
0.0,0.0,0.0,0.0,31.826384083976812,0.10279378895602849,1.0,118.8034814465791,0.04664254121431444,0,30.73534289785252,0.0,28.66549169147041,0.0,0.0,,,,,,,,,,,,,,,,,,,,,,,,,,,,,,,,,,,,,,,,,0.00859060324728489,5.3450068855581994e-05,0.08645085990428925,260506,-2.3005242347717285,-12.779488563537598
0.0,0.0,128.44999999999496,0.0,411.66677805232007,0.37069325919246643,1.0,1314.3965614396147,0.7902769926512154,0,1568.773872902518,0.0,22.3701702581674,0.0,0.0,,,,,,,,,,,,,,,,,,,,,,,,,,,,,,,,,,,,,,,,,0.00865243747830391,5.283763870731551e-05,0.0925348624587059,264737,-7.778679847717285,-12.394774436950684
0.0,0.0,95.64999999999671,0.0,502.6404081521144,0.24062803245735676,0.0,1592.5387730430812,1.0,2,1205.5464426113574,0.0,22.899772673274693,1.0,0.0,,,,,,,,,,,,,,,,,,,,,,,,,,,,,,,,,,,,,,,,,0.008682488463819027,5.2117199539341995e-05,0.08905117213726044,269746,1.462327241897583,-13.271312713623047
,,,,,,,,,,,,,,,,,,,,,,21.965797424316406,0.11196165531873703,21.28872299194336,0.005278649739921093,0.30411410331726074,0.07536349445581436,0.5202893614768982,12.621997833251953,9.068910598754883,0.007585432380437851,0.2423294484615326,10.31596565246582,0.20043125748634338,1.4335591793060303,5.311409950256348,0.07845886051654816,19.037540435791016,0.2628232538700104,0.4242342710494995,29.97496223449707,0.2350309193134308,0.6144211888313293,0.2228562831878662,7.428191184997559,0.16159303486347198,0.0655728429555893,0.34739360213279724,0.1273573637008667,34.363040924072266,19.755475997924805,7.733285903930664,0.4621839225292206,0.1280578076839447,0.008681660518050194,5.208094328009951e-05,0.10999082028865814,269999,2.3498761653900146,-11.758026123046875
0.0,0.0,3.049999999999997,0.0,192.13478604688314,0.17345863872453776,1.0,273.58778020367026,0.12962117754450023,0,145.01142197371357,0.0,23.584822247357693,0.0,0.0,,,,,,,,,,,,,,,,,,,,,,,,,,,,,,,,,,,,,,,,,0.008679508231580257,5.199758790731951e-05,0.09191571176052094,270581,1.1514230966567993,-12.69373607635498
,,,,,,,,,,,,,,,1760.33,432,280582,18,0.1838466227054596,14769,366.47526812999996,,,,,,,,,,,,,,,,,,,,,,,,,,,,,,,,,,,,,,,
0.0,0.0,1.3000000000000005,0.0,34.49372988374697,0.17728352055880384,1.0,119.68559400271624,0.051524259338772006,0,39.534225084613254,0.0,38.71310947630694,0.0,0.0,,,,,,,,,,,,,,,,,,,,,,,,,,,,,,,,,,,,,,,,,0.008686811663210392,5.19658103184955e-05,0.10360945761203766,270803,1.1834874153137207,-12.835006713867188
0.0,0.0,54.84999999999902,0.0,266.38433229690196,0.3588174616058714,0.0,2155.718889184296,1.0,1,1575.2086564497754,0.0,35.36394012849442,1.0,0.0,,,,,,,,,,,,,,,,,,,,,,,,,,,,,,,,,,,,,,,,,0.00858377292752266,5.1339572447968006e-05,0.08677466213703156,275192,0.1278114914894104,-12.340173721313477
0.0,0.0,50.44999999999927,0.0,299.8614146309781,0.36615317739839986,0.0,1764.75341848284,1.0,0,1523.1972179773434,0.0,30.556272488203877,1.0,0.0,,,,,,,,,,,,,,,,,,,,,,,,,,,,,,,,,,,,,,,,,0.008445578627288342,5.074968911949949e-05,0.10165542364120483,279351,1.5249838829040527,-13.14775562286377
0.0,0.0,1.3000000000000005,0.0,0.0,-0.03232016597103403,1.0,76.60178434848785,0.03511171910624715,0,-5.882270206728194,0.0,30.379500504798585,0.0,0.0,,,,,,,,,,,,,,,,,,,,,,,,,,,,,,,,,,,,,,,,,0.00844067893922329,5.0724095512888e-05,0.09128499031066895,279532,1.101120114326477,-12.50193977355957
,,,,,,,,,,,,,,,1820.53,436,289533,18,0.1832008808851242,15245,392.65521477000004,,,,,,,,,,,,,,,,,,,,,,,,,,,,,,,,,,,,,,,
,,,,,,,,,,,,,,,,,,,,,,22.49036979675293,0.11753925681114197,21.6925048828125,0.005017312243580818,0.28792810440063477,0.078348308801651,0.5067875981330872,12.248970031738281,9.13074016571045,0.008780758827924728,0.24073611199855804,10.199368476867676,0.19853045046329498,1.3512094020843506,4.960808277130127,0.07627120614051819,20.07810401916504,0.2792458236217499,0.42810630798339844,29.08298110961914,0.2584637403488159,0.6821110844612122,0.22265975177288055,7.91378927230835,0.16545771062374115,0.06386007368564606,0.3252848982810974,0.13129562139511108,33.2563591003418,20.05312156677246,7.703985691070557,0.4673839211463928,0.12126757949590683,0.008412063121795654,5.0658091290099505e-05,0.08680763840675354,279999,2.138598680496216,-13.295685768127441
0.0,0.0,18.200000000000124,0.0,415.6509778002687,0.26512532199939415,1.0,698.4247227106243,0.4056497175141243,1,479.3465821749046,0.0,27.82626554428646,0.0,0.0,,,,,,,,,,,,,,,,,,,,,,,,,,,,,,,,,,,,,,,,,0.008365171030163765,5.0468941085639496e-05,0.11378160864114761,281339,1.7492903470993042,-13.821365356445312
0.0,0.0,77.54999999999774,0.0,257.2087326273172,0.3463894555456299,0.0,1752.749430843629,1.0,0,1573.6472965437965,0.0,27.791334351470404,1.0,0.0,,,,,,,,,,,,,,,,,,,,,,,,,,,,,,,,,,,,,,,,,0.008222758769989014,4.98304648330195e-05,0.07327152788639069,285881,0.8171565532684326,-14.150900840759277
0.0,0.0,42.449999999999726,0.0,43.381918969072984,0.4260033604492288,1.0,287.05990503914654,0.16135770234986946,0,403.42518234541967,0.0,21.84341315145708,0.0,0.0,,,,,,,,,,,,,,,,,,,,,,,,,,,,,,,,,,,,,,,,,0.008192346431314945,4.969800065893551e-05,0.08666697144508362,286827,1.9958844184875488,-12.206260681152344
0.0,0.0,7.299999999999982,0.0,97.71154441654397,0.18635840348111213,1.0,210.17789371684194,0.10434393193013883,0,105.66521477379058,0.0,26.71667034539679,0.0,0.0,,,,,,,,,,,,,,,,,,,,,,,,,,,,,,,,,,,,,,,,,0.008170947432518005,4.96188313466755e-05,0.08207466453313828,287393,-2.5740246772766113,-13.530505180358887
,,,,,,,,,,,,,,,1876.72,440,297394,18,0.1824619024991989,15670,417.19030770000006,,,,,,,,,,,,,,,,,,,,,,,,,,,,,,,,,,,,,,,
0.0,0.0,0.0,0.0,129.22948623715192,0.09554932613260964,1.0,164.31569865345955,0.1092694904849601,0,46.24587384818307,0.0,24.551812333809597,0.0,0.0,,,,,,,,,,,,,,,,,,,,,,,,,,,,,,,,,,,,,,,,,0.008161232806742191,4.9551322081912e-05,0.08958376199007034,287876,-0.04725952446460724,-13.313772201538086
,,,,,,,,,,,,,,,,,,,,,,22.06597137451172,0.12685711681842804,20.77979278564453,0.005696668289601803,0.286587119102478,0.07391496747732162,0.5742749571800232,12.82183837890625,9.842029571533203,0.010745406150817871,0.23678267002105713,11.327659606933594,0.20125773549079895,1.3896905183792114,5.137510776519775,0.07844068109989166,21.2779598236084,0.2678375244140625,0.397009015083313,28.89053726196289,0.274258553981781,0.8336670398712158,0.21888908743858337,7.451287746429443,0.17596495151519775,0.06621904671192169,0.3290546238422394,0.14600589871406555,30.801380157470703,20.288576126098633,7.907520294189453,0.4396536946296692,0.1271895170211792,0.008112863637506962,4.92551393000995e-05,0.09606955945491791,289999,0.3871159255504608,-12.603549003601074
0.0,0.0,11.050000000000022,0.0,110.75244978996919,0.38013952062558815,0.0,2304.6650487640873,1.0,1,1561.613150729916,0.0,40.40469147151861,1.0,0.0,,,,,,,,,,,,,,,,,,,,,,,,,,,,,,,,,,,,,,,,,0.008081619627773762,4.8979159362755495e-05,0.10467152297496796,291983,2.396151542663574,-14.267532348632812
0.0,0.0,166.9500000000037,0.0,500.6613344660683,0.4109819225921052,0.0,1607.461801538244,1.0,1,2098.8846786778813,0.0,22.672236189841602,1.0,0.0,,,,,,,,,,,,,,,,,,,,,,,,,,,,,,,,,,,,,,,,,0.007967369630932808,4.827250256513951e-05,0.07680541276931763,297089,0.8112737536430359,-13.8511323928833
0.0,0.0,0.0,0.0,0.0,-0.40070259770454536,1.0,29.0913789793849,0.014486391571553995,0,-39.66955717274999,0.0,21.293249786417324,0.0,0.0,,,,,,,,,,,,,,,,,,,,,,,,,,,,,,,,,,,,,,,,,0.007958261296153069,4.82589903704155e-05,0.11696053296327591,297187,1.5227330923080444,-14.185592651367188
,,,,,,,,,,,,,,,1878.94,444,307188,18,0.18153858184814453,16177,445.01623847,,,,,,,,,,,,,,,,,,,,,,,,,,,,,,,,,,,,,,,
0.0,1.0,21.050000000000164,0.0,58.24231815938688,0.21304303215647458,0.0,276.79713739221916,0.17940619077700568,0,171.7126839181185,0.0,24.75597055611399,0.0,0.0,,,,,,,,,,,,,,,,,,,,,,,,,,,,,,,,,,,,,,,,,0.007941407151520252,4.8148069670368e-05,0.08667045831680298,297992,-2.339864730834961,-13.275873184204102
,,,,,,,,,,,,,,,,,,,,,,21.186729431152344,0.12722808122634888,20.56954574584961,0.005845476873219013,0.3039976954460144,0.08043013513088226,0.570838212966919,12.954309463500977,9.773091316223145,0.011541726067662239,0.240420401096344,10.213139533996582,0.2019273042678833,1.429854393005371,5.15638542175293,0.08220582455396652,20.619407653808594,0.26777851581573486,0.42676085233688354,29.686800003051758,0.26842761039733887,0.886583685874939,0.21695558726787567,7.854379653930664,0.16444788873195648,0.06712687015533447,0.34376615285873413,0.13295672833919525,32.781856536865234,19.719146728515625,8.027783393859863,0.46209916472435,0.13265424966812134,0.007892693392932415,4.78720873100995e-05,0.0860806331038475,299999,-2.0282464027404785,-14.53797721862793
0.0,0.0,118.44999999999541,0.0,351.3558778120302,0.4080032863965803,1.0,1300.2408878221177,0.8319277108433735,0,1492.068018352294,0.0,25.607577633066093,0.0,0.0,,,,,,,,,,,,,,,,,,,,,,,,,,,,,,,,,,,,,,,,,0.0078468332067132,4.764593335244801e-05,0.11487992107868195,301648,-1.3846263885498047,-13.569482803344727
0.0,0.0,4.399999999999992,0.0,189.792073459435,0.13409771013285746,1.0,493.81054437346756,0.20572687224669603,0,159.97856818849894,0.0,29.815590611586522,0.0,0.0,,,,,,,,,,,,,,,,,,,,,,,,,,,,,,,,,,,,,,,,,0.007810544688254595,4.7482792127200005e-05,0.11690346896648407,302840,2.4059898853302,-14.863036155700684
0.0,0.0,37.94999999999998,0.0,104.91332179384703,0.3079823429885641,1.0,384.37784648966044,0.18161535029004908,0,352.3318003789173,0.0,24.208687076735337,0.0,0.0,,,,,,,,,,,,,,,,,,,,,,,,,,,,,,,,,,,,,,,,,0.0078003983944654465,4.73266227667555e-05,0.08045631647109985,303983,0.5609790682792664,-14.274572372436523
,,,,,,,,,,,,,,,1891.25,448,313984,18,0.18082751333713531,16530,460.87824943,,,,,,,,,,,,,,,,,,,,,,,,,,,,,,,,,,,,,,,
0.0,0.0,43.499999999999666,0.0,539.6505346697612,0.2410072535107977,0.0,2181.387988040864,1.0,2,1290.8348498038324,0.0,29.336860573784342,1.0,0.0,,,,,,,,,,,,,,,,,,,,,,,,,,,,,,,,,,,,,,,,,0.007718168199062347,4.6598425445277996e-05,0.08832643926143646,309338,1.2927690744400024,-14.801556587219238
,,,,,,,,,,,,,,,,,,,,,,21.824174880981445,0.13003817200660706,21.386510848999023,0.005170740187168121,0.2973102331161499,0.0876106321811676,0.5019130706787109,13.018248558044434,9.700380325317383,0.011256218887865543,0.24653905630111694,10.82884407043457,0.2013207972049713,1.3799868822097778,5.222202301025391,0.0798448994755745,19.890625,0.28669628500938416,0.4307415187358856,28.859294891357422,0.266643226146698,0.8396734595298767,0.22483401000499725,8.50418472290039,0.1776152104139328,0.07000608742237091,0.3402206599712372,0.14516577124595642,32.13176727294922,19.54179573059082,7.750380516052246,0.4718172550201416,0.1341148018836975,0.00771311717107892,4.650893532009951e-05,0.10681630671024323,309999,1.9650282859802246,-12.867799758911133
0.0,0.0,52.04999999999918,0.0,506.8660810867645,0.2749589298987328,0.0,1622.364942922257,1.0,1,1196.0713450594876,0.0,26.86761892732264,1.0,0.0,,,,,,,,,,,,,,,,,,,,,,,,,,,,,,,,,,,,,,,,,0.007720306981354952,4.601122775991549e-05,0.09050217270851135,313687,-1.4770371913909912,-13.282690048217773
,,,,,,,,,,,,,,,,,,,,,,22.72918128967285,0.1208011656999588,21.51428985595703,0.005910581909120083,0.2815159857273102,0.08531785756349564,0.5821426510810852,13.437862396240234,9.158526420593262,0.011403245851397514,0.25143373012542725,11.539976119995117,0.19740957021713257,1.2955362796783447,5.9253411293029785,0.07795175909996033,20.154766082763672,0.28377392888069153,0.4068140983581543,27.726957321166992,0.2658417820930481,0.8645358085632324,0.23077279329299927,8.403092384338379,0.1880950927734375,0.07815537601709366,0.3257415294647217,0.15221253037452698,30.842567443847656,19.44318389892578,7.677593231201172,0.4526805877685547,0.13643664121627808,0.00787690281867981,4.5165683330099514e-05,0.08242560923099518,319999,0.9972846508026123,-15.05266284942627
0.0,0.0,337.40000000004244,0.0,0.0,0.368378691950801,0.0,1963.4020545936655,1.0,0,2504.606726573496,0.0,20.79642620130268,1.0,0.0,,,,,,,,,,,,,,,,,,,,,,,,,,,,,,,,,,,,,,,,,0.007883940823376179,4.5100908354887515e-05,0.07981294393539429,320485,2.457301139831543,-14.338242530822754
0.0,0.0,11.150000000000023,0.0,79.98549667060257,0.40026034279774403,1.0,580.5171718467027,0.38715829624920534,1,440.2863770775184,0.0,38.01281596505877,0.0,0.0,,,,,,,,,,,,,,,,,,,,,,,,,,,,,,,,,,,,,,,,,0.007900679484009743,4.4954604931072e-05,0.07841557264328003,321584,2.754936695098877,-13.923693656921387
,,,,,,,,,,,,,,,2031.74,452,331585,18,0.17919932305812836,17467,510.55299955000004,,,,,,,,,,,,,,,,,,,,,,,,,,,,,,,,,,,,,,,
0.0,0.0,33.60000000000023,0.0,137.41035835319505,0.3857572112062381,1.0,443.2385979834944,0.24018357980622132,0,526.9443505077213,0.0,23.37467025242901,0.0,0.0,,,,,,,,,,,,,,,,,,,,,,,,,,,,,,,,,,,,,,,,,0.00792908389121294,4.4773225141799504e-05,0.10431190580129623,322949,1.9682575464248657,-14.797548294067383
0.0,0.0,50.94999999999924,0.0,172.28988964433688,0.37343037620451563,1.0,677.7222705539316,0.4227544910179641,0,702.0491072644894,0.0,25.969531005769912,0.0,0.0,,,,,,,,,,,,,,,,,,,,,,,,,,,,,,,,,,,,,,,,,0.00794670358300209,4.4524152063608e-05,0.10564945638179779,324828,-0.44169190526008606,-14.729133605957031
,,,,,,,,,,,,,,,,,,,,,,22.529972076416016,0.12709251046180725,22.569902420043945,0.0061533330008387566,0.3044322729110718,0.08519359678030014,0.5790383815765381,12.6590576171875,9.646328926086426,0.009909586049616337,0.2594786286354065,10.558789253234863,0.21215605735778809,1.346400499343872,5.000804901123047,0.0807989090681076,20.12413787841797,0.29736343026161194,0.41301560401916504,28.647558212280273,0.26513996720314026,0.7521381974220276,0.23942182958126068,8.016851425170898,0.17494483292102814,0.06588670611381531,0.34936216473579407,0.1391143798828125,31.34790802001953,19.96422004699707,7.603305339813232,0.45933786034584045,0.13452544808387756,0.007988057099282742,4.3842331340099514e-05,0.08101359009742737,329999,-2.423464298248291,-15.399543762207031
0.0,0.0,380.90000000005233,0.0,0.0,0.4671345467776163,0.0,2326.837990347296,1.0,0,3558.630977351881,0.0,21.99480198763001,1.0,0.0,,,,,,,,,,,,,,,,,,,,,,,,,,,,,,,,,,,,,,,,,0.00799344852566719,4.35216685134875e-05,0.0623818002641201,332445,0.7431855797767639,-15.433243751525879
0.0,0.0,8.79999999999999,0.0,172.25999721216544,0.2982486228634316,1.0,329.75284857768565,0.2153846153846154,1,272.3009926743131,0.0,26.024300829678165,0.0,0.0,,,,,,,,,,,,,,,,,,,,,,,,,,,,,,,,,,,,,,,,,0.007982277311384678,4.3402412930175495e-05,0.0669470801949501,333357,0.5970314741134644,-16.804895401000977
,,,,,,,,,,,,,,,2065.49,456,343358,18,0.17834722995758057,18075,542.5751390400001,,,,,,,,,,,,,,,,,,,,,,,,,,,,,,,,,,,,,,,
0.0,0.0,80.34999999999758,0.0,410.8569267550482,0.41850458392873974,1.0,1462.9888899000362,0.7202122527737579,1,1507.8720158952492,0.0,29.245071812654572,0.0,0.0,,,,,,,,,,,,,,,,,,,,,,,,,,,,,,,,,,,,,,,,,0.007966910488903522,4.293302349425949e-05,0.07280954718589783,336959,-0.4378209412097931,-15.791267395019531
,,,,,,,,,,,,,,,,,,,,,,21.387203216552734,0.13230398297309875,21.959827423095703,0.00570052582770586,0.29194748401641846,0.08030960708856583,0.5659253001213074,12.948965072631836,9.991958618164062,0.010404007509350777,0.24080859124660492,10.22283935546875,0.21108472347259521,1.378555417060852,5.076759338378906,0.0723848044872284,20.553146362304688,0.2907710671424866,0.4158976674079895,28.98337173461914,0.27214515209198,0.7857391238212585,0.215431809425354,7.97281551361084,0.17289641499519348,0.06722159683704376,0.3319679796695709,0.13536107540130615,31.409730911254883,20.955642700195312,7.186072826385498,0.4555051922798157,0.13043402135372162,0.007988293655216694,4.253887935009951e-05,0.08418402820825577,339999,-2.121532678604126,-15.841775894165039
0.0,0.0,112.29999999999576,0.0,207.95098978784847,0.47920226834187485,1.0,1101.9723540972918,0.5313486693730266,1,1468.7549524678464,0.0,25.897823125982157,0.0,0.0,,,,,,,,,,,,,,,,,,,,,,,,,,,,,,,,,,,,,,,,,0.007986297830939293,4.2535775002635504e-05,0.07347255945205688,340023,1.666825532913208,-15.979399681091309
0.0,0.0,2.799999999999998,0.0,0.0,0.15825515910597193,1.0,169.93932064063847,0.06940330088870081,0,48.26782352732144,0.0,40.17605781313838,0.0,0.0,,,,,,,,,,,,,,,,,,,,,,,,,,,,,,,,,,,,,,,,,0.007982239127159119,4.24964631894355e-05,11.276318550109863,340327,1.441925048828125,-15.696137428283691
0.0,0.0,0.0,0.0,134.16905895069118,0.14272339344971355,1.0,190.10055876802653,0.11392405063291139,0,75.64339852834819,0.0,25.85040475587785,0.0,0.0,,,,,,,,,,,,,,,,,,,,,,,,,,,,,,,,,,,,,,,,,0.00798007007688284,4.2428099307231994e-05,0.08115772902965546,340856,0.6224331259727478,-15.851139068603516
,,,,,,,,,,,,,,,2055.65,460,350857,18,0.17789213359355927,18473,567.7794358299999,,,,,,,,,,,,,,,,,,,,,,,,,,,,,,,,,,,,,,,
0.0,0.0,0.8000000000000002,0.0,1.7246049652511584,-0.11330052045183367,1.0,69.33806888014078,0.03326904532304725,0,-16.881777547323217,0.0,33.603181540436566,0.0,0.0,,,,,,,,,,,,,,,,,,,,,,,,,,,,,,,,,,,,,,,,,0.007978946901857853,4.2408982897592e-05,0.07877802848815918,341004,-1.2013823986053467,-16.50857925415039
0.0,0.0,1.950000000000001,0.0,57.15469704969519,0.1636292318408187,0.0,179.59210981568322,0.08391936240037506,0,83.1236497751359,1.0,25.489821615625193,0.0,0.0,,,,,,,,,,,,,,,,,,,,,,,,,,,,,,,,,,,,,,,,,0.007970527745783329,4.23435293205395e-05,0.1537255048751831,341511,1.8748573064804077,-15.289424896240234
0.0,0.0,46.849999999999476,0.0,272.8666758625629,0.4421637848392355,1.0,1249.7643799483776,0.7299107142857143,2,1265.9149159947312,0.0,31.442125708002965,0.0,0.0,,,,,,,,,,,,,,,,,,,,,,,,,,,,,,,,,,,,,,,,,0.007930546998977661,4.1975005201335494e-05,0.0923629030585289,344373,-1.7091516256332397,-15.941396713256836
0.0,0.0,95.6999999999967,0.0,452.10495856705484,0.405833692380837,0.0,1869.5092230038717,1.0,1,1756.8540543166434,0.0,31.103095711814802,1.0,0.0,,,,,,,,,,,,,,,,,,,,,,,,,,,,,,,,,,,,,,,,,0.00788155011832714,4.142080853639951e-05,0.06340412050485611,348701,1.8301795721054077,-16.17911720275879
,,,,,,,,,,,,,,,2087.72,464,358702,18,0.17738467454910278,18894,591.50184709,,,,,,,,,,,,,,,,,,,,,,,,,,,,,,,,,,,,,,,
0.0,0.0,28.50000000000027,0.0,100.41127125859904,0.325925958651801,1.0,361.52396463719197,0.18580276322058123,0,339.61484891517665,0.0,24.993849734469382,0.0,0.0,,,,,,,,,,,,,,,,,,,,,,,,,,,,,,,,,,,,,,,,,0.007877998985350132,4.1288065503118e-05,0.071155846118927,349742,-0.4822543263435364,-16.800567626953125
,,,,,,,,,,,,,,,,,,,,,,21.91485595703125,0.13019341230392456,20.58971405029297,0.006020503118634224,0.2857884466648102,0.08731037378311157,0.5930880308151245,12.7261962890625,9.689103126525879,0.008982879109680653,0.2486826777458191,10.81009578704834,0.20758917927742004,1.341201663017273,5.045243263244629,0.0767575055360794,23.346128463745117,0.27666598558425903,0.4011133909225464,28.153411865234375,0.3137041926383972,0.6685133576393127,0.22246015071868896,8.601064682006836,0.1766306459903717,0.06779342144727707,0.3335336148738861,0.14525631070137024,29.851194381713867,20.44989585876465,7.561487674713135,0.4312877357006073,0.1291850507259369,0.007875028066337109,4.125532736009951e-05,0.10523436218500137,349999,2.2093844413757324,-16.362327575683594
0.0,0.0,54.89999999999902,0.0,492.9657819636652,0.3944782857694056,0.0,1893.057336341124,1.0,3,1607.4990145103277,0.0,33.45897644643432,1.0,0.0,,,,,,,,,,,,,,,,,,,,,,,,,,,,,,,,,,,,,,,,,0.007803731597959995,4.077064314467201e-05,0.10193837434053421,353816,0.8450330495834351,-16.16473960876465
0.0,0.0,48.69999999999937,0.0,287.2562058840183,0.34665387287964966,0.0,689.9978763982654,0.45185651353052236,0,794.1840227672774,1.0,21.697517599509048,0.0,0.0,,,,,,,,,,,,,,,,,,,,,,,,,,,,,,,,,,,,,,,,,0.007777122780680656,4.0481249521981996e-05,0.08073283731937408,356106,-1.1004177331924438,-15.189718246459961
0.0,0.0,20.85000000000016,0.0,11.817794776885732,0.3179483053466736,1.0,419.44467498594895,0.23350785340314137,0,289.332957865473,0.0,33.206369925840406,0.0,0.0,,,,,,,,,,,,,,,,,,,,,,,,,,,,,,,,,,,,,,,,,0.007764346431940794,4.036666601738751e-05,0.08716295659542084,357015,-3.3330087661743164,-15.90071964263916
,,,,,,,,,,,,,,,2099.88,468,367016,18,0.17691315710544586,19334,610.8890532,,,,,,,,,,,,,,,,,,,,,,,,,,,,,,,,,,,,,,,
0.0,0.0,72.29999999999804,0.0,236.25241680688734,0.38060344037200017,0.0,780.6773160523735,0.48120300751879697,0,877.6715334978323,1.0,24.38579234115064,0.0,0.0,,,,,,,,,,,,,,,,,,,,,,,,,,,,,,,,,,,,,,,,,0.00772542180493474,4.00768476088e-05,0.07457230985164642,359320,0.913823664188385,-16.43579864501953
,,,,,,,,,,,,,,,,,,,,,,21.59053611755371,0.13557744026184082,21.164365768432617,0.005551885813474655,0.29133594036102295,0.08306556195020676,0.5355284214019775,12.883710861206055,9.961418151855469,0.010164078325033188,0.25043821334838867,10.133867263793945,0.2131231427192688,1.353764295578003,5.875521183013916,0.08623665571212769,22.238447189331055,0.28805240988731384,0.40666884183883667,28.101924896240234,0.3026709258556366,0.7467955946922302,0.22383162379264832,8.012406349182129,0.17721721529960632,0.07996733486652374,0.3390343189239502,0.13792450726032257,29.879592895507812,20.55760955810547,8.31828784942627,0.44741302728652954,0.1335669308900833,0.0077286530286073685,3.99916753700995e-05,0.10929141938686371,359999,-0.3553723990917206,-16.10845184326172
0.0,0.0,75.64999999999785,0.0,671.0193955812284,0.2536944343045812,0.0,2009.9474319061264,1.0,1,1363.8612788214286,0.0,26.930058798622536,1.0,0.0,,,,,,,,,,,,,,,,,,,,,,,,,,,,,,,,,,,,,,,,,0.007713532540947199,3.94051311309875e-05,0.12583178281784058,364695,-1.2141050100326538,-16.596439361572266
0.0,0.0,106.49999999999609,0.0,272.15738796604415,0.35452278637715334,1.0,1361.0904618445784,0.9245773732119635,0,1278.0546448896378,0.0,27.193309854254526,0.0,0.0,,,,,,,,,,,,,,,,,,,,,,,,,,,,,,,,,,,,,,,,,0.007730577606707811,3.8957957273399505e-05,0.10789072513580322,368299,-1.667749047279358,-16.85651206970215
,,,,,,,,,,,,,,,,,,,,,,21.731904983520508,0.13480158150196075,21.162673950195312,0.005635037086904049,0.2905157804489136,0.08943106979131699,0.5410856604576111,13.237550735473633,9.769426345825195,0.007818849757313728,0.2547430098056793,11.044000625610352,0.21159058809280396,1.3301564455032349,5.270280361175537,0.08007615804672241,22.86127471923828,0.2920091450214386,0.4046448767185211,27.895811080932617,0.31544697284698486,0.5666526556015015,0.22632291913032532,8.587320327758789,0.18742235004901886,0.072720967233181,0.3388480544090271,0.1523885577917099,29.32568359375,20.317283630371094,7.689046859741211,0.43983960151672363,0.1378600299358368,0.007753288373351097,3.874792338009951e-05,0.0998738557100296,369999,0.9104545712471008,-16.269351959228516
0.0,0.0,55.59999999999898,0.0,343.3915809051065,0.40615415967182905,0.0,1444.85555087775,1.0,2,1406.9180091032158,0.0,30.043947796887796,1.0,0.0,,,,,,,,,,,,,,,,,,,,,,,,,,,,,,,,,,,,,,,,,0.007748369127511978,3.853071335207801e-05,0.11848770081996918,371762,1.9516459703445435,-16.677921295166016
,,,,,,,,,,,,,,,2181.68,472,381763,18,0.1759440153837204,20100,655.1308594500001,,,,,,,,,,,,,,,,,,,,,,,,,,,,,,,,,,,,,,,
0.0,0.0,0.0,0.0,165.8047374617721,0.29083171387186896,1.0,204.51968018338084,0.0971563981042654,1,155.304135207578,0.0,27.614844568431224,0.0,0.0,,,,,,,,,,,,,,,,,,,,,,,,,,,,,,,,,,,,,,,,,0.007743405178189278,3.84651669689875e-05,0.11634021997451782,372295,-0.9928520917892456,-16.34851837158203
0.0,0.0,4.199999999999993,0.0,0.0,-0.023482089706542048,1.0,101.03597194328904,0.06530343007915568,0,-4.766864210428036,0.0,35.902984202397064,0.0,0.0,,,,,,,,,,,,,,,,,,,,,,,,,,,,,,,,,,,,,,,,,0.007744435220956802,3.84403405233955e-05,0.0943385660648346,372497,-1.4892148971557617,-18.103744506835938
0.0,0.0,0.0,0.0,129.43737000662537,0.23044385421574679,1.0,176.58973179198802,0.11301587301587301,0,108.76949918983249,0.0,26.978070271258225,0.0,0.0,,,,,,,,,,,,,,,,,,,,,,,,,,,,,,,,,,,,,,,,,0.007739315275102854,3.838248465788801e-05,0.10027676820755005,372968,-0.7621685266494751,-17.742595672607422
0.0,0.0,38.69999999999994,0.0,272.8869598052351,0.2511714816633968,0.0,1868.8245374923572,1.0,0,1149.6118715733671,0.0,29.408461020485234,1.0,0.0,,,,,,,,,,,,,,,,,,,,,,,,,,,,,,,,,,,,,,,,,0.007709961850196123,3.7822684017632e-05,0.09272134304046631,377544,0.3691530227661133,-17.104965209960938
,,,,,,,,,,,,,,,2218.88,476,387545,18,0.17548100650310516,20409,666.88758564,,,,,,,,,,,,,,,,,,,,,,,,,,,,,,,,,,,,,,,
0.0,0.0,2.2,0.0,272.49058824561723,0.19579079075221398,0.0,873.6326253565494,0.3965669014084507,0,417.4259658837202,1.0,29.52158694654371,0.0,0.0,,,,,,,,,,,,,,,,,,,,,,,,,,,,,,,,,,,,,,,,,0.007715721148997545,3.75634122596875e-05,0.0832628458738327,379675,1.6729981899261475,-16.580760955810547
,,,,,,,,,,,,,,,,,,,,,,22.894371032714844,0.13796116411685944,20.780139923095703,0.006227143108844757,0.2830298840999603,0.0862724781036377,0.6040395498275757,12.944840431213379,10.0281982421875,0.008300110697746277,0.2558194398880005,10.65461540222168,0.2111196517944336,1.2781023979187012,5.4979248046875,0.07479491829872131,22.78049659729004,0.28587913513183594,0.4079776406288147,27.454200744628906,0.31339868903160095,0.6033230423927307,0.23602184653282166,8.368522644042969,0.18741607666015625,0.07563673704862595,0.3269634544849396,0.14657899737358093,29.655303955078125,20.478832244873047,7.255187034606934,0.4412713646888733,0.1334504932165146,0.007715375628322363,3.75240713900995e-05,0.11365271359682083,379999,-2.3620786666870117,-15.973602294921875
0.0,0.0,0.0,0.0,142.9600504886909,0.2515146081909402,1.0,140.6481639482081,0.0890840652446675,0,89.5392005159747,0.0,28.49634986144858,0.0,0.0,,,,,,,,,,,,,,,,,,,,,,,,,,,,,,,,,,,,,,,,,0.007715309504419565,3.752030838955e-05,0.09748245775699615,380030,1.9878146648406982,-17.239574432373047
0.0,0.0,1.900000000000001,0.0,232.25275692215763,0.34915527777464017,0.0,1656.1171284182929,1.0,2,1134.7546527675806,0.0,36.705877178031415,1.0,0.0,,,,,,,,,,,,,,,,,,,,,,,,,,,,,,,,,,,,,,,,,0.007720494642853737,3.712698199817951e-05,0.07944320142269135,383279,1.303297758102417,-15.639430046081543
0.0,0.0,48.84999999999936,0.0,226.81357976903314,0.41552042593951444,0.0,1898.7894130982459,1.0,1,1636.7349577757473,0.0,34.720851209079704,1.0,0.0,,,,,,,,,,,,,,,,,,,,,,,,,,,,,,,,,,,,,,,,,0.007714242674410343,3.665306083635551e-05,0.12258154898881912,387217,1.0113046169281006,-17.033016204833984
,,,,,,,,,,,,,,,2237.55,480,397218,18,0.1748046875,20920,683.30797783,,,,,,,,,,,,,,,,,,,,,,,,,,,,,,,,,,,,,,,
0.0,0.0,6.0499999999999865,0.0,270.65046714956327,0.13554849982999653,1.0,679.8903826577589,0.2900041135335253,0,255.78001917920346,0.0,25.958525637500834,0.0,0.0,,,,,,,,,,,,,,,,,,,,,,,,,,,,,,,,,,,,,,,,,0.007708241697400808,3.6427181858595507e-05,0.09782873094081879,389103,1.184673547744751,-16.07767105102539
0.0,0.0,7.049999999999983,0.0,122.62550972746911,0.28969839653994583,1.0,227.7681460250169,0.14204221334854536,0,160.78261007966995,0.0,29.578461467905083,0.0,0.0,,,,,,,,,,,,,,,,,,,,,,,,,,,,,,,,,,,,,,,,,0.0076998439617455006,3.636096590607551e-05,0.10077854990959167,389657,-0.3018777370452881,-17.344863891601562
,,,,,,,,,,,,,,,,,,,,,,22.411081314086914,0.12898804247379303,21.542028427124023,0.006121640093624592,0.2811535894870758,0.08746868371963501,0.5899514555931091,12.876508712768555,9.261679649353027,0.010928288102149963,0.25753819942474365,11.859235763549805,0.22072839736938477,1.3293178081512451,5.099122047424316,0.07601707428693771,22.02579689025879,0.3000173270702362,0.4098382294178009,27.095182418823242,0.30675479769706726,0.784679651260376,0.23254892230033875,8.429485321044922,0.20234444737434387,0.07101582735776901,0.3423501253128052,0.16516439616680145,29.427457809448242,21.27191925048828,7.325876712799072,0.4514167904853821,0.13361328840255737,0.007698041386902332,3.63201194000995e-05,0.09194566309452057,389999,1.0572025775909424,-16.08978843688965
0.0,0.0,6.5999999999999845,0.0,151.99740573917398,-0.016832208755210215,1.0,490.26623616181314,0.254590570719603,0,-22.925468324596313,0.0,25.936729173818925,0.0,0.0,,,,,,,,,,,,,,,,,,,,,,,,,,,,,,,,,,,,,,,,,0.0076898266561329365,3.6198553914238e-05,0.0916556715965271,391018,-1.6514434814453125,-16.069774627685547
0.0,0.0,68.89999999999823,0.0,377.13942139105524,0.38532041903726283,1.0,1454.6926141958684,0.9462835727670206,2,1290.8234037748305,0.0,31.27514469352865,0.0,0.0,,,,,,,,,,,,,,,,,,,,,,,,,,,,,,,,,,,,,,,,,0.007675210479646921,3.580047773355552e-05,0.10061992704868317,394367,-3.0279932022094727,-15.350286483764648
,,,,,,,,,,,,,,,2221.98,484,404368,18,0.1743096560239792,21311,680.63125924,,,,,,,,,,,,,,,,,,,,,,,,,,,,,,,,,,,,,,,
0.0,0.0,197.90000000001075,0.0,0.0,0.3063978519524744,0.0,1897.119121093303,1.0,0,1691.3161427776586,0.0,24.750573941549145,1.0,0.0,,,,,,,,,,,,,,,,,,,,,,,,,,,,,,,,,,,,,,,,,0.007732830010354519,3.5149336033102004e-05,0.09513857960700989,399886,1.1551315784454346,-16.002460479736328
,,,,,,,,,,,,,,,,,,,,,,21.775592803955078,0.1375296711921692,22.225341796875,0.00703644473105669,0.28827643394470215,0.08390319347381592,0.676889181137085,12.948653221130371,9.969351768493652,0.01007756032049656,0.2486688792705536,11.10520076751709,0.22429314255714417,1.373691439628601,5.4550676345825195,0.0750497430562973,21.957271575927734,0.3066040873527527,0.3939545452594757,27.73150634765625,0.30290597677230835,0.7305095791816711,0.22636312246322632,8.071287155151367,0.18969078361988068,0.07525400817394257,0.34159430861473083,0.1531989872455597,28.557266235351562,21.57646369934082,7.219606399536133,0.443071186542511,0.13460472226142883,0.007729995064437389,3.5136067410099506e-05,0.10944756865501404,399999,2.135434627532959,-15.344993591308594
0.0,0.0,2.000000000000001,0.0,99.13720692109963,0.1450180370942851,1.0,137.47419465333223,0.06987341772151899,0,67.72342332303114,0.0,21.251852168589977,0.0,0.0,,,,,,,,,,,,,,,,,,,,,,,,,,,,,,,,,,,,,,,,,0.007733755279332399,3.5094634008447996e-05,0.08907610923051834,400352,0.04444196820259094,-16.429243087768555
0.0,0.0,67.89999999999829,0.0,251.26254538341863,0.2996456976792911,1.0,1991.2468539979309,0.829399585921325,1,1312.7478015329743,0.0,32.7331815998317,0.0,0.0,,,,,,,,,,,,,,,,,,,,,,,,,,,,,,,,,,,,,,,,,0.007838437333703041,3.4582593866488004e-05,0.0867038145661354,404732,1.065081238746643,-15.975082397460938
0.0,0.0,3.949999999999994,0.0,380.0578954586941,0.1046261274783288,1.0,587.5706646330655,0.39882506527415146,2,194.81384936464823,0.0,22.739552807479576,0.0,0.0,,,,,,,,,,,,,,,,,,,,,,,,,,,,,,,,,,,,,,,,,0.0078884307295084,3.43661909010755e-05,0.08914607763290405,406593,1.4128823280334473,-16.204086303710938
,,,,,,,,,,,,,,,2300.35,488,416594,18,0.1735689342021942,21955,703.48466734,,,,,,,,,,,,,,,,,,,,,,,,,,,,,,,,,,,,,,,
0.0,0.0,47.14999999999946,0.0,415.1236332289569,0.2300575349141744,1.0,1003.509519229643,0.51513671875,2,701.2153664184036,0.0,23.720669881632983,0.0,0.0,,,,,,,,,,,,,,,,,,,,,,,,,,,,,,,,,,,,,,,,,0.007953059859573841,3.40133640952e-05,0.11102674156427383,409640,0.5781843662261963,-16.29492950439453
,,,,,,,,,,,,,,,,,,,,,,22.729122161865234,0.1348448395729065,21.3774471282959,0.008343460038304329,0.28007078170776367,0.09149983525276184,0.8014253377914429,12.575745582580566,9.683890342712402,0.011945487931370735,0.26135706901550293,11.586186408996582,0.2173890918493271,1.2568669319152832,5.380856513977051,0.07622329145669937,21.13004493713379,0.29767361283302307,0.4175128638744354,26.902008056640625,0.29422861337661743,0.8578659892082214,0.23662781715393066,8.78895378112793,0.1967545598745346,0.07492657750844955,0.32849106192588806,0.16133365035057068,29.98371124267578,20.881160736083984,7.321576118469238,0.458408385515213,0.13092327117919922,0.007959327660501003,3.39719154200995e-05,0.14588358998298645,409999,1.8585269451141357,-16.844970703125
0.0,0.0,52.54999999999915,0.0,347.85338628324223,0.37677757015417374,0.0,1906.3341493196785,1.0,2,1572.6695778235212,0.0,32.89660399595688,1.0,0.0,,,,,,,,,,,,,,,,,,,,,,,,,,,,,,,,,,,,,,,,,0.008041886612772942,3.35331501674155e-05,0.1806025505065918,413813,0.679226815700531,-15.86239242553711
0.0,0.0,0.0,0.0,139.42138796514627,0.2660219406883097,1.0,396.7159663243219,0.21539256198347106,0,265.4898968069331,0.0,28.635115369039926,0.0,0.0,,,,,,,,,,,,,,,,,,,,,,,,,,,,,,,,,,,,,,,,,0.008051425218582153,3.3418931841949995e-05,0.20621192455291748,414810,0.5296971201896667,-15.6701078414917
0.0,0.0,161.35000000000244,0.0,246.218262041888,0.30051208114663797,0.0,1603.9152845293283,1.0,0,1519.990106439695,0.0,22.837501081762756,1.0,0.0,,,,,,,,,,,,,,,,,,,,,,,,,,,,,,,,,,,,,,,,,0.008094551041722298,3.2842637950055495e-05,0.10135628283023834,419867,-3.466444969177246,-15.633467674255371
,,,,,,,,,,,,,,,2369.18,492,429868,18,0.17277000844478607,22638,735.58190302,,,,,,,,,,,,,,,,,,,,,,,,,,,,,,,,,,,,,,,
,,,,,,,,,,,,,,,,,,,,,,22.497661590576172,0.13696812093257904,21.40022850036621,0.008440637961030006,0.28812840580940247,0.0925956517457962,0.7780237793922424,12.43532657623291,9.72680950164795,0.009736798703670502,0.26724082231521606,11.222892761230469,0.23318880796432495,1.2652943134307861,5.6583404541015625,0.08354667574167252,21.8951416015625,0.30134743452072144,0.4140685498714447,26.558507919311523,0.30831655859947205,0.6914600729942322,0.2440730333328247,8.535091400146484,0.19370326399803162,0.07967795431613922,0.33813828229904175,0.15803521871566772,29.405134201049805,21.49439811706543,7.700993537902832,0.4553775191307068,0.13490858674049377,0.008091703988611698,3.28276634300995e-05,0.10014926642179489,419999,1.918121099472046,-14.176466941833496
0.0,0.0,107.54999999999603,0.0,466.6859288471033,0.31361018135981045,0.0,1939.5623982576653,1.0,4,1600.3527554791128,0.0,27.378416136802,1.0,0.0,,,,,,,,,,,,,,,,,,,,,,,,,,,,,,,,,,,,,,,,,0.008134657517075539,3.226637308061951e-05,0.11200214922428131,424969,0.9225295782089233,-15.512990951538086
,,,,,,,,,,,,,,,,,,,,,,22.498687744140625,0.13269522786140442,21.990032196044922,0.0089913010597229,0.29313787817955017,0.09966277331113815,0.8271343111991882,12.892938613891602,9.381340980529785,0.010022391565144062,0.26380664110183716,11.267766952514648,0.22556504607200623,1.2788598537445068,5.58866024017334,0.07496345043182373,20.181238174438477,0.3110399842262268,0.4368187487125397,26.966552734375,0.2854553461074829,0.7085670828819275,0.2445702999830246,9.16825008392334,0.19976693391799927,0.07904930412769318,0.33737170696258545,0.15937794744968414,30.882389068603516,20.75034523010254,6.896092414855957,0.47618451714515686,0.1401517242193222,0.008218321949243546,3.17033114400995e-05,0.0965718924999237,429999,0.57970130443573,-14.929624557495117
0.0,0.0,195.85000000001028,0.0,272.31915840928326,0.286869419013321,1.0,2352.926812573336,0.9966315789473684,1,1804.982384431816,0.0,26.93330319255109,0.0,0.0,,,,,,,,,,,,,,,,,,,,,,,,,,,,,,,,,,,,,,,,,0.008254182524979115,3.156294356620001e-05,0.23315177857875824,431260,1.7369132041931152,-14.27707576751709
0.0,0.0,7.349999999999982,0.0,506.1928891664408,0.2400559293980556,1.0,1330.8139668665826,0.6308345120226309,2,765.0582469916031,0.0,30.079241974622803,0.0,0.0,,,,,,,,,,,,,,,,,,,,,,,,,,,,,,,,,,,,,,,,,0.00836641900241375,3.1209704568142e-05,0.09515489637851715,434446,-0.056513525545597076,-15.658730506896973
0.0,0.0,43.54999999999966,0.0,680.370526063469,0.3185033873768449,0.0,1895.8309529863764,1.0,0,1496.6474172837943,0.0,29.059198211768706,1.0,0.0,,,,,,,,,,,,,,,,,,,,,,,,,,,,,,,,,,,,,,,,,0.008521840907633305,3.0692512107232004e-05,0.10196553170681,439144,2.1201066970825195,-13.398102760314941
,,,,,,,,,,,,,,,2501.64,496,449145,19,0.1716279834508896,23638,778.7951409,,,,,,,,,,,,,,,,,,,,,,,,,,,,,,,,,,,,,,,
0.0,0.0,35.65000000000011,0.0,16.39231735159283,0.4574751677256796,1.0,246.9693361632526,0.16216216216216217,0,365.0651838450923,0.0,22.304612384255933,0.0,0.0,,,,,,,,,,,,,,,,,,,,,,,,,,,,,,,,,,,,,,,,,0.008535460568964481,3.060520789635951e-05,0.12285405397415161,439941,0.9437472820281982,-14.492219924926758
,,,,,,,,,,,,,,,,,,,,,,23.30320930480957,0.130992591381073,21.899818420410156,0.009348581545054913,0.287011981010437,0.09821972250938416,0.856342613697052,12.960626602172852,9.123403549194336,0.009421030059456825,0.2747293710708618,12.153674125671387,0.2252025008201599,1.1989485025405884,5.3968377113342285,0.07601664960384369,19.111940383911133,0.31443461775779724,0.4545435607433319,26.290681838989258,0.27440667152404785,0.6561581492424011,0.2543981373310089,8.997057914733887,0.20947930216789246,0.07748706638813019,0.3293863534927368,0.17450080811977386,31.658159255981445,20.62885093688965,6.963227272033691,0.4922053813934326,0.14148949086666107,0.008537337183952332,3.05988594500995e-05,0.10649178922176361,439999,2.498352289199829,-15.333990097045898
0.0,0.0,85.94999999999726,0.0,265.65124009242584,0.4754052540238082,1.0,1158.358956761891,0.6961170512099043,1,1461.87115612321,0.0,27.13154576075173,0.0,0.0,,,,,,,,,,,,,,,,,,,,,,,,,,,,,,,,,,,,,,,,,0.008603964000940323,3.0269662727387513e-05,0.10856020450592041,443015,-0.012596279382705688,-13.779718399047852
0.0,0.0,21.150000000000166,0.0,58.363165243489604,0.2472576929722334,1.0,1078.1835335508222,0.7127319257837492,0,592.6766900544435,0.0,32.40608660261793,0.0,0.0,,,,,,,,,,,,,,,,,,,,,,,,,,,,,,,,,,,,,,,,,0.00863441452383995,3.0009429302639495e-05,0.12675057351589203,445411,1.2517343759536743,-14.895580291748047
0.0,0.0,70.44999999999814,0.0,301.5106245257527,0.41939445738722275,0.0,1538.663239300251,1.0,0,1571.890426287311,0.0,29.570559953529248,1.0,0.0,,,,,,,,,,,,,,,,,,,,,,,,,,,,,,,,,,,,,,,,,0.008667510002851486,2.9604751861918007e-05,0.08080685138702393,449158,0.4305795133113861,-14.438117027282715
,,,,,,,,,,,,,,,2580.51,500,459159,18,0.17123658955097198,24168,812.56281957,,,,,,,,,,,,,,,,,,,,,,,,,,,,,,,,,,,,,,,
,,,,,,,,,,,,,,,,,,,,,,23.046491622924805,0.12913468480110168,21.97712516784668,0.009534137323498726,0.29892653226852417,0.10072673112154007,0.8548222184181213,12.83516788482666,9.119114875793457,0.009286753833293915,0.27583587169647217,12.000654220581055,0.22526933252811432,1.254868984222412,5.4275970458984375,0.08067800104618073,19.84902000427246,0.3112154006958008,0.4385721683502197,26.801485061645508,0.28107956051826477,0.6558035016059875,0.2570457458496094,9.031067848205566,0.20471595227718353,0.07685954123735428,0.3461378812789917,0.1699398010969162,30.970687866210938,20.197446823120117,7.233517646789551,0.48144981265068054,0.14315521717071533,0.008667253889143467,2.9514307460099493e-05,0.09326401352882385,449999,-1.465198278427124,-13.88283920288086
0.0,0.0,88.14999999999714,0.0,221.8508024039778,0.4306607188857566,0.0,1449.5604382217862,1.0,2,1499.1299624413186,0.0,29.99930111229856,1.0,0.0,,,,,,,,,,,,,,,,,,,,,,,,,,,,,,,,,,,,,,,,,0.008640683256089687,2.9231412944878004e-05,0.0959053635597229,452638,-3.3644633293151855,-14.559946060180664
0.0,0.0,2.549999999999999,0.0,0.0,0.22791608457778673,1.0,175.52744814846665,0.09598080383923216,0,75.89605616440298,0.0,37.990214546751574,0.0,0.0,,,,,,,,,,,,,,,,,,,,,,,,,,,,,,,,,,,,,,,,,0.00864470936357975,2.9195921479550004e-05,0.08961264789104462,452970,-1.839658260345459,-15.341705322265625
0.0,0.0,82.99999999999743,0.0,433.7597487268799,0.3796186004289359,1.0,1297.814058277756,0.7848027842227379,3,1289.9440042575243,0.0,27.510403348513485,0.0,0.0,,,,,,,,,,,,,,,,,,,,,,,,,,,,,,,,,,,,,,,,,0.008668191730976105,2.8834035779555502e-05,0.12695670127868652,456367,1.8049802780151367,-13.786508560180664
,,,,,,,,,,,,,,,,,,,,,,22.92441177368164,0.1265074610710144,20.797727584838867,0.00980351958423853,0.2861657440662384,0.10182690620422363,0.8858863711357117,13.262417793273926,8.952698707580566,0.007889874279499054,0.27875977754592896,12.409109115600586,0.23009881377220154,1.1989576816558838,5.886432647705078,0.07828322798013687,21.077634811401367,0.2938854694366455,0.4284137785434723,25.859113693237305,0.2978407144546509,0.5583517551422119,0.25368934869766235,9.201498031616211,0.22128763794898987,0.08317913115024567,0.3342211842536926,0.17534878849983215,30.31804656982422,20.792675018310547,7.0739946365356445,0.4681023359298706,0.14676642417907715,0.00868245493620634,2.8449655470099498e-05,0.10887663811445236,459999,0.2962709069252014,-13.612419128417969
0.0,0.0,71.1499999999981,0.0,421.73219489774,0.3733384966574499,0.0,2271.1125900261104,1.0,3,1886.1060851134368,0.0,32.37604611847236,1.0,0.0,,,,,,,,,,,,,,,,,,,,,,,,,,,,,,,,,,,,,,,,,0.008701533079147339,2.8300193607037998e-05,0.11566132307052612,461418,-1.4836479425430298,-14.086827278137207
,,,,,,,,,,,,,,,2625.95,504,471419,19,0.17070168256759644,24802,839.69559293,,,,,,,,,,,,,,,,,,,,,,,,,,,,,,,,,,,,,,,
0.0,0.0,0.0,0.0,32.154751611711774,-0.00021895052984849845,1.0,44.4117889739573,0.027194066749072928,0,-0.024303508813183328,0.0,28.986314542809254,0.0,0.0,,,,,,,,,,,,,,,,,,,,,,,,,,,,,,,,,,,,,,,,,0.008699700236320496,2.8288624151008012e-05,0.12075504660606384,461528,1.5221953392028809,-14.232366561889648
0.0,0.0,22.400000000000183,0.0,492.2575404210087,0.3471978757265955,0.0,2392.845732195303,1.0,1,1799.5265898909445,0.0,33.251526192998725,1.0,0.0,,,,,,,,,,,,,,,,,,,,,,,,,,,,,,,,,,,,,,,,,0.008717830292880535,2.7746326197950004e-05,0.09595516324043274,466710,0.1769568920135498,-14.728655815124512
0.0,0.0,4.049999999999994,0.0,90.21145371604177,0.1932736835288626,1.0,376.7602237109095,0.1848623853211009,1,164.8624520501198,0.0,31.839944768453023,0.0,0.0,,,,,,,,,,,,,,,,,,,,,,,,,,,,,,,,,,,,,,,,,0.0087171895429492,2.7657675652478003e-05,0.10806629061698914,467562,0.8034381866455078,-14.104881286621094
,,,,,,,,,,,,,,,,,,,,,,22.812938690185547,0.13693726062774658,20.422412872314453,0.010075832717120647,0.2870957851409912,0.10264991223812103,0.9122804403305054,13.283417701721191,9.380078315734863,0.008478331379592419,0.2723716199398041,12.449346542358398,0.22813045978546143,1.2429386377334595,5.918292999267578,0.07784244418144226,20.99187469482422,0.29814133048057556,0.4417172074317932,25.994068145751953,0.30645474791526794,0.5807580947875977,0.25196126103401184,9.294071197509766,0.22525061666965485,0.08639957755804062,0.3385412096977234,0.18174466490745544,30.257232666015625,20.655261993408203,7.047967433929443,0.4721323251724243,0.14671090245246887,0.008727429434657097,2.740490348009949e-05,0.1376228630542755,469999,0.5068467259407043,-14.68214225769043
0.0,0.0,57.54999999999887,0.0,503.3742228647715,0.31700892295267935,0.0,1697.555246614851,1.0,3,1339.3626994750703,0.0,28.94137374251002,1.0,0.0,,,,,,,,,,,,,,,,,,,,,,,,,,,,,,,,,,,,,,,,,0.008746635168790817,2.7220302104701993e-05,0.12515485286712646,471786,0.7432013750076294,-13.597478866577148
,,,,,,,,,,,,,,,2645.39,508,481787,19,0.17027169466018677,25353,847.03875039,,,,,,,,,,,,,,,,,,,,,,,,,,,,,,,,,,,,,,,
0.0,0.0,6.199999999999986,0.0,61.97196757594158,0.17676196383969503,1.0,241.25105101591907,0.16023936170212766,0,106.23394026765672,0.0,28.940884643706664,0.0,0.0,,,,,,,,,,,,,,,,,,,,,,,,,,,,,,,,,,,,,,,,,0.008744683116674423,2.7158463173102004e-05,0.13678006827831268,472386,1.161400556564331,-13.991889953613281
0.0,0.0,33.05000000000026,0.0,158.83991656517233,0.34194380065538105,1.0,555.7766794143245,0.23268206039076378,0,514.9673637870038,0.0,26.582591648120378,0.0,0.0,,,,,,,,,,,,,,,,,,,,,,,,,,,,,,,,,,,,,,,,,0.008750248700380325,2.7003665738159487e-05,0.1392899453639984,473891,-5.034783363342285,-13.878538131713867
0.0,0.0,77.39999999999775,0.0,454.2221785504644,0.28202418384502514,0.0,1731.4092500787228,1.0,0,1289.978616907145,0.0,27.26391877033228,1.0,0.0,,,,,,,,,,,,,,,,,,,,,,,,,,,,,,,,,,,,,,,,,0.008807962760329247,2.6536073389951998e-05,0.10076116025447845,478464,-1.8814375400543213,-13.31578540802002
,,,,,,,,,,,,,,,,,,,,,,22.36775016784668,0.1383640170097351,21.24826431274414,0.010043775662779808,0.2866298258304596,0.1089823991060257,0.894869327545166,13.699039459228516,9.414521217346191,0.006997778080403805,0.2698056101799011,12.546152114868164,0.23211783170700073,1.2250216007232666,6.005439281463623,0.0797954648733139,21.164051055908203,0.3122830390930176,0.4283466935157776,25.537830352783203,0.3110453486442566,0.4761406183242798,0.2510496973991394,9.709994316101074,0.22098007798194885,0.088261179625988,0.3305177092552185,0.18438918888568878,29.14543342590332,20.680978775024414,7.1095290184021,0.4717712998390198,0.15375438332557678,0.008824345655739307,2.6380051490099495e-05,0.10398876667022705,479999,1.5349446535110474,-14.09701156616211
0.0,0.0,106.94999999999607,0.0,358.14897843322774,0.4340597047401758,0.0,1976.062757814303,1.0,3,2008.3942538327933,0.0,30.75900102085803,1.0,0.0,,,,,,,,,,,,,,,,,,,,,,,,,,,,,,,,,,,,,,,,,0.008841787464916706,2.6067295935949994e-05,0.13643214106559753,483090,1.651512622833252,-15.215834617614746
,,,,,,,,,,,,,,,2629.89,512,493091,19,0.16972757875919342,25939,848.94997044,,,,,,,,,,,,,,,,,,,,,,,,,,,,,,,,,,,,,,,
0.0,0.0,47.899999999999416,0.0,259.029909702549,0.3897017829785871,1.0,751.6091799950227,0.46149289099526064,1,791.0946194465319,0.0,26.673939545772217,0.0,0.0,,,,,,,,,,,,,,,,,,,,,,,,,,,,,,,,,,,,,,,,,0.008848674595355988,2.58630300040195e-05,0.11051689833402634,485119,1.514920711517334,-14.471609115600586
,,,,,,,,,,,,,,,,,,,,,,21.44382095336914,0.1368589997291565,20.76458740234375,0.010050451382994652,0.29320842027664185,0.10990647971630096,0.9120954871177673,13.365320205688477,9.351652145385742,0.007059514056891203,0.25417372584342957,12.28157901763916,0.2285154014825821,1.3222368955612183,5.890914440155029,0.07666245102882385,21.395784378051758,0.303884357213974,0.4365997314453125,26.609161376953125,0.3131217658519745,0.48238053917884827,0.23629114031791687,9.974199295043945,0.2179286777973175,0.08621200174093246,0.33607786893844604,0.17973771691322327,29.83310317993164,20.7381591796875,6.957246780395508,0.4670373797416687,0.14727351069450378,0.008894747123122215,2.5375099500099488e-05,0.11552408337593079,489999,1.104880452156067,-15.51850414276123
0.0,0.0,50.14999999999929,0.0,500.5994675448143,0.31933579422622,0.0,2318.6262328214943,1.0,2,1625.7385284056859,0.0,32.80200195256379,1.0,0.0,,,,,,,,,,,,,,,,,,,,,,,,,,,,,,,,,,,,,,,,,0.008892572484910488,2.5354208846259498e-05,0.1498376727104187,490209,2.4216411113739014,-13.689964294433594
0.0,0.0,46.04999999999952,0.0,486.03159821607073,0.25692013613926207,0.0,1492.830532271415,1.0,3,970.3873541979929,0.0,28.471830160019916,1.0,0.0,,,,,,,,,,,,,,,,,,,,,,,,,,,,,,,,,,,,,,,,,0.008943303488194942,2.4980072582387496e-05,0.10238444805145264,493985,-1.5234055519104004,-15.935392379760742
0.0,0.0,44.14999999999963,0.0,513.0509232245481,0.4094115415178417,0.0,2189.5550638306886,1.0,3,1805.9143096351997,0.0,35.75121107745488,1.0,0.0,,,,,,,,,,,,,,,,,,,,,,,,,,,,,,,,,,,,,,,,,0.008997507393360138,2.4546709864487496e-05,0.1137452945113182,498395,1.9538064002990723,-15.873106002807617
,,,,,,,,,,,,,,,2712.76,516,508396,19,0.16906051337718964,26741,882.6659663400001,,,,,,,,,,,,,,,,,,,,,,,,,,,,,,,,,,,,,,,
,,,,,,,,,,,,,,,,,,,,,,21.849563598632812,0.1430690884590149,21.354982376098633,0.010733424685895443,0.29931753873825073,0.10625563561916351,0.9444596171379089,13.644415855407715,9.697896003723145,0.007406651973724365,0.2662046253681183,12.129551887512207,0.2333507537841797,1.2627631425857544,5.893291473388672,0.08342903852462769,20.496488571166992,0.31504130363464355,0.4414820373058319,26.337663650512695,0.30237630009651184,0.5020577311515808,0.24831198155879974,9.349686622619629,0.2166988104581833,0.08694131672382355,0.33615338802337646,0.17894232273101807,29.925729751586914,20.53308868408203,7.34112024307251,0.4723575711250305,0.15506359934806824,0.009007645770907402,2.43900475100995e-05,0.1072683185338974,499999,-5.2690253257751465,-14.483206748962402
0.0,0.0,54.799999999999024,0.0,225.15621415042517,0.3704150525856348,1.0,784.7935059883166,0.41691542288557215,0,757.8691975902087,0.0,27.629754747073004,0.0,0.0,,,,,,,,,,,,,,,,,,,,,,,,,,,,,,,,,,,,,,,,,0.009009406901896,2.4347064863200002e-05,0.1353759616613388,500440,0.744094729423523,-14.783819198608398
0.0,0.0,53.549999999999095,0.0,160.60707092520784,0.3802370294748654,0.0,1498.2378504797816,1.0,0,1204.2106723468987,0.0,34.07676179368322,1.0,0.0,,,,,,,,,,,,,,,,,,,,,,,,,,,,,,,,,,,,,,,,,0.009011147543787956,2.4039622761982e-05,0.10453414916992188,503606,1.1231400966644287,-15.0632963180542
0.0,0.0,52.19999999999917,0.0,92.52581360478204,0.4581814735984748,1.0,1664.4821533951908,0.8781621063500258,1,1403.4098536321283,0.0,39.13725816500224,0.0,0.0,,,,,,,,,,,,,,,,,,,,,,,,,,,,,,,,,,,,,,,,,0.00901215709745884,2.3744177311288002e-05,0.23286783695220947,506668,-0.07861582934856415,-15.035110473632812
,,,,,,,,,,,,,,,,,,,,,,22.271276473999023,0.14662159979343414,20.645214080810547,0.011063328012824059,0.27533406019210815,0.1066913902759552,0.9969770312309265,13.526155471801758,9.842708587646484,0.0076976618729531765,0.2670108675956726,11.602006912231445,0.23499640822410583,1.2268458604812622,6.484257221221924,0.08436264097690582,21.50060272216797,0.30754077434539795,0.4380822777748108,24.811859130859375,0.32028305530548096,0.5167441368103027,0.2471415251493454,9.614544868469238,0.20899993181228638,0.09659253060817719,0.32758116722106934,0.17282892763614655,29.408466339111328,21.17681312561035,7.602379322052002,0.4666094183921814,0.1500980257987976,0.009009480476379395,2.34248955200995e-05,0.11910319328308105,509999,0.3281414210796356,-16.310815811157227
0.0,0.0,55.69999999999897,0.0,54.66838616824815,0.35486235730026205,0.0,2231.8466883683577,1.0,1,1539.0380436112366,0.0,37.06195138562043,1.0,0.0,,,,,,,,,,,,,,,,,,,,,,,,,,,,,,,,,,,,,,,,,0.00900343805551529,2.3328998217591998e-05,0.1482069343328476,511004,0.00638444721698761,-16.479358673095703
,,,,,,,,,,,,,,,2749.64,520,521005,19,0.16850894689559937,27409,912.4562581700001,,,,,,,,,,,,,,,,,,,,,,,,,,,,,,,,,,,,,,,
0.0,0.0,0.0,0.0,218.47435436154325,0.1812507466710826,1.0,280.17000547330827,0.17591424968474148,0,161.13191379059242,0.0,22.716264308093645,0.0,0.0,,,,,,,,,,,,,,,,,,,,,,,,,,,,,,,,,,,,,,,,,0.009004137478768826,2.3244432336567998e-05,0.14359590411186218,511892,3.3845274448394775,-14.83746337890625
0.0,0.0,130.64999999999546,0.0,562.5735498507571,0.37558823007248554,0.0,1885.9786009732634,1.0,2,1949.6785023062723,0.0,26.16976618382405,1.0,0.0,,,,,,,,,,,,,,,,,,,,,,,,,,,,,,,,,,,,,,,,,0.009013785980641842,2.2753317755037998e-05,0.14327888190746307,517082,1.5869464874267578,-15.5498685836792
,,,,,,,,,,,,,,,,,,,,,,21.82506561279297,0.15609367191791534,21.324832916259766,0.010754087939858437,0.2909853160381317,0.11324883997440338,0.9451113939285278,13.809828758239746,10.215214729309082,0.007343770936131477,0.26649215817451477,12.012929916381836,0.2338639199733734,1.2533082962036133,5.845402240753174,0.08353552222251892,21.67643165588379,0.32585427165031433,0.43464773893356323,25.57292938232422,0.3312268853187561,0.4805973172187805,0.2483396828174591,9.952752113342285,0.21800324320793152,0.08932071924209595,0.33399683237075806,0.18356367945671082,28.44458770751953,20.552879333496094,7.341428756713867,0.4615367650985718,0.15713715553283691,0.009018140845000744,2.24796435300995e-05,0.13721168041229248,519999,2.8794069290161133,-15.546738624572754
0.0,0.0,36.300000000000075,0.0,262.3647018356768,0.31275636761719827,1.0,1340.0774979740381,0.5828193832599119,1,980.8039688475337,0.0,30.773346291698246,0.0,0.0,,,,,,,,,,,,,,,,,,,,,,,,,,,,,,,,,,,,,,,,,0.009022398851811886,2.2459258675355495e-05,0.15097899734973907,520217,1.7623921632766724,-16.249183654785156
0.0,0.0,42.39999999999973,0.0,515.1192131542941,0.33665359059983385,0.0,2363.7890794873238,1.0,1,1824.6624610510996,0.0,31.41054520375456,1.0,0.0,,,,,,,,,,,,,,,,,,,,,,,,,,,,,,,,,,,,,,,,,0.009024198167026043,2.1955575487352002e-05,0.13680556416511536,525636,-5.23406982421875,-15.517061233520508
,,,,,,,,,,,,,,,2772.26,524,535637,19,0.16790451109409332,28172,919.1966956800002,,,,,,,,,,,,,,,,,,,,,,,,,,,,,,,,,,,,,,,
0.0,0.0,1.800000000000001,0.0,100.59617757062018,0.12209355211106405,1.0,152.24860434420407,0.06643658326143227,0,57.38396949220011,0.0,23.356950775533456,0.0,0.0,,,,,,,,,,,,,,,,,,,,,,,,,,,,,,,,,,,,,,,,,0.0090235136449337,2.1912257816987492e-05,0.16737064719200134,526105,-1.8176887035369873,-15.559759140014648
0.0,0.0,51.449999999999214,0.0,303.9801591819137,0.4119377143767775,1.0,1785.7217901549302,0.9460020768431984,1,1598.3183317818966,0.0,33.1480920511658,0.0,0.0,,,,,,,,,,,,,,,,,,,,,,,,,,,,,,,,,,,,,,,,,0.009009106084704399,2.1555664665471997e-05,0.13823673129081726,529984,-0.7601258754730225,-15.840316772460938
,,,,,,,,,,,,,,,,,,,,,,21.86009407043457,0.15838705003261566,19.739118576049805,0.010863758623600006,0.290224552154541,0.1168045699596405,0.9438755512237549,13.583455085754395,10.3988037109375,0.008558165282011032,0.2684061527252197,11.427006721496582,0.24175554513931274,1.2431542873382568,6.186007976531982,0.08337917923927307,21.34409523010254,0.30065199732780457,0.4621639847755432,25.2155704498291,0.32509779930114746,0.5618810057640076,0.251603901386261,10.148327827453613,0.21791546046733856,0.09422080218791962,0.3336702585220337,0.17404791712760925,30.343090057373047,21.004438400268555,7.2442307472229,0.48005208373069763,0.15634196996688843,0.009009475819766521,2.15542915400995e-05,0.12393834441900253,529999,1.4571559429168701,-15.635414123535156
0.0,0.0,12.30000000000004,0.0,251.90200763602192,0.30510648649064076,0.0,1532.139288470149,1.0,0,1009.902470284021,0.0,33.34238845734192,1.0,0.0,,,,,,,,,,,,,,,,,,,,,,,,,,,,,,,,,,,,,,,,,0.008988034911453724,2.12538377429755e-05,0.1414726972579956,533293,-2.165468454360962,-16.05716896057129
0.0,0.0,72.999999999998,0.0,166.71089197614145,0.44371665564385515,0.0,2062.1423572013155,1.0,0,1976.7577008933747,0.0,33.337539574113976,1.0,0.0,,,,,,,,,,,,,,,,,,,,,,,,,,,,,,,,,,,,,,,,,0.00895094033330679,2.0851011212895505e-05,0.11361005157232285,537747,1.1574435234069824,-16.102222442626953
,,,,,,,,,,,,,,,2775.39,528,547748,19,0.1673809140920639,28819,941.1443626099999,,,,,,,,,,,,,,,,,,,,,,,,,,,,,,,,,,,,,,,
,,,,,,,,,,,,,,,,,,,,,,22.266611099243164,0.15480706095695496,21.268619537353516,0.010776441544294357,0.28027641773223877,0.11406015604734421,0.9660634398460388,13.692770004272461,9.966707229614258,0.008318072184920311,0.2683066129684448,12.07678508758545,0.22735995054244995,1.2145622968673706,6.037740707397461,0.08190028369426727,20.4672794342041,0.3303530812263489,0.4604947566986084,25.12562370300293,0.31790632009506226,0.5355297923088074,0.24838411808013916,10.225022315979004,0.2290228009223938,0.09378071129322052,0.32587510347366333,0.18758167326450348,29.647335052490234,20.381879806518555,7.34202241897583,0.48521679639816284,0.1527428925037384,0.008932635188102722,2.0648839550099498e-05,0.14089339971542358,539999,0.42958539724349976,-14.269817352294922
0.0,0.0,18.00000000000012,0.0,195.77093464576558,0.17673717090317656,0.0,954.8824888132513,0.43940061701189953,2,422.2251012876888,1.0,28.79831749593056,0.0,0.0,,,,,,,,,,,,,,,,,,,,,,,,,,,,,,,,,,,,,,,,,0.008935587480664253,2.0636662563387493e-05,0.13370120525360107,540135,-0.7435396313667297,-17.191097259521484
0.0,0.0,4.599999999999992,0.0,376.9490716600386,0.24128667074417548,0.0,725.3748571686447,0.44597014925373135,2,462.5465478165844,1.0,27.2601199070251,0.0,0.0,,,,,,,,,,,,,,,,,,,,,,,,,,,,,,,,,,,,,,,,,0.008924460969865322,2.0465501506799503e-05,0.15538829565048218,542051,-0.34743452072143555,-15.83403491973877
0.0,0.0,96.44999999999666,0.0,200.71901393056197,0.4392502595001641,0.0,1521.0341140325181,1.0,2,1615.5624544416037,0.0,29.789405246426952,1.0,0.0,,,,,,,,,,,,,,,,,,,,,,,,,,,,,,,,,,,,,,,,,0.008940429426729679,2.0139072193407998e-05,0.14168396592140198,545728,0.20898064970970154,-15.417482376098633
0.0,0.0,9.600000000000001,0.0,275.91814314611844,0.19617800776765396,1.0,698.4567456478253,0.3518963034085454,1,374.5038168284514,0.0,26.36681678559535,0.0,0.0,,,,,,,,,,,,,,,,,,,,,,,,,,,,,,,,,,,,,,,,,0.008949792012572289,1.9970747895352e-05,0.13228324055671692,547636,1.6334052085876465,-15.663060188293457
,,,,,,,,,,,,,,,2770.55,532,557637,18,0.16695627570152283,29359,940.3920684500001,,,,,,,,,,,,,,,,,,,,,,,,,,,,,,,,,,,,,,,
0.0,0.0,32.00000000000032,0.0,127.14151578543206,0.3803361839283343,1.0,374.02715862495825,0.23103448275862068,0,443.85232664436614,0.0,23.093203820935997,0.0,0.0,,,,,,,,,,,,,,,,,,,,,,,,,,,,,,,,,,,,,,,,,0.008949510753154755,1.9868239682798e-05,0.1417509913444519,548802,1.3157141208648682,-14.983936309814453
,,,,,,,,,,,,,,,,,,,,,,22.054397583007812,0.15265807509422302,20.6077880859375,0.010910343378782272,0.28794407844543457,0.11152052879333496,0.9635294675827026,13.973511695861816,10.051247596740723,0.0090327188372612,0.27416783571243286,12.29192066192627,0.22514955699443817,1.1635692119598389,6.590211391448975,0.08885136991739273,20.966670989990234,0.3129905164241791,0.43889328837394714,25.429319381713867,0.3184412121772766,0.594728410243988,0.24972876906394958,9.848756790161133,0.23224163055419922,0.10009194910526276,0.31901323795318604,0.1866893619298935,28.897422790527344,19.88372230529785,7.846765995025635,0.47715306282043457,0.1582264006137848,0.008957690559327602,1.9763287560099495e-05,0.21214061975479126,549999,0.6398035287857056,-15.834227561950684
0.0,0.0,115.79999999999556,0.0,238.15064573242108,0.47084853344828725,1.0,1044.1212653527036,0.5211726384364821,1,1512.836337969347,0.0,23.407957248938025,0.0,0.0,,,,,,,,,,,,,,,,,,,,,,,,,,,,,,,,,,,,,,,,,0.0089578777551651,1.9587257751501997e-05,0.14322057366371155,552014,0.9300816655158997,-15.540334701538086
0.0,0.0,0.0,0.0,188.53861710894233,0.20653678797973174,1.0,285.05782350711524,0.16040232927474854,1,157.79410601651506,0.0,26.889431610766252,0.0,0.0,,,,,,,,,,,,,,,,,,,,,,,,,,,,,,,,,,,,,,,,,0.008972062729299068,1.9520813197035503e-05,0.1095072403550148,552777,-0.4110550284385681,-14.855711936950684
0.0,0.0,41.1999999999998,0.0,302.7653741208408,0.32520807022361986,1.0,690.9505850831047,0.3812301166489926,1,615.2936688630888,0.0,26.30886166430121,0.0,0.0,,,,,,,,,,,,,,,,,,,,,,,,,,,,,,,,,,,,,,,,,0.008985424414277077,1.9356638047288004e-05,0.1201963722705841,554668,-1.6736927032470703,-15.502140045166016
,,,,,,,,,,,,,,,2751.36,536,564669,18,0.16665123403072357,29745,936.3725288999999,,,,,,,,,,,,,,,,,,,,,,,,,,,,,,,,,,,,,,,
0.0,0.0,71.0999999999981,0.0,60.94511739131236,0.30208999967997224,1.0,708.5367282740772,0.4320188346085933,1,579.4086193861867,0.0,26.608017877550232,0.0,0.0,,,,,,,,,,,,,,,,,,,,,,,,,,,,,,,,,,,,,,,,,0.008985972963273525,1.9190931941387496e-05,0.11399462074041367,556585,1.1323843002319336,-14.847835540771484
,,,,,,,,,,,,,,,,,,,,,,21.109790802001953,0.14381666481494904,21.16888999938965,0.010282889008522034,0.2994777262210846,0.11205229163169861,0.8985776305198669,13.387290954589844,9.60031795501709,0.007878188043832779,0.26393479108810425,11.569051742553711,0.24334841966629028,1.3259717226028442,6.263106346130371,0.08442247658967972,20.769258499145508,0.3171185851097107,0.45096224546432495,26.170076370239258,0.31113195419311523,0.5258994698524475,0.24157024919986725,9.791769981384277,0.21973103284835815,0.0938238799571991,0.3499700725078583,0.1733091026544571,30.103471755981445,21.26517677307129,7.377318859100342,0.48233070969581604,0.15319769084453583,0.00901066605001688,1.88976355700995e-05,0.1404489427804947,559999,-0.5743700265884399,-15.09494686126709
0.0,0.0,62.54999999999858,0.0,380.7309878746498,0.43788806700332,0.0,1559.8194974213839,1.0,2,1506.3349504914208,0.0,32.66016317737033,1.0,0.0,,,,,,,,,,,,,,,,,,,,,,,,,,,,,,,,,,,,,,,,,0.009010073728859425,1.8895496377312e-05,0.15472589433193207,560024,-4.436578750610352,-15.908361434936523
0.0,0.0,10.95000000000002,0.0,391.442329034741,0.44368709675446094,0.0,1860.5805354975164,1.0,4,1574.2018192848275,0.0,37.7700709475031,1.0,0.0,,,,,,,,,,,,,,,,,,,,,,,,,,,,,,,,,,,,,,,,,0.008981085382401943,1.8593248358079494e-05,0.15761129558086395,563571,1.4529677629470825,-16.48581314086914
0.0,0.0,44.79999999999959,0.0,286.32993600297686,0.4071033585712724,0.0,2124.449781646952,1.0,2,1700.4707287522049,0.0,36.632995806344354,1.0,0.0,,,,,,,,,,,,,,,,,,,,,,,,,,,,,,,,,,,,,,,,,0.00895655807107687,1.8240610802895497e-05,0.1930961012840271,567747,0.6017221212387085,-16.35401725769043
,,,,,,,,,,,,,,,2803.54,540,577748,18,0.1660977154970169,30451,964.3614207699998,,,,,,,,,,,,,,,,,,,,,,,,,,,,,,,,,,,,,,,
,,,,,,,,,,,,,,,,,,,,,,21.482101440429688,0.15911972522735596,20.970687866210938,0.010503866709768772,0.29518574476242065,0.11739251762628555,0.9187185764312744,13.569336891174316,10.295319557189941,0.008272232487797737,0.2661170959472656,12.2933931350708,0.23861654102802277,1.2635706663131714,6.448851585388184,0.08086928725242615,20.802223205566406,0.32411330938339233,0.4428676962852478,25.818361282348633,0.32150959968566895,0.5352276563644409,0.24560853838920593,10.26771354675293,0.2322910726070404,0.09967048466205597,0.3362577557563782,0.19000102579593658,28.654300689697266,20.870548248291016,7.073215484619141,0.47399210929870605,0.15514054894447327,0.008958719670772552,1.8051883580099495e-05,0.1410139501094818,569999,1.3004629611968994,-16.477813720703125
0.0,0.0,35.15000000000014,0.0,434.7225462345109,0.3849550281726076,0.0,1857.0636852737516,1.0,3,1556.7581339300252,0.0,33.07493248249521,1.0,0.0,,,,,,,,,,,,,,,,,,,,,,,,,,,,,,,,,,,,,,,,,0.008958143182098866,1.7902510607949998e-05,0.13785044848918915,571790,-0.03647693991661072,-16.247203826904297
0.0,0.0,116.8499999999955,0.0,268.4453868998829,0.5052788535581357,0.0,2194.7707101022825,1.0,2,2491.5300268951673,0.0,32.05649359476706,1.0,0.0,,,,,,,,,,,,,,,,,,,,,,,,,,,,,,,,,,,,,,,,,0.008947188965976238,1.7494635660799997e-05,0.12899938225746155,576720,0.8719274997711182,-16.85926055908203
,,,,,,,,,,,,,,,,,,,,,,21.020912170410156,0.16979944705963135,21.30585479736328,0.011180238798260689,0.2812257707118988,0.12212797999382019,0.9790621995925903,14.210874557495117,10.822604179382324,0.007364326622337103,0.25840985774993896,11.382917404174805,0.23874202370643616,1.2181192636489868,7.075891017913818,0.08633381873369217,20.736181259155273,0.33427467942237854,0.44255170226097107,24.627161026000977,0.32533687353134155,0.4693842828273773,0.24004481732845306,10.694842338562012,0.22692063450813293,0.11101602017879486,0.3147740364074707,0.17859038710594177,28.207168579101562,20.90682601928711,7.560319423675537,0.4727383852005005,0.16227872669696808,0.008931524120271206,1.7226031590099495e-05,0.12191514670848846,579999,-0.9829912781715393,-16.807716369628906
0.0,0.0,76.69999999999779,0.0,433.08846878202854,0.41896448673580916,0.0,2128.9025105740875,1.0,3,2030.7208672084669,0.0,31.63697406649748,1.0,0.0,,,,,,,,,,,,,,,,,,,,,,,,,,,,,,,,,,,,,,,,,0.008914521895349026,1.7098424069421995e-05,0.1293218731880188,581566,2.393772840499878,-15.320206642150879
0.0,0.0,60.19999999999872,0.0,403.0430405007927,0.36328722319021695,0.0,1310.5438474155962,0.680893300248139,2,1137.8155830317594,1.0,30.137265757248652,0.0,0.0,,,,,,,,,,,,,,,,,,,,,,,,,,,,,,,,,,,,,,,,,0.008876943029463291,1.6844916919995497e-05,0.14400941133499146,584697,1.5138838291168213,-15.542381286621094
,,,,,,,,,,,,,,,2875.1,544,594698,18,0.1654844731092453,31382,999.8574248899998,,,,,,,,,,,,,,,,,,,,,,,,,,,,,,,,,,,,,,,
0.0,0.0,0.0,0.0,140.5313200279167,0.26015542154538684,1.0,204.06836474966258,0.08247422680412371,1,119.93164933242335,0.0,31.916317969353177,0.0,0.0,,,,,,,,,,,,,,,,,,,,,,,,,,,,,,,,,,,,,,,,,0.00887230597436428,1.6807836537575495e-05,0.12687093019485474,585157,1.019222617149353,-14.467330932617188
,,,,,,,,,,,,,,,,,,,,,,21.065927505493164,0.16162702441215515,21.781124114990234,0.01102357916533947,0.29193347692489624,0.12372808158397675,0.9510765671730042,13.771166801452637,10.250215530395508,0.00849742442369461,0.26894256472587585,11.504867553710938,0.24169673025608063,1.2217776775360107,6.8165364265441895,0.08689744025468826,20.0211238861084,0.3434482216835022,0.45865219831466675,25.18701934814453,0.31569623947143555,0.538897693157196,0.24416741728782654,10.674835205078125,0.2306060642004013,0.10748422145843506,0.32858800888061523,0.18141058087348938,29.087238311767578,20.852766036987305,7.497213363647461,0.48857200145721436,0.15961652994155884,0.00882750190794468,1.6420079600099504e-05,0.14439085125923157,589999,0.45510363578796387,-15.885035514831543
0.0,0.0,0.0,0.0,940.0136857482346,0.14800065805243406,0.0,1646.8212039233185,1.0,1,746.3673185584249,0.0,23.52132176799832,1.0,0.0,,,,,,,,,,,,,,,,,,,,,,,,,,,,,,,,,,,,,,,,,0.00882954802364111,1.6404163540299495e-05,0.13728752732276917,590199,-2.9112234115600586,-16.548376083374023
0.0,0.0,3.899999999999994,0.0,55.22129365422593,0.0633550939532029,1.0,371.9246735498309,0.17066666666666666,0,52.774793263018026,0.0,32.189649452174656,0.0,0.0,,,,,,,,,,,,,,,,,,,,,,,,,,,,,,,,,,,,,,,,,0.00883284118026495,1.63380381646195e-05,0.13081753253936768,591031,0.44382327795028687,-16.3612060546875
0.0,0.0,0.39999999999999997,0.0,31.181470204424382,0.060883179253388424,1.0,61.25550259556621,0.02723558783477077,0,10.898089086356528,0.0,24.714689445269713,0.0,0.0,,,,,,,,,,,,,,,,,,,,,,,,,,,,,,,,,,,,,,,,,0.008830196224153042,1.6323909037259498e-05,0.21046651899814606,591209,2.0699524879455566,-15.713638305664062
,,,,,,,,,,,,,,,2872.26,548,601210,18,0.1652558147907257,31727,987.3988131300002,,,,,,,,,,,,,,,,,,,,,,,,,,,,,,,,,,,,,,,
0.0,0.0,51.29999999999922,0.0,356.0624087741056,0.4393439074189683,0.0,1664.0997605526354,1.0,2,1539.0217076886458,0.0,34.214931828833215,1.0,0.0,,,,,,,,,,,,,,,,,,,,,,,,,,,,,,,,,,,,,,,,,0.00881252996623516,1.6047212655339502e-05,0.21100425720214844,594711,0.7352074980735779,-15.381643295288086
0.0,0.0,0.0,0.0,82.08322042063715,0.18032331093096748,1.0,78.46817954815924,0.048327137546468404,0,36.42530880805543,0.0,28.049265967277282,0.0,0.0,,,,,,,,,,,,,,,,,,,,,,,,,,,,,,,,,,,,,,,,,0.00881058070808649,1.6031405510528e-05,0.14945633709430695,594912,0.4173818826675415,-15.013896942138672
0.0,0.0,1.4500000000000006,0.0,140.62925740144067,0.23443244735185897,0.0,179.5882315421477,0.09410548086866598,0,115.34076409711462,1.0,26.323783474906836,0.0,0.0,,,,,,,,,,,,,,,,,,,,,,,,,,,,,,,,,,,,,,,,,0.008806774392724037,1.5992825844695498e-05,0.22708642482757568,595403,0.3933250308036804,-16.21027374267578
0.0,0.0,12.050000000000036,0.0,189.02355627457152,0.4290116473204947,1.0,1453.946387020871,0.7233835683033544,0,1149.3222031716052,0.0,39.08849902901318,0.0,0.0,,,,,,,,,,,,,,,,,,,,,,,,,,,,,,,,,,,,,,,,,0.00877915695309639,1.57832500048195e-05,0.1286635398864746,598081,-1.7927924394607544,-16.28830337524414
,,,,,,,,,,,,,,,2764.97,552,608082,18,0.1650344580411911,32096,961.4847799300001,,,,,,,,,,,,,,,,,,,,,,,,,,,,,,,,,,,,,,,
0.0,0.0,0.0,0.0,98.05895642156001,0.10427655191351407,1.0,101.76329370494932,0.06431273644388398,0,35.766857306335325,0.0,21.388332319138282,0.0,0.0,,,,,,,,,,,,,,,,,,,,,,,,,,,,,,,,,,,,,,,,,0.008776012808084488,1.5756588419435494e-05,0.19291755557060242,598423,2.1196506023406982,-14.72828197479248
,,,,,,,,,,,,,,,,,,,,,,22.369171142578125,0.16086682677268982,20.551137924194336,0.010746922343969345,0.2787512540817261,0.12037421017885208,0.9260672330856323,13.51353931427002,10.338147163391113,0.008465534076094627,0.2769410014152527,12.028411865234375,0.25024786591529846,1.2056612968444824,6.634805202484131,0.0839548110961914,21.364988327026367,0.3197861611843109,0.44407302141189575,24.020124435424805,0.33245009183883667,0.5440396666526794,0.25959211587905884,10.372700691223145,0.22965380549430847,0.1032409518957138,0.33389705419540405,0.18716822564601898,28.538463592529297,21.56397247314453,7.234424591064453,0.47592997550964355,0.15682333707809448,0.00875650905072689,1.5634027610099502e-05,0.16200008988380432,599999,-0.32156747579574585,-15.597162246704102
0.0,0.0,53.94999999999907,0.0,411.59480486764136,0.34438270285620964,1.0,1690.689485614188,0.9246073298429319,1,1265.2620502937143,0.0,33.14396297816129,0.0,0.0,,,,,,,,,,,,,,,,,,,,,,,,,,,,,,,,,,,,,,,,,0.008740781806409359,1.5471716564992e-05,0.20112398266792297,602096,0.17871928215026855,-14.662956237792969
