terminal/off_track,custom/routes_completed,custom/blocked_time,terminal/too_fast,custom/avg_speed,custom/overtake_reward,custom/overtakes,terminal/collision_vehicle,terminal/solid_line,terminal/collision_other,custom/total_distance,terminal/route_done,custom/mean_reward,terminal/stopped,custom/total_reward,attention/steer/prev_action,attention/throttle/prev_action,attention/steer/waypoints,attention/steer_sensors_vs_route,attention/throttle/sensors,attention/throttle_share/speed,attention/throttle_share/maneuver,attention/steer_share/waypoints,attention/throttle/waypoints,attention/steer_share/next_angle,attention/steer/sensors,attention/steer_share/lidar,attention/steer/maneuver,attention/throttle/next_angle,attention/steer_share/prev_action,attention/throttle/route,attention/throttle_share/prev_action,attention/throttle_share/waypoints,attention/throttle/cam,attention/throttle_share/next_angle,attention/steer/lidar,attention/steer/speed,attention/steer/next_angle,attention/steer/cam,attention/throttle_share/lidar,attention/steer_share/maneuver,attention/throttle/lidar,attention/steer/route,attention/steer_share/cam,attention/throttle/speed,attention/throttle/maneuver,attention/steer_share/speed,attention/throttle_share/cam,time/episodes,time/fps,rollout/ep_rew_mean,train/std,rollout/ep_len_mean,time/time_elapsed,time/total_timesteps,train/ent_coef_loss,train/critic_loss,train/learning_rate,train/actor_loss,train/n_updates,train/ent_coef
0.0,0.9664921465968587,25.550000000000228,0.0,41.8346468474701,376.4295240781572,5,1.0,0.0,0.0,1808.2377154510468,0.0,0.39235104199252346,0.0,1221.3887937227255,,,,,,,,,,,,,,,,,,,,,,,,,,,,,,,,,,,,,,,,,,,,,,
,,,,,,,,,,,,,,,0.30717307329177856,0.20853540301322937,0.39466357231140137,1.1277951002120972,0.44404059648513794,23.568065643310547,8.047453880310059,22.590673446655273,0.12229431420564651,1.0344624519348145,0.45072415471076965,19.083572387695312,0.12222818285226822,0.01586509495973587,17.582687377929688,0.198029026389122,13.173738479614258,7.725658416748047,0.4313034415245056,1.0022404193878174,0.33339381217956543,0.16808009147644043,0.01807226613163948,0.40340912342071533,19.236249923706055,6.9963812828063965,0.3045027256011963,0.3996507525444031,23.091270446777344,0.3730737864971161,0.12738820910453796,9.620960235595703,27.24658966064453,,,,,,,,,,,,,
0.0,0.30245670559806687,32.3000000000003,0.0,37.46785034752583,160.2118725417669,2,1.0,0.0,0.0,715.1075458712876,0.0,0.3657525663364885,0.0,502.9097787126717,,,,,,,,,,,,,,,,,,,,,,,,,,,,,,,,,,,,,,,,,,,,,,
0.0,0.05227369315767106,2.1500000000000004,0.0,31.383599685402956,51.17617146788949,1,1.0,0.0,0.0,122.62861731159501,0.0,0.012603040317381685,0.0,3.554057369501635,,,,,,,,,,,,,,,,,,,,,,,,,,,,,,,,,,,,,,,,,,,,,,
,,,,,,,,,,,,,,,,,,,,,,,,,,,,,,,,,,,,,,,,,,,,,,,,692,28,264.64204955,0.1468031257390976,1002.39,170,401498,,,,,,
0.0,0.10444563470808785,4.3499999999999925,0.0,41.89212997156438,55.1751878793563,1,1.0,0.0,0.0,194.07639951445162,0.0,0.18510796074405272,0.0,61.826058888513614,,,,,,,,,,,,,,,,,,,,,,,,,,,,,,,,,,,,,,,,,,,,,,
0.0,0.9643574297188755,3.099999999999997,0.0,44.30284452648823,214.74827280466334,3,1.0,0.0,0.0,1875.4162516891956,0.0,0.35359655305317594,0.0,1078.1158902591335,,,,,,,,,,,,,,,,,,,,,,,,,,,,,,,,,,,,,,,,,,,,,,
0.0,0.06815259322760395,4.099999999999993,0.0,32.405490875550825,37.86650655233621,0,1.0,0.0,0.0,134.73875466827303,0.0,0.10056288121209038,0.0,30.168864363627115,,,,,,,,,,,,,,,,,,,,,,,,,,,,,,,,,,,,,,,,,,,,,,
1.0,0.5741029641185648,47.24999999999945,0.0,38.18434709046032,257.89313961908965,3,0.0,0.0,0.0,1092.9939340380952,0.0,0.3861217591816756,0.0,796.1830674326151,,,,,,,,,,,,,,,,,,,,,,,,,,,,,,,,,,,,,,,,,-0.05794151499867439,0.40524303913116455,9.919443591745704e-05,-14.245830535888672,377237,0.009497901424765587
,,,,,,,,,,,,,,,,,,,,,,,,,,,,,,,,,,,,,,,,,,,,,,,,696,27,269.19120179,0.1467042863368988,992.08,377,407239,,,,,,
0.0,0.25831533477321816,20.500000000000156,0.0,38.18463633283526,6.385486002679005,0,1.0,0.0,0.0,570.7585928756744,0.0,0.1719661070520926,0.0,185.2074972951037,,,,,,,,,,,,,,,,,,,,,,,,,,,,,,,,,,,,,,,,,0.0035233721137046814,0.14697116613388062,9.919231180144303e-05,-15.259496688842773,378313,0.009049341082572937
0.0,0.2602805999032414,3.149999999999997,0.0,40.97064555810708,297.4007346977626,2,1.0,0.0,0.0,516.1516982754692,0.0,0.36586121011640627,0.0,332.2019787856969,,,,,,,,,,,,,,,,,,,,,,,,,,,,,,,,,,,,,,,,,-6.813929080963135,0.14170391857624054,9.919052132363577e-05,-16.104434967041016,379220,0.00890218187123537
0.0,0.08408249603384453,0.8000000000000002,0.0,37.15477396083221,17.79122553397712,0,1.0,0.0,0.0,143.65106512513012,0.0,-0.07244946659972867,0.0,-20.2134011813243,,,,,,,,,,,,,,,,,,,,,,,,,,,,,,,,,,,,,,,,,0.701103925704956,0.1363600194454193,9.918997253655651e-05,-14.87136459350586,379498,0.008893207646906376
,,,,,,,,,,,,,,,0.2703094482421875,0.15677917003631592,0.3593409061431885,1.4015227556228638,0.4533626437187195,21.311777114868164,6.977171421051025,20.403539657592773,0.07254870980978012,0.7835296988487244,0.5355401635169983,20.786941528320312,0.11618563532829285,0.008178502321243286,15.34829330444336,0.1399300992488861,12.20202922821045,5.646422863006592,0.44174179434776306,0.636527955532074,0.366093248128891,0.15506070852279663,0.013799285516142845,0.4803800582885742,18.845571517944336,6.597073078155518,0.24213947355747223,0.3821130692958832,27.27619743347168,0.27382680773735046,0.08964698761701584,8.804417610168457,34.38050079345703,,,,,,,,-5.952517986297607,0.12928026914596558,9.918898551327559e-05,-15.126327514648438,379998,0.008867310360074043
0.0,0.92496765847348,39.59999999999989,0.0,41.24824279286491,305.96634214443384,5,1.0,0.0,0.0,2135.64038926363,0.0,0.3959446908790698,0.0,1476.4777522880513,,,,,,,,,,,,,,,,,,,,,,,,,,,,,,,,,,,,,,,,,0.6946486234664917,0.07655206322669983,9.918261340976755e-05,-18.207210540771484,383226,0.00883136224001646
,,,,,,,,,,,,,,,,,,,,,,,,,,,,,,,,,,,,,,,,,,,,,,,,700,24,287.50834968999993,0.14479374885559082,1037.49,670,413228,,,,,,
0.0,0.39328689043698545,0.05,0.0,44.40642855624233,51.028437870170144,0,1.0,0.0,0.0,600.9856557287276,0.0,0.28117805686547276,0.0,274.14860544383595,,,,,,,,,,,,,,,,,,,,,,,,,,,,,,,,,,,,,,,,,1.4160361289978027,0.07112344354391098,9.918069076466213e-05,-18.937532424926758,384200,0.008815883658826351
0.0,0.2038295243977764,4.049999999999994,0.0,47.06786890793955,99.190922114833,1,1.0,0.0,0.0,309.4889885876328,0.0,0.11505439522356477,0.0,54.5357833359697,,,,,,,,,,,,,,,,,,,,,,,,,,,,,,,,,,,,,,,,,1.111762523651123,0.08353005349636078,9.91797570844217e-05,-18.99029541015625,384673,0.008813319727778435
0.0,0.022524882137244632,0.0,0.0,33.66174017224526,18.998345663739453,0,1.0,0.0,0.0,42.7107272837311,0.0,-0.009673994725571743,0.0,-0.8900075147526003,,,,,,,,,,,,,,,,,,,,,,,,,,,,,,,,,,,,,,,,,1.1558327674865723,0.1270376741886139,9.917957745511466e-05,-19.212139129638672,384764,0.008814017288386822
0.0,0.35612009237875286,3.149999999999997,0.0,40.34671292504743,244.34590843464784,3,1.0,0.0,0.0,741.3945994190872,0.0,0.21355845753277705,0.0,282.75139777339683,,,,,,,,,,,,,,,,,,,,,,,,,,,,,,,,,,,,,,,,,-0.018045976758003235,0.1401349902153015,9.917696593980981e-05,-19.022411346435547,386087,0.008890473283827305
,,,,,,,,,,,,,,,,,,,,,,,,,,,,,,,,,,,,,,,,,,,,,,,,704,23,280.61510079999994,0.14432166516780853,1019.61,816,416089,,,,,,
0.0,0.3526448362720403,9.800000000000004,0.0,43.18613753250381,255.940148359471,4,1.0,0.0,0.0,541.2307578055188,0.0,0.20633483139331169,0.0,186.32035274816045,,,,,,,,,,,,,,,,,,,,,,,,,,,,,,,,,,,,,,,,,1.7000341415405273,0.10647092014551163,9.917518547072881e-05,-18.49184799194336,386989,0.009046032093465328
0.0,0.23505490036600243,8.249999999999982,0.0,44.839805266611705,104.37245097276258,0,1.0,0.0,0.0,605.6254477351904,0.0,0.35350917493105244,0.0,343.964427207914,,,,,,,,,,,,,,,,,,,,,,,,,,,,,,,,,,,,,,,,,1.4295117855072021,0.08874987810850143,9.91732668457536e-05,-17.580909729003906,387961,0.00922608096152544
0.0,0.06959088991986503,0.0,0.0,39.746650468543535,79.63362252435876,1,1.0,0.0,0.0,170.80322187952697,0.0,0.3874107816622371,0.0,120.0973423152935,,,,,,,,,,,,,,,,,,,,,,,,,,,,,,,,,,,,,,,,,1.8400170803070068,0.10363050550222397,9.917265691641272e-05,-17.052522659301758,388270,0.009287173859775066
0.0,0.1690307328605201,2.1000000000000005,0.0,41.1701589995888,159.8622720168307,1,1.0,0.0,0.0,310.15363863296807,0.0,0.355813554387249,0.0,193.2067600322762,,,,,,,,,,,,,,,,,,,,,,,,,,,,,,,,,,,,,,,,,-1.673913598060608,0.13194280862808228,9.917158707726768e-05,-16.368274688720703,388812,0.009388326667249203
,,,,,,,,,,,,,,,,,,,,,,,,,,,,,,,,,,,,,,,,,,,,,,,,708,23,264.27872501999997,0.14394636452198029,957.73,949,418814,,,,,,
,,,,,,,,,,,,,,,0.26664867997169495,0.15688076615333557,0.3667486310005188,1.3708118200302124,0.4178079664707184,23.901779174804688,6.061417579650879,20.92388153076172,0.08042781800031662,0.8088016510009766,0.5441879034042358,20.13788414001465,0.10240671783685684,0.007186181377619505,15.212942123413086,0.13297370076179504,12.572577476501465,6.445563316345215,0.4045535922050476,0.5759075880050659,0.3529718220233917,0.16298362612724304,0.014176474884152412,0.4868391454219818,18.021442413330078,5.842547416687012,0.22487176954746246,0.39698222279548645,27.775333404541016,0.29824668169021606,0.0756344422698021,9.298604011535645,32.42131805419922,,,,,,,,1.6644282341003418,0.1743646264076233,9.916924608416627e-05,-17.370630264282227,389998,0.00955960899591446
0.0,1.0,29.050000000000278,0.0,41.26263952216635,512.8905671700438,5,0.0,0.0,0.0,2192.542532735504,1.0,0.297269815414115,0.0,1137.9488534052323,,,,,,,,,,,,,,,,,,,,,,,,,,,,,,,,,,,,,,,,,2.3402137756347656,0.09926549345254898,9.916403323049797e-05,-18.805156707763672,392639,0.009874983690679073
0.0,0.020361990950226245,0.0,0.0,30.24163408187768,30.871235965353335,0,1.0,0.0,0.0,35.455533649772406,0.0,-0.1277321233998951,0.0,-10.857230488991082,,,,,,,,,,,,,,,,,,,,,,,,,,,,,,,,,,,,,,,,,0.012621670961380005,0.12287811934947968,9.916386743203505e-05,-17.692245483398438,392723,0.009884127415716648
0.0,0.06090712742980561,0.0,0.0,34.06419225545666,0.0,0,1.0,0.0,0.0,118.42339966259897,0.0,-0.20875364655563672,0.0,-52.397165285464816,,,,,,,,,,,,,,,,,,,,,,,,,,,,,,,,,,,,,,,,,1.120326280593872,0.12044224143028259,9.916337398505301e-05,-18.47979736328125,392973,0.00988880917429924
0.0,0.06526038233355307,0.0,0.0,38.56241977542432,27.65306103647857,0,1.0,0.0,0.0,98.23081704601645,0.0,0.2407279277189245,0.0,44.29393870028211,,,,,,,,,,,,,,,,,,,,,,,,,,,,,,,,,,,,,,,,,-1.3656710386276245,0.34532850980758667,9.916301278264438e-05,-18.094322204589844,393156,0.009924259968101978
,,,,,,,,,,,,,,,,,,,,,,,,,,,,,,,,,,,,,,,,,,,,,,,,712,22,265.79396335999996,0.14358533918857574,968.59,1165,423158,,,,,,
0.0,0.10203180212014135,1.0500000000000003,0.0,40.66748441992625,0.0,0,1.0,0.0,0.0,229.13698900677264,0.0,0.04822624257775295,0.0,19.579854486567697,,,,,,,,,,,,,,,,,,,,,,,,,,,,,,,,,,,,,,,,,0.7193259000778198,0.10650894045829773,9.916221340261543e-05,-18.225934982299805,393561,0.009964016266167164
0.0,0.04410838059231254,4.399999999999992,0.0,31.6142511401507,0.0,0,1.0,0.0,0.0,69.01315251894994,0.0,-0.6235581955916759,0.0,-98.52219490348479,,,,,,,,,,,,,,,,,,,,,,,,,,,,,,,,,,,,,,,,,-0.8833715915679932,0.1593930423259735,9.91619035203641e-05,-17.36267852783203,393718,0.009993036277592182
0.0,0.3011265164644714,1.3500000000000005,0.0,42.29196367711898,229.31540394125633,2,1.0,0.0,0.0,664.3086169650778,0.0,0.24223413892812865,0.0,274.2090452666416,,,,,,,,,,,,,,,,,,,,,,,,,,,,,,,,,,,,,,,,,-0.013052314519882202,0.10542069375514984,9.915967119827123e-05,-17.769062042236328,394849,0.010099083185195923
1.0,0.11686143572621036,20.15000000000015,0.0,28.911781815882243,0.0,0,0.0,0.0,0.0,190.37722767540254,0.0,0.16817903934205422,0.0,79.88504368747576,,,,,,,,,,,,,,,,,,,,,,,,,,,,,,,,,,,,,,,,,-4.074338912963867,0.13089308142662048,9.915873564373697e-05,-17.165225982666016,395323,0.01013000775128603
,,,,,,,,,,,,,,,,,,,,,,,,,,,,,,,,,,,,,,,,,,,,,,,,716,22,255.66645382999997,0.14344680309295654,944.55,1272,425325,,,,,,
0.0,0.0763888888888889,2.3,0.0,37.656503693668036,19.717919956929695,0,1.0,0.0,0.0,119.48162408452481,0.0,0.0954557872741645,0.0,21.85937528578367,,,,,,,,,,,,,,,,,,,,,,,,,,,,,,,,,,,,,,,,,0.9025542736053467,0.1388612985610962,9.91582856317435e-05,-16.644012451171875,395551,0.010153485462069511
0.0,0.09116331096196868,3.399999999999996,0.0,38.681638156253015,96.17012967449332,0,1.0,0.0,0.0,177.01592447981238,0.0,0.20895602629275337,0.0,68.95548867660861,,,,,,,,,,,,,,,,,,,,,,,,,,,,,,,,,,,,,,,,,0.05753028392791748,0.1518784910440445,9.91576362741409e-05,-17.468982696533203,395880,0.010156430304050446
0.0,0.2688679245283019,1.4000000000000006,0.0,43.84753559964795,73.57483123420336,0,1.0,0.0,0.0,600.0664673447609,0.0,0.3936601473116094,0.0,388.14890524924687,,,,,,,,,,,,,,,,,,,,,,,,,,,,,,,,,,,,,,,,,-1.891066551208496,0.1509835571050644,9.915569216157229e-05,-17.337120056152344,396865,0.01027792040258646
0.0,0.015031315240083507,0.0,0.0,28.451045541035324,25.129477646461773,0,1.0,0.0,0.0,34.839016621001065,0.0,-0.21098749329990996,0.0,-18.777886903691986,,,,,,,,,,,,,,,,,,,,,,,,,,,,,,,,,,,,,,,,,-1.7302465438842773,0.16110529005527496,9.915551847529015e-05,-16.090465545654297,396953,0.010274440981447697
,,,,,,,,,,,,,,,,,,,,,,,,,,,,,,,,,,,,,,,,,,,,,,,,720,22,254.57551569999995,0.14318270981311798,926.24,1351,426955,,,,,,
0.0,0.0902179422199696,2.499999999999999,0.0,36.20647279541061,60.742869710757184,1,1.0,0.0,0.0,176.00361742079258,0.0,0.031114967988010177,0.0,10.921353763791572,,,,,,,,,,,,,,,,,,,,,,,,,,,,,,,,,,,,,,,,,-4.244757652282715,0.17067667841911316,9.915482767909038e-05,-16.958545684814453,397303,0.010314615443348885
0.0,0.06938325991189427,0.0,0.0,40.30659388162425,143.91125126668737,1,1.0,0.0,0.0,137.36279829312116,0.0,0.3438474330198786,0.0,84.58646852289013,,,,,,,,,,,,,,,,,,,,,,,,,,,,,,,,,,,,,,,,,0.6153071522712708,0.16253837943077087,9.915434412318956e-05,-17.120136260986328,397548,0.010331839323043823
0.0,0.0216998191681736,0.0,0.0,30.23683941173653,27.892151380421023,0,1.0,0.0,0.0,35.358356717042625,0.0,-0.1532908256172058,0.0,-13.029720177462494,,,,,,,,,,,,,,,,,,,,,,,,,,,,,,,,,,,,,,,,,0.05067336559295654,0.13184356689453125,9.915417833286781e-05,-16.912612915039062,397632,0.010339364409446716
0.0,0.062198649951783994,0.49999999999999994,0.0,33.32852209094401,74.51266329717112,0,1.0,0.0,0.0,130.64811139460653,0.0,0.14916895326270313,0.0,42.214813773344986,,,,,,,,,,,,,,,,,,,,,,,,,,,,,,,,,,,,,,,,,-2.0727710723876953,0.1874060183763504,9.91536217520922e-05,-16.548635482788086,397914,0.01040396373718977
,,,,,,,,,,,,,,,,,,,,,,,,,,,,,,,,,,,,,,,,,,,,,,,,724,22,248.29068338000002,0.14305280148983002,899.09,1397,427916,,,,,,
,,,,,,,,,,,,,,,0.2570817768573761,0.1573576033115387,0.34544724225997925,1.4819523096084595,0.4307311475276947,23.624277114868164,7.082743167877197,19.522964477539062,0.08101722598075867,0.9262975454330444,0.5586904287338257,20.557846069335938,0.1037759780883789,0.0074070533737540245,14.528986930847168,0.14906632900238037,12.228960990905762,6.296209812164307,0.4128866195678711,0.5756351351737976,0.3637588322162628,0.18609938025474548,0.016390284523367882,0.4968869686126709,18.104917526245117,5.864903450012207,0.23296716809272766,0.3769962191581726,28.081586837768555,0.30398818850517273,0.09113803505897522,10.517413139343262,32.087257385253906,,,,,,,,0.6402279138565063,0.11178113520145416,9.914950862936056e-05,-16.89617347717285,399998,0.010635263286530972
0.0,1.0,94.29999999999679,0.0,34.16844082417344,329.4115803716258,5,0.0,0.0,0.0,1691.7817001929507,1.0,0.32759795197376235,0.0,1168.5418946904103,,,,,,,,,,,,,,,,,,,,,,,,,,,,,,,,,,,,,,,,,2.126458168029785,0.14022982120513916,9.91465837065353e-05,-16.710918426513672,401480,0.010739007033407688
0.0,0.3372524752475248,3.1999999999999966,0.0,42.2246598985742,88.67019889040478,1,1.0,0.0,0.0,547.4532106234692,0.0,0.25031483517123604,0.0,233.79405604993445,,,,,,,,,,,,,,,,,,,,,,,,,,,,,,,,,,,,,,,,,0.4876044988632202,0.12307827174663544,9.914474232999504e-05,-17.865097045898438,402413,0.010795612819492817
0.0,0.10719131614654002,3.099999999999997,0.0,39.269568852430716,68.75784742573008,0,1.0,0.0,0.0,238.53936838149093,0.0,0.23075346160799812,0.0,101.07001618430317,,,,,,,,,,,,,,,,,,,,,,,,,,,,,,,,,,,,,,,,,1.7474013566970825,0.152751162648201,9.914387986907964e-05,-15.87454605102539,402850,0.010840759612619877
0.0,0.021157167530224525,0.0,0.0,34.49841823612518,43.71945915447216,0,1.0,0.0,0.0,49.505348711274564,0.0,0.013975219729593001,0.0,1.4534228518776722,,,,,,,,,,,,,,,,,,,,,,,,,,,,,,,,,,,,,,,,,-1.260983943939209,0.1334412544965744,9.914367658936716e-05,-16.017038345336914,402953,0.010840190574526787
,,,,,,,,,,,,,,,,,,,,,,,,,,,,,,,,,,,,,,,,,,,,,,,,728,22,251.63431020999997,0.1424948126077652,908.75,1635,432955,,,,,,
0.0,0.41830896376350923,18.450000000000127,0.0,39.976050645152256,125.86865039959729,1,1.0,0.0,0.0,631.4602578999475,0.0,0.39717507176800104,0.0,451.98523167198516,,,,,,,,,,,,,,,,,,,,,,,,,,,,,,,,,,,,,,,,,2.0314929485321045,0.11880557239055634,9.914143263208985e-05,-15.675323486328125,404090,0.010871954262256622
1.0,0.018656716417910446,3.999999999999994,0.0,30.876976311321737,0.0,0,0.0,0.0,0.0,35.30046416260302,0.0,-0.30617075880139577,0.0,-25.412172980515848,,,,,,,,,,,,,,,,,,,,,,,,,,,,,,,,,,,,,,,,,-3.6607351303100586,0.1224449872970581,9.914127079974612e-05,-16.4593505859375,404172,0.010877067223191261
0.0,0.015637860082304528,1.3500000000000005,0.0,24.214727117150826,12.710473873732775,0,1.0,0.0,0.0,38.83688861015253,0.0,-0.1364029338960648,0.0,-15.822740331943518,,,,,,,,,,,,,,,,,,,,,,,,,,,,,,,,,,,,,,,,,1.0161857604980469,0.14809811115264893,9.91410438399755e-05,-16.988849639892578,404287,0.010881506837904453
0.0,0.3713355048859935,32.65000000000028,0.0,34.75280876454645,74.42891779720736,0,1.0,0.0,0.0,541.6167194917798,0.0,0.396764507486252,0.0,445.56654190706104,,,,,,,,,,,,,,,,,,,,,,,,,,,,,,,,,,,,,,,,,1.9194560050964355,0.14765462279319763,9.913882951574041e-05,-16.778606414794922,405409,0.010922873392701149
,,,,,,,,,,,,,,,,,,,,,,,,,,,,,,,,,,,,,,,,,,,,,,,,732,22,249.39375627,0.14225220680236816,881.67,1751,435411,,,,,,
0.0,0.09163591635916359,8.499999999999986,0.0,34.96430777855658,0.0,0,1.0,0.0,0.0,134.2788573168218,0.0,-0.032891314449098014,0.0,-9.110894102400149,,,,,,,,,,,,,,,,,,,,,,,,,,,,,,,,,,,,,,,,,-6.901480674743652,0.286502480506897,9.91382848194701e-05,-16.900239944458008,405685,0.01093397755175829
0.0,0.12742980561555076,7.349999999999982,0.0,40.117740755913864,109.53155218526325,1,1.0,0.0,0.0,254.28973613027483,0.0,0.16366184470721826,0.0,74.79346303119874,,,,,,,,,,,,,,,,,,,,,,,,,,,,,,,,,,,,,,,,,1.2536671161651611,0.186252161860466,9.913738488979676e-05,-16.71308135986328,406141,0.01095160935074091
0.0,0.0185361216730038,1.5000000000000007,0.0,29.471829228526776,32.990354574742426,0,1.0,0.0,0.0,38.62706662155688,0.0,-0.07070810194536527,0.0,-6.7172696848097,,,,,,,,,,,,,,,,,,,,,,,,,,,,,,,,,,,,,,,,,-0.11202201247215271,0.21439814567565918,9.913719937848851e-05,-16.751148223876953,406235,0.010954194702208042
1.0,0.03214124038026256,8.74999999999999,0.0,26.37968198590352,0.0,0,0.0,0.0,0.0,69.67325200978667,0.0,-0.2125826915963034,0.0,-40.603294094893954,,,,,,,,,,,,,,,,,,,,,,,,,,,,,,,,,,,,,,,,,0.20629259943962097,0.13863146305084229,9.913682440935554e-05,-16.92740249633789,406425,0.01096151489764452
,,,,,,,,,,,,,,,,,,,,,,,,,,,,,,,,,,,,,,,,,,,,,,,,736,22,241.03561123,0.14214392006397247,858.4,1799,436427,,,,,,
0.0,0.12660550458715597,0.9500000000000003,0.0,40.2043549865504,60.033986179714105,0,1.0,0.0,0.0,206.28343778662384,0.0,0.22852245526165874,0.0,84.55330844681373,,,,,,,,,,,,,,,,,,,,,,,,,,,,,,,,,,,,,,,,,0.9477479457855225,0.19896498322486877,9.913609618186508e-05,-16.335800170898438,406794,0.011013546027243137
0.0,0.15505754088431253,4.049999999999994,0.0,42.703819780196305,11.0254713042651,0,1.0,0.0,0.0,231.57994276098907,0.0,-0.2756471154617273,0.0,-107.77802214553539,,,,,,,,,,,,,,,,,,,,,,,,,,,,,,,,,,,,,,,,,1.7019109725952148,0.20685379207134247,9.913532651345576e-05,-16.292747497558594,407184,0.011030027642846107
0.0,0.20987084870848707,32.00000000000032,0.0,29.780253379372773,95.35392650931888,1,1.0,0.0,0.0,427.7752326633781,0.0,0.2233948442864268,0.0,231.21366383645176,,,,,,,,,,,,,,,,,,,,,,,,,,,,,,,,,,,,,,,,,1.5626881122589111,0.17342078685760498,9.91332859199517e-05,-16.52383041381836,408218,0.01106064859777689
,,,,,,,,,,,,,,,0.25097498297691345,0.14695511758327484,0.3457852005958557,1.529490351676941,0.43945106863975525,24.28187370300293,6.101961612701416,19.234535217285156,0.08408044278621674,0.9624519348144531,0.580762505531311,20.697114944458008,0.10593195259571075,0.006385458633303642,13.960652351379395,0.13850761950016022,11.532465934753418,6.598305702209473,0.4214669466018677,0.5011059641838074,0.37207847833633423,0.2001161426305771,0.017302297055721283,0.5055419206619263,17.90920066833496,5.892536163330078,0.2282121479511261,0.37970981001853943,28.121109008789062,0.30941739678382874,0.07775565981864929,11.13159465789795,33.0750846862793,,,,,,,,0.6952604055404663,0.17111557722091675,9.912977314885842e-05,-15.57999038696289,409998,0.011127637699246407
0.0,0.8453666856168277,61.89999999999862,0.0,36.21883956475436,323.8835049234078,3,1.0,0.0,0.0,1407.2616271835286,0.0,0.3744144234777589,0.0,1047.985971314247,,,,,,,,,,,,,,,,,,,,,,,,,,,,,,,,,,,,,,,,,0.23702643811702728,0.13071715831756592,9.912776418766545e-05,-17.156505584716797,411016,0.011186008341610432
,,,,,,,,,,,,,,,,,,,,,,,,,,,,,,,,,,,,,,,,,,,,,,,,740,21,251.93019204999996,0.14157485961914062,892.92,2016,441018,,,,,,
0.0,0.05970149253731343,2.1000000000000005,0.0,34.28661261714654,92.21716476923271,0,1.0,0.0,0.0,107.74478993774392,0.0,0.09033169984803031,0.0,20.50529586550288,,,,,,,,,,,,,,,,,,,,,,,,,,,,,,,,,,,,,,,,,1.2158722877502441,0.1687765270471573,9.912731819316215e-05,-15.876917839050293,411242,0.011200734414160252
0.0,0.703125,2.3499999999999996,0.0,45.77157598367313,96.26946439863273,1,1.0,0.0,0.0,1409.474547023885,0.0,0.41143336270041797,0.0,912.559198469527,,,,,,,,,,,,,,,,,,,,,,,,,,,,,,,,,,,,,,,,,-0.3692217171192169,0.13928084075450897,9.912294315895604e-05,-17.396825790405273,413459,0.011173086240887642
0.0,0.01671541997492687,0.0,0.0,32.49627642626829,0.0,0,1.0,0.0,0.0,42.207568478770554,0.0,-0.008249362105243721,0.0,-0.7754400378929098,,,,,,,,,,,,,,,,,,,,,,,,,,,,,,,,,,,,,,,,,0.29161927103996277,0.29715773463249207,9.912275963460801e-05,-16.818462371826172,413552,0.011168904602527618
0.0,0.1061503416856492,2.6999999999999984,0.0,36.43979813070112,88.04884594283841,1,1.0,0.0,0.0,232.40052442904562,0.0,0.17696839805063994,0.0,81.40546310329437,,,,,,,,,,,,,,,,,,,,,,,,,,,,,,,,,,,,,,,,,-1.0456328392028809,0.15078434348106384,9.91218538556495e-05,-16.19662857055664,414011,0.011123266071081161
,,,,,,,,,,,,,,,,,,,,,,,,,,,,,,,,,,,,,,,,,,,,,,,,744,21,244.91877099,0.1413203477859497,861.38,2160,444013,,,,,,
0.0,0.12178456591639872,0.0,0.0,42.00806130924807,201.48206843533032,1,1.0,0.0,0.0,318.21533877868205,0.0,0.3436993096864448,0.0,187.65982308879884,,,,,,,,,,,,,,,,,,,,,,,,,,,,,,,,,,,,,,,,,1.6154389381408691,0.17451846599578857,9.912077837187371e-05,-16.719587326049805,414556,0.011102753691375256
0.0,1.0,23.350000000000197,0.0,44.4843635909714,270.9338787539212,4,0.0,0.0,0.0,1579.137687271461,1.0,0.3168509804937526,0.0,810.1879571225254,,,,,,,,,,,,,,,,,,,,,,,,,,,,,,,,,,,,,,,,,0.017570286989212036,0.20697684586048126,9.911573452987657e-05,-16.364238739013672,417112,0.010959167964756489
0.0,0.8426453819840365,41.949999999999754,0.0,39.56063550644045,188.11976256465456,3,1.0,0.0,0.0,1421.4016945380718,0.0,0.347112665821835,0.0,898.3275791469089,,,,,,,,,,,,,,,,,,,,,,,,,,,,,,,,,,,,,,,,,0.935213029384613,0.1258791983127594,9.911062964586186e-05,-16.481117248535156,419699,0.01076887734234333
,,,,,,,,,,,,,,,0.2684178650379181,0.1545226126909256,0.345552921295166,1.4798874855041504,0.4141533374786377,23.975772857666016,6.052093029022217,19.539531707763672,0.07505004107952118,0.9918542504310608,0.5603556036949158,19.95325469970703,0.10846160352230072,0.006958817131817341,15.177878379821777,0.12984895706176758,12.492613792419434,6.06753396987915,0.39886030554771423,0.5625960826873779,0.35286951065063477,0.19838348031044006,0.01754075288772583,0.4772549271583557,18.602928161621094,6.133037567138672,0.2301018089056015,0.37864744663238525,26.986717224121094,0.2965591549873352,0.07485905289649963,11.217734336853027,32.246463775634766,,,,,,,,-2.2333076000213623,0.15929117798805237,9.911003964265985e-05,-16.560100555419922,419998,0.010747306048870087
0.0,0.13132250580046403,0.8500000000000002,0.0,39.782486343158375,58.06971606939335,0,1.0,0.0,0.0,278.52474687062204,0.0,0.18017308974971633,0.0,90.98741032360674,,,,,,,,,,,,,,,,,,,,,,,,,,,,,,,,,,,,,,,,,0.03088720142841339,0.16454286873340607,9.910963512643424e-05,-15.80675983428955,420203,0.010743284597992897
,,,,,,,,,,,,,,,,,,,,,,,,,,,,,,,,,,,,,,,,,,,,,,,,748,21,247.24931608000003,0.1406671702861786,864.65,2450,450205,,,,,,
0.0,0.026020408163265306,0.0,0.0,34.23439768991041,34.925271533487475,0,1.0,0.0,0.0,51.919504288583994,0.0,0.002926429121691983,0.0,0.3219072033861181,,,,,,,,,,,,,,,,,,,,,,,,,,,,,,,,,,,,,,,,,1.3249778747558594,0.2272752821445465,9.910942004253507e-05,-15.862943649291992,420312,0.010747521184384823
0.0,0.11428571428571428,2.7499999999999982,0.0,32.02509869708042,57.21957039781145,1,1.0,0.0,0.0,264.40653013344854,0.0,-0.11222412966620268,0.0,-66.7733571513906,,,,,,,,,,,,,,,,,,,,,,,,,,,,,,,,,,,,,,,,,1.129660725593567,0.16305454075336456,9.91082479380691e-05,-15.428360939025879,420906,0.010707448236644268
0.0,0.4919717405266538,1.3000000000000005,0.0,42.32461189942063,74.1215021409535,1,1.0,0.0,0.0,732.9687753329054,0.0,0.20860745845492806,0.0,260.3421081517502,,,,,,,,,,,,,,,,,,,,,,,,,,,,,,,,,,,,,,,,,1.1099469661712646,0.14534451067447662,9.910578733064886e-05,-16.68793296813965,422153,0.010681119747459888
0.0,0.20460251046025105,5.449999999999989,0.0,42.207459718176175,162.09864628728738,2,1.0,0.0,0.0,516.7636437360197,0.0,0.20580450006478074,0.0,181.5195690571366,,,,,,,,,,,,,,,,,,,,,,,,,,,,,,,,,,,,,,,,,-1.6274319887161255,0.14531858265399933,9.910404894086595e-05,-16.848766326904297,423034,0.01070298720151186
,,,,,,,,,,,,,,,,,,,,,,,,,,,,,,,,,,,,,,,,,,,,,,,,752,21,248.31889521000002,0.1402088850736618,879.28,2580,453036,,,,,,
1.0,0.5654685494223364,141.19999999999786,0.0,22.61999762857474,0.0,0,0.0,0.0,0.0,887.3732426809147,0.0,0.2822965904938888,0.0,797.7701647357297,,,,,,,,,,,,,,,,,,,,,,,,,,,,,,,,,,,,,,,,,1.2483441829681396,0.11160121858119965,9.90984747523462e-05,-17.275272369384766,425859,0.010798223316669464
0.0,0.0192131747483989,0.0,0.0,28.58896056680944,36.69053933228796,0,1.0,0.0,0.0,41.383343876339495,0.0,-0.11654164394010348,0.0,-12.236872613710865,,,,,,,,,,,,,,,,,,,,,,,,,,,,,,,,,,,,,,,,,1.178692102432251,0.1760025918483734,9.909826954628914e-05,-15.083879470825195,425963,0.010809092782437801
0.0,0.007352941176470588,0.0,0.0,20.28206242812077,2.0333269557398994,0,1.0,0.0,0.0,14.492856075055897,0.0,-0.51881540351436,0.0,-26.97840098274672,,,,,,,,,,,,,,,,,,,,,,,,,,,,,,,,,,,,,,,,,0.1276659369468689,0.14428818225860596,9.909816891647382e-05,-15.532958030700684,426014,0.010804727673530579
0.0,0.2849491162292448,1.1000000000000003,0.0,34.48686159741111,32.90323854477485,0,1.0,0.0,0.0,517.390491662547,0.0,0.0045048805886010864,0.0,4.869775916277774,,,,,,,,,,,,,,,,,,,,,,,,,,,,,,,,,,,,,,,,,1.542471170425415,0.1507163941860199,9.909603794420693e-05,-14.61607551574707,427094,0.01083367969840765
,,,,,,,,,,,,,,,,,,,,,,,,,,,,,,,,,,,,,,,,,,,,,,,,756,21,252.24249196,0.13950461149215698,897.03,2787,457096,,,,,,
0.0,0.09935304990757855,0.8000000000000002,0.0,40.10288797696274,158.6954215707424,3,1.0,0.0,0.0,206.3380333557725,0.0,0.3866571383334375,0.0,143.44979832170532,,,,,,,,,,,,,,,,,,,,,,,,,,,,,,,,,,,,,,,,,0.8771238327026367,0.1752176582813263,9.909530789418934e-05,-16.71700096130371,427464,0.010875080712139606
0.0,0.16593886462882096,7.599999999999981,0.0,33.63002029202974,149.08341469068705,3,1.0,0.0,0.0,316.2385907359421,0.0,0.19496375853444675,0.0,132.1854282863549,,,,,,,,,,,,,,,,,,,,,,,,,,,,,,,,,,,,,,,,,0.967572808265686,0.16370855271816254,9.90939721069651e-05,-15.180198669433594,428141,0.010925780050456524
0.0,0.11860325105358217,3.1999999999999966,0.0,40.970161265265055,47.42891926012719,0,1.0,0.0,0.0,214.22027924656868,0.0,0.2247820431417744,0.0,84.74283026444895,,,,,,,,,,,,,,,,,,,,,,,,,,,,,,,,,,,,,,,,,0.19755306839942932,0.16559794545173645,9.909323022609314e-05,-16.18561553955078,428517,0.010934118181467056
,,,,,,,,,,,,,,,0.2611180245876312,0.14092962443828583,0.3569992184638977,1.4513983726501465,0.42779630422592163,23.76995086669922,6.062760353088379,19.84813690185547,0.08620485663414001,0.9597077965736389,0.5650604963302612,20.377710342407227,0.10824437439441681,0.008049928583204746,14.517416954040527,0.13507696986198425,11.256750106811523,6.885610580444336,0.40897801518440247,0.642987847328186,0.3665243983268738,0.1991494596004486,0.017261818051338196,0.48935598134994507,18.714839935302734,6.018078327178955,0.23430165648460388,0.3893214464187622,27.20679473876953,0.2975894808769226,0.07590312510728836,11.072141647338867,32.66710662841797,,,,,,,,-1.5301647186279297,0.17951205372810364,9.909030811076486e-05,-15.584293365478516,429998,0.010998746380209923
1.0,0.8047891723060906,7.399999999999982,0.0,45.75241721270521,158.20143312539312,2,0.0,0.0,0.0,1514.9816104276106,0.0,0.410451338053814,0.0,978.9264412583464,,,,,,,,,,,,,,,,,,,,,,,,,,,,,,,,,,,,,,,,,1.613027811050415,0.16640302538871765,9.908852645062386e-05,-15.406610488891602,430901,0.011033720336854458
,,,,,,,,,,,,,,,,,,,,,,,,,,,,,,,,,,,,,,,,,,,,,,,,760,21,255.51925244000003,0.13907381892204285,895.66,2968,460903,,,,,,
0.0,0.7672322375397667,62.499999999998586,0.0,37.08008890991305,164.26185438708146,2,0.0,0.0,1.0,1391.8830781765282,0.0,0.3517915860646991,0.0,951.2444487189465,,,,,,,,,,,,,,,,,,,,,,,,,,,,,,,,,,,,,,,,,-0.4920077919960022,0.17197918891906738,9.908319340469214e-05,-15.533201217651367,433604,0.010935750789940357
0.0,1.0,7.049999999999983,0.0,45.61206398645162,251.68235193970668,4,0.0,0.0,0.0,1669.2261758623645,1.0,0.4569282146945251,0.0,1204.4627739347682,,,,,,,,,,,,,,,,,,,,,,,,,,,,,,,,,,,,,,,,,0.9085969924926758,0.1611946076154709,9.907799466228705e-05,-15.34124755859375,436239,0.010812165215611458
0.0,0.4123581336696091,28.100000000000264,0.0,31.79339900766903,278.0128933404399,4,1.0,0.0,0.0,622.7112954193726,0.0,0.2129068867945925,0.0,300.6245241539646,,,,,,,,,,,,,,,,,,,,,,,,,,,,,,,,,,,,,,,,,0.6354818344116211,0.3822897672653198,9.907521087593538e-05,-15.725500106811523,437650,0.010759510099887848
,,,,,,,,,,,,,,,0.2742313742637634,0.1472998559474945,0.37709400057792664,1.378844976425171,0.4249221682548523,23.38814926147461,6.469566345214844,20.669281005859375,0.0896734744310379,0.8844391703605652,0.5519007444381714,20.51409149169922,0.1101432591676712,0.006950336508452892,15.031173706054688,0.14587824046611786,11.543917655944824,7.027727127075195,0.41057121753692627,0.5446991920471191,0.3742626905441284,0.18911859393119812,0.016135863959789276,0.48343175649642944,18.849403381347656,6.037173748016357,0.2405175268650055,0.40026307106018066,26.497865676879883,0.2984316945075989,0.08255136758089066,10.365970611572266,32.176544189453125,,,,,,,,-2.338700771331787,0.16308122873306274,9.907057855317345e-05,-15.899301528930664,439998,0.010767280124127865
0.0,1.0,61.84999999999862,0.0,39.00539532474429,346.9717343415574,4,0.0,0.0,0.0,1958.0465389380697,1.0,0.4077891480884163,0.0,1474.5655594877135,,,,,,,,,,,,,,,,,,,,,,,,,,,,,,,,,,,,,,,,,-0.13759520649909973,0.16439391672611237,9.90680789591454e-05,-16.020065307617188,441265,0.010760258883237839
,,,,,,,,,,,,,,,,,,,,,,,,,,,,,,,,,,,,,,,,,,,,,,,,764,21,284.0869517699999,0.13749316334724426,965.49,3471,471267,,,,,,
0.0,0.006629270780214177,2.0500000000000007,0.0,18.66298316116909,0.0,0,1.0,0.0,0.0,12.583069919608533,0.0,-0.646027574686844,0.0,-31.655351159655357,,,,,,,,,,,,,,,,,,,,,,,,,,,,,,,,,,,,,,,,,3.1994054317474365,0.17275725305080414,9.906798426323071e-05,-14.859792709350586,441313,0.010758612304925919
0.0,0.1216280170373876,0.8000000000000002,0.0,35.06232149691066,99.422636548842,1,0.0,0.0,1.0,254.74517892487347,0.0,0.220395608267534,0.0,115.48729873218781,,,,,,,,,,,,,,,,,,,,,,,,,,,,,,,,,,,,,,,,,-2.377098560333252,0.18213637173175812,9.906695247527505e-05,-16.937408447265625,441836,0.010780169628560543
0.0,0.13611615245009073,1.2500000000000004,0.0,42.813515136070265,72.95083015854678,1,1.0,0.0,0.0,225.6310935812071,0.0,0.20558994990158241,0.0,78.12418096260132,,,,,,,,,,,,,,,,,,,,,,,,,,,,,,,,,,,,,,,,,0.6787992715835571,0.17520159482955933,9.906620477762638e-05,-16.132930755615234,442215,0.010790403932332993
0.0,1.0,60.049999999998725,0.0,36.48420775130051,291.30669928687195,1,0.0,0.0,0.0,1551.8003384817857,1.0,0.3454686853501124,0.0,1058.5160519127444,,,,,,,,,,,,,,,,,,,,,,,,,,,,,,,,,,,,,,,,,2.4238028526306152,0.14395958185195923,9.906016214318345e-05,-15.723072052001953,445278,0.01079209242016077
,,,,,,,,,,,,,,,,,,,,,,,,,,,,,,,,,,,,,,,,,,,,,,,,768,21,286.90914839,0.13700570166110992,968.54,3666,475280,,,,,,
0.0,0.03214285714285714,0.0,0.0,34.18166545876774,56.26980695780511,0,1.0,0.0,0.0,54.38852100819349,0.0,0.09755112592033294,0.0,11.218379480838287,,,,,,,,,,,,,,,,,,,,,,,,,,,,,,,,,,,,,,,,,1.9134312868118286,0.2060537040233612,9.905993724949247e-05,-16.720901489257812,445392,0.010802564211189747
0.0,0.06269592476489028,2.799999999999998,0.0,38.06028016635017,0.0,0,1.0,0.0,0.0,96.40302947629243,0.0,-0.224311143253857,0.0,-41.04893921545583,,,,,,,,,,,,,,,,,,,,,,,,,,,,,,,,,,,,,,,,,2.1120853424072266,0.18280521035194397,9.905957820921933e-05,-16.08559226989746,445574,0.010808572173118591
0.0,0.2994047619047619,57.29999999999888,0.0,26.317438735539596,0.0,0,1.0,0.0,0.0,501.53984554391354,0.0,0.25536053449595514,0.0,350.6100138629464,,,,,,,,,,,,,,,,,,,,,,,,,,,,,,,,,,,,,,,,,1.1795610189437866,0.16216902434825897,9.905687161897661e-05,-15.130599021911621,446946,0.010831459425389767
0.0,0.15212720240653202,2.25,0.0,44.899993973097715,41.9165328921861,1,1.0,0.0,0.0,378.8448926480487,0.0,0.291607732473597,0.0,177.29750134394698,,,,,,,,,,,,,,,,,,,,,,,,,,,,,,,,,,,,,,,,,1.4823553562164307,0.2164965271949768,9.905567418165306e-05,-15.699407577514648,447553,0.010841947980225086
,,,,,,,,,,,,,,,,,,,,,,,,,,,,,,,,,,,,,,,,,,,,,,,,772,21,282.56312061000006,0.13669249415397644,954.2,3781,477555,,,,,,
,,,,,,,,,,,,,,,0.2627369165420532,0.14327353239059448,0.3603253662586212,1.4497729539871216,0.4505871534347534,23.592317581176758,5.5909528732299805,20.029464721679688,0.08445572108030319,0.8114766478538513,0.5643741488456726,20.211519241333008,0.10233469307422638,0.008822087198495865,14.604799270629883,0.13327166438102722,11.10867691040039,6.548252582550049,0.42111581563949585,0.6840182542800903,0.363600492477417,0.2156745344400406,0.014598273672163486,0.4797062873840332,19.824668884277344,5.68849515914917,0.25568753480911255,0.38928452134132385,26.665510177612305,0.3042805790901184,0.07210899889469147,11.98873519897461,32.65110397338867,,,,,,,,-0.1987316757440567,0.24079084396362305,9.90508509698856e-05,-15.80783462524414,449998,0.010829909704625607
0.0,1.0,30.5000000000003,0.0,40.343124475613564,319.6025148480399,6,0.0,0.0,0.0,1633.2287424420938,1.0,0.44155865117934917,0.0,1287.5850268389822,,,,,,,,,,,,,,,,,,,,,,,,,,,,,,,,,,,,,,,,,0.8620283007621765,0.20372271537780762,9.904992382204782e-05,-16.031627655029297,450468,0.010809788480401039
0.0,0.022411953041622197,1.6500000000000008,0.0,28.82920075079172,12.571887409246553,0,1.0,0.0,0.0,41.353638901840895,0.0,-0.29713903517489876,0.0,-30.90245965818947,,,,,,,,,,,,,,,,,,,,,,,,,,,,,,,,,,,,,,,,,0.4450113773345947,0.24668878316879272,9.904972063916812e-05,-15.655965805053711,450571,0.010802141390740871
0.0,0.04768270944741533,6.299999999999986,0.0,30.626252169380088,0.0,0,1.0,0.0,0.0,106.39854590577306,0.0,-0.5273326688430724,0.0,-132.36049987961118,,,,,,,,,,,,,,,,,,,,,,,,,,,,,,,,,,,,,,,,,0.045872319489717484,0.19002321362495422,9.904922747770988e-05,-15.81289291381836,450821,0.010785507038235664
0.0,1.0,0.0,0.0,38.494737331594756,229.49637574122227,3,0.0,0.0,0.0,1540.2762438226491,1.0,0.272385437735406,0.0,785.0148315534401,,,,,,,,,,,,,,,,,,,,,,,,,,,,,,,,,,,,,,,,,0.5508968234062195,0.15971633791923523,9.904354437411025e-05,-15.92999267578125,453702,0.010744907893240452
,,,,,,,,,,,,,,,,,,,,,,,,,,,,,,,,,,,,,,,,,,,,,,,,776,21,287.75234277000004,0.13576437532901764,969.51,4059,483704,,,,,,
0.0,0.3136467889908257,2.1500000000000004,0.0,43.37516296167517,129.97854412674306,1,1.0,0.0,0.0,523.1890012649819,0.0,0.26188849300072126,0.0,227.58110041762677,,,,,,,,,,,,,,,,,,,,,,,,,,,,,,,,,,,,,,,,,1.4628077745437622,0.18771332502365112,9.904183217647836e-05,-14.435274124145508,454570,0.010769740678369999
0.0,0.14472252448313383,9.600000000000001,0.0,37.366886706839864,111.6416717532916,2,1.0,0.0,0.0,289.366757389158,0.0,0.2426685106634824,0.0,135.4090289502232,,,,,,,,,,,,,,,,,,,,,,,,,,,,,,,,,,,,,,,,,0.7864304780960083,0.19578543305397034,9.90407334584139e-05,-15.677967071533203,455127,0.010807293467223644
0.0,0.33780385582564965,65.64999999999841,0.0,28.64866565621367,110.91159302388085,1,1.0,0.0,0.0,855.0604243287817,0.0,0.2526765889602479,0.0,543.2546662645331,,,,,,,,,,,,,,,,,,,,,,,,,,,,,,,,,,,,,,,,,-0.04143630713224411,0.19332584738731384,9.903649447610503e-05,-14.822699546813965,457276,0.010868709534406662
,,,,,,,,,,,,,,,0.2524399161338806,0.13294947147369385,0.3519352674484253,1.486615777015686,0.44762951135635376,24.290700912475586,5.79527473449707,19.63814926147461,0.07818783819675446,0.8671896457672119,0.5608842372894287,19.977827072143555,0.10081324726343155,0.008565016090869904,14.086263656616211,0.12995316088199615,10.542754173278809,6.200214385986328,0.4104430079460144,0.679196834564209,0.35802263021469116,0.23029755055904388,0.01554090529680252,0.48305022716522217,19.94416046142578,5.625425338745117,0.25150594115257263,0.3772892951965332,26.954423904418945,0.3063180148601532,0.07308134436607361,12.850708961486816,32.54770278930664,,,,,,,,-1.493671178817749,0.16094568371772766,9.903112536090135e-05,-15.978853225708008,459998,0.011032904498279095
0.0,1.0,1.5000000000000007,0.0,32.636064193278216,252.125931782368,5,0.0,0.0,0.0,1565.8651229375973,1.0,0.08199663885875721,0.0,283.38038389586495,,,,,,,,,,,,,,,,,,,,,,,,,,,,,,,,,,,,,,,,,1.1229124069213867,0.17917272448539734,9.902967955142489e-05,-16.127029418945312,460731,0.01104835607111454
,,,,,,,,,,,,,,,,,,,,,,,,,,,,,,,,,,,,,,,,,,,,,,,,780,21,284.33514294,0.13474899530410767,995.73,4390,490733,,,,,,
0.0,0.18139317438055166,4.249999999999993,0.0,39.24722508536881,161.84269498693527,3,1.0,0.0,0.0,357.5884637283161,0.0,0.28358566051128514,0.0,186.31577895591434,,,,,,,,,,,,,,,,,,,,,,,,,,,,,,,,,,,,,,,,,1.2707499265670776,0.13550207018852234,9.902838562997415e-05,-15.099159240722656,461387,0.011053884401917458
1.0,0.2329941081949652,44.749999999999595,0.0,28.71389145369118,0.0,0,0.0,0.0,0.0,443.10015130229294,0.0,0.22615850806946322,0.0,251.4882609732431,,,,,,,,,,,,,,,,,,,,,,,,,,,,,,,,,,,,,,,,,0.34410360455513,0.20929798483848572,9.902619426714021e-05,-14.023300170898438,462498,0.01110739167779684
1.0,0.48273844353423057,38.19999999999997,0.0,37.45720192499668,170.34024098344847,2,0.0,0.0,0.0,786.6001226920635,0.0,0.42449543582565596,0.0,642.2615944042175,,,,,,,,,,,,,,,,,,,,,,,,,,,,,,,,,,,,,,,,,-0.9306373596191406,0.18739667534828186,9.902321200151554e-05,-14.128545761108398,464010,0.011154263280332088
0.0,0.9277922077922078,35.65000000000011,0.0,40.850371488873705,235.43830662961042,1,1.0,0.0,0.0,1751.813184301369,0.0,0.35605772200422914,0.0,1099.8623032710639,,,,,,,,,,,,,,,,,,,,,,,,,,,,,,,,,,,,,,,,,0.9990848302841187,0.19286763668060303,9.901712137702352e-05,-16.31641960144043,467098,0.011208326555788517
,,,,,,,,,,,,,,,,,,,,,,,,,,,,,,,,,,,,,,,,,,,,,,,,784,21,301.33960755,0.13392828404903412,1036.28,4693,497100,,,,,,
,,,,,,,,,,,,,,,0.25418588519096375,0.1466502994298935,0.3487350344657898,1.483209490776062,0.42248472571372986,25.23004150390625,5.655550479888916,19.560314178466797,0.08424842357635498,0.8723001480102539,0.5637576580047607,20.767818450927734,0.09848387539386749,0.008587021380662918,14.257115364074707,0.1321502923965454,11.295769691467285,6.48925256729126,0.3972480595111847,0.6614170670509338,0.3702632784843445,0.22085246443748474,0.015551980584859848,0.474797785282135,20.069854736328125,5.523894309997559,0.2605621814727783,0.3800930678844452,26.631088256835938,0.32755565643310547,0.07342467457056046,12.387466430664062,30.598115921020508,,,,,,,,0.7226284742355347,0.19719725847244263,9.901140172622067e-05,-15.292770385742188,469998,0.01129134465008974
0.0,1.0,88.29999999999713,0.0,36.279038942479524,472.81770952201373,6,0.0,0.0,0.0,2144.5614973939955,1.0,0.4287953768656223,0.0,1825.8107146938198,,,,,,,,,,,,,,,,,,,,,,,,,,,,,,,,,,,,,,,,,0.54200279712677,0.17213588953018188,9.90087253811289e-05,-14.888829231262207,471355,0.011282566003501415
0.0,0.9700564971751412,53.74999999999908,0.0,38.88465074817449,285.0697041505711,5,1.0,0.0,0.0,1661.6367464428768,0.0,0.3966340097258788,0.0,1220.839481936255,,,,,,,,,,,,,,,,,,,,,,,,,,,,,,,,,,,,,,,,,-0.3512817323207855,0.24792416393756866,9.900265689838391e-05,-15.934955596923828,474432,0.011134267784655094
0.0,1.0,64.0999999999985,0.0,38.400018758654205,539.0984371836764,8,0.0,0.0,0.0,2172.1717411982827,1.0,0.4432322028294188,0.0,1806.1712265298816,,,,,,,,,,,,,,,,,,,,,,,,,,,,,,,,,,,,,,,,,0.6469328999519348,0.1955340951681137,9.899462241226342e-05,-15.218782424926758,478506,0.010995820164680481
0.0,0.15438108484005564,37.84999999999999,0.0,25.855756745718722,53.26674311542658,1,1.0,0.0,0.0,311.32334162387997,0.0,0.30916379319303894,0.0,268.3541724915578,,,,,,,,,,,,,,,,,,,,,,,,,,,,,,,,,,,,,,,,,-4.421208381652832,0.17558954656124115,9.89929126117762e-05,-13.898956298828125,479373,0.01095805037766695
,,,,,,,,,,,,,,,,,,,,,,,,,,,,,,,,,,,,,,,,,,,,,,,,788,21,346.75977216000007,0.13229556381702423,1137.86,5279,509375,,,,,,
,,,,,,,,,,,,,,,0.2638973295688629,0.1511003077030182,0.3486326038837433,1.4584310054779053,0.4368496537208557,24.264549255371094,5.505158424377441,19.587095260620117,0.08618418872356415,0.8818231821060181,0.5514289140701294,20.34027671813965,0.0957692563533783,0.008966239169239998,14.826443672180176,0.13400053977966309,11.529271125793457,6.5760345458984375,0.42172127962112427,0.6841428875923157,0.36203858256340027,0.22286152839660645,0.015695657581090927,0.47101491689682007,19.26262664794922,5.38056755065918,0.2524521052837372,0.3780973553657532,26.46285057067871,0.318006306886673,0.07214950025081635,12.520944595336914,32.178218841552734,,,,,,,,0.0066716670989990234,0.22685962915420532,9.899168006584355e-05,-14.698396682739258,479998,0.01094071101397276
0.0,0.9357011635027557,42.649999999999714,0.0,41.503994418159984,267.03778937127737,4,1.0,0.0,0.0,1474.06176807452,0.0,0.31345183762007717,0.0,801.8098006321574,,,,,,,,,,,,,,,,,,,,,,,,,,,,,,,,,,,,,,,,,2.007457971572876,0.21765932440757751,9.89878700686231e-05,-15.232975006103516,481930,0.01093233097344637
0.0,0.41972578505086244,152.0000000000003,0.0,22.456487187153705,0.0,0,1.0,0.0,0.0,961.7955270810053,0.0,0.3412399067377394,0.0,1052.7251122859261,,,,,,,,,,,,,,,,,,,,,,,,,,,,,,,,,,,,,,,,,0.8178910613059998,0.1699248105287552,9.898178842452366e-05,-15.596726417541504,485014,0.010938494466245174
0.0,0.4155161078238001,30.300000000000296,0.0,37.42328817182033,225.6215977860954,2,1.0,0.0,0.0,608.6621182970703,0.0,0.41727995935509604,0.0,489.05211236417256,,,,,,,,,,,,,,,,,,,,,,,,,,,,,,,,,,,,,,,,,1.7884254455566406,0.20387506484985352,9.897947926319059e-05,-16.366533279418945,486185,0.01094136293977499
0.0,0.04534005037783375,3.7999999999999945,0.0,41.38305490232959,14.316773213920122,0,1.0,0.0,0.0,107.74121887236834,0.0,0.016830216408436474,0.0,3.1640806847860574,,,,,,,,,,,,,,,,,,,,,,,,,,,,,,,,,,,,,,,,,-0.3782370090484619,0.18242147564888,9.897911050978854e-05,-16.16124153137207,486372,0.010908085852861404
,,,,,,,,,,,,,,,,,,,,,,,,,,,,,,,,,,,,,,,,,,,,,,,,792,21,348.87263973,0.13134127855300903,1148.76,5610,516374,,,,,,
0.0,0.08346055979643766,2.1000000000000005,0.0,37.82514500652355,79.4412298305852,1,1.0,0.0,0.0,163.54359019640833,0.0,0.2150739466866272,0.0,67.10307136622768,,,,,,,,,,,,,,,,,,,,,,,,,,,,,,,,,,,,,,,,,-2.9118475914001465,0.2203773856163025,9.897849723694292e-05,-15.821094512939453,486683,0.010893509723246098
0.0,0.6663977410246067,40.39999999999984,0.0,39.1480135406969,315.64197229754404,4,1.0,0.0,0.0,1576.0509044574574,0.0,0.4041612713559498,0.0,1172.0676869322544,,,,,,,,,,,,,,,,,,,,,,,,,,,,,,,,,,,,,,,,,-2.620668888092041,0.2113681137561798,9.897278067935349e-05,-16.28764533996582,489582,0.010901575908064842
,,,,,,,,,,,,,,,0.26169025897979736,0.1451248824596405,0.3500470817089081,1.4491560459136963,0.45209118723869324,23.59284019470215,5.315378665924072,19.27783203125,0.0832047238945961,0.9009863138198853,0.548178493976593,20.573184967041016,0.10467100143432617,0.009192257188260555,14.411835670471191,0.13807448744773865,11.006484985351562,6.310369491577148,0.4251836836338043,0.6971543431282043,0.3735681176185608,0.23149234056472778,0.016360118985176086,0.47797197103500366,20.83121109008789,5.764453411102295,0.27466779947280884,0.3782742917537689,26.322925567626953,0.3110809624195099,0.07008538395166397,12.748772621154785,32.246559143066406,,,,,,,,0.7094594240188599,0.2586181163787842,9.897196037977004e-05,-15.428950309753418,489998,0.010911134071648121
0.0,0.17267888823181549,0.0,0.0,45.44018897275935,188.47114505802406,1,1.0,0.0,0.0,267.8601265354082,0.0,0.3883822998892974,0.0,165.06247745295138,,,,,,,,,,,,,,,,,,,,,,,,,,,,,,,,,,,,,,,,,1.0022461414337158,0.18193474411964417,9.897194460481152e-05,-16.53921127319336,490006,0.010914168320596218
1.0,0.46905537459283386,132.04999999999578,0.0,25.728411175909784,166.02302315080524,3,0.0,0.0,0.0,1187.2900063749403,0.0,0.327376647734229,0.0,1088.199977068577,,,,,,,,,,,,,,,,,,,,,,,,,,,,,,,,,,,,,,,,,1.577989101409912,0.17911240458488464,9.896539219068924e-05,-15.865806579589844,493329,0.010834749788045883
,,,,,,,,,,,,,,,,,,,,,,,,,,,,,,,,,,,,,,,,,,,,,,,,796,21,354.13702899000003,0.13021625578403473,1160.92,5937,523331,,,,,,
1.0,0.5283390832922622,90.79999999999698,0.0,29.788665744903287,150.51651718441215,2,0.0,0.0,0.0,1005.9721833553631,0.0,0.3767450168811295,0.0,916.620626071788,,,,,,,,,,,,,,,,,,,,,,,,,,,,,,,,,,,,,,,,,-0.620525062084198,0.2004299759864807,9.896059682143596e-05,-16.235641479492188,495761,0.010754544287919998
0.0,1.0,0.5499999999999999,0.0,45.275520445376635,231.47327167912485,2,0.0,0.0,0.0,2031.605570123531,1.0,0.3861234352340433,0.0,1247.950942676428,,,,,,,,,,,,,,,,,,,,,,,,,,,,,,,,,,,,,,,,,-1.6080981492996216,0.17073720693588257,9.8954226180487e-05,-16.85984230041504,498992,0.010685404762625694
0.0,0.08695652173913043,1.3500000000000005,0.0,40.593346743497506,164.44245521060085,2,1.0,0.0,0.0,207.19727306254208,0.0,0.33175758206198874,0.0,122.08679019881185,,,,,,,,,,,,,,,,,,,,,,,,,,,,,,,,,,,,,,,,,-4.675261497497559,0.22999051213264465,9.895350257073392e-05,-16.26533317565918,499359,0.010659415274858475
,,,,,,,,,,,,,,,0.2556115686893463,0.1462504267692566,0.36420565843582153,1.3847625255584717,0.47028014063835144,22.767322540283203,5.697275161743164,20.53377342224121,0.08476318418979645,1.0518341064453125,0.5413463711738586,19.87961196899414,0.10268576443195343,0.009616615250706673,14.41128158569336,0.13328278064727783,10.831613540649414,6.27773904800415,0.4450954496860504,0.7122266888618469,0.35260283946990967,0.2160664200782776,0.018656285479664803,0.4638621509075165,20.74912452697754,5.789383411407471,0.28015848994255066,0.39093083143234253,26.152368545532227,0.30740854144096375,0.07692565023899078,12.181740760803223,32.96470260620117,,,,,,,,-2.5324149131774902,0.1662319302558899,9.895224266800009e-05,-16.83647918701172,499998,0.010672323405742645
0.0,0.1815970814754763,2.799999999999998,0.0,44.55500285926854,306.68119210121614,4,1.0,0.0,0.0,475.45149534381926,0.0,0.46323261168030644,0.0,356.22587838215566,,,,,,,,,,,,,,,,,,,,,,,,,,,,,,,,,,,,,,,,,-9.685235977172852,0.23754285275936127,9.895198832241678e-05,-16.581340789794922,500127,0.010682016611099243
,,,,,,,,,,,,,,,,,,,,,,,,,,,,,,,,,,,,,,,,,,,,,,,,800,21,360.82927331999997,0.12930913269519806,1169.01,6263,530129,,,,,,
0.0,1.0,11.800000000000033,0.0,46.305633970603274,233.55062916926616,3,0.0,0.0,0.0,1921.7100868560374,1.0,0.42826702353721113,0.0,1280.090133352724,,,,,,,,,,,,,,,,,,,,,,,,,,,,,,,,,,,,,,,,,1.1103496551513672,0.15994417667388916,9.894609706084519e-05,-17.311874389648438,503115,0.010518614202737808
0.0,0.2264053635894791,6.449999999999985,0.0,41.63401818435322,167.12583215960657,3,1.0,0.0,0.0,414.2418269161135,0.0,0.17585115196704368,0.0,126.08527596037032,,,,,,,,,,,,,,,,,,,,,,,,,,,,,,,,,,,,,,,,,2.0037546157836914,0.14365355670452118,9.894468539248518e-05,-16.760303497314453,503831,0.010450980626046658
0.0,0.053807569539443684,0.8000000000000002,0.0,33.10370747509273,92.65568020953124,1,0.0,0.0,1.0,118.200911056716,0.0,0.14588111662209272,0.0,37.63732808849992,,,,,,,,,,,,,,,,,,,,,,,,,,,,,,,,,,,,,,,,,-2.6910810470581055,0.24227215349674225,9.894417869276299e-05,-16.495153427124023,504088,0.010444574058055878
0.0,0.2507399577167019,1.850000000000001,0.0,42.655530619839986,272.194139293404,3,1.0,0.0,0.0,633.4969323640689,0.0,0.3792685235053198,0.0,405.8173201506922,,,,,,,,,,,,,,,,,,,,,,,,,,,,,,,,,,,,,,,,,-0.4748208522796631,0.20349624752998352,9.894207107250278e-05,-16.693401336669922,505157,0.010355389676988125
,,,,,,,,,,,,,,,,,,,,,,,,,,,,,,,,,,,,,,,,,,,,,,,,804,21,373.21562242,0.1287176012992859,1190.7,6502,535159,,,,,,
1.0,0.08037943085371942,1.5500000000000007,0.0,37.27601350762441,46.148741778468164,0,0.0,0.0,0.0,163.2268379824236,0.0,0.3010119426095996,0.0,95.11977386463349,,,,,,,,,,,,,,,,,,,,,,,,,,,,,,,,,,,,,,,,,-2.9397411346435547,0.1881120502948761,9.894145002874093e-05,-16.618589401245117,505472,0.0103511493653059
1.0,0.26387665198237886,10.050000000000008,0.0,44.41557497559098,223.07031273542938,2,0.0,0.0,0.0,573.8575679154601,0.0,0.42020220214907444,0.0,391.2082502007883,,,,,,,,,,,,,,,,,,,,,,,,,,,,,,,,,,,,,,,,,2.1694414615631104,0.20519433915615082,9.893961648239754e-05,-17.420923233032227,506402,0.010266585275530815
0.0,1.0,55.299999999998995,0.0,36.91656358727985,244.4757965342866,4,0.0,0.0,0.0,1511.7441527377814,1.0,0.2992774982798889,0.0,882.8686199256723,,,,,,,,,,,,,,,,,,,,,,,,,,,,,,,,,,,,,,,,,-1.8176379203796387,0.19592700898647308,9.893380247901138e-05,-16.70690155029297,509351,0.010096906684339046
,,,,,,,,,,,,,,,0.25373250246047974,0.1411396563053131,0.35860276222229004,1.4208273887634277,0.4553103446960449,23.450395584106445,5.638157844543457,20.465396881103516,0.08615851402282715,0.926622211933136,0.541502833366394,19.719554901123047,0.097084179520607,0.009467337280511856,14.480469703674316,0.13639956712722778,10.585071563720703,6.461642742156982,0.43162113428115845,0.7100232839584351,0.3455338478088379,0.23070871829986572,0.016236640512943268,0.45034080743789673,20.784353256225586,5.540576934814453,0.2771352529525757,0.38111796975135803,25.700870513916016,0.3126838207244873,0.07517829537391663,13.166505813598633,32.37035369873047,,,,,,,,1.7865228652954102,0.19818297028541565,9.893252693053369e-05,-17.227447509765625,509998,0.010044640861451626
0.0,1.0,6.849999999999984,0.0,45.840112504641766,195.6576900046432,3,0.0,0.0,0.0,1989.9527984326705,1.0,0.4124700488535208,0.0,1289.7938427649594,,,,,,,,,,,,,,,,,,,,,,,,,,,,,,,,,,,,,,,,,-1.6522629261016846,0.22668814659118652,9.892763970459555e-05,-16.948667526245117,512477,0.009890265762805939
,,,,,,,,,,,,,,,,,,,,,,,,,,,,,,,,,,,,,,,,,,,,,,,,808,21,391.36991848,0.12778115272521973,1236.65,6844,542479,,,,,,
0.0,0.07484604452865941,3.5499999999999954,0.0,34.6227331801359,20.08863477655113,0,1.0,0.0,0.0,158.3773326864466,0.0,0.11632361583473472,0.0,38.386793225462455,,,,,,,,,,,,,,,,,,,,,,,,,,,,,,,,,,,,,,,,,1.0936295986175537,0.16891995072364807,9.892699110648095e-05,-17.21234893798828,512806,0.009881855919957161
0.0,0.015769944341372914,0.0,0.0,25.504669587936604,0.0,0,1.0,0.0,0.0,24.513662243960425,0.0,-0.3791619460541078,0.0,-26.541336223787546,,,,,,,,,,,,,,,,,,,,,,,,,,,,,,,,,,,,,,,,,1.530351996421814,0.2344871163368225,9.892685507857601e-05,-16.551036834716797,512875,0.00987719651311636
0.0,0.3604153940134392,7.149999999999983,0.0,42.74546953979422,127.94894111612311,2,1.0,0.0,0.0,563.6850870307535,0.0,0.4845126606062499,0.0,460.28702757593743,,,,,,,,,,,,,,,,,,,,,,,,,,,,,,,,,,,,,,,,,0.3995372951030731,0.2188277542591095,9.892498421156536e-05,-16.567949295043945,513824,0.009820311330258846
0.0,0.035398230088495575,0.5499999999999999,0.0,34.11536541039672,13.71037330304612,0,1.0,0.0,0.0,79.76603755448014,0.0,-0.08856417553030296,0.0,-14.9673456646212,,,,,,,,,,,,,,,,,,,,,,,,,,,,,,,,,,,,,,,,,1.3981337547302246,0.1884792149066925,9.892465301672886e-05,-17.15480613708496,513992,0.00981274712830782
,,,,,,,,,,,,,,,,,,,,,,,,,,,,,,,,,,,,,,,,,,,,,,,,812,21,384.7516859000001,0.12755686044692993,1208.36,6918,543994,,,,,,
0.0,0.15248897290485192,3.8499999999999943,0.0,39.187593057891846,163.86444003964814,1,1.0,0.0,0.0,221.63192255143076,0.0,0.33015469459943625,0.0,134.70311539656998,,,,,,,,,,,,,,,,,,,,,,,,,,,,,,,,,,,,,,,,,0.5619451403617859,0.22146952152252197,9.892385066011971e-05,-15.738221168518066,514399,0.009810193441808224
0.0,0.3489177489177489,13.450000000000056,0.0,41.31932411453491,314.41312318166877,4,1.0,0.0,0.0,854.5980664733797,0.0,0.3612836261862348,0.0,538.3126030174898,,,,,,,,,,,,,,,,,,,,,,,,,,,,,,,,,,,,,,,,,0.017649590969085693,0.15669474005699158,9.892091528506209e-05,-17.209518432617188,515888,0.009825093671679497
1.0,0.39274080967892044,73.049999999998,0.0,29.599475732503688,180.58166122483163,2,0.0,0.0,0.0,795.7405924526975,0.0,0.40823738128759773,0.0,790.7558075540768,,,,,,,,,,,,,,,,,,,,,,,,,,,,,,,,,,,,,,,,,-1.7415186166763306,0.21067744493484497,9.891709877153123e-05,-16.24456024169922,517824,0.00983184203505516
,,,,,,,,,,,,,,,0.24754178524017334,0.14233475923538208,0.3362533450126648,1.4511195421218872,0.46446213126182556,22.466806411743164,5.198957920074463,19.799776077270508,0.08865812420845032,0.940446138381958,0.5265137553215027,20.678071975708008,0.08910177648067474,0.01007353700697422,14.576128005981445,0.13153816759586334,10.794349670410156,6.723634243011475,0.4398685097694397,0.7639545202255249,0.3511691987514496,0.2173057496547699,0.01597130112349987,0.44092532992362976,20.693647384643555,5.24662446975708,0.2728673219680786,0.36283278465270996,25.963228225708008,0.29624825716018677,0.06855367869138718,12.795723915100098,33.358646392822266,,,,,,,,0.8583484292030334,0.2250044345855713,9.89128131673709e-05,-15.94179916381836,519998,0.0098505187779665
0.0,1.0,36.20000000000008,0.0,41.70697217724242,315.44926202623736,2,0.0,0.0,0.0,1540.1644273512065,1.0,0.3866252826511704,0.0,1028.4232518521133,,,,,,,,,,,,,,,,,,,,,,,,,,,,,,,,,,,,,,,,,1.158740520477295,0.27274346351623535,9.891185710005639e-05,-15.558465957641602,520483,0.009825576096773148
,,,,,,,,,,,,,,,,,,,,,,,,,,,,,,,,,,,,,,,,,,,,,,,,816,21,406.92197846000005,0.1266210675239563,1251.6,7223,550485,,,,,,
0.0,0.02518891687657431,0.0,0.0,37.480255651447386,33.38922213668142,0,1.0,0.0,0.0,61.07370685134083,0.0,-0.1017826499465738,0.0,-12.010352693695708,,,,,,,,,,,,,,,,,,,,,,,,,,,,,,,,,,,,,,,,,1.121354579925537,0.20984774827957153,9.891162646183253e-05,-16.580909729003906,520600,0.009832915849983692
0.0,0.2095357590966123,3.2999999999999963,0.0,41.280155819281845,118.80024969865738,1,1.0,0.0,0.0,312.11324038915336,0.0,0.12762598282644044,0.0,69.55616064041004,,,,,,,,,,,,,,,,,,,,,,,,,,,,,,,,,,,,,,,,,-0.10591854900121689,0.1964554637670517,9.891055409620447e-05,-15.898544311523438,521144,0.009803968481719494
0.0,0.40039840637450197,45.69999999999954,0.0,30.558483428396105,47.62131847725338,1,1.0,0.0,0.0,577.6603312008083,0.0,0.32847260982020365,0.0,447.37969457511736,,,,,,,,,,,,,,,,,,,,,,,,,,,,,,,,,,,,,,,,,-1.3214468955993652,0.15084406733512878,9.890787123646793e-05,-17.472736358642578,522505,0.009749382734298706
0.0,0.21137277426766227,34.95000000000015,0.0,26.445355693200696,127.41808816329369,1,1.0,0.0,0.0,345.6491342638619,0.0,0.3725355397186109,0.0,350.9284784149315,,,,,,,,,,,,,,,,,,,,,,,,,,,,,,,,,,,,,,,,,0.09922993183135986,0.17637234926223755,9.890601631956188e-05,-17.473857879638672,523446,0.009710234589874744
,,,,,,,,,,,,,,,,,,,,,,,,,,,,,,,,,,,,,,,,,,,,,,,,820,21,410.88029502000006,0.12617233395576477,1264.93,7365,553448,,,,,,
0.0,0.1464968152866242,37.000000000000036,0.0,25.349377937066155,25.144443391791125,0,1.0,0.0,0.0,277.40952739678323,0.0,0.3669706766672073,0.0,289.53986389042655,,,,,,,,,,,,,,,,,,,,,,,,,,,,,,,,,,,,,,,,,1.8908088207244873,0.22227728366851807,9.890446301258415e-05,-16.251712799072266,524234,0.009701885282993317
0.0,0.35633739287325217,1.800000000000001,0.0,41.09117845172973,136.23752958018673,2,1.0,0.0,0.0,761.2310367412865,0.0,0.30247777067735504,0.0,403.807823854269,,,,,,,,,,,,,,,,,,,,,,,,,,,,,,,,,,,,,,,,,1.7681994438171387,0.3291661739349365,9.890183345739562e-05,-16.81722640991211,525568,0.009726852178573608
0.0,0.037997587454764774,2.3999999999999995,0.0,36.66116883840755,0.0,0,1.0,0.0,0.0,63.4263273132965,0.0,-0.1654499685048574,0.0,-20.681246063107174,,,,,,,,,,,,,,,,,,,,,,,,,,,,,,,,,,,,,,,,,-1.4221081733703613,0.18506062030792236,9.8901589032761e-05,-16.496179580688477,525692,0.009715532884001732
0.0,0.31438998957247133,13.600000000000058,0.0,41.906849778141954,172.50790500504627,3,1.0,0.0,0.0,579.3637550799176,0.0,0.4844709365947125,0.0,482.5330528483337,,,,,,,,,,,,,,,,,,,,,,,,,,,,,,,,,,,,,,,,,0.8857308030128479,0.22759482264518738,9.889962773317572e-05,-16.34252166748047,526687,0.009730818681418896
,,,,,,,,,,,,,,,,,,,,,,,,,,,,,,,,,,,,,,,,,,,,,,,,824,21,421.18549922,0.12567779421806335,1287.73,7521,556689,,,,,,
0.0,1.0,4.549999999999992,0.0,46.16526489114031,574.4017700275581,7,0.0,0.0,0.0,1807.4720317255706,1.0,0.5083873628300112,0.0,1433.6523631806315,,,,,,,,,,,,,,,,,,,,,,,,,,,,,,,,,,,,,,,,,-5.600100517272949,0.20462530851364136,9.889407115234524e-05,-16.42313575744629,529506,0.009784447029232979
0.0,0.1303688731682668,4.3499999999999925,0.0,42.136890169266145,44.97057648633269,1,1.0,0.0,0.0,274.82467789389193,0.0,0.31337021410542953,0.0,147.28400062955188,,,,,,,,,,,,,,,,,,,,,,,,,,,,,,,,,,,,,,,,,0.29073861241340637,0.14369145035743713,9.889314671336084e-05,-17.715120315551758,529975,0.009771531447768211
,,,,,,,,,,,,,,,0.23451492190361023,0.14695703983306885,0.32668113708496094,1.495769739151001,0.4838925302028656,21.618131637573242,5.582829475402832,19.265586853027344,0.08458895981311798,0.9939143061637878,0.5271569490432739,19.979938507080078,0.09799982607364655,0.008793678134679794,13.830205917358398,0.13734325766563416,10.875779151916504,6.260134220123291,0.4436987638473511,0.6507895588874817,0.33879420161247253,0.230043426156044,0.01685352623462677,0.450784832239151,22.175737380981445,5.779409885406494,0.29964572191238403,0.35243189334869385,26.584436416625977,0.29211118817329407,0.07543699443340302,13.566505432128906,32.83660125732422,,,,,,,,0.4039086699485779,0.23000946640968323,9.889310137851168e-05,-17.741485595703125,529998,0.009774300269782543
0.0,1.0,31.000000000000306,0.0,42.03739252562675,246.0644396617561,4,0.0,0.0,0.0,1679.109307487961,1.0,0.41376277470189615,0.0,1190.3955028173552,,,,,,,,,,,,,,,,,,,,,,,,,,,,,,,,,,,,,,,,,-7.585587024688721,0.42056185007095337,9.888747796713484e-05,-17.488155364990234,532851,0.009768648073077202
0.0,0.02511682242990654,5.849999999999987,0.0,23.68311748547887,0.0,0,1.0,0.0,0.0,38.60273709567264,0.0,-0.3491668986944057,0.0,-41.201694045939874,,,,,,,,,,,,,,,,,,,,,,,,,,,,,,,,,,,,,,,,,0.038911379873752594,0.19067949056625366,9.888724735748025e-05,-16.55735206604004,532968,0.009774821810424328
,,,,,,,,,,,,,,,,,,,,,,,,,,,,,,,,,,,,,,,,,,,,,,,,828,21,433.43684837999996,0.12487709522247314,1300.15,7812,562970,,,,,,
0.0,0.5165476963011032,0.0,0.0,45.420057991996885,235.13754817733613,4,1.0,0.0,0.0,761.0644743088633,0.0,0.541343330206316,0.0,653.4013995590234,,,,,,,,,,,,,,,,,,,,,,,,,,,,,,,,,,,,,,,,,-0.4383618235588074,0.18895307183265686,9.888487031986782e-05,-15.726425170898438,534174,0.009795669466257095
0.0,0.12250128139415685,5.349999999999989,0.0,37.69970920249076,86.83269966271966,1,1.0,0.0,0.0,226.28857025841717,0.0,0.3228361349304652,0.0,139.78804642489143,,,,,,,,,,,,,,,,,,,,,,,,,,,,,,,,,,,,,,,,,1.8719290494918823,0.20574459433555603,9.88840188506934e-05,-17.030460357666016,534606,0.009803014807403088
0.0,0.23062730627306274,14.100000000000065,0.0,32.43358988520213,0.0,0,1.0,0.0,0.0,349.71947769634426,0.0,0.0635484215632321,0.0,49.37712355463134,,,,,,,,,,,,,,,,,,,,,,,,,,,,,,,,,,,,,,,,,1.3869426250457764,0.22609290480613708,9.888248936902259e-05,-16.751615524291992,535382,0.009837971068918705
1.0,0.9255363904080774,55.999999999998956,0.0,41.668923173881396,513.4824753157241,6,0.0,0.0,0.0,2095.985008245334,0.0,0.4119993549986148,0.0,1492.6736631599813,,,,,,,,,,,,,,,,,,,,,,,,,,,,,,,,,,,,,,,,,0.40872687101364136,0.17021258175373077,9.88753506311534e-05,-16.920202255249023,539004,0.009935827925801277
,,,,,,,,,,,,,,,,,,,,,,,,,,,,,,,,,,,,,,,,,,,,,,,,832,21,448.2247249600001,0.12428698688745499,1335.95,8103,569006,,,,,,
,,,,,,,,,,,,,,,0.24652037024497986,0.1394270658493042,0.3554980754852295,1.3169432878494263,0.479328453540802,21.653331756591797,5.670786380767822,20.74112892150879,0.09252459555864334,0.9286108613014221,0.509853184223175,19.532392501831055,0.09680135548114777,0.008460159413516521,14.382948875427246,0.14163151383399963,10.361065864562988,6.875661849975586,0.4435543715953827,0.6286889910697937,0.33478060364723206,0.23633430898189545,0.01591617241501808,0.42812544107437134,21.849172592163086,5.647764682769775,0.29402053356170654,0.387148916721344,24.978490829467773,0.29138514399528503,0.07631079107522964,13.788655281066895,32.96128845214844,,,,,,,,0.8915815353393555,0.19891417026519775,9.887339156395605e-05,-16.457056045532227,539998,0.009931731037795544
0.0,0.9127697841726619,99.09999999999651,0.0,35.75467935338079,184.8887073822045,4,1.0,0.0,0.0,1927.0470413500443,0.0,0.38777962656958204,0.0,1505.3605103431175,,,,,,,,,,,,,,,,,,,,,,,,,,,,,,,,,,,,,,,,,1.298171043395996,0.167273610830307,9.886770170776136e-05,-16.942277908325195,542885,0.00999387912452221
0.0,0.2946584938704028,25.850000000000232,0.0,36.81684513450264,172.18552771029454,3,1.0,0.0,0.0,639.9133893102407,0.0,0.356003994934654,0.0,445.7170016581868,,,,,,,,,,,,,,,,,,,,,,,,,,,,,,,,,,,,,,,,,1.1346712112426758,0.22696439921855927,9.886523622020676e-05,-16.45051383972168,544136,0.010014887899160385
0.0,1.0,236.95000000001963,0.0,22.888984139789482,0.0,0,0.0,0.0,0.0,1506.1371045513079,1.0,0.3472879257811041,0.0,1645.7974802766523,,,,,,,,,,,,,,,,,,,,,,,,,,,,,,,,,,,,,,,,,2.5308258533477783,0.1410844326019287,9.885589878646388e-05,-18.682565689086914,548874,0.010244657285511494
0.0,0.07220216606498195,3.2499999999999964,0.0,41.88680223763871,47.661208498415725,0,1.0,0.0,0.0,139.92288251477294,0.0,0.1743854887356797,0.0,42.0269027852988,,,,,,,,,,,,,,,,,,,,,,,,,,,,,,,,,,,,,,,,,-0.8476970195770264,0.18501614034175873,9.88554258172322e-05,-16.81844711303711,549114,0.01025206595659256
,,,,,,,,,,,,,,,,,,,,,,,,,,,,,,,,,,,,,,,,,,,,,,,,836,21,484.43148131000004,0.12318497151136398,1426.89,8566,579116,,,,,,
,,,,,,,,,,,,,,,0.23631927371025085,0.13583779335021973,0.33022189140319824,1.3708224296569824,0.4879806935787201,22.416540145874023,5.390716075897217,20.17547035217285,0.09590422362089157,1.1099164485931396,0.4916151762008667,19.393299102783203,0.0879962295293808,0.009280456230044365,14.438329696655273,0.1435897797346115,10.092569351196289,7.1255574226379395,0.44474154710769653,0.6895256638526917,0.31741970777511597,0.22071897983551025,0.018166551366448402,0.4259066581726074,21.24138069152832,5.376279830932617,0.2858917713165283,0.35862791538238525,26.021495819091797,0.301708459854126,0.07255466282367706,13.48520278930664,33.0437126159668,,,,,,,,-8.030563354492188,0.16771288216114044,9.885368372370397e-05,-17.952098846435547,549998,0.010278915986418724
0.0,1.0,36.150000000000084,0.0,40.90432641775861,266.36282596945296,5,0.0,0.0,0.0,1595.0502814352512,1.0,0.46019871986538424,0.0,1292.6982041018643,,,,,,,,,,,,,,,,,,,,,,,,,,,,,,,,,,,,,,,,,0.9078257083892822,0.19584688544273376,9.884989216170962e-05,-17.720922470092773,551922,0.010250736027956009
0.0,0.08341511285574092,1.3000000000000005,0.0,42.171205758072894,0.0,0,1.0,0.0,0.0,176.03213587682694,0.0,0.2599967388744565,0.0,78.2590184012114,,,,,,,,,,,,,,,,,,,,,,,,,,,,,,,,,,,,,,,,,0.7294844388961792,0.2849651277065277,9.884930096840074e-05,-17.869476318359375,552222,0.01025429554283619
0.0,0.39473684210526316,84.04999999999737,0.0,25.916383871688712,0.0,0,1.0,0.0,0.0,605.2212738385424,0.0,0.3862478946448652,0.0,649.6689587926633,,,,,,,,,,,,,,,,,,,,,,,,,,,,,,,,,,,,,,,,,-0.04227045178413391,0.15709570050239563,9.884598834809935e-05,-17.48845672607422,553903,0.01026115845888853
0.0,0.007015650296815974,0.2,0.0,19.361282329489505,0.0,0,1.0,0.0,0.0,13.01646496518515,0.0,-0.6825289055523427,0.0,-33.44391637206479,,,,,,,,,,,,,,,,,,,,,,,,,,,,,,,,,,,,,,,,,0.6141051054000854,0.20887894928455353,9.884589375892784e-05,-16.726722717285156,553951,0.010256231762468815
,,,,,,,,,,,,,,,,,,,,,,,,,,,,,,,,,,,,,,,,,,,,,,,,840,21,491.7465500100001,0.12266653031110764,1429.35,8793,583953,,,,,,
1.0,0.07034845496383958,4.6499999999999915,0.0,36.71132421550707,0.0,0,0.0,0.0,0.0,105.79225806705654,0.0,-0.02701693617116976,0.0,-5.6195227236033105,,,,,,,,,,,,,,,,,,,,,,,,,,,,,,,,,,,,,,,,,0.847572922706604,0.3935350179672241,9.88454858436468e-05,-17.534347534179688,554158,0.010241024196147919
0.0,0.37603648424543945,23.200000000000195,0.0,37.664907511502555,246.2673836714634,3,1.0,0.0,0.0,954.2013795906678,0.0,0.3000356357312119,0.0,547.5650352094617,,,,,,,,,,,,,,,,,,,,,,,,,,,,,,,,,,,,,,,,,1.4554955959320068,0.1597147285938263,9.88418914962906e-05,-17.88589859008789,555982,0.010263076052069664
0.0,0.43561306223043744,48.449999999999385,0.0,31.025325916986596,107.43001878065384,3,1.0,0.0,0.0,681.2778589883819,0.0,0.45402910417713754,0.0,718.2740428082316,,,,,,,,,,,,,,,,,,,,,,,,,,,,,,,,,,,,,,,,,1.3213107585906982,0.21556520462036133,9.883877605427293e-05,-18.104219436645508,557563,0.01022123172879219
0.0,0.12324141812042769,34.65000000000017,0.0,20.540928507877485,0.0,0,1.0,0.0,0.0,198.2724339272827,0.0,0.3921754550050268,0.0,272.9541166834987,,,,,,,,,,,,,,,,,,,,,,,,,,,,,,,,,,,,,,,,,0.9522138833999634,0.18475046753883362,9.883740653655312e-05,-17.786251068115234,558258,0.01020585186779499
,,,,,,,,,,,,,,,,,,,,,,,,,,,,,,,,,,,,,,,,,,,,,,,,844,21,496.93984191,0.12226412445306778,1442.47,8997,588260,,,,,,
0.0,0.1547400611620795,3.399999999999996,0.0,44.40916032542368,85.42274180990906,1,1.0,0.0,0.0,242.11637144722044,0.0,0.03814320591358051,0.0,14.99027992403714,,,,,,,,,,,,,,,,,,,,,,,,,,,,,,,,,,,,,,,,,-0.07761205732822418,0.20968027412891388,9.883663409335484e-05,-18.053585052490234,558650,0.010191631503403187
,,,,,,,,,,,,,,,0.23548904061317444,0.15016034245491028,0.3460525870323181,1.3187810182571411,0.4808233380317688,22.119977951049805,5.490589618682861,20.468952178955078,0.10018475353717804,1.2758461236953735,0.4930959939956665,19.83405303955078,0.09669221192598343,0.011870761401951313,13.929137229919434,0.14503231644630432,10.934880256652832,7.295590400695801,0.4391178786754608,0.8644449710845947,0.33531883358955383,0.21632030606269836,0.021569732576608658,0.4391792416572571,21.317358016967773,5.719327926635742,0.29273495078086853,0.3739028573036194,25.977378845214844,0.3037567138671875,0.07539806514978409,12.795310020446777,31.977163314819336,,,,,,,,-2.7594451904296875,0.1884266436100006,9.883397785775547e-05,-17.345169067382812,559998,0.010119390673935413
0.0,1.0,38.89999999999993,0.0,34.36904362728797,87.27584363080626,0,0.0,0.0,0.0,1970.1491790488362,1.0,0.24650292107319968,0.0,1017.8105611112414,,,,,,,,,,,,,,,,,,,,,,,,,,,,,,,,,,,,,,,,,0.7792369723320007,0.17167328298091888,9.882849997774104e-05,-18.63503646850586,562778,0.010020829737186432
0.0,1.0,26.700000000000244,0.0,44.33310527831362,455.1933982020968,3,0.0,0.0,0.0,2239.974248907529,1.0,0.4804843864853255,0.0,1748.4826824200995,,,,,,,,,,,,,,,,,,,,,,,,,,,,,,,,,,,,,,,,,1.817277193069458,0.14528712630271912,9.882133167315871e-05,-18.332138061523438,566416,0.00995418056845665
0.0,0.19177215189873417,7.89999999999998,0.0,40.38172944008605,73.96023779476393,1,1.0,0.0,0.0,283.4375396268442,0.0,-0.03282802390822813,0.0,-16.610980097563434,,,,,,,,,,,,,,,,,,,,,,,,,,,,,,,,,,,,,,,,,-3.013410806655884,0.18729406595230103,9.882033664328593e-05,-17.491947174072266,566921,0.009961188770830631
,,,,,,,,,,,,,,,,,,,,,,,,,,,,,,,,,,,,,,,,,,,,,,,,848,21,504.71194386,0.12138956785202026,1467.18,9410,596923,,,,,,
0.0,0.3017186505410567,23.5000000000002,0.0,38.01298114124963,70.71553576040134,0,1.0,0.0,0.0,446.79550056532025,0.0,0.3770996192350285,0.0,319.4033774920691,,,,,,,,,,,,,,,,,,,,,,,,,,,,,,,,,,,,,,,,,-1.1917829513549805,0.1347551792860031,9.881866973323709e-05,-17.79334259033203,567767,0.009948424063622952
0.0,0.015285599356395816,1.5000000000000007,0.0,25.429867571025408,16.262275288201863,0,1.0,0.0,0.0,37.513554548844695,0.0,-0.06640360464198683,0.0,-7.10518569669259,,,,,,,,,,,,,,,,,,,,,,,,,,,,,,,,,,,,,,,,,-0.6201398968696594,0.15475569665431976,9.881846087789143e-05,-18.517681121826172,567873,0.009951389394700527
0.0,0.21846153846153846,5.549999999999988,0.0,39.427829685153824,202.02019313424222,3,1.0,0.0,0.0,473.7813002783805,0.0,0.28347752463183323,0.0,245.4915363311676,,,,,,,,,,,,,,,,,,,,,,,,,,,,,,,,,,,,,,,,,-0.02369558811187744,0.1969265192747116,9.881675654774872e-05,-17.101848602294922,568738,0.00995581317692995
1.0,0.17454545454545456,0.0,0.0,44.236703785754806,62.00602805843736,0,0.0,0.0,0.0,284.7508922535926,0.0,0.46524218830947633,0.0,215.87237537559702,,,,,,,,,,,,,,,,,,,,,,,,,,,,,,,,,,,,,,,,,-0.7464185357093811,0.16663800179958344,9.881584429386913e-05,-18.34552001953125,569201,0.00996321253478527
,,,,,,,,,,,,,,,,,,,,,,,,,,,,,,,,,,,,,,,,,,,,,,,,852,21,508.69160502000005,0.12118993699550629,1461.67,9518,599203,,,,,,
0.0,0.11477632173520108,3.899999999999994,0.0,40.41179791079612,109.24412777794021,1,1.0,0.0,0.0,243.80656865332276,0.0,0.32575506153187067,0.0,141.70345176636374,,,,,,,,,,,,,,,,,,,,,,,,,,,,,,,,,,,,,,,,,0.8777196407318115,0.19942180812358856,9.881498918284442e-05,-18.593929290771484,569635,0.00995012279599905
0.0,0.06987643800596506,0.0,0.0,43.95886895286031,105.49561417372145,1,1.0,0.0,0.0,165.08349996153265,0.0,0.3643644367151849,0.0,98.74276234981511,,,,,,,,,,,,,,,,,,,,,,,,,,,,,,,,,,,,,,,,,0.32335078716278076,0.23806768655776978,9.881445720320773e-05,-18.256309509277344,569905,0.009979450143873692
,,,,,,,,,,,,,,,0.2320706695318222,0.14284980297088623,0.33643969893455505,1.342789649963379,0.44658464193344116,23.534101486206055,5.139163970947266,19.933626174926758,0.09909851104021072,1.2976102828979492,0.5034465789794922,19.916860580444336,0.10169193893671036,0.008770993910729885,13.749893188476562,0.1405453085899353,10.62272834777832,7.3692545890808105,0.42014074325561523,0.6522367000579834,0.3361567258834839,0.22814595699310303,0.02190106362104416,0.4313937723636627,21.439620971679688,6.025118827819824,0.2883106470108032,0.3749258816242218,25.559534072875977,0.31647631525993347,0.0691092312335968,13.517358779907227,31.24289321899414,,,,,,,,-9.207352638244629,0.19178585708141327,9.881427396611057e-05,-17.28014373779297,569998,0.009982706047594547
1.0,0.06801573917931422,4.849999999999991,0.0,39.813017907284284,0.0,0,0.0,0.0,0.0,108.59338935790583,0.0,0.03314103604323084,0.0,6.528784100516475,,,,,,,,,,,,,,,,,,,,,,,,,,,,,,,,,,,,,,,,,2.138251304626465,0.4415435492992401,9.881407102629901e-05,-17.914274215698242,570101,0.009986285120248795
0.0,0.6449026345933563,47.24999999999945,0.0,37.36806976997796,230.66574881882545,1,1.0,0.0,0.0,1074.9596713073552,0.0,0.43404505272382393,0.0,899.3413492437631,,,,,,,,,,,,,,,,,,,,,,,,,,,,,,,,,,,,,,,,,1.2738804817199707,0.20464986562728882,9.880999060132929e-05,-17.557573318481445,572172,0.010011861100792885
,,,,,,,,,,,,,,,,,,,,,,,,,,,,,,,,,,,,,,,,,,,,,,,,856,21,512.52052237,0.12091013789176941,1450.78,9659,602174,,,,,,
0.0,0.04667609618104668,1.1000000000000003,0.0,34.76937893438715,2.0014862545767267,0,1.0,0.0,0.0,101.0756801692769,0.0,0.19959297242985566,0.0,41.91452421026969,,,,,,,,,,,,,,,,,,,,,,,,,,,,,,,,,,,,,,,,,1.602020263671875,0.20933109521865845,9.880957882002713e-05,-16.69556999206543,572381,0.010010219179093838
0.0,0.15273775216138327,4.699999999999991,0.0,36.98850376629461,96.46634924880874,1,1.0,0.0,0.0,363.6986772287637,0.0,0.2216935432311536,0.0,157.1807221508879,,,,,,,,,,,,,,,,,,,,,,,,,,,,,,,,,,,,,,,,,2.2173924446105957,0.24174144864082336,9.8808183892647e-05,-17.145023345947266,573089,0.01002716738730669
0.0,0.1610817166372722,22.80000000000019,0.0,28.622012576554678,17.994077456409354,0,1.0,0.0,0.0,246.98891622945666,0.0,0.30478871425700377,0.0,189.57858026785635,,,,,,,,,,,,,,,,,,,,,,,,,,,,,,,,,,,,,,,,,-4.236526966094971,0.22380569577217102,9.880696038398182e-05,-17.26308822631836,573710,0.010081592947244644
0.0,1.0,49.44999999999933,0.0,38.50597388157312,252.89756174150358,3,0.0,0.0,0.0,1547.6277769375592,1.0,0.45664009176826076,0.0,1321.973065669115,,,,,,,,,,,,,,,,,,,,,,,,,,,,,,,,,,,,,,,,,0.009247712790966034,0.18991565704345703,9.88012586581879e-05,-17.32330894470215,576604,0.010162253864109516
,,,,,,,,,,,,,,,,,,,,,,,,,,,,,,,,,,,,,,,,,,,,,,,,860,21,516.2324492,0.12041181325912476,1457.03,9865,606606,,,,,,
1.0,0.04622186495176849,0.65,0.0,38.1637478163024,25.21125922806934,0,0.0,0.0,0.0,112.54215285368264,0.0,0.19004452838344463,0.0,40.47948454567371,,,,,,,,,,,,,,,,,,,,,,,,,,,,,,,,,,,,,,,,,1.4441773891448975,0.2935142517089844,9.880084098470588e-05,-17.641128540039062,576816,0.010149681940674782
0.0,0.0888468809073724,5.749999999999988,0.0,36.45149006448496,74.73068182655027,0,1.0,0.0,0.0,140.45415067346767,0.0,0.245155700285667,0.0,68.15328467941542,,,,,,,,,,,,,,,,,,,,,,,,,,,,,,,,,,,,,,,,,1.6556777954101562,0.21474933624267578,9.880029525229527e-05,-16.791513442993164,577093,0.010147503577172756
0.0,0.5026427061310782,26.750000000000245,0.0,41.05959437544209,163.8716261638993,2,1.0,0.0,0.0,945.6367518566549,0.0,0.49470713947025075,0.0,820.719144381146,,,,,,,,,,,,,,,,,,,,,,,,,,,,,,,,,,,,,,,,,1.738847255706787,0.23495572805404663,9.879702877011416e-05,-17.62993621826172,578751,0.010264035314321518
0.0,0.053758325404376785,5.999999999999987,0.0,25.043563237758487,4.276428618283234,0,1.0,0.0,0.0,121.84803848620504,0.0,-0.002135201347668906,0.0,-0.7494556730317861,,,,,,,,,,,,,,,,,,,,,,,,,,,,,,,,,,,,,,,,,-5.952362537384033,0.16800221800804138,9.879633923014995e-05,-17.139413833618164,579101,0.010282219387590885
,,,,,,,,,,,,,,,,,,,,,,,,,,,,,,,,,,,,,,,,,,,,,,,,864,21,486.20650495000007,0.12017353624105453,1378.36,9986,609103,,,,,,
,,,,,,,,,,,,,,,0.23376402258872986,0.15464313328266144,0.32624244689941406,1.3806865215301514,0.4412717819213867,25.252613067626953,5.317667484283447,19.555950164794922,0.08943940699100494,1.1757397651672363,0.49767377972602844,19.77398109436035,0.09745220094919205,0.008916209451854229,14.0125150680542,0.1374797821044922,11.357633590698242,6.568801403045654,0.41529685258865356,0.6548434495925903,0.3298797607421875,0.23165363073349,0.01961429789662361,0.4296453595161438,20.34732437133789,5.841577053070068,0.2770448625087738,0.36045384407043457,25.754228591918945,0.3438342213630676,0.07240423560142517,13.88601303100586,30.50112533569336,,,,,,,,1.6865029335021973,0.21171361207962036,9.879457204876922e-05,-16.728225708007812,579998,0.010280003771185875
1.0,0.5768637532133676,77.89999999999772,0.0,30.95301600507209,252.772989159453,4,0.0,0.0,0.0,1071.1872449610382,0.0,0.42102771957117807,0.0,1049.622104890947,,,,,,,,,,,,,,,,,,,,,,,,,,,,,,,,,,,,,,,,,1.5063704252243042,0.16581684350967407,9.879142977551738e-05,-18.17413330078125,581593,0.010306959971785545
0.0,0.30401863715783345,3.4999999999999956,0.0,40.88763765050042,155.25094371896992,2,1.0,0.0,0.0,496.36919099558145,0.0,0.2835301599422217,0.0,248.08888994944397,,,,,,,,,,,,,,,,,,,,,,,,,,,,,,,,,,,,,,,,,1.9985694885253906,0.17470526695251465,9.87897079492818e-05,-17.918703079223633,582467,0.01029943861067295
0.0,0.07314524555903866,7.199999999999982,0.0,31.12232316879003,33.66701206297025,0,1.0,0.0,0.0,150.4651475958526,0.0,0.027236032519601355,0.0,9.505375349340873,,,,,,,,,,,,,,,,,,,,,,,,,,,,,,,,,,,,,,,,,1.0848441123962402,0.20252317190170288,9.878902237507015e-05,-18.930200576782227,582815,0.010316670872271061
0.0,0.48413074372335385,45.49999999999955,0.0,35.246492023128525,207.18379742734422,3,1.0,0.0,0.0,970.3735117642209,0.0,0.433374446232676,0.0,859.3815268793966,,,,,,,,,,,,,,,,,,,,,,,,,,,,,,,,,,,,,,,,,1.2899051904678345,0.1844644844532013,9.878511779971628e-05,-17.795671463012695,584797,0.010344942100346088
,,,,,,,,,,,,,,,,,,,,,,,,,,,,,,,,,,,,,,,,,,,,,,,,868,21,495.67047802,0.11960068345069885,1395.19,10258,614799,,,,,,
0.0,0.9991649269311065,113.19999999999571,0.0,34.54898415032934,352.52297011565184,4,1.0,0.0,0.0,2276.4424742525443,0.0,0.4545279509780767,0.0,2157.189655341952,,,,,,,,,,,,,,,,,,,,,,,,,,,,,,,,,,,,,,,,,-0.9683117866516113,0.34410446882247925,9.877577038017251e-05,-17.914710998535156,589542,0.010332721285521984
0.0,0.02630221763795771,0.0,0.0,34.37818492164852,33.28897385371829,0,1.0,0.0,0.0,51.7307267729193,0.0,0.018059692277524086,0.0,1.9685064582501255,,,,,,,,,,,,,,,,,,,,,,,,,,,,,,,,,,,,,,,,,-1.9272215366363525,0.16058048605918884,9.877555763059176e-05,-18.92279052734375,589650,0.01033130194991827
,,,,,,,,,,,,,,,0.22826027870178223,0.15196213126182556,0.3418053984642029,1.2668507099151611,0.458665668964386,23.29573631286621,5.336159706115723,20.921573638916016,0.09936556965112686,1.2245190143585205,0.4797671437263489,19.0932559967041,0.09378231316804886,0.009231004863977432,13.971588134765625,0.1509614735841751,11.080233573913574,7.245184898376465,0.4366905093193054,0.6730735301971436,0.31193530559539795,0.22035789489746094,0.02000553160905838,0.41759926080703735,20.528566360473633,5.740323543548584,0.28154322504997253,0.37870851159095764,25.560842514038086,0.3194941282272339,0.07318384945392609,13.487892150878906,31.841045379638672,,,,,,,,1.6316442489624023,0.15866568684577942,9.877487210573145e-05,-18.24750518798828,589998,0.010357449762523174
0.0,0.2534446764091858,2.9499999999999975,0.0,46.2922090210524,294.0260572099158,2,1.0,0.0,0.0,638.6616901699454,0.0,0.35135714548377744,0.0,349.24900261087475,,,,,,,,,,,,,,,,,,,,,,,,,,,,,,,,,,,,,,,,,2.013634204864502,0.22335684299468994,9.87736015271836e-05,-18.40391731262207,590643,0.010381103493273258
0.0,0.17369589345172032,32.00000000000032,0.0,25.899233423788584,53.984738829145336,1,1.0,0.0,0.0,287.48872956167907,0.0,0.4801327499373979,0.0,384.10619994991833,,,,,,,,,,,,,,,,,,,,,,,,,,,,,,,,,,,,,,,,,-8.226545333862305,0.25112515687942505,9.877202759708499e-05,-17.364185333251953,591442,0.01037235464900732
,,,,,,,,,,,,,,,,,,,,,,,,,,,,,,,,,,,,,,,,,,,,,,,,872,21,519.6151208099999,0.11903674155473709,1438.89,10578,621444,,,,,,
0.0,0.2704785077047851,5.999999999999987,0.0,44.43692487951974,111.59747311272935,1,1.0,0.0,0.0,707.6017965255305,0.0,0.35500538144670324,0.0,407.1911725193686,,,,,,,,,,,,,,,,,,,,,,,,,,,,,,,,,,,,,,,,,1.4900195598602295,0.18858978152275085,9.876977014237612e-05,-17.283578872680664,592588,0.01035295519977808
0.0,0.48047084002140183,94.24999999999679,0.0,28.048276044244968,113.56031614609915,2,1.0,0.0,0.0,945.5405060835183,0.0,0.40493654914718835,0.0,983.1859413293733,,,,,,,,,,,,,,,,,,,,,,,,,,,,,,,,,,,,,,,,,1.229142189025879,0.15116643905639648,9.876498938803243e-05,-17.797637939453125,595015,0.010411849245429039
1.0,0.39885714285714285,2.849999999999998,0.0,46.457759363623225,244.24333315868597,1,0.0,0.0,0.0,671.2680404121056,0.0,0.4899291256746587,0.0,510.0162198273197,,,,,,,,,,,,,,,,,,,,,,,,,,,,,,,,,,,,,,,,,0.7906816005706787,0.22015690803527832,9.876294081031016e-05,-17.239635467529297,596055,0.010476406663656235
0.0,0.11608832807570978,7.79999999999998,0.0,27.747325463255194,24.949539149263593,0,1.0,0.0,0.0,183.9426074209623,0.0,0.11026622006236007,0.0,52.707253189808114,,,,,,,,,,,,,,,,,,,,,,,,,,,,,,,,,,,,,,,,,0.6000325679779053,0.28539568185806274,9.876200122940182e-05,-18.108997344970703,596532,0.010484742932021618
,,,,,,,,,,,,,,,,,,,,,,,,,,,,,,,,,,,,,,,,,,,,,,,,876,21,520.0497663600001,0.11858570575714111,1428.3,10828,626534,,,,,,
0.0,0.14945878434637802,2.000000000000001,0.0,44.6929857049588,207.65660140746303,2,1.0,0.0,0.0,377.02091900538653,0.0,0.3395325667453081,0.0,206.4358005811473,,,,,,,,,,,,,,,,,,,,,,,,,,,,,,,,,,,,,,,,,-3.1212644577026367,0.18057088553905487,9.87608055847203e-05,-18.468740463256836,597139,0.010501754470169544
,,,,,,,,,,,,,,,0.2401198148727417,0.1382124274969101,0.3211566209793091,1.393554449081421,0.4455403685569763,24.213146209716797,5.653877258300781,19.353885650634766,0.09193901717662811,1.323684573173523,0.5046267509460449,20.41285514831543,0.0987861156463623,0.009502174332737923,14.470358848571777,0.1428745985031128,10.304767608642578,6.854740142822266,0.4182943105697632,0.7084580063819885,0.33872905373573303,0.21439555287361145,0.02196510136127472,0.4242386519908905,21.07803726196289,5.953155040740967,0.28270861506462097,0.3621148467063904,25.56592559814453,0.3247582018375397,0.07583247870206833,12.920135498046875,31.186962127685547,,,,,,,,0.3208993673324585,0.16393624246120453,9.875517413699727e-05,-17.119657516479492,599998,0.010584318079054356
0.0,1.0,28.800000000000274,0.0,44.62601517784387,302.82263355120284,4,0.0,0.0,0.0,1964.6771564893425,1.0,0.4825038623881707,0.0,1530.0197476328894,,,,,,,,,,,,,,,,,,,,,,,,,,,,,,,,,,,,,,,,,-5.750417709350586,0.15838533639907837,9.875456156182484e-05,-18.132556915283203,600309,0.010579710826277733
0.0,0.3282359366466412,25.65000000000023,0.0,36.933477247089535,222.32813673351515,1,1.0,0.0,0.0,574.686641755281,0.0,0.3844326139812034,0.0,430.948960272929,,,,,,,,,,,,,,,,,,,,,,,,,,,,,,,,,,,,,,,,,0.9105907678604126,0.17015397548675537,9.875235551914734e-05,-16.90882110595703,601429,0.010608328506350517
0.0,0.3127311146328579,7.549999999999981,0.0,43.60910981396665,143.7364139941082,1,1.0,0.0,0.0,567.0559542281553,0.0,0.3662041473631826,0.0,343.1332860793021,,,,,,,,,,,,,,,,,,,,,,,,,,,,,,,,,,,,,,,,,0.3684191107749939,0.1851188838481903,9.875051191676375e-05,-18.744144439697266,602365,0.010613681748509407
,,,,,,,,,,,,,,,,,,,,,,,,,,,,,,,,,,,,,,,,,,,,,,,,880,21,533.25889252,0.11808077991008759,1416.34,11107,632367,,,,,,
0.0,0.11257142857142857,6.849999999999984,0.0,33.828955815367486,124.95299292845566,1,1.0,0.0,0.0,212.4727574577555,0.0,0.30635789420716303,0.0,138.78012607584486,,,,,,,,,,,,,,,,,,,,,,,,,,,,,,,,,,,,,,,,,-0.2550126910209656,0.20821543037891388,9.87496216363358e-05,-17.414037704467773,602817,0.010626737028360367
0.0,0.12544802867383512,15.050000000000079,0.0,30.74837040914833,0.0,0,1.0,0.0,0.0,216.21856608707458,0.0,0.17499595849989832,0.0,88.72295095944845,,,,,,,,,,,,,,,,,,,,,,,,,,,,,,,,,,,,,,,,,0.41633111238479614,0.19045406579971313,9.874862499975693e-05,-17.913654327392578,603323,0.010639996267855167
0.0,0.8746606334841629,4.099999999999993,0.0,46.75912587873411,336.7221595346176,3,1.0,0.0,0.0,1926.3129546279088,0.0,0.48323544553116626,0.0,1433.7595668909703,,,,,,,,,,,,,,,,,,,,,,,,,,,,,,,,,,,,,,,,,1.0711461305618286,0.20519337058067322,9.874278315656572e-05,-18.96173095703125,606289,0.010658327490091324
0.0,0.08581862446743761,0.0,0.0,39.99079114386964,117.41321721277531,0,1.0,0.0,0.0,140.6593016665429,0.0,0.22918506381210144,0.0,58.21300620827377,,,,,,,,,,,,,,,,,,,,,,,,,,,,,,,,,,,,,,,,,1.7890069484710693,0.48293131589889526,9.874228485498701e-05,-17.347618103027344,606542,0.010671030730009079
,,,,,,,,,,,,,,,,,,,,,,,,,,,,,,,,,,,,,,,,,,,,,,,,884,21,528.6528717499999,0.1177280992269516,1394.44,11309,636544,,,,,,
0.0,0.3751796837565884,5.299999999999989,0.0,43.56951333974977,287.3865421702846,3,1.0,0.0,0.0,757.6522934157401,0.0,0.40648472869555613,0.0,509.32536505553185,,,,,,,,,,,,,,,,,,,,,,,,,,,,,,,,,,,,,,,,,-1.486352562904358,0.19337858259677887,9.873981897012296e-05,-19.253873825073242,607794,0.01070999726653099
0.0,0.039473684210526314,2.3999999999999995,0.0,33.39841866023769,36.42335622727071,0,1.0,0.0,0.0,88.26388571504503,0.0,0.016348229390345078,0.0,3.12251181355591,,,,,,,,,,,,,,,,,,,,,,,,,,,,,,,,,,,,,,,,,0.45148128271102905,0.2330862581729889,9.873944475707343e-05,-18.5745792388916,607984,0.010718564502894878
0.0,0.12306404353285894,0.0,0.0,45.467388733596614,119.41537458780945,1,1.0,0.0,0.0,312.2379791298881,0.0,0.5271425485816345,0.0,260.93556154790906,,,,,,,,,,,,,,,,,,,,,,,,,,,,,,,,,,,,,,,,,0.47189560532569885,0.4100251793861389,9.87384718064802e-05,-16.95795440673828,608478,0.010718134231865406
0.0,0.142570281124498,11.350000000000026,0.0,35.09467916329618,28.15804767584305,0,1.0,0.0,0.0,371.1226113503799,0.0,0.33680803308964485,0.0,256.6477212143094,,,,,,,,,,,,,,,,,,,,,,,,,,,,,,,,,,,,,,,,,-0.6179537177085876,0.24443233013153076,9.873697299930592e-05,-18.634605407714844,609239,0.010718042962253094
,,,,,,,,,,,,,,,,,,,,,,,,,,,,,,,,,,,,,,,,,,,,,,,,888,21,487.74115191000004,0.11751599609851837,1298.66,11436,639241,,,,,,
,,,,,,,,,,,,,,,0.22458848357200623,0.15290366113185883,0.3230876624584198,1.385933756828308,0.44536125659942627,25.069177627563477,6.104923725128174,19.844436645507812,0.0876627266407013,1.3008074760437012,0.49042826890945435,19.697355270385742,0.1034754067659378,0.009654233232140541,13.7944974899292,0.14090865850448608,11.159500122070312,6.3979644775390625,0.4230784773826599,0.7046033143997192,0.3206930160522461,0.22469422221183777,0.02117847092449665,0.41038453578948975,19.685932159423828,6.35558557510376,0.2697299122810364,0.3538612723350525,25.206315994262695,0.34348928928375244,0.08364757150411606,13.800992012023926,30.877901077270508,,,,,,,,2.2279553413391113,0.16655148565769196,9.873547814256666e-05,-18.012054443359375,609998,0.010740215890109539
0.0,0.6539092400218699,31.800000000000317,0.0,39.55176311277815,144.84809724437125,2,1.0,0.0,0.0,1137.814205845818,0.0,0.4797473930519554,0.0,994.0365984036516,,,,,,,,,,,,,,,,,,,,,,,,,,,,,,,,,,,,,,,,,-3.1994009017944336,0.17745035886764526,9.873289417460395e-05,-18.10232162475586,611310,0.010799304582178593
0.0,1.0,80.64999999999756,0.0,35.58054053504738,297.3873400966546,4,0.0,0.0,0.0,1747.7853145627305,1.0,0.5139913500519875,0.0,1818.5013964839316,,,,,,,,,,,,,,,,,,,,,,,,,,,,,,,,,,,,,,,,,0.9041773080825806,0.22528627514839172,9.872592826564422e-05,-18.07611083984375,614847,0.010895775631070137
0.0,1.0,47.59999999999943,0.0,40.859654141057675,117.96653483620605,1,0.0,0.0,0.0,1843.7153207645752,1.0,0.4667893361150514,0.0,1517.065342373917,,,,,,,,,,,,,,,,,,,,,,,,,,,,,,,,,,,,,,,,,2.9304380416870117,0.19624808430671692,9.871952977302279e-05,-18.15928840637207,618096,0.010796147398650646
0.0,0.16997167138810199,2.6999999999999984,0.0,43.356562649700315,122.02556634115498,2,1.0,0.0,0.0,444.5982155734673,0.0,0.40196696735246956,0.0,297.053588873475,,,,,,,,,,,,,,,,,,,,,,,,,,,,,,,,,,,,,,,,,-0.4078429639339447,0.18548691272735596,9.871807640485282e-05,-18.310733795166016,618834,0.010808690451085567
,,,,,,,,,,,,,,,,,,,,,,,,,,,,,,,,,,,,,,,,,,,,,,,,892,21,510.54184633000006,0.11690853536128998,1324.62,11881,648836,,,,,,
,,,,,,,,,,,,,,,0.21901698410511017,0.13444001972675323,0.2990984320640564,1.4714313745498657,0.46776098012924194,23.1884822845459,5.165902614593506,19.1657772064209,0.08649304509162903,1.0928614139556885,0.48091793060302734,20.271194458007812,0.08336269855499268,0.009479554370045662,14.034278869628906,0.1340981125831604,10.158573150634766,6.535597801208496,0.4409286379814148,0.7162951827049255,0.31634941697120667,0.2107379138469696,0.01705504208803177,0.41496542096138,20.917640686035156,5.3417558670043945,0.2768270969390869,0.32683679461479187,26.590360641479492,0.3068797290325165,0.06836629658937454,13.503767967224121,33.3175048828125,,,,,,,,-2.084970474243164,0.33789730072021484,9.871578412243962e-05,-17.859376907348633,619998,0.010770191438496113
0.0,0.9916773367477593,40.59999999999983,0.0,41.397159587832924,188.831250130489,1,1.0,0.0,0.0,1493.1289492268115,0.0,0.3615434675094229,0.0,939.2899285894807,,,,,,,,,,,,,,,,,,,,,,,,,,,,,,,,,,,,,,,,,0.2848711311817169,0.17450350522994995,9.871296213108533e-05,-19.441967010498047,621431,0.010821092873811722
0.0,0.05651595744680851,4.6499999999999915,0.0,33.79795413536854,0.0,0,1.0,0.0,0.0,84.6673429813236,0.0,-0.06051068941104482,0.0,-10.952434783399113,,,,,,,,,,,,,,,,,,,,,,,,,,,,,,,,,,,,,,,,,-0.09795790910720825,0.19651472568511963,9.871260766190414e-05,-19.87530517578125,621611,0.01081438735127449
0.0,0.315358067299396,9.650000000000002,0.0,42.523863258218874,276.6000926997984,2,1.0,0.0,0.0,712.7956093773246,0.0,0.373147053084886,0.0,450.76164012654226,,,,,,,,,,,,,,,,,,,,,,,,,,,,,,,,,,,,,,,,,-1.998699426651001,0.19298753142356873,9.871023076564286e-05,-17.666339874267578,622818,0.010830327868461609
0.0,0.08568443051201671,0.0,0.0,42.98934392162666,91.32221341351493,2,1.0,0.0,0.0,165.69344101380557,0.0,0.4507758700743824,0.0,125.31569188067832,,,,,,,,,,,,,,,,,,,,,,,,,,,,,,,,,,,,,,,,,-0.9307854175567627,0.21718545258045197,9.870968528480898e-05,-19.378170013427734,623095,0.010832594707608223
,,,,,,,,,,,,,,,,,,,,,,,,,,,,,,,,,,,,,,,,,,,,,,,,896,21,500.66152273000006,0.11665120720863342,1297.66,12081,653097,,,,,,
1.0,0.3123011664899258,5.04999999999999,0.0,44.66239007820553,209.06449735857504,2,0.0,0.0,0.0,567.8048355155624,0.0,0.4085719630775602,0.0,374.25191817904516,,,,,,,,,,,,,,,,,,,,,,,,,,,,,,,,,,,,,,,,,1.960930585861206,0.19961810111999512,9.870788343650334e-05,-18.977476119995117,624010,0.010853628627955914
0.0,1.0,259.3000000000247,0.0,26.357259094146443,0.0,0,0.0,0.0,0.0,1898.004946615547,1.0,0.3950516185631575,0.0,2048.7376938685347,,,,,,,,,,,,,,,,,,,,,,,,,,,,,,,,,,,,,,,,,-0.06180793046951294,0.14667123556137085,9.869767327499276e-05,-18.954984664916992,629195,0.010949071496725082
,,,,,,,,,,,,,,,0.2085493803024292,0.1476028561592102,0.3145621418952942,1.3534576892852783,0.43618297576904297,25.149869918823242,5.51256799697876,20.842037200927734,0.09196507930755615,1.0233392715454102,0.4595809876918793,19.66985321044922,0.08754285424947739,0.00914179626852274,13.817917823791504,0.13611437380313873,11.007719993591309,6.8584442138671875,0.4050261676311493,0.6817641258239746,0.29687076807022095,0.19991160929203033,0.015444930642843246,0.38638609647750854,20.58416175842285,5.800353050231934,0.27601364254951477,0.3395606577396393,25.60089683532715,0.33723539113998413,0.07391819357872009,13.24560260772705,30.205476760864258,,,,,,,,2.017233371734619,0.1677403450012207,9.86960920766162e-05,-18.21859359741211,629998,0.010941910557448864
0.0,1.0,28.100000000000264,0.0,42.38207777545824,256.7152601767549,3,0.0,0.0,0.0,1890.1007988033816,1.0,0.5312791398020636,0.0,1706.4685970442283,,,,,,,,,,,,,,,,,,,,,,,,,,,,,,,,,,,,,,,,,1.0366071462631226,0.16711658239364624,9.86913505269277e-05,-18.678634643554688,632406,0.010924388654530048
0.0,0.050809352517985615,1.0500000000000003,0.0,32.29227144275879,80.20217786219251,1,1.0,0.0,0.0,109.49386352137662,0.0,0.18819176148741354,0.0,46.106981564416316,,,,,,,,,,,,,,,,,,,,,,,,,,,,,,,,,,,,,,,,,0.6768380403518677,0.15836629271507263,9.869087007728387e-05,-18.62051010131836,632650,0.010920841246843338
,,,,,,,,,,,,,,,,,,,,,,,,,,,,,,,,,,,,,,,,,,,,,,,,900,21,515.9854752800001,0.11583678424358368,1325.23,12542,662652,,,,,,
0.0,0.8744744744744745,59.39999999999876,0.0,37.24259261497915,235.48601523404514,2,1.0,0.0,0.0,1376.293223071145,0.0,0.46597921500616357,0.0,1240.4366703464075,,,,,,,,,,,,,,,,,,,,,,,,,,,,,,,,,,,,,,,,,-3.5690197944641113,0.166043221950531,9.868563049579682e-05,-19.957347869873047,635311,0.010932335630059242
0.0,0.41259357111404665,6.099999999999986,0.0,46.36254900621408,290.9614823227142,3,1.0,0.0,0.0,919.1577793676406,0.0,0.46541819228205605,0.0,664.617178578776,,,,,,,,,,,,,,,,,,,,,,,,,,,,,,,,,,,,,,,,,-2.6449291706085205,0.17128539085388184,9.868282075151085e-05,-18.757755279541016,636738,0.010950935073196888
0.0,0.29247434435575825,3.4999999999999956,0.0,45.02932940482495,152.05489730696743,3,1.0,0.0,0.0,545.0541131542996,0.0,0.4840161641511953,0.0,422.0620951398423,,,,,,,,,,,,,,,,,,,,,,,,,,,,,,,,,,,,,,,,,-0.02615513652563095,0.17660820484161377,9.868110578369176e-05,-19.623706817626953,637609,0.010950903408229351
0.0,0.19867914144193727,13.100000000000051,0.0,39.34669106248867,41.01405857467225,1,1.0,0.0,0.0,339.6755940821022,0.0,0.3005185974835222,0.0,186.92256763475083,,,,,,,,,,,,,,,,,,,,,,,,,,,,,,,,,,,,,,,,,0.9646406173706055,0.18381240963935852,9.86798830660692e-05,-19.85906982421875,638230,0.010978950187563896
,,,,,,,,,,,,,,,,,,,,,,,,,,,,,,,,,,,,,,,,,,,,,,,,904,21,522.6298395399999,0.11548373103141785,1330.73,12803,668232,,,,,,
,,,,,,,,,,,,,,,0.20380820333957672,0.15245315432548523,0.3085253834724426,1.2903300523757935,0.4702371656894684,23.232501983642578,5.11165714263916,21.028959274291992,0.09341726452112198,1.0924395322799683,0.43774065375328064,20.030893325805664,0.07591255009174347,0.008840302005410194,13.891480445861816,0.1384844332933426,11.053596496582031,6.77320671081543,0.442257285118103,0.6409649848937988,0.2938823103904724,0.19330693781375885,0.016027674078941345,0.3756822347640991,21.122251510620117,5.174167156219482,0.2913218140602112,0.33924704790115356,25.606340408325195,0.3204267621040344,0.07050088047981262,13.175718307495117,32.0658073425293,,,,,,,,1.6682980060577393,0.20918568968772888,9.86764020050963e-05,-20.648696899414062,639998,0.0109507841989398
0.0,1.0,10.100000000000009,0.0,44.257212609595115,451.93378009947634,5,0.0,0.0,0.0,1717.7223778991029,1.0,0.4777392337231689,0.0,1335.7588974899802,,,,,,,,,,,,,,,,,,,,,,,,,,,,,,,,,,,,,,,,,1.6914286613464355,0.19183972477912903,9.867437994654348e-05,-17.99429702758789,641025,0.010945051908493042
0.0,0.12045889101338432,18.05000000000012,0.0,36.28329425567168,40.5172071289973,1,1.0,0.0,0.0,249.61524079367518,0.0,-0.042781753834331235,0.0,-21.219749901828294,,,,,,,,,,,,,,,,,,,,,,,,,,,,,,,,,,,,,,,,,1.9901100397109985,0.19434913992881775,9.867340534932269e-05,-19.60834503173828,641520,0.010927139781415462
0.0,0.2224290367612843,25.500000000000227,0.0,36.5983557322231,49.37212490798913,0,1.0,0.0,0.0,451.05287510179915,0.0,0.43672656092484835,0.0,387.81318610126533,,,,,,,,,,,,,,,,,,,,,,,,,,,,,,,,,,,,,,,,,-0.5326715707778931,0.1313251405954361,9.867165896195922e-05,-19.490949630737305,642407,0.010898929089307785
0.0,1.0,69.84999999999818,0.0,37.29954280070644,394.47220703153033,3,0.0,0.0,0.0,1887.5739484354854,1.0,0.45358779671609006,0.0,1653.3275190301483,,,,,,,,,,,,,,,,,,,,,,,,,,,,,,,,,,,,,,,,,0.5177203416824341,0.17687660455703735,9.866448456400896e-05,-18.87470245361328,646051,0.010828283615410328
,,,,,,,,,,,,,,,,,,,,,,,,,,,,,,,,,,,,,,,,,,,,,,,,908,21,529.59795121,0.11493430286645889,1335.74,13180,676053,,,,,,
0.0,0.2828146143437077,1.0500000000000003,0.0,44.34042020424403,184.8673356208014,1,1.0,0.0,0.0,600.0299335476011,0.0,0.28632881966220564,0.0,279.1705991706505,,,,,,,,,,,,,,,,,,,,,,,,,,,,,,,,,,,,,,,,,1.1181282997131348,0.13260795176029205,9.866256697295384e-05,-18.803573608398438,647025,0.010837885551154613
0.0,0.1287313432835821,2.0500000000000007,0.0,43.0963655624187,0.0,0,1.0,0.0,0.0,205.59634255990386,0.0,0.19400801053675507,0.0,66.73875562464374,,,,,,,,,,,,,,,,,,,,,,,,,,,,,,,,,,,,,,,,,1.6764013767242432,0.18514332175254822,9.866189168610727e-05,-18.70315933227539,647368,0.010834697633981705
0.0,0.11365079365079366,0.35,0.0,41.413239100146185,0.0,0,1.0,0.0,0.0,164.16547408513725,0.0,0.05414220864700348,0.0,15.484671673042996,,,,,,,,,,,,,,,,,,,,,,,,,,,,,,,,,,,,,,,,,-0.9824194312095642,0.22262194752693176,9.866133058947384e-05,-19.43187713623047,647653,0.010830760933458805
,,,,,,,,,,,,,,,0.2048906832933426,0.15505439043045044,0.2977934777736664,1.430506706237793,0.4553554654121399,23.832096099853516,5.742734432220459,19.994182586669922,0.10185351967811584,1.0294550657272339,0.4715491235256195,20.441238403320312,0.08349862694740295,0.009690738283097744,13.756587028503418,0.1558539867401123,11.234238624572754,7.379647731781006,0.42930394411087036,0.7021282315254211,0.30445194244384766,0.1862819790840149,0.015332710929214954,0.3971511125564575,20.004575729370117,5.606190204620361,0.27610212564468384,0.3296378254890442,26.665163040161133,0.3289293646812439,0.0792609304189682,12.50717830657959,31.10458755493164,,,,,,,,-3.2715988159179688,0.17515066266059875,9.865671390788001e-05,-18.887149810791016,649998,0.010861783288419247
0.0,0.8929961089494164,48.949999999999356,0.0,37.92942821392548,229.7301093823852,4,1.0,0.0,0.0,1320.6762157138437,0.0,0.5113095073910198,0.0,1282.3642445366775,,,,,,,,,,,,,,,,,,,,,,,,,,,,,,,,,,,,,,,,,1.512214183807373,0.15798749029636383,9.865639497695602e-05,-19.871440887451172,650160,0.010862761177122593
,,,,,,,,,,,,,,,,,,,,,,,,,,,,,,,,,,,,,,,,,,,,,,,,912,21,541.4638825300001,0.11460550874471664,1361.68,13371,680162,,,,,,
0.0,0.2557077625570776,2.9999999999999973,0.0,41.01136904922051,152.61148341055315,2,1.0,0.0,0.0,370.3488995777443,0.0,0.24999450401529022,0.0,162.74642211395394,,,,,,,,,,,,,,,,,,,,,,,,,,,,,,,,,,,,,,,,,-0.07010608911514282,0.188027024269104,9.865511532105148e-05,-18.732635498046875,650810,0.010830926708877087
0.0,1.0,46.79999999999948,0.0,38.97489690990595,112.70417374685051,2,0.0,0.0,0.0,1518.4214020213112,1.0,0.41518176275834257,0.0,1165.0000262999092,,,,,,,,,,,,,,,,,,,,,,,,,,,,,,,,,,,,,,,,,-1.4708514213562012,0.16548144817352295,9.864959320931566e-05,-18.17496109008789,653615,0.010912413708865643
0.0,1.0,45.099999999999575,0.0,39.72006260793122,105.03688932375898,1,0.0,0.0,0.0,1860.5958387451246,1.0,0.4599218851720469,0.0,1551.7764405704863,,,,,,,,,,,,,,,,,,,,,,,,,,,,,,,,,,,,,,,,,-0.7175980806350708,0.19974848628044128,9.864295310026826e-05,-19.18024444580078,656988,0.010934713296592236
0.0,0.02738475581926061,0.9000000000000002,0.0,27.186631901198652,20.78572020030516,0,1.0,0.0,0.0,49.237626132555306,0.0,-0.24574442296825372,0.0,-32.192519408841235,,,,,,,,,,,,,,,,,,,,,,,,,,,,,,,,,,,,,,,,,1.2608146667480469,0.16948705911636353,9.864269718594473e-05,-19.435705184936523,657118,0.01092351321130991
,,,,,,,,,,,,,,,,,,,,,,,,,,,,,,,,,,,,,,,,,,,,,,,,916,21,545.01360222,0.11405525356531143,1366.35,13696,687120,,,,,,
0.0,0.2963928726640591,10.700000000000017,0.0,43.91731450952412,250.65773241262767,3,1.0,0.0,0.0,723.5490678641945,0.0,0.4633451769511405,0.0,549.9907250410038,,,,,,,,,,,,,,,,,,,,,,,,,,,,,,,,,,,,,,,,,1.430983543395996,0.1692664623260498,9.864036247529284e-05,-19.034740447998047,658304,0.01097286306321621
0.0,0.33133364097831103,2.4499999999999993,0.0,40.65848117106826,98.6051758280355,0,1.0,0.0,0.0,689.4552015038207,0.0,0.28650475861055913,0.0,350.1088150221033,,,,,,,,,,,,,,,,,,,,,,,,,,,,,,,,,,,,,,,,,1.6143112182617188,0.1695888340473175,9.86379588940973e-05,-20.655025482177734,659525,0.011006982997059822
0.0,0.0678453947368421,2.1000000000000005,0.0,38.789829252979025,114.05812084460092,1,0.0,0.0,1.0,166.83822868205607,0.0,0.36282304017756695,0.0,112.47514245504576,,,,,,,,,,,,,,,,,,,,,,,,,,,,,,,,,,,,,,,,,1.2061481475830078,0.27653706073760986,9.863735062145927e-05,-19.12520980834961,659834,0.011012264527380466
,,,,,,,,,,,,,,,0.2085128128528595,0.149778351187706,0.2948136031627655,1.3365427255630493,0.4625312089920044,24.066635131835938,5.8391432762146,20.265018463134766,0.08863027393817902,1.0985480546951294,0.435066282749176,20.024856567382812,0.07858985662460327,0.008849172852933407,14.332840919494629,0.14423882961273193,10.778629302978516,6.378177642822266,0.4336516559123993,0.6368206739425659,0.29131972789764404,0.18901753425598145,0.01598157361149788,0.37655556201934814,21.093345642089844,5.402142524719238,0.2931102216243744,0.3255161941051483,25.883832931518555,0.3344266414642334,0.08113992214202881,12.992765426635742,31.207250595092773,,,,,,,,-0.48062628507614136,0.17199575901031494,9.863702778496728e-05,-19.595108032226562,659998,0.011005650274455547
0.0,0.21009771986970685,11.60000000000003,0.0,40.822804098367634,48.2603229727343,1,1.0,0.0,0.0,365.43680247012526,0.0,0.44335425393976396,0.0,285.96349379114776,,,,,,,,,,,,,,,,,,,,,,,,,,,,,,,,,,,,,,,,,-1.7483391761779785,0.22761765122413635,9.863608290072514e-05,-19.078105926513672,660478,0.01100155245512724
,,,,,,,,,,,,,,,,,,,,,,,,,,,,,,,,,,,,,,,,,,,,,,,,920,21,549.44044614,0.11385902762413025,1370.32,13857,690480,,,,,,
0.0,0.39717618170656843,26.100000000000236,0.0,34.61704423486774,113.11761129101198,1,1.0,0.0,0.0,621.8210155945271,0.0,0.267259020852479,0.0,345.83317298310783,,,,,,,,,,,,,,,,,,,,,,,,,,,,,,,,,,,,,,,,,2.770545482635498,0.2092636525630951,9.863353764142826e-05,-18.419816970825195,661771,0.011055560782551765
0.0,0.25774526678141135,9.950000000000006,0.0,43.00733125120571,248.46311028948185,3,1.0,0.0,0.0,632.1257431926206,0.0,0.4202204584751949,0.0,445.0134655252314,,,,,,,,,,,,,,,,,,,,,,,,,,,,,,,,,,,,,,,,,1.7210710048675537,0.21786347031593323,9.863145500214922e-05,-19.81727409362793,662829,0.011113802902400494
0.0,0.11133300049925113,6.999999999999983,0.0,27.86973156056106,44.93592966097001,1,1.0,0.0,0.0,243.81792102847248,0.0,-0.013761084754165605,0.0,-8.683244479878496,,,,,,,,,,,,,,,,,,,,,,,,,,,,,,,,,,,,,,,,,-1.3296300172805786,0.2140009105205536,9.863021487772658e-05,-18.818721771240234,663459,0.011143380776047707
0.0,0.3629242819843342,6.649999999999984,0.0,36.03064054895195,245.8411664743262,3,1.0,0.0,0.0,530.3446268218104,0.0,0.3284609218683345,0.0,348.4970381023029,,,,,,,,,,,,,,,,,,,,,,,,,,,,,,,,,,,,,,,,,0.18685191869735718,0.2541423738002777,9.862812833685806e-05,-19.115917205810547,664519,0.011175925843417645
,,,,,,,,,,,,,,,,,,,,,,,,,,,,,,,,,,,,,,,,,,,,,,,,924,21,549.1949172,0.1136145293712616,1378.32,14050,694521,,,,,,
0.0,0.1223185759926974,5.249999999999989,0.0,45.20627059224875,134.3067319657854,1,1.0,0.0,0.0,284.6678627990186,0.0,0.36552279363487883,0.0,165.947348310235,,,,,,,,,,,,,,,,,,,,,,,,,,,,,,,,,,,,,,,,,-1.3835862874984741,0.19682152569293976,9.86272366426678e-05,-19.066438674926758,664972,0.011190281249582767
0.0,0.24200206398348814,39.94999999999987,0.0,28.066037605724613,69.94109479289273,1,1.0,0.0,0.0,454.592655739747,0.0,0.3756733271671086,0.0,438.4107728040157,,,,,,,,,,,,,,,,,,,,,,,,,,,,,,,,,,,,,,,,,0.20976591110229492,0.17738205194473267,9.862494148376233e-05,-18.616666793823242,666138,0.011255602352321148
0.0,0.13454545454545455,1.2500000000000004,0.0,43.00694918391611,43.062925100679784,1,1.0,0.0,0.0,276.2871285304427,0.0,0.3422433957368496,0.0,158.45869222616136,,,,,,,,,,,,,,,,,,,,,,,,,,,,,,,,,,,,,,,,,2.173619270324707,0.17494037747383118,9.862403208860186e-05,-20.104141235351562,666600,0.01126888208091259
0.0,1.0,64.34999999999849,0.0,37.337145967566876,358.70189135639345,6,0.0,0.0,0.0,1464.8103648265824,1.0,0.4849138774224609,0.0,1370.3666175958745,,,,,,,,,,,,,,,,,,,,,,,,,,,,,,,,,,,,,,,,,-0.22070074081420898,0.1328742504119873,9.861847148475075e-05,-19.215984344482422,669425,0.011383290402591228
,,,,,,,,,,,,,,,,,,,,,,,,,,,,,,,,,,,,,,,,,,,,,,,,928,21,543.2296655600001,0.1133057028055191,1364.57,14287,699427,,,,,,
0.0,0.19314641744548286,5.1999999999999895,0.0,44.24342923890017,120.20022338282959,2,1.0,0.0,0.0,333.2695112666115,0.0,0.3185660060242385,0.0,172.9813412711615,,,,,,,,,,,,,,,,,,,,,,,,,,,,,,,,,,,,,,,,,2.2414703369140625,0.188497856259346,9.861740465416813e-05,-19.56466293334961,669967,0.011378725059330463
,,,,,,,,,,,,,,,0.20700499415397644,0.17051690816879272,0.2855350971221924,1.3786507844924927,0.4374501407146454,24.39438819885254,5.117312431335449,20.194114685058594,0.09645424038171768,1.109243392944336,0.4265422523021698,20.12069320678711,0.071126788854599,0.008867050521075726,14.64017105102539,0.14548259973526,12.379457473754883,7.002538204193115,0.4107288122177124,0.6437442302703857,0.2844969630241394,0.18876981735229492,0.01568416878581047,0.3613341152667999,20.643821716308594,5.030354022979736,0.28435176610946655,0.3093910813331604,25.554906845092773,0.3360127806663513,0.07048679888248444,13.350510597229004,29.818740844726562,,,,,,,,-4.999868392944336,0.2495044767856598,9.861734363635812e-05,-18.545026779174805,669998,0.011372347362339497
0.0,1.0,44.199999999999626,0.0,42.56709693893781,212.06632463004027,3,0.0,0.0,0.0,1931.2527591139078,1.0,0.47484556565901526,0.0,1551.795308573662,,,,,,,,,,,,,,,,,,,,,,,,,,,,,,,,,,,,,,,,,1.1839221715927124,0.1789245754480362,9.861097426868207e-05,-20.078121185302734,673234,0.011403695680201054
0.0,0.06310160427807486,3.349999999999996,0.0,38.105724444675175,17.323812334859834,0,1.0,0.0,0.0,126.70052691921592,0.0,0.20882702393627123,0.0,50.1184857447051,,,,,,,,,,,,,,,,,,,,,,,,,,,,,,,,,,,,,,,,,0.7606889009475708,0.20063471794128418,9.861050385695644e-05,-19.353092193603516,673473,0.011424334719777107
1.0,0.9964306960142773,82.39999999999746,0.0,34.5633858811698,199.30569108865103,2,0.0,0.0,0.0,1593.4426488541067,0.0,0.4366760552904925,0.0,1450.2011796197257,,,,,,,,,,,,,,,,,,,,,,,,,,,,,,,,,,,,,,,,,-0.20017598569393158,0.22070643305778503,9.860396938393581e-05,-19.645944595336914,676793,0.011464744806289673
,,,,,,,,,,,,,,,,,,,,,,,,,,,,,,,,,,,,,,,,,,,,,,,,932,21,552.12944383,0.1128404289484024,1377.89,14632,706795,,,,,,
0.0,0.44633642930856554,0.0,0.0,45.281863065092345,224.16586188425623,2,1.0,0.0,0.0,902.0193037195131,0.0,0.430043297485867,0.0,617.1121318922192,,,,,,,,,,,,,,,,,,,,,,,,,,,,,,,,,,,,,,,,,-1.4006283283233643,0.1644447296857834,9.860114703125893e-05,-19.97539520263672,678227,0.01151345856487751
0.0,0.26583850931677017,13.200000000000053,0.0,38.8503512639648,170.88123900231125,3,1.0,0.0,0.0,409.61314868275076,0.0,0.2329899590520757,0.0,177.07236887957754,,,,,,,,,,,,,,,,,,,,,,,,,,,,,,,,,,,,,,,,,1.6399359703063965,0.15733195841312408,9.859965320830237e-05,-19.165212631225586,678986,0.011508765630424023
,,,,,,,,,,,,,,,0.20711082220077515,0.15783774852752686,0.3028867840766907,1.2885539531707764,0.44665995240211487,24.222640991210938,5.201637268066406,21.405344009399414,0.0938732847571373,1.333184838294983,0.4241420030593872,20.916645050048828,0.07624245434999466,0.009554663673043251,14.636751174926758,0.14024370908737183,11.462909698486328,6.8175129890441895,0.42032182216644287,0.6939039826393127,0.29597166180610657,0.1634414792060852,0.018864639103412628,0.3504875600337982,21.075674057006836,5.388138771057129,0.29020005464553833,0.32916122674942017,24.76934242248535,0.33353203535079956,0.07162359356880188,11.550590515136719,30.525718688964844,,,,,,,,-3.5110926628112793,0.19528207182884216,9.859766146205256e-05,-19.715456008911133,679998,0.011527461931109428
0.0,1.0,55.849999999998964,0.0,37.75764034949344,290.0532332348463,5,0.0,0.0,0.0,1509.6879942333326,1.0,0.5028597845968028,0.0,1448.236179638792,,,,,,,,,,,,,,,,,,,,,,,,,,,,,,,,,,,,,,,,,0.8686000108718872,0.16150152683258057,9.859398701882e-05,-19.264389038085938,681865,0.011579489335417747
0.0,0.13268765133171914,24.800000000000217,0.0,30.104555037238377,0.0,0,1.0,0.0,0.0,279.01920783612877,0.0,0.4209086764817661,0.0,281.16699588981976,,,,,,,,,,,,,,,,,,,,,,,,,,,,,,,,,,,,,,,,,-0.7924046516418457,0.457163542509079,9.859267431261434e-05,-19.047208786010742,682532,0.011578148230910301
,,,,,,,,,,,,,,,,,,,,,,,,,,,,,,,,,,,,,,,,,,,,,,,,936,21,540.9760236999999,0.11254674196243286,1334.18,14910,712534,,,,,,
0.0,0.23758320532514082,7.7499999999999805,0.0,38.87059386504608,227.58740278716004,3,1.0,0.0,0.0,444.8008955484256,0.0,0.399032329937699,0.0,329.20167219860167,,,,,,,,,,,,,,,,,,,,,,,,,,,,,,,,,,,,,,,,,-3.7374844551086426,0.2047281265258789,9.859105263071916e-05,-20.836990356445312,683356,0.011586807668209076
0.0,0.1712707182320442,0.0,0.0,43.420081211124355,77.51344148935968,1,1.0,0.0,0.0,277.156435017474,0.0,0.48925888641685805,0.0,225.0590877517547,,,,,,,,,,,,,,,,,,,,,,,,,,,,,,,,,,,,,,,,,-0.27463728189468384,0.1895608901977539,9.859014929673893e-05,-19.695362091064453,683815,0.011615301482379436
0.0,0.06973684210526315,0.0,0.0,39.60190194683343,73.74211644870809,1,1.0,0.0,0.0,102.51925943419337,0.0,0.2547484467234742,0.0,47.637959537289674,,,,,,,,,,,,,,,,,,,,,,,,,,,,,,,,,,,,,,,,,1.7714799642562866,0.22772830724716187,9.858978324101617e-05,-20.48053550720215,684001,0.011609941720962524
0.0,0.012963790791238265,0.0,0.0,25.797390461363122,0.0,0,1.0,0.0,0.0,29.510838677175343,0.0,-0.18148018624575885,0.0,-15.062855458397983,,,,,,,,,,,,,,,,,,,,,,,,,,,,,,,,,,,,,,,,,1.8139266967773438,0.27593377232551575,9.858962186182847e-05,-20.150705337524414,684083,0.011616154573857784
,,,,,,,,,,,,,,,,,,,,,,,,,,,,,,,,,,,,,,,,,,,,,,,,940,21,526.97405753,0.11248062551021576,1301.32,14982,714085,,,,,,
0.0,0.16958333333333334,12.650000000000045,0.0,37.23342481113737,77.5494250500641,0,1.0,0.0,0.0,406.06478561100084,0.0,0.21321103705645855,0.0,167.58387512637643,,,,,,,,,,,,,,,,,,,,,,,,,,,,,,,,,,,,,,,,,1.4588360786437988,0.1816437989473343,9.858807695803047e-05,-20.0295352935791,684868,0.011645554564893246
0.0,1.0,3.899999999999994,0.0,45.892249831525106,294.0059749958989,3,0.0,0.0,0.0,2043.9734264598228,1.0,0.5421796474521133,0.0,1739.3123090263796,,,,,,,,,,,,,,,,,,,,,,,,,,,,,,,,,,,,,,,,,2.1722288131713867,0.19273239374160767,9.858176561118583e-05,-20.005056381225586,688075,0.011894488707184792
0.0,0.1524390243902439,0.9500000000000003,0.0,45.86842319092833,36.08396015799831,1,1.0,0.0,0.0,311.1686981515959,0.0,0.5074322849558071,0.0,248.13438734338968,,,,,,,,,,,,,,,,,,,,,,,,,,,,,,,,,,,,,,,,,-3.5209619998931885,0.16306281089782715,9.858080524942224e-05,-19.611291885375977,688563,0.011922784149646759
0.0,0.13470820535322509,6.449999999999985,0.0,35.79706445504965,98.00336306992152,1,1.0,0.0,0.0,284.01604373473674,0.0,0.23600618736323634,0.0,134.99553917177118,,,,,,,,,,,,,,,,,,,,,,,,,,,,,,,,,,,,,,,,,3.3124630451202393,0.20663949847221375,9.857968155340985e-05,-19.005756378173828,689134,0.011989407241344452
,,,,,,,,,,,,,,,,,,,,,,,,,,,,,,,,,,,,,,,,,,,,,,,,944,21,534.54286184,0.11225001513957977,1308.76,15216,719136,,,,,,
,,,,,,,,,,,,,,,0.19571179151535034,0.1619909107685089,0.2820844054222107,1.273624062538147,0.43622472882270813,24.35866928100586,5.254506587982178,21.276351928710938,0.09688536822795868,1.374755859375,0.3909849524497986,20.20553970336914,0.06866060942411423,0.009888178668916225,14.761655807495117,0.139638289809227,11.692747116088867,6.993331432342529,0.4174327850341797,0.7137436270713806,0.2678874433040619,0.15940304100513458,0.01822667568922043,0.33383792638778687,20.856081008911133,5.178759574890137,0.2889394164085388,0.30698615312576294,25.179887771606445,0.3374641239643097,0.07279574871063232,12.023051261901855,30.13092613220215,,,,,,,,1.3918943405151367,0.17788107693195343,9.857798126205055e-05,-19.639789581298828,689998,0.012038622982800007
0.0,1.0,121.24999999999525,0.0,33.37777870906602,106.71753154154001,2,0.0,0.0,0.0,2318.143267081119,1.0,0.4416598064177078,0.0,2209.1823517013745,,,,,,,,,,,,,,,,,,,,,,,,,,,,,,,,,,,,,,,,,1.041998267173767,0.1468939334154129,9.856984014064318e-05,-19.66143798828125,694135,0.012104755267500877
1.0,0.3979460847240051,33.500000000000234,0.0,34.60232159196287,120.97422868669098,3,0.0,0.0,0.0,590.2754818275571,0.0,0.3861273542857815,0.0,474.5505184172255,,,,,,,,,,,,,,,,,,,,,,,,,,,,,,,,,,,,,,,,,-2.7850611209869385,0.2065812349319458,9.856742364849055e-05,-19.413232803344727,695363,0.012110280804336071
0.0,1.0,67.29999999999832,0.0,35.513580212033574,245.2357215362561,4,0.0,0.0,0.0,1555.4503554189578,1.0,0.526668750959936,0.0,1661.6399092785982,,,,,,,,,,,,,,,,,,,,,,,,,,,,,,,,,,,,,,,,,-0.7669166326522827,0.30023419857025146,9.856121725703268e-05,-20.452266693115234,698517,0.012110719457268715
1.0,0.504169339320077,13.600000000000058,0.0,41.66385512598718,183.28103280131725,3,0.0,0.0,0.0,751.7483743308112,0.0,0.37786590150608124,0.0,491.2256719579056,,,,,,,,,,,,,,,,,,,,,,,,,,,,,,,,,,,,,,,,,1.5537655353546143,0.16433048248291016,9.855866116242067e-05,-20.158248901367188,699816,0.012103116139769554
,,,,,,,,,,,,,,,,,,,,,,,,,,,,,,,,,,,,,,,,,,,,,,,,948,21,555.2636188199999,0.11181685328483582,1328.95,15714,729818,,,,,,
,,,,,,,,,,,,,,,0.19422650337219238,0.14458481967449188,0.28808119893074036,1.3442511558532715,0.453003466129303,23.329639434814453,5.583130359649658,21.04959487915039,0.10031574964523315,1.3504271507263184,0.41784214973449707,20.839296340942383,0.0731574222445488,0.009952070191502571,14.191794395446777,0.1508336365222931,10.535306930541992,7.309600830078125,0.4252792000770569,0.7251668572425842,0.28520309925079346,0.1621774435043335,0.018481718376278877,0.3472557067871094,21.52878761291504,5.345486164093018,0.29545754194259644,0.3108363747596741,25.373374938964844,0.32017213106155396,0.07662195712327957,11.85002613067627,30.988365173339844,,,,,,,,2.172213077545166,0.153376966714859,9.855830303635213e-05,-20.149002075195312,699998,0.012099192477762699
0.0,0.8495297805642633,24.050000000000207,0.0,44.387880209558745,220.31524723503296,3,1.0,0.0,0.0,1591.3290118258446,0.0,0.5405232273958226,0.0,1395.630973136014,,,,,,,,,,,,,,,,,,,,,,,,,,,,,,,,,,,,,,,,,1.7470018863677979,0.18382816016674042,9.855358252363736e-05,-19.37238311767578,702397,0.012091810815036297
0.0,0.1650602409638554,31.600000000000314,0.0,25.807845323037387,49.44858727584276,0,1.0,0.0,0.0,252.5276298406534,0.0,0.47214759040394166,0.0,332.86405123477886,,,,,,,,,,,,,,,,,,,,,,,,,,,,,,,,,,,,,,,,,0.5191587209701538,0.16572734713554382,9.855219728428011e-05,-20.244863510131836,703101,0.012075492180883884
0.0,0.29750479846449135,6.949999999999983,0.0,42.6306193475985,86.39500060137289,1,1.0,0.0,0.0,477.94736640620977,0.0,0.2743663720144887,0.0,221.68802858770687,,,,,,,,,,,,,,,,,,,,,,,,,,,,,,,,,,,,,,,,,1.2171014547348022,0.14620566368103027,9.855060938699715e-05,-20.82843017578125,703908,0.01208869181573391
0.0,0.07210455159981974,2.549999999999999,0.0,26.048445020495404,52.03099354368612,0,1.0,0.0,0.0,150.17468681791797,0.0,0.04654521028752883,0.0,19.362807479611995,,,,,,,,,,,,,,,,,,,,,,,,,,,,,,,,,,,,,,,,,0.775648832321167,0.2065207064151764,9.854979281533363e-05,-20.01358413696289,704323,0.012054109014570713
,,,,,,,,,,,,,,,,,,,,,,,,,,,,,,,,,,,,,,,,,,,,,,,,952,21,567.2253115799999,0.11166177690029144,1351.22,15934,734325,,,,,,
0.0,0.03565640194489465,2.8999999999999977,0.0,37.31464536282526,1.3790412054913583,0,1.0,0.0,0.0,72.87946280837059,0.0,-0.11912855405813158,0.0,-16.797126122196552,,,,,,,,,,,,,,,,,,,,,,,,,,,,,,,,,,,,,,,,,0.7884817123413086,0.23928478360176086,9.854951734614186e-05,-19.457664489746094,704463,0.012057057581841946
0.0,0.16192253849743352,2.2,0.0,44.31686198552132,74.50651726425902,2,1.0,0.0,0.0,365.9228084012866,0.0,0.4504288010622708,0.0,268.0051366320511,,,,,,,,,,,,,,,,,,,,,,,,,,,,,,,,,,,,,,,,,-4.485107898712158,0.19428829848766327,9.85483485740179e-05,-18.60778045654297,705057,0.012069729156792164
0.0,0.25689084895259096,17.15000000000011,0.0,37.53672792886782,8.796972948174519,0,1.0,0.0,0.0,439.67780806310475,0.0,0.4497343841066676,0.0,379.57582018602744,,,,,,,,,,,,,,,,,,,,,,,,,,,,,,,,,,,,,,,,,-0.9247955679893494,0.22656100988388062,9.854668987402245e-05,-19.105037689208984,705900,0.012109657749533653
0.0,0.28111718275652703,5.349999999999989,0.0,38.89790838263704,118.79712649197455,2,1.0,0.0,0.0,442.71017456706613,0.0,0.3496686171902875,0.0,286.7282660960358,,,,,,,,,,,,,,,,,,,,,,,,,,,,,,,,,,,,,,,,,1.7972285747528076,0.2360798716545105,9.854507841023958e-05,-19.778493881225586,706719,0.01211200188845396
,,,,,,,,,,,,,,,,,,,,,,,,,,,,,,,,,,,,,,,,,,,,,,,,956,21,564.93563095,0.11156006157398224,1345.47,16053,736721,,,,,,
0.0,0.25471159337521415,4.299999999999993,0.0,43.50563913952189,155.7542664173537,1,1.0,0.0,0.0,423.85504733305424,0.0,0.25770774340897096,0.0,180.91083587309762,,,,,,,,,,,,,,,,,,,,,,,,,,,,,,,,,,,,,,,,,-3.688234567642212,0.2265484780073166,9.85436991336861e-05,-19.38434600830078,707420,0.012157777324318886
0.0,0.5531391054575298,15.050000000000079,0.0,39.18182306107312,443.77088091541196,6,1.0,0.0,0.0,1296.3932629553601,0.0,0.4067098582807974,0.0,969.1895922831403,,,,,,,,,,,,,,,,,,,,,,,,,,,,,,,,,,,,,,,,,1.912583827972412,0.17957642674446106,9.853901242051568e-05,-19.461872100830078,709802,0.012192029505968094
,,,,,,,,,,,,,,,0.18647447228431702,0.14726939797401428,0.28858068585395813,1.290876030921936,0.45683565735816956,22.692455291748047,5.5330376625061035,21.703542709350586,0.10257324576377869,1.5144002437591553,0.40271860361099243,20.67498016357422,0.067253977060318,0.011256258934736252,14.024351119995117,0.1485329121351242,10.85188102722168,7.558342456817627,0.4284631013870239,0.8294430375099182,0.27490440011024475,0.1568741500377655,0.020136188715696335,0.33542385697364807,20.962566375732422,5.058029651641846,0.28448012471199036,0.31197309494018555,25.226518630981445,0.3079562187194824,0.07508809864521027,11.798173904418945,31.572277069091797,,,,,,,,-0.4081357419490814,0.205386683344841,9.85386267849573e-05,-19.1313533782959,709998,0.012178758159279823
0.0,0.6094003241491086,65.64999999999841,0.0,34.8596029236495,188.40207568910583,2,1.0,0.0,0.0,1077.3891541091725,0.0,0.41810322248377163,0.0,930.6977732488757,,,,,,,,,,,,,,,,,,,,,,,,,,,,,,,,,,,,,,,,,-3.7289648056030273,0.18839716911315918,9.853463471448185e-05,-18.508686065673828,712027,0.012209423817694187
0.0,0.08806818181818182,0.25,0.0,37.349780038505074,104.01633109403603,0,1.0,0.0,0.0,189.47019813815132,0.0,0.27588145417146376,0.0,100.97261222675573,,,,,,,,,,,,,,,,,,,,,,,,,,,,,,,,,,,,,,,,,-4.068233966827393,0.17731350660324097,9.853391658327351e-05,-18.425718307495117,712392,0.012211642228066921
,,,,,,,,,,,,,,,,,,,,,,,,,,,,,,,,,,,,,,,,,,,,,,,,960,21,569.64822778,0.11131342500448227,1357.88,16336,742394,,,,,,
0.0,1.0,3.649999999999995,0.0,45.83553336065785,342.6640885466807,4,0.0,0.0,0.0,1684.4062296934426,1.0,0.5004067686297893,0.0,1324.5767165630523,,,,,,,,,,,,,,,,,,,,,,,,,,,,,,,,,,,,,,,,,1.228285551071167,0.19126960635185242,9.852871070253114e-05,-18.33281898498535,715038,0.012303459458053112
0.0,0.3377319587628866,17.400000000000112,0.0,42.90424377560941,206.08758577376742,3,1.0,0.0,0.0,867.1567955175415,0.0,0.4728581668433738,0.0,688.4814909239523,,,,,,,,,,,,,,,,,,,,,,,,,,,,,,,,,,,,,,,,,-0.44946908950805664,0.17532747983932495,9.852584811726166e-05,-18.793441772460938,716493,0.01230296678841114
0.0,0.2416247906197655,19.100000000000136,0.0,33.31467077391474,145.8556434799321,2,1.0,0.0,0.0,554.0652624154463,0.0,0.25717562262879473,0.0,308.09639590929606,,,,,,,,,,,,,,,,,,,,,,,,,,,,,,,,,,,,,,,,,-5.0533552169799805,0.20338809490203857,9.85234931557683e-05,-18.276905059814453,717690,0.01234167069196701
,,,,,,,,,,,,,,,0.19224373996257782,0.1558072417974472,0.2845998704433441,1.2932599782943726,0.44569700956344604,23.901395797729492,5.688617706298828,21.344039916992188,0.09636377543210983,1.456047534942627,0.3981005549430847,20.065597534179688,0.07128742337226868,0.012461301870644093,14.417638778686523,0.14643535017967224,11.469951629638672,7.093944072723389,0.41792476177215576,0.917354941368103,0.2675532102584839,0.15913933515548706,0.019414830952882767,0.3391542434692383,20.162654876708984,5.346318244934082,0.2738884687423706,0.3078271746635437,25.435434341430664,0.3246753215789795,0.077273890376091,11.934918403625488,30.76607322692871,,,,,,,,1.6592414379119873,0.2044248729944229,9.851895250786603e-05,-18.12860679626465,719998,0.012442151084542274
0.0,1.0,61.799999999998626,0.0,38.9207216422301,428.3598396145047,7,0.0,0.0,0.0,1731.3872938547283,1.0,0.5994042076923697,0.0,1920.4910814463526,,,,,,,,,,,,,,,,,,,,,,,,,,,,,,,,,,,,,,,,,0.4538232386112213,0.1668982356786728,9.851719175632378e-05,-18.69964599609375,720893,0.012460626661777496
,,,,,,,,,,,,,,,,,,,,,,,,,,,,,,,,,,,,,,,,,,,,,,,,964,21,602.7816548000001,0.11100252717733383,1417.92,16744,750895,,,,,,
0.0,0.17929839757470767,3.4499999999999957,0.0,45.50286016563624,218.2220124834271,3,1.0,0.0,0.0,439.4393583172932,0.0,0.5205393718936324,0.0,362.29540283796814,,,,,,,,,,,,,,,,,,,,,,,,,,,,,,,,,,,,,,,,,0.65301513671875,0.18508103489875793,9.851582447972184e-05,-18.780574798583984,721588,0.012474747374653816
0.0,0.16619260463226332,6.649999999999984,0.0,44.069542173675536,88.86405508288843,1,1.0,0.0,0.0,431.242277613841,0.0,0.5246319603243484,0.0,369.86553202866565,,,,,,,,,,,,,,,,,,,,,,,,,,,,,,,,,,,,,,,,,2.05261492729187,0.21414440870285034,9.851443950710215e-05,-19.587133407592773,722292,0.012477311305701733
1.0,0.4694408322496749,40.699999999999825,0.0,34.302884871828006,86.46258203173201,1,0.0,0.0,0.0,685.6433864664286,0.0,0.5209504127579072,0.0,750.1685943713863,,,,,,,,,,,,,,,,,,,,,,,,,,,,,,,,,,,,,,,,,-0.798316240310669,0.23146778345108032,9.851160860629407e-05,-19.11948013305664,723731,0.012488090433180332
1.0,0.3139784946236559,16.950000000000106,0.0,38.55215572784015,96.14345063046474,0,0.0,0.0,0.0,554.8601543270051,0.0,0.37520283492586104,0.0,389.0853398181179,,,,,,,,,,,,,,,,,,,,,,,,,,,,,,,,,,,,,,,,,0.5174531936645508,0.20947569608688354,9.85095705404054e-05,-19.881649017333984,724767,0.012506796978414059
,,,,,,,,,,,,,,,,,,,,,,,,,,,,,,,,,,,,,,,,,,,,,,,,968,21,599.8268287400001,0.11091451346874237,1399.7,16924,754769,,,,,,
0.0,0.3907894736842105,8.84999999999999,0.0,41.84638311856409,173.81219122579347,1,1.0,0.0,0.0,859.6426315694116,0.0,0.41925235981277537,0.0,620.4934925229076,,,,,,,,,,,,,,,,,,,,,,,,,,,,,,,,,,,,,,,,,-5.323995590209961,0.21446120738983154,9.850666102167126e-05,-18.554553985595703,726246,0.01252182200551033
0.0,0.08603896103896104,18.950000000000134,0.0,25.339669367403587,0.0,0,1.0,0.0,0.0,150.76234144624323,0.0,0.0348865714016334,0.0,14.966339131300728,,,,,,,,,,,,,,,,,,,,,,,,,,,,,,,,,,,,,,,,,0.531221866607666,0.21911650896072388,9.850581905946587e-05,-19.9282169342041,726674,0.012511634267866611
0.0,0.9470616804273919,36.55000000000006,0.0,42.199156444903984,173.36235425272483,3,1.0,0.0,0.0,1913.193460477516,0.0,0.4707298511847364,0.0,1536.9329641181644,,,,,,,,,,,,,,,,,,,,,,,,,,,,,,,,,,,,,,,,,2.143132448196411,0.2524639368057251,9.84993982330077e-05,-19.72848892211914,729938,0.012640376575291157
,,,,,,,,,,,,,,,0.19426438212394714,0.16775500774383545,0.2869657874107361,1.3336968421936035,0.4156574606895447,24.41336441040039,5.591130256652832,21.47974967956543,0.10554258525371552,1.4279502630233765,0.40963417291641235,20.834684371948242,0.06249993294477463,0.011414517648518085,14.540932655334473,0.15636566281318665,12.258646965026855,7.7124924659729,0.39200693368911743,0.8341124057769775,0.27834782004356384,0.160668283700943,0.019077172502875328,0.3341595530509949,20.544462203979492,4.678198337554932,0.28114330768585205,0.30714190006256104,25.01226234436035,0.3340877890586853,0.07651253044605255,12.026222229003906,28.645790100097656,,,,,,,,-2.347409725189209,0.16015532612800598,9.849928020507833e-05,-19.73577117919922,729998,0.01263445895165205
0.0,0.20504313205043131,8.899999999999991,0.0,36.994427797270234,137.71517239363536,1,1.0,0.0,0.0,290.547350153327,0.0,0.18078089774506584,0.0,102.32198812370726,,,,,,,,,,,,,,,,,,,,,,,,,,,,,,,,,,,,,,,,,-0.7389808893203735,0.20822352170944214,9.849828680615621e-05,-19.037580490112305,730503,0.012653698213398457
,,,,,,,,,,,,,,,,,,,,,,,,,,,,,,,,,,,,,,,,,,,,,,,,972,21,593.6473460799999,0.11067172139883041,1390.61,17207,760505,,,,,,
1.0,0.5007235890014472,137.29999999999697,0.0,25.31599574266866,0.0,0,0.0,0.0,0.0,1028.460873855278,0.0,0.40947907217801466,0.0,1198.1357651928708,,,,,,,,,,,,,,,,,,,,,,,,,,,,,,,,,,,,,,,,,2.45625901222229,0.1637173295021057,9.849253305995264e-05,-18.93709945678711,733428,0.012696253135800362
1.0,0.016791044776119403,3.2999999999999963,0.0,25.84641018196086,0.0,0,0.0,0.0,0.0,24.10853711189702,0.0,-0.18885662432433054,0.0,-12.842250454054476,,,,,,,,,,,,,,,,,,,,,,,,,,,,,,,,,,,,,,,,,-3.917776107788086,0.1506202518939972,9.849240126671935e-05,-20.25857162475586,733495,0.012698468752205372
0.0,0.02420774647887324,2.849999999999998,0.0,31.801036388099995,0.0,0,1.0,0.0,0.0,55.030823873355985,0.0,-0.24590606047014985,0.0,-30.73825755876873,,,,,,,,,,,,,,,,,,,,,,,,,,,,,,,,,,,,,,,,,-0.39731624722480774,0.28195720911026,9.849215735111837e-05,-20.1943359375,733619,0.01270904578268528
0.0,0.07313887679582064,8.899999999999991,0.0,32.74145255776977,4.310620429344532,0,1.0,0.0,0.0,167.91510504158214,0.0,0.11235019570839881,0.0,41.56957241210756,,,,,,,,,,,,,,,,,,,,,,,,,,,,,,,,,,,,,,,,,2.099597930908203,0.28862717747688293,9.849143150729518e-05,-19.259666442871094,733988,0.012741909362375736
,,,,,,,,,,,,,,,,,,,,,,,,,,,,,,,,,,,,,,,,,,,,,,,,976,21,586.07772546,0.11049754172563553,1374.56,17388,763990,,,,,,
0.0,0.07169811320754717,2.499999999999999,0.0,40.87957327877881,24.59267530973072,0,1.0,0.0,0.0,114.35943903867155,0.0,0.3401593219558602,0.0,68.71218303508375,,,,,,,,,,,,,,,,,,,,,,,,,,,,,,,,,,,,,,,,,0.982613742351532,0.1878897249698639,9.849103613008341e-05,-19.569520950317383,734189,0.012777740135788918
,,,,,,,,,,,,,,,0.17713947594165802,0.14790508151054382,0.27447444200515747,1.3334739208221436,0.4369548559188843,24.505849838256836,5.709173202514648,21.368526458740234,0.10114385187625885,1.428675889968872,0.39360421895980835,20.084644317626953,0.06256355345249176,0.01221152488142252,13.790754318237305,0.15282109379768372,10.865273475646973,7.430141448974609,0.4055621027946472,0.8970723748207092,0.2579832375049591,0.1634991466999054,0.018351055681705475,0.33046895265579224,20.799442291259766,4.870729923248291,0.2831353545188904,0.2951720356941223,25.72783851623535,0.3335893750190735,0.07771693170070648,12.728819847106934,29.793046951293945,,,,,,,,-4.339163780212402,0.12500923871994019,9.847960987659423e-05,-18.683650970458984,739998,0.012886624783277512
0.0,1.0,302.70000000003455,0.0,22.513132311927134,0.0,0,0.0,0.0,0.0,1962.071490447619,1.0,0.4792132319266068,0.0,3007.5422435713845,,,,,,,,,,,,,,,,,,,,,,,,,,,,,,,,,,,,,,,,,0.2397264838218689,0.1312125027179718,9.84786932874318e-05,-19.141441345214844,740464,0.012893429026007652
0.0,0.09824723247232472,6.5999999999999845,0.0,38.48139547415265,86.56918821684371,1,1.0,0.0,0.0,224.70172343682498,0.0,0.3522850452574347,0.0,148.31200405338,,,,,,,,,,,,,,,,,,,,,,,,,,,,,,,,,,,,,,,,,1.9935994148254395,0.1610797494649887,9.84778671807013e-05,-20.315013885498047,740884,0.01292488444596529
1.0,0.16196388261851016,6.399999999999985,0.0,45.26120159038899,72.73415465727338,1,0.0,0.0,0.0,283.8136256430298,0.0,0.41954788485081534,0.0,189.63564395256853,,,,,,,,,,,,,,,,,,,,,,,,,,,,,,,,,,,,,,,,,1.947810411453247,0.14790405333042145,9.847698010330412e-05,-20.173418045043945,741335,0.012926153838634491
,,,,,,,,,,,,,,,,,,,,,,,,,,,,,,,,,,,,,,,,,,,,,,,,980,21,595.11436825,0.11034365743398666,1389.7,17745,771337,,,,,,
1.0,0.39834710743801655,20.70000000000016,0.0,41.523172965592806,102.80157673902805,2,0.0,0.0,0.0,731.5664544599131,0.0,0.4911776923032228,0.0,623.3044915327897,,,,,,,,,,,,,,,,,,,,,,,,,,,,,,,,,,,,,,,,,1.8263307809829712,0.1785108745098114,9.847448608016554e-05,-20.62694549560547,742603,0.012974814511835575
0.0,0.2800349497597204,5.249999999999989,0.0,37.84924065378443,245.07798951474996,3,1.0,0.0,0.0,624.5163926882669,0.0,0.2980563095530712,0.0,354.38895205860166,,,,,,,,,,,,,,,,,,,,,,,,,,,,,,,,,,,,,,,,,-3.2531514167785645,0.16402821242809296,9.847214943744693e-05,-20.958824157714844,743791,0.013019257225096226
0.0,0.0632368703108253,0.2,0.0,40.02372327640518,93.15802171190293,1,1.0,0.0,0.0,119.16546463151462,0.0,0.3515769637763347,0.0,75.58904721191196,,,,,,,,,,,,,,,,,,,,,,,,,,,,,,,,,,,,,,,,,1.9349133968353271,0.1422572135925293,9.847172853001995e-05,-20.29490089416504,744005,0.013019113801419735
0.0,0.18938480096501809,39.94999999999987,0.0,22.85196735764187,69.13689026835868,1,1.0,0.0,0.0,291.3697393331677,0.0,0.4544170067572596,0.0,417.6092292099216,,,,,,,,,,,,,,,,,,,,,,,,,,,,,,,,,,,,,,,,,0.25105389952659607,0.14615905284881592,9.84699229654279e-05,-19.696731567382812,744923,0.012999672442674637
,,,,,,,,,,,,,,,,,,,,,,,,,,,,,,,,,,,,,,,,,,,,,,,,984,21,592.62730906,0.1103467345237732,1383.81,17914,774925,,,,,,
0.0,1.0,7.499999999999981,0.0,46.58552327708821,271.7758849163999,4,0.0,0.0,0.0,2409.2755023241043,1.0,0.538767896689525,0.0,2006.9104151684803,,,,,,,,,,,,,,,,,,,,,,,,,,,,,,,,,,,,,,,,,0.06417929381132126,0.20048436522483826,9.846259860171679e-05,-20.570877075195312,748647,0.013013354502618313
,,,,,,,,,,,,,,,0.17680928111076355,0.15012598037719727,0.2659575045108795,1.2518082857131958,0.4518686532974243,23.369617462158203,5.667582988739014,21.61691665649414,0.09235332906246185,1.569261074066162,0.3649939000606537,19.269372940063477,0.06320144236087799,0.010985852219164371,14.37098503112793,0.1444215476512909,11.042717933654785,6.793172836303711,0.416434645652771,0.8080791234970093,0.23707517981529236,0.16399258375167847,0.019306952133774757,0.3039782643318176,21.687416076660156,5.136987209320068,0.29484087228775024,0.29157331585884094,24.707229614257812,0.31771042943000793,0.07705090939998627,13.329249382019043,30.63140869140625,,,,,,,,2.1094956398010254,0.15908072888851166,9.84599415224137e-05,-19.479883193969727,749998,0.013038179837167263
0.0,0.3856172140430351,13.850000000000062,0.0,31.143722325750918,230.60075458132,2,1.0,0.0,0.0,662.158315455541,0.0,0.21979944490613765,0.0,336.7327495962029,,,,,,,,,,,,,,,,,,,,,,,,,,,,,,,,,,,,,,,,,1.3767220973968506,0.18981844186782837,9.845958751012701e-05,-19.13162612915039,750178,0.013043801300227642
0.0,0.12961971076593465,4.699999999999991,0.0,42.227045190068004,87.16190595722414,1,1.0,0.0,0.0,257.70561227202415,0.0,0.388476373324082,0.0,170.9296042625961,,,,,,,,,,,,,,,,,,,,,,,,,,,,,,,,,,,,,,,,,1.073677659034729,0.21345070004463196,9.8458724116177e-05,-20.356571197509766,750617,0.01303731556981802
0.0,0.050505050505050504,3.7999999999999945,0.0,37.183850822942475,0.0,0,1.0,0.0,0.0,82.47282145544887,0.0,-0.029263991118739584,0.0,-4.682238578998334,,,,,,,,,,,,,,,,,,,,,,,,,,,,,,,,,,,,,,,,,1.2531254291534424,0.21605998277664185,9.845841140723393e-05,-20.599363327026367,750776,0.013048237189650536
,,,,,,,,,,,,,,,,,,,,,,,,,,,,,,,,,,,,,,,,,,,,,,,,988,21,607.4272604400002,0.11034189164638519,1415.37,18203,780778,,,,,,
0.0,0.547363031233999,168.90000000000416,0.0,22.604499898565088,0.0,0,1.0,0.0,0.0,1061.0702991262078,0.0,0.31490467311419096,0.0,1064.6926997990797,,,,,,,,,,,,,,,,,,,,,,,,,,,,,,,,,,,,,,,,,0.09112654626369476,0.18036909401416779,9.845176400187146e-05,-19.96103858947754,754156,0.013276836834847927
0.0,0.23051271363067946,2.799999999999998,0.0,45.83102879237292,258.08993999977616,4,1.0,0.0,0.0,585.8925979901105,0.0,0.5285520672842068,0.0,486.79645396875446,,,,,,,,,,,,,,,,,,,,,,,,,,,,,,,,,,,,,,,,,2.463563919067383,0.1820080429315567,9.844995468798429e-05,-19.724836349487305,755076,0.013367913663387299
1.0,0.8059029514757379,62.54999999999858,0.0,38.88480402350851,165.86259701238964,3,0.0,0.0,0.0,1580.7793944682926,0.0,0.5636675606369356,0.0,1650.4186175449472,,,,,,,,,,,,,,,,,,,,,,,,,,,,,,,,,,,,,,,,,2.3998756408691406,0.14570093154907227,9.844419842767431e-05,-20.16686248779297,758003,0.013642854057252407
0.0,0.02569593147751606,0.0,0.0,35.4411097470023,19.083260508951057,0,1.0,0.0,0.0,47.91517261881381,0.0,0.07536219221813224,0.0,7.38549483737696,,,,,,,,,,,,,,,,,,,,,,,,,,,,,,,,,,,,,,,,,1.9088993072509766,0.1338203251361847,9.844400766963718e-05,-19.88604164123535,758100,0.013642086647450924
,,,,,,,,,,,,,,,,,,,,,,,,,,,,,,,,,,,,,,,,,,,,,,,,992,21,593.2536251800001,0.11029637604951859,1392.66,18561,788102,,,,,,
1.0,0.25862068965517243,31.90000000000032,0.0,30.174373903306577,127.93510356352755,1,0.0,0.0,0.0,452.21089247614145,0.0,0.5148608340741454,0.0,556.0497008000771,,,,,,,,,,,,,,,,,,,,,,,,,,,,,,,,,,,,,,,,,1.558051347732544,0.1885993331670761,9.844188574482238e-05,-19.650558471679688,759179,0.01371386181563139
,,,,,,,,,,,,,,,0.17234134674072266,0.14161710441112518,0.27921247482299805,1.246556282043457,0.4508615732192993,22.677127838134766,6.040018558502197,22.173717498779297,0.09276556968688965,1.5542505979537964,0.3754296600818634,19.81077766418457,0.06377681344747543,0.012727474793791771,13.686524391174316,0.15063655376434326,10.566671371459961,6.921644687652588,0.41461455821990967,0.9496525526046753,0.24945823848247528,0.16949082911014557,0.019571196287870407,0.30535370111465454,21.908681869506836,5.064848899841309,0.29362550377845764,0.30117344856262207,24.249727249145508,0.30392441153526306,0.0809497982263565,13.460149765014648,30.93620491027832,,,,,,,,-6.083338737487793,0.1595955789089203,9.844027514253674e-05,-20.48310661315918,759998,0.013808042742311954
0.0,0.21883289124668434,14.750000000000075,0.0,40.93429072470136,101.61590741998255,2,1.0,0.0,0.0,469.3452162814792,0.0,0.4574047748433525,0.0,377.81634402060916,,,,,,,,,,,,,,,,,,,,,,,,,,,,,,,,,,,,,,,,,1.2260010242462158,0.16172783076763153,9.844026334330147e-05,-20.27928352355957,760004,0.013805698603391647
1.0,0.08358208955223881,0.0,0.0,38.969879349324,58.25791258182615,1,0.0,0.0,0.0,171.7197059756145,0.0,0.36932205721347916,0.0,117.44441419388637,,,,,,,,,,,,,,,,,,,,,,,,,,,,,,,,,,,,,,,,,0.5047926306724548,0.16009145975112915,9.84396399513816e-05,-20.87774658203125,760321,0.013835077174007893
0.0,0.10232558139534884,5.699999999999988,0.0,35.68060139831884,29.627640125308048,0,1.0,0.0,0.0,168.6783426394686,0.0,0.3004304383534246,0.0,102.44677947851778,,,,,,,,,,,,,,,,,,,,,,,,,,,,,,,,,,,,,,,,,-0.5063432455062866,0.155684694647789,9.843897133133827e-05,-20.601226806640625,760661,0.013873320072889328
,,,,,,,,,,,,,,,,,,,,,,,,,,,,,,,,,,,,,,,,,,,,,,,,996,21,589.7455514400001,0.1103312224149704,1375.66,18683,790663,,,,,,
0.0,1.0,67.6499999999983,0.0,38.0867119342858,74.72120794761936,2,0.0,0.0,0.0,1917.9850299367681,1.0,0.5707689989191805,0.0,2070.179159079868,,,,,,,,,,,,,,,,,,,,,,,,,,,,,,,,,,,,,,,,,-0.5464032888412476,0.1687978357076645,9.843184083718863e-05,-19.935970306396484,764287,0.014037336222827435
0.0,1.0,76.19999999999781,0.0,36.439832319807536,217.30783907653426,3,0.0,0.0,0.0,1735.2405724730343,1.0,0.49904345633795205,0.0,1711.7190552391755,,,,,,,,,,,,,,,,,,,,,,,,,,,,,,,,,,,,,,,,,2.1526215076446533,0.22301605343818665,9.842509798045333e-05,-19.812297821044922,767716,0.013890279456973076
,,,,,,,,,,,,,,,0.16429215669631958,0.148881196975708,0.2438923865556717,1.4362455606460571,0.456238329410553,22.84596061706543,5.517784118652344,19.809553146362305,0.09927720576524734,1.345440149307251,0.3882697820663452,20.646154403686523,0.06483453512191772,0.009800903499126434,13.344223022460938,0.14912283420562744,10.910810470581055,7.275564670562744,0.4124634563922882,0.7182626128196716,0.2541925013065338,0.16272982954978943,0.016564866527915,0.3246793746948242,22.504091262817383,5.266024589538574,0.3070749044418335,0.2703366279602051,26.37127685546875,0.31173980236053467,0.07529178261756897,13.217327117919922,30.227527618408203,,,,,,,,-3.3983256816864014,0.13670220971107483,9.842061073696336e-05,-20.154788970947266,769998,0.013843689113855362
0.0,1.0,6.499999999999985,0.0,46.51545804914699,351.2729868107825,4,0.0,0.0,0.0,2059.5143890623003,1.0,0.6287505318061476,0.0,2005.0854459298048,,,,,,,,,,,,,,,,,,,,,,,,,,,,,,,,,,,,,,,,,1.3392324447631836,0.19456781446933746,9.841882923935725e-05,-21.131946563720703,770904,0.013796688988804817
0.0,0.05476566614007372,1.1500000000000004,0.0,36.64474530338361,80.43621366571877,2,1.0,0.0,0.0,104.49754758621566,0.0,0.275167969082725,0.0,56.684601631041346,,,,,,,,,,,,,,,,,,,,,,,,,,,,,,,,,,,,,,,,,-1.532800316810608,0.13073444366455078,9.841842614336133e-05,-21.32436752319336,771109,0.013794360682368279
,,,,,,,,,,,,,,,,,,,,,,,,,,,,,,,,,,,,,,,,,,,,,,,,1000,21,606.42658023,0.11047928035259247,1384.59,19179,801111,,,,,,
1.0,0.3151041666666667,25.400000000000226,0.0,34.30833374564006,158.870798946539,2,0.0,0.0,0.0,457.50651811622083,0.0,0.5474735120443074,0.0,526.1220450745794,,,,,,,,,,,,,,,,,,,,,,,,,,,,,,,,,,,,,,,,,1.4000117778778076,0.13188746571540833,9.841653848534758e-05,-21.509822845458984,772069,0.013754832558333874
,,,,,,,,,,,,,,,0.15943770110607147,0.13989657163619995,0.2501430809497833,1.3825730085372925,0.45808133482933044,22.44659996032715,5.120923042297363,20.825632095336914,0.09399236738681793,1.1559557914733887,0.37089571356773376,20.352163314819336,0.05328860506415367,0.008646596223115921,13.273965835571289,0.13573874533176422,10.553288459777832,7.090442180633545,0.4200345277786255,0.6522677540779114,0.24445611238479614,0.17583265900611877,0.013884542509913445,0.304088294506073,22.450597763061523,4.436535835266113,0.29760974645614624,0.2682648301124573,25.316831588745117,0.2975567579269409,0.06788401305675507,14.638925552368164,31.685876846313477,,,,,,,,0.7325536608695984,0.07955057919025421,9.840094830569354e-05,-23.148468017578125,779998,0.013637865893542767
0.0,1.0,405.3000000000579,0.0,21.03411973650537,0.0,0,0.0,0.0,0.0,2450.998313621618,1.0,0.5438937666072481,0.0,4563.812595601418,,,,,,,,,,,,,,,,,,,,,,,,,,,,,,,,,,,,,,,,,1.415966510772705,0.10774156451225281,9.84000419152176e-05,-21.27782440185547,780459,0.013628309592604637
0.0,0.04007369875633349,3.949999999999994,0.0,38.896029799199326,44.541183786608016,1,1.0,0.0,0.0,98.6038717571646,0.0,0.11048772055479994,0.0,20.21925286152839,,,,,,,,,,,,,,,,,,,,,,,,,,,,,,,,,,,,,,,,,1.387502908706665,0.13344527781009674,9.839968407891812e-05,-22.891019821166992,780641,0.013639348559081554
0.0,0.1584628670120898,4.049999999999994,0.0,41.975616204122105,113.89887167114497,0,1.0,0.0,0.0,392.0105598019436,0.0,0.41330839831311095,0.0,278.15655206472366,,,,,,,,,,,,,,,,,,,,,,,,,,,,,,,,,,,,,,,,,-2.0132908821105957,0.10767809301614761,9.839836284286211e-05,-21.31995391845703,781313,0.013630674220621586
,,,,,,,,,,,,,,,,,,,,,,,,,,,,,,,,,,,,,,,,,,,,,,,,1004,21,635.16915975,0.11046439409255981,1430.83,19664,811315,,,,,,
0.0,0.6716750139120757,66.49999999999837,0.0,33.769251015776504,408.4258554231402,5,1.0,0.0,0.0,1160.7966588754207,0.0,0.5409707100234988,0.0,1339.4434780181832,,,,,,,,,,,,,,,,,,,,,,,,,,,,,,,,,,,,,,,,,2.195812702178955,0.19465920329093933,9.83934967601683e-05,-21.71700096130371,783788,0.013549870811402798
0.0,0.052534562211981564,0.35,0.0,38.71030532118614,62.681644101409624,0,1.0,0.0,0.0,115.25662863720208,0.0,0.26634106517496975,0.0,57.2633290126185,,,,,,,,,,,,,,,,,,,,,,,,,,,,,,,,,,,,,,,,,-0.021172121167182922,0.13639980554580688,9.839307602172904e-05,-21.563749313354492,784002,0.013539467006921768
0.0,0.12003491924923614,0.49999999999999994,0.0,44.800916278418185,68.69394145152718,1,1.0,0.0,0.0,263.65775411063805,0.0,0.42446896058320993,0.0,179.97483928728101,,,,,,,,,,,,,,,,,,,,,,,,,,,,,,,,,,,,,,,,,-4.883029937744141,0.23082688450813293,9.839224437784777e-05,-20.207969665527344,784425,0.013560083694756031
0.0,0.04319654427645788,7.249999999999982,0.0,32.83119789049851,0.0,0,1.0,0.0,0.0,94.1723583843559,0.0,-0.10286540132953209,0.0,-21.293138075213143,,,,,,,,,,,,,,,,,,,,,,,,,,,,,,,,,,,,,,,,,-0.08478064835071564,0.28868624567985535,9.839183937052274e-05,-21.712337493896484,784631,0.0135559206828475
,,,,,,,,,,,,,,,,,,,,,,,,,,,,,,,,,,,,,,,,,,,,,,,,1008,21,617.1632505299999,0.1105383038520813,1385.8,19829,814633,,,,,,
0.0,1.0,265.75000000002615,0.0,20.665771205938125,0.0,0,0.0,0.0,0.0,1527.0198018501978,1.0,0.5679239527695953,0.0,3021.9233526870166,,,,,,,,,,,,,,,,,,,,,,,,,,,,,,,,,,,,,,,,,0.3467290997505188,0.12758785486221313,9.838138024825724e-05,-22.09644317626953,789951,0.013333186507225037
,,,,,,,,,,,,,,,0.1360214650630951,0.1449156105518341,0.23918181657791138,1.3294562101364136,0.4622111916542053,24.03078269958496,5.186124801635742,21.705543518066406,0.10030224919319153,1.202162504196167,0.33549267053604126,19.18227195739746,0.05090170353651047,0.009271956980228424,12.343830108642578,0.1474071443080902,10.664305686950684,7.381218910217285,0.4090816080570221,0.6823211312294006,0.21137692034244537,0.18203014135360718,0.013247095048427582,0.26917970180511475,21.95102882385254,4.619285583496094,0.29828914999961853,0.252353310585022,24.427825927734375,0.32655060291290283,0.07047344744205475,16.519079208374023,30.10422134399414,,,,,,,,1.7888836860656738,0.09742491692304611,9.838128784872734e-05,-22.34328842163086,789998,0.013336658477783203
1.0,0.42795566502463056,3.899999999999994,0.0,47.10562401343237,91.92257850253856,0,0.0,0.0,0.0,665.5950851589441,0.0,0.47162780838665,0.0,480.1171089376097,,,,,,,,,,,,,,,,,,,,,,,,,,,,,,,,,,,,,,,,,1.5969531536102295,0.11006838828325272,9.837938088944344e-05,-22.459949493408203,790968,0.013269007205963135
0.0,1.0,43.74999999999965,0.0,42.19670649823857,366.06934690708874,4,0.0,0.0,0.0,2214.4861448695883,1.0,0.5798610224243383,0.0,2191.874664763999,,,,,,,,,,,,,,,,,,,,,,,,,,,,,,,,,,,,,,,,,-3.254608631134033,0.10494710505008698,9.83719517891448e-05,-22.53813362121582,794747,0.013163480907678604
0.0,0.4114671163575042,17.30000000000011,0.0,43.3198405092658,328.6081594083268,4,1.0,0.0,0.0,1026.6339806709439,0.0,0.4680328887088135,0.0,798.9321410259446,,,,,,,,,,,,,,,,,,,,,,,,,,,,,,,,,,,,,,,,,1.7975589036941528,0.13517682254314423,9.83685980722789e-05,-21.416236877441406,796453,0.013090264983475208
,,,,,,,,,,,,,,,,,,,,,,,,,,,,,,,,,,,,,,,,,,,,,,,,1012,21,665.6542802,0.1105952262878418,1462.93,20375,826455,,,,,,
1.0,0.768464243845252,33.60000000000023,0.0,40.87429231389,289.58761012249346,6,0.0,0.0,0.0,1259.2268734164536,0.0,0.5962536216356373,0.0,1323.0867864094791,,,,,,,,,,,,,,,,,,,,,,,,,,,,,,,,,,,,,,,,,-3.8005332946777344,0.1277117282152176,9.8364237933102e-05,-22.893177032470703,798671,0.013113311491906643
,,,,,,,,,,,,,,,0.14425340294837952,0.14637935161590576,0.24074196815490723,1.3185851573944092,0.451738178730011,23.650514602661133,5.328919410705566,21.901994705200195,0.09597130864858627,1.2000235319137573,0.3376932740211487,19.222774505615234,0.05320983752608299,0.00891919620335102,13.123750686645508,0.14285406470298767,10.863944053649902,7.122773170471191,0.41138267517089844,0.6619625687599182,0.2112925499677658,0.15877997875213623,0.013190397061407566,0.2777100205421448,21.83999252319336,4.840874671936035,0.2942691743373871,0.2561027407646179,25.265241622924805,0.31866392493247986,0.07180115580558777,14.44533634185791,30.531890869140625,,,,,,,,0.001422286033630371,0.1096663624048233,9.836162936606468e-05,-22.916269302368164,799998,0.013104136101901531
0.0,0.7583423035522067,31.050000000000306,0.0,42.83781093988774,124.31355383654066,1,1.0,0.0,0.0,1378.6799800312147,0.0,0.5628007179174135,0.0,1304.5720641325645,,,,,,,,,,,,,,,,,,,,,,,,,,,,,,,,,,,,,,,,,-3.5692429542541504,0.10603833198547363,9.835968328368417e-05,-23.234582901000977,800988,0.01308436132967472
0.0,0.08626328699918234,4.749999999999991,0.0,44.78623573209946,0.0,0,1.0,0.0,0.0,213.02557454351336,0.0,0.2801487926413126,0.0,96.09103587597022,,,,,,,,,,,,,,,,,,,,,,,,,,,,,,,,,,,,,,,,,1.0139936208724976,0.19445523619651794,9.835901100517692e-05,-22.704349517822266,801330,0.01305448543280363
0.0,0.8985791278784909,22.400000000000183,0.0,40.682460196583925,88.19244287756628,1,1.0,0.0,0.0,1796.257178925909,0.0,0.5138257781547467,0.0,1633.9659745320946,,,,,,,,,,,,,,,,,,,,,,,,,,,,,,,,,,,,,,,,,2.6271467208862305,0.11584949493408203,9.835276207071644e-05,-22.004383087158203,804509,0.012983868829905987
,,,,,,,,,,,,,,,,,,,,,,,,,,,,,,,,,,,,,,,,,,,,,,,,1016,21,680.75963301,0.11070407181978226,1473.91,20757,834511,,,,,,
0.0,0.05891163255117324,3.8499999999999943,0.0,41.57899166722767,40.55611209000893,1,1.0,0.0,0.0,118.06250327429734,0.0,0.2136817140813519,0.0,43.80475138667714,,,,,,,,,,,,,,,,,,,,,,,,,,,,,,,,,,,,,,,,,1.6390745639801025,0.21988357603549957,9.835236107638725e-05,-22.632282257080078,804713,0.013003379106521606
0.0,1.0,34.75000000000016,0.0,43.34660957570059,399.25417404686715,6,0.0,0.0,0.0,1978.7735264124349,1.0,0.6162218951725007,0.0,2026.1375913271822,,,,,,,,,,,,,,,,,,,,,,,,,,,,,,,,,,,,,,,,,1.6163389682769775,0.1404375433921814,9.834590007024996e-05,-21.222305297851562,808000,0.012846164405345917
0.0,0.018781725888324875,0.0,0.0,31.79960104439716,27.962674811810018,0,1.0,0.0,0.0,36.31556240073405,0.0,-0.1176248347008373,0.0,-9.762861280169496,,,,,,,,,,,,,,,,,,,,,,,,,,,,,,,,,,,,,,,,,-1.6684300899505615,0.12737160921096802,9.834573889180781e-05,-23.35335922241211,808082,0.012842727825045586
1.0,0.3223615464994775,5.09999999999999,0.0,46.34959876378421,118.78597402512585,2,0.0,0.0,0.0,637.5728714000434,0.0,0.5434748791166781,0.0,538.583605204628,,,,,,,,,,,,,,,,,,,,,,,,,,,,,,,,,,,,,,,,,0.6702673435211182,0.1441231667995453,9.834379296743397e-05,-22.703960418701172,809072,0.012804918922483921
,,,,,,,,,,,,,,,,,,,,,,,,,,,,,,,,,,,,,,,,,,,,,,,,1020,21,693.7618826899999,0.11067625880241394,1485.94,20969,839074,,,,,,
,,,,,,,,,,,,,,,0.146849125623703,0.15444234013557434,0.22921672463417053,1.3553749322891235,0.45403119921684265,22.45881462097168,5.269936561584473,20.90996742248535,0.09463256597518921,1.3695199489593506,0.33848094940185547,19.16215705871582,0.05264528468251228,0.010067949071526527,13.396100997924805,0.13944900035858154,11.459460258483887,7.021637439727783,0.41873669624328613,0.7470313310623169,0.2100570797920227,0.15839001536369324,0.015012786723673344,0.28403693437576294,21.973297119140625,4.802490234375,0.29614025354385376,0.2497323453426361,25.91086196899414,0.3026837110519409,0.07102440297603607,14.448902130126953,31.06982421875,,,,,,,,1.8674870729446411,0.12709994614124298,9.83419728577056e-05,-22.92995834350586,809998,0.012779586017131805
0.0,0.7720364741641338,98.59999999999654,0.0,32.79804786405485,276.74626832306103,5,1.0,0.0,0.0,1471.2689210707322,0.0,0.5197521405599075,0.0,1679.3191661490612,,,,,,,,,,,,,,,,,,,,,,,,,,,,,,,,,,,,,,,,,0.15635138750076294,0.19831019639968872,9.833744427802158e-05,-21.858112335205078,812302,0.012730030342936516
0.0,0.0644361833952912,0.0,0.0,39.557753629635705,66.5141580510897,0,1.0,0.0,0.0,105.1182749774307,0.0,0.03938421906589932,0.0,7.56177006065267,,,,,,,,,,,,,,,,,,,,,,,,,,,,,,,,,,,,,,,,,2.1422038078308105,0.1363612860441208,9.833706886661481e-05,-23.49843978881836,812493,0.012721299193799496
0.0,0.870099196976854,5.249999999999989,0.0,46.96142528586755,277.6856444075699,4,1.0,0.0,0.0,1866.2293433938175,0.0,0.5308148155734036,0.0,1519.192002171081,,,,,,,,,,,,,,,,,,,,,,,,,,,,,,,,,,,,,,,,,-2.066927671432495,0.17736095190048218,9.833144564372859e-05,-22.594511032104492,815354,0.012722761370241642
0.0,0.03561887800534283,0.0,0.0,39.04852395458023,67.35062546865906,1,1.0,0.0,0.0,85.86272320244461,0.0,0.21693934805053697,0.0,34.493356340035376,,,,,,,,,,,,,,,,,,,,,,,,,,,,,,,,,,,,,,,,,1.1177935600280762,0.1514035165309906,9.833113510344746e-05,-22.358121871948242,815512,0.012713737785816193
,,,,,,,,,,,,,,,,,,,,,,,,,,,,,,,,,,,,,,,,,,,,,,,,1024,21,714.8639370900001,0.11072123795747757,1509.93,21269,845514,,,,,,
0.0,0.019494204425711276,0.9500000000000003,0.0,30.9006105354771,10.450647645957192,0,1.0,0.0,0.0,36.58098021685146,0.0,-0.19181387447849413,0.0,-16.495993205150494,,,,,,,,,,,,,,,,,,,,,,,,,,,,,,,,,,,,,,,,,-0.6443649530410767,0.11645697802305222,9.833096804084189e-05,-22.967044830322266,815597,0.012699044309556484
1.0,0.36340338288057406,14.200000000000067,0.0,45.28836160670196,92.79052198912447,2,0.0,0.0,0.0,723.6162729309872,0.0,0.36704491400311623,0.0,422.4686960175868,,,,,,,,,,,,,,,,,,,,,,,,,,,,,,,,,,,,,,,,,1.9886200428009033,0.1445980668067932,9.832870779608059e-05,-21.19769287109375,816747,0.012675413861870766
0.0,0.12515438452037875,7.049999999999983,0.0,44.24902499297434,104.70360757801443,2,1.0,0.0,0.0,315.6547857923433,0.0,0.39557824963681004,0.0,203.32722031332037,,,,,,,,,,,,,,,,,,,,,,,,,,,,,,,,,,,,,,,,,0.05564618110656738,0.12929648160934448,9.83276995387956e-05,-23.435638427734375,817260,0.012655327096581459
,,,,,,,,,,,,,,,0.13180285692214966,0.13620510697364807,0.21390998363494873,1.3883023262023926,0.46488672494888306,23.180246353149414,5.757930755615234,20.68073081970215,0.09064815938472748,1.3400962352752686,0.32093876600265503,19.506206512451172,0.045465946197509766,0.00975764263421297,12.742646217346191,0.14085257053375244,10.242650032043457,6.816758155822754,0.4191248118877411,0.7337765693664551,0.2017613649368286,0.16866660118103027,0.013861210085451603,0.25887638330459595,21.7503719329834,4.395629405975342,0.28923293948173523,0.2311735451221466,25.02806282043457,0.3082471787929535,0.07656803727149963,16.30661964416504,31.51826286315918,,,,,,,,-3.2143731117248535,0.12977230548858643,9.832231832365011e-05,-22.331695556640625,819998,0.01266427431255579
0.0,1.0,55.34999999999899,0.0,40.58862264595705,307.615927641322,5,0.0,0.0,0.0,2097.608968058601,1.0,0.6245146316734488,0.0,2324.443459088576,,,,,,,,,,,,,,,,,,,,,,,,,,,,,,,,,,,,,,,,,1.3810005187988281,0.1588960587978363,9.832038638952822e-05,-23.187145233154297,820981,0.012661273591220379
,,,,,,,,,,,,,,,,,,,,,,,,,,,,,,,,,,,,,,,,,,,,,,,,1028,21,722.86654073,0.11066178977489471,1515.56,21525,850983,,,,,,
0.0,0.27509469696969696,1.7000000000000008,0.0,44.682042131526416,124.30449087109038,1,1.0,0.0,0.0,553.6004691105336,0.0,0.4513421841935055,0.0,403.04857048480045,,,,,,,,,,,,,,,,,,,,,,,,,,,,,,,,,,,,,,,,,-0.42936941981315613,0.3167937397956848,9.831863331831022e-05,-22.942626953125,821873,0.012604841031134129
0.0,1.0,72.849999999998,0.0,29.21703205278265,235.80646183921573,3,0.0,0.0,0.0,1561.4554054774344,1.0,0.27238818647748275,0.0,1048.422129751831,,,,,,,,,,,,,,,,,,,,,,,,,,,,,,,,,,,,,,,,,-2.005347490310669,0.15282557904720306,9.831107092207625e-05,-21.907001495361328,825721,0.012606528587639332
0.0,0.40701970443349755,50.049999999999294,0.0,25.52971279762949,42.69168796535312,1,1.0,0.0,0.0,699.669235393405,0.0,0.2866811717152551,0.0,565.9086329659135,,,,,,,,,,,,,,,,,,,,,,,,,,,,,,,,,,,,,,,,,2.13814640045166,0.13827002048492432,9.830719353862738e-05,-22.683883666992188,827694,0.012584397569298744
1.0,0.6012269938650306,45.649999999999544,0.0,37.291555727054096,191.06167670637268,2,0.0,0.0,0.0,932.8842920009047,0.0,0.585044721999493,0.0,1054.2505890430864,,,,,,,,,,,,,,,,,,,,,,,,,,,,,,,,,,,,,,,,,1.9588932991027832,0.12464656680822372,9.830365424049755e-05,-22.934558868408203,829495,0.012690642848610878
,,,,,,,,,,,,,,,,,,,,,,,,,,,,,,,,,,,,,,,,,,,,,,,,1032,21,721.3318767900001,0.11029012501239777,1527.02,21930,859497,,,,,,
0.0,0.08789885611077664,0.0,0.0,40.51644523295795,112.2346794285518,1,1.0,0.0,0.0,146.0025773877278,0.0,0.33037063243382553,0.0,85.89636443279464,,,,,,,,,,,,,,,,,,,,,,,,,,,,,,,,,,,,,,,,,2.208987236022949,0.1363258957862854,9.830314526285735e-05,-22.235563278198242,829754,0.012682070955634117
,,,,,,,,,,,,,,,0.13542711734771729,0.14423738420009613,0.22479015588760376,1.441462755203247,0.47188860177993774,22.48239517211914,5.939912796020508,20.794694900512695,0.09364292770624161,1.3189969062805176,0.3501437306404114,19.39075469970703,0.048658587038517,0.01056646928191185,12.527975082397461,0.1473357081413269,10.519887924194336,6.829804420471191,0.42985111474990845,0.7706606388092041,0.2096135914325714,0.1736448109149933,0.014258325099945068,0.2746049165725708,22.106340408325195,4.501266956329346,0.3030983805656433,0.24290862679481506,25.402915954589844,0.3082544207572937,0.08144170045852661,16.063385009765625,31.350994110107422,,,,,,,,0.6410466432571411,0.134751096367836,9.830266576389818e-05,-23.10320281982422,829998,0.01268828846514225
1.0,0.4877492877492878,17.800000000000118,0.0,44.23192617453822,127.16056157911207,3,0.0,0.0,0.0,822.7936629988253,0.0,0.5393739029076251,0.0,722.7610298962176,,,,,,,,,,,,,,,,,,,,,,,,,,,,,,,,,,,,,,,,,2.7744951248168945,0.17783567309379578,9.830051392853467e-05,-22.89901351928711,831093,0.012751433998346329
0.0,0.13608748481166463,0.0,0.0,41.87043806509767,41.370435225952775,0,1.0,0.0,0.0,223.0429032575339,0.0,0.4747715579628982,0.0,182.31227825775292,,,,,,,,,,,,,,,,,,,,,,,,,,,,,,,,,,,,,,,,,1.7108906507492065,0.1729954183101654,9.829976128303206e-05,-22.084123611450195,831476,0.012758768163621426
0.0,0.16821994408201305,22.85000000000019,0.0,30.27038125088665,75.67827947908437,1,1.0,0.0,0.0,335.63766287546605,0.0,0.40843828488307155,0.0,326.34218962157416,,,,,,,,,,,,,,,,,,,,,,,,,,,,,,,,,,,,,,,,,0.8449414968490601,0.16329512000083923,9.82981931171106e-05,-23.41025161743164,832274,0.012793658301234245
,,,,,,,,,,,,,,,,,,,,,,,,,,,,,,,,,,,,,,,,,,,,,,,,1036,21,709.27061654,0.11026035249233246,1497.42,22060,862276,,,,,,
1.0,0.06074461136512083,0.15000000000000002,0.0,36.833970778348586,40.4422277459886,0,0.0,0.0,0.0,93.82212296221405,0.0,0.3220400694381156,0.0,59.25537277661327,,,,,,,,,,,,,,,,,,,,,,,,,,,,,,,,,,,,,,,,,1.9156239032745361,0.17763519287109375,9.829783350188574e-05,-22.558725357055664,832457,0.012787212617695332
0.0,1.0,64.94999999999845,0.0,38.633865094111,335.56390913228876,6,0.0,0.0,0.0,2133.8908436913043,1.0,0.5215131711775235,0.0,2074.5793949441886,,,,,,,,,,,,,,,,,,,,,,,,,,,,,,,,,,,,,,,,,1.043837070465088,0.14023011922836304,9.829001842067168e-05,-23.13129425048828,836434,0.012965358793735504
0.0,0.23906581740976646,3.099999999999997,0.0,46.28161560196846,152.69174203229377,2,1.0,0.0,0.0,591.5876518944278,0.0,0.4227426133268297,0.0,389.34594687401017,,,,,,,,,,,,,,,,,,,,,,,,,,,,,,,,,,,,,,,,,1.9718916416168213,0.13153813779354095,9.828821060124862e-05,-22.687719345092773,837354,0.012954309582710266
,,,,,,,,,,,,,,,0.13653753697872162,0.14221037924289703,0.22720365226268768,1.3676292896270752,0.46383988857269287,22.665802001953125,5.838194847106934,21.00448989868164,0.09118078649044037,1.276761770248413,0.33830296993255615,19.67566680908203,0.04857974499464035,0.009856289252638817,12.622601509094238,0.14239957928657532,10.572185516357422,6.778549671173096,0.41960492730140686,0.7327349781990051,0.21282988786697388,0.16843733191490173,0.013810615055263042,0.27429211139678955,22.218320846557617,4.491093158721924,0.298866868019104,0.24736452102661133,25.357715606689453,0.3048861026763916,0.07853171974420547,15.57166862487793,31.1942138671875,,,,,,,,-1.5048291683197021,0.14812438189983368,9.828301517844983e-05,-22.19866371154785,839998,0.013015160337090492
0.0,1.0,55.499999999998984,0.0,39.98643935805639,225.1149630790761,4,0.0,0.0,0.0,1997.6205756925046,1.0,0.5643241275459242,0.0,2030.4382109102353,,,,,,,,,,,,,,,,,,,,,,,,,,,,,,,,,,,,,,,,,2.340585231781006,0.12763917446136475,9.828114258069758e-05,-23.922893524169922,840951,0.01301939319819212
,,,,,,,,,,,,,,,,,,,,,,,,,,,,,,,,,,,,,,,,,,,,,,,,1040,21,748.9354512599999,0.11003965139389038,1568.68,22468,870953,,,,,,
0.0,1.0,60.049999999998725,0.0,38.71941715025021,239.6867418262941,4,0.0,0.0,0.0,1703.0157992392778,1.0,0.5370182381710594,0.0,1701.2737785259162,,,,,,,,,,,,,,,,,,,,,,,,,,,,,,,,,,,,,,,,,1.2825008630752563,0.14111126959323883,9.827491971151475e-05,-22.315792083740234,844118,0.01309925690293312
0.0,0.08205756276791182,3.399999999999996,0.0,38.114944264762094,25.18961477409442,0,1.0,0.0,0.0,136.24577500857413,0.0,0.1464930796206724,0.0,37.79521454213348,,,,,,,,,,,,,,,,,,,,,,,,,,,,,,,,,,,,,,,,,2.3117177486419678,0.1943645477294922,9.827441473839525e-05,-23.098085403442383,844375,0.013101967051625252
0.0,0.02154308617234469,0.39999999999999997,0.0,33.63927290707547,22.246135143858645,0,0.0,0.0,1.0,46.02106438949704,0.0,0.19781118930669275,0.0,19.58330774136258,,,,,,,,,,,,,,,,,,,,,,,,,,,,,,,,,,,,,,,,,1.679793357849121,0.24495930969715118,9.827422218089544e-05,-22.220470428466797,844473,0.013094309717416763
0.0,0.03736377789309808,3.599999999999995,0.0,36.12216785304957,6.693769109675658,0,1.0,0.0,0.0,71.54136728052981,0.0,0.07103627599344305,0.0,10.158187467062355,,,,,,,,,,,,,,,,,,,,,,,,,,,,,,,,,,,,,,,,,-0.6613597273826599,0.2711057662963867,9.82739431693444e-05,-22.255088806152344,844615,0.013072431087493896
,,,,,,,,,,,,,,,,,,,,,,,,,,,,,,,,,,,,,,,,,,,,,,,,1044,21,743.7258732399999,0.10998599231243134,1554.81,22639,874617,,,,,,
0.0,0.05351976856316297,0.7500000000000001,0.0,39.62851559086105,53.491616734065005,1,1.0,0.0,0.0,115.22741114068776,0.0,0.259932501485302,0.0,54.585825311913425,,,,,,,,,,,,,,,,,,,,,,,,,,,,,,,,,,,,,,,,,2.1031033992767334,0.18580734729766846,9.82735325122223e-05,-22.17236328125,844824,0.013056845404207706
0.0,0.16058394160583941,2.8999999999999977,0.0,42.33425814312114,134.11339003750734,1,1.0,0.0,0.0,241.93702806625515,0.0,0.4386800514110688,0.0,180.73618118136034,,,,,,,,,,,,,,,,,,,,,,,,,,,,,,,,,,,,,,,,,1.716460943222046,0.13265416026115417,9.827272495455985e-05,-21.62354850769043,845235,0.013079202733933926
0.0,0.010055304172951232,1.800000000000001,0.0,24.38205824966813,1.8328713236733363,0,1.0,0.0,0.0,20.021657838718966,0.0,-0.3138011618245509,0.0,-18.828069709473056,,,,,,,,,,,,,,,,,,,,,,,,,,,,,,,,,,,,,,,,,2.788133144378662,0.21649035811424255,9.827260902806452e-05,-22.350229263305664,845294,0.01306887250393629
0.0,0.009576612903225807,0.35,0.0,20.467903230301285,8.170624377171551,0,1.0,0.0,0.0,19.075910900952294,0.0,-0.3760705193343051,0.0,-25.572795314732744,,,,,,,,,,,,,,,,,,,,,,,,,,,,,,,,,,,,,,,,,0.5349950194358826,0.1484907865524292,9.827247738280573e-05,-22.579418182373047,845361,0.013071227818727493
,,,,,,,,,,,,,,,,,,,,,,,,,,,,,,,,,,,,,,,,,,,,,,,,1048,21,697.2678821499999,0.10996977984905243,1455.45,22677,875363,,,,,,
0.0,1.0,30.800000000000303,0.0,42.98785168935831,109.43748889186088,2,0.0,0.0,0.0,2091.45570605807,1.0,0.5660355515940023,0.0,1983.388572785384,,,,,,,,,,,,,,,,,,,,,,,,,,,,,,,,,,,,,,,,,-2.5008041858673096,0.12567025423049927,9.826559462056021e-05,-22.34062957763672,848864,0.013065402396023273
0.0,0.1991739329967875,9.099999999999994,0.0,43.696083302939535,156.86036678655628,3,1.0,0.0,0.0,414.7487991293892,0.0,0.46887590571577625,0.0,320.71111950959096,,,,,,,,,,,,,,,,,,,,,,,,,,,,,,,,,,,,,,,,,0.9863154888153076,0.1432047039270401,9.826425267715502e-05,-22.546667098999023,849547,0.013066130690276623
,,,,,,,,,,,,,,,0.13445186614990234,0.14676620066165924,0.21023818850517273,1.451724648475647,0.46396374702453613,22.726396560668945,5.307468414306641,20.230670928955078,0.08796630799770355,1.3926889896392822,0.33407899737358093,19.925914764404297,0.04565936326980591,0.010353809222579002,12.937952041625977,0.13419505953788757,11.06053352355957,6.6292805671691895,0.40584224462509155,0.7802795171737671,0.20707112550735474,0.1730618178844452,0.014472896233201027,0.2542499303817749,22.91111946105957,4.393681049346924,0.3040159046649933,0.23012559115886688,24.46580696105957,0.3015647530555725,0.07042670994997025,16.65328598022461,30.584915161132812,,,,,,,,0.5749301910400391,0.1913018673658371,9.826336656730508e-05,-22.2625732421875,849998,0.013061638921499252
0.0,0.5100087032201914,82.59999999999745,0.0,30.36993420385133,158.2241694510124,3,1.0,0.0,0.0,1108.8174053521361,0.0,0.45437209907303805,0.0,1194.99862056209,,,,,,,,,,,,,,,,,,,,,,,,,,,,,,,,,,,,,,,,,-0.9646565914154053,0.15043866634368896,9.825908736162676e-05,-22.837791442871094,852176,0.01302232313901186
0.0,1.0,80.14999999999759,0.0,37.760244729732136,169.42770517681177,4,0.0,0.0,0.0,2469.4389418521896,1.0,0.4995007952092392,0.0,2352.6487454355165,,,,,,,,,,,,,,,,,,,,,,,,,,,,,,,,,,,,,,,,,-5.202793598175049,0.17902517318725586,9.82498357168748e-05,-23.639371871948242,856885,0.01299484446644783
,,,,,,,,,,,,,,,,,,,,,,,,,,,,,,,,,,,,,,,,,,,,,,,,1052,21,736.08690022,0.10985949635505676,1525.62,23240,886887,,,,,,
0.0,0.1366120218579235,42.649999999999714,0.0,21.67156552277534,22.782482717462173,0,1.0,0.0,0.0,277.75231768377125,0.0,0.5286733322253646,0.0,488.4941589762369,,,,,,,,,,,,,,,,,,,,,,,,,,,,,,,,,,,,,,,,,0.43757662177085876,0.14147306978702545,9.824802237509064e-05,-22.917884826660156,857808,0.013020709156990051
0.0,0.37402752842609216,28.55000000000027,0.0,36.66814302376766,111.85161983816073,2,1.0,0.0,0.0,599.0392047371715,0.0,0.43258496709427435,0.0,509.1525062699609,,,,,,,,,,,,,,,,,,,,,,,,,,,,,,,,,,,,,,,,,1.79722261428833,0.10532672703266144,9.824571200949224e-05,-23.14093017578125,858984,0.013075691647827625
0.0,0.08529276164130936,1.7000000000000008,0.0,37.1524612620723,58.573354875847336,0,1.0,0.0,0.0,187.8980924608186,0.0,0.3358453326795199,0.0,122.58354642802476,,,,,,,,,,,,,,,,,,,,,,,,,,,,,,,,,,,,,,,,,1.1110830307006836,0.20686261355876923,9.824499690186442e-05,-23.919307708740234,859348,0.01309866365045309
1.0,0.18738518064911205,3.599999999999995,0.0,45.4923389155833,32.42436153531517,1,0.0,0.0,0.0,302.94388190098107,0.0,0.3843629018396676,0.0,184.49419288304045,,,,,,,,,,,,,,,,,,,,,,,,,,,,,,,,,,,,,,,,,1.5860488414764404,0.1749732792377472,9.824405587136221e-05,-23.22992706298828,859827,0.01307299267500639
,,,,,,,,,,,,,,,,,,,,,,,,,,,,,,,,,,,,,,,,,,,,,,,,1056,21,739.9606595299999,0.10985926538705826,1531.08,23380,889829,,,,,,
,,,,,,,,,,,,,,,0.14692887663841248,0.13742977380752563,0.2214769721031189,1.3062094449996948,0.48512017726898193,21.219100952148438,6.018646717071533,21.215824127197266,0.09973034262657166,1.2227258682250977,0.31511837244033813,18.927900314331055,0.04384869337081909,0.010015927255153656,14.074678421020508,0.14901259541511536,10.240038871765137,7.431014060974121,0.435461163520813,0.7462974786758423,0.19759279489517212,0.1720438301563263,0.012764322571456432,0.24926799535751343,21.898221969604492,4.200374603271484,0.2938922047615051,0.24124643206596375,23.877994537353516,0.28477784991264343,0.0807752013206482,16.48050308227539,32.44667434692383,,,,,,,,-2.6909189224243164,0.11815381795167923,9.824371993046386e-05,-24.612903594970703,859998,0.013086202554404736
0.0,1.0,121.24999999999525,0.0,29.594053277097572,101.50719891046421,2,0.0,0.0,0.0,1592.8945182729512,1.0,0.49380407788394454,0.0,1914.478409956053,,,,,,,,,,,,,,,,,,,,,,,,,,,,,,,,,,,,,,,,,-2.9000937938690186,0.18161773681640625,9.823644135276053e-05,-22.12850570678711,863703,0.013146606273949146
0.0,0.3845667299177736,41.84999999999976,0.0,25.913704083035622,86.4856759485857,1,1.0,0.0,0.0,582.108183032833,0.0,0.3622408132300723,0.0,586.1056358062569,,,,,,,,,,,,,,,,,,,,,,,,,,,,,,,,,,,,,,,,,2.488229751586914,0.10636740922927856,9.823326479529693e-05,-24.482629776000977,865320,0.013080624863505363
0.0,0.17583015786608602,31.600000000000314,0.0,29.70141583908691,0.0,0,1.0,0.0,0.0,321.42555057629943,0.0,0.2872873060029687,0.0,224.08409868231558,,,,,,,,,,,,,,,,,,,,,,,,,,,,,,,,,,,,,,,,,2.6126937866210938,0.15910139679908752,9.8231734487028e-05,-23.6187744140625,866099,0.013060312718153
0.0,0.20738282870178348,5.899999999999987,0.0,47.12356516598712,102.68586634697476,2,1.0,0.0,0.0,524.5535818692297,0.0,0.5140835368514444,0.0,412.29499655485836,,,,,,,,,,,,,,,,,,,,,,,,,,,,,,,,,,,,,,,,,0.15813905000686646,0.17260342836380005,9.823016097330371e-05,-21.89096450805664,866900,0.013135221786797047
,,,,,,,,,,,,,,,,,,,,,,,,,,,,,,,,,,,,,,,,,,,,,,,,1060,21,749.51122519,0.10969793051481247,1545.08,23738,896902,,,,,,
0.0,0.21467967755621553,0.39999999999999997,0.0,46.3353105347893,75.78821100297809,1,1.0,0.0,0.0,530.0513005042449,0.0,0.5446024411949666,0.0,448.7524115446525,,,,,,,,,,,,,,,,,,,,,,,,,,,,,,,,,,,,,,,,,1.9328279495239258,0.151641845703125,9.822854425516783e-05,-23.096508026123047,867723,0.013115612789988518
0.0,0.04045996592844974,0.0,0.0,41.683104461261046,37.91967027506516,0,1.0,0.0,0.0,95.8082306664437,0.0,0.31234056270024235,0.0,51.84853340824023,,,,,,,,,,,,,,,,,,,,,,,,,,,,,,,,,,,,,,,,,-1.2721788883209229,0.13445810973644257,9.822822012738166e-05,-22.543371200561523,867888,0.01312927808612585
0.0,0.10178817056396149,2.25,0.0,38.590211556876326,94.34117163801407,1,1.0,0.0,0.0,223.11201310763136,0.0,0.06633999962942658,0.0,27.663779845470884,,,,,,,,,,,,,,,,,,,,,,,,,,,,,,,,,,,,,,,,,1.3474557399749756,0.18762177228927612,9.822740293486427e-05,-23.819692611694336,868304,0.013148481957614422
0.0,0.040641711229946524,1.850000000000001,0.0,37.201744858953305,0.0,0,1.0,0.0,0.0,77.13715993543155,0.0,-0.09446560946072134,0.0,-14.169841419108202,,,,,,,,,,,,,,,,,,,,,,,,,,,,,,,,,,,,,,,,,2.0838053226470947,0.12769141793251038,9.822711023933693e-05,-23.183109283447266,868453,0.013159727677702904
,,,,,,,,,,,,,,,,,,,,,,,,,,,,,,,,,,,,,,,,,,,,,,,,1064,21,712.2342197599999,0.1096523329615593,1475.6,23813,898455,,,,,,
,,,,,,,,,,,,,,,0.13722097873687744,0.1455487459897995,0.21330292522907257,1.4129371643066406,0.469687819480896,22.4965877532959,5.608030796051025,21.053468704223633,0.08607164770364761,1.3257983922958374,0.3249679207801819,18.618803024291992,0.04237871617078781,0.009615220129489899,13.544013023376465,0.13380372524261475,10.794854164123535,6.383640766143799,0.4352169632911682,0.7131280899047852,0.18863612413406372,0.16843768954277039,0.013432307168841362,0.24973976612091064,21.725196838378906,4.182872772216797,0.29292428493499756,0.22999459505081177,24.649866104125977,0.3033250868320465,0.07561397552490234,16.625171661376953,32.278560638427734,,,,,,,,1.0632559061050415,0.210627019405365,9.822407526792625e-05,-23.24795150756836,869998,0.013151811435818672
0.0,1.0,361.850000000048,0.0,21.922500297059376,0.0,0,0.0,0.0,0.0,2203.8564902469516,1.0,0.555759811562429,0.0,4023.145275900424,,,,,,,,,,,,,,,,,,,,,,,,,,,,,,,,,,,,,,,,,2.136690139770508,0.10216324776411057,9.821289244346748e-05,-24.05499839782715,875691,0.013098963536322117
0.0,0.034986713906111605,0.0,0.0,40.09664729783027,62.21090866157761,0,1.0,0.0,0.0,79.32476313598454,0.0,0.2161009851753383,0.0,30.902440880073378,,,,,,,,,,,,,,,,,,,,,,,,,,,,,,,,,,,,,,,,,1.552412986755371,0.11891187727451324,9.821261351943643e-05,-22.838607788085938,875833,0.013093685731291771
0.0,0.8259198242723779,64.29999999999849,0.0,36.717944880689274,191.188634141573,3,1.0,0.0,0.0,1424.3644051649608,0.0,0.6079975542359887,0.0,1698.7451665353524,,,,,,,,,,,,,,,,,,,,,,,,,,,,,,,,,,,,,,,,,1.72295081615448,0.1298326849937439,9.82071274396627e-05,-23.986299514770508,878626,0.013113805092871189
0.0,0.10558199913457378,20.950000000000163,0.0,26.796001016566027,46.62397876797519,0,1.0,0.0,0.0,249.41511089913547,0.0,0.3407539500883473,0.0,228.64590050928103,,,,,,,,,,,,,,,,,,,,,,,,,,,,,,,,,,,,,,,,,1.9874472618103027,0.10317762196063995,9.820581143197292e-05,-23.047382354736328,879296,0.013149227946996689
,,,,,,,,,,,,,,,,,,,,,,,,,,,,,,,,,,,,,,,,,,,,,,,,1068,21,753.3347388500001,0.10950124263763428,1545.29,24318,909298,,,,,,
,,,,,,,,,,,,,,,0.13834504783153534,0.13746729493141174,0.22772233188152313,1.4321367740631104,0.47481900453567505,21.892139434814453,5.935145854949951,20.968225479125977,0.09097273647785187,1.1216219663619995,0.3561853766441345,19.065444946289062,0.05021772161126137,0.009163795970380306,12.738539695739746,0.14354780316352844,10.216796875,6.761244773864746,0.43308955430984497,0.681068480014801,0.20705747604370117,0.1830991953611374,0.01218121126294136,0.267412394285202,22.325674057006836,4.62394905090332,0.3003925681114197,0.2487090528011322,24.622806549072266,0.2945593595504761,0.07985755801200867,16.859413146972656,32.18793487548828,,,,,,,,-1.4965312480926514,0.09544545412063599,9.820443257969224e-05,-23.678346633911133,879998,0.013163216412067413
0.0,0.4879248658318426,7.599999999999981,0.0,46.83647223620507,192.31535715475638,2,1.0,0.0,0.0,1085.233794384636,0.0,0.6416685810478896,0.0,1070.9448617689277,,,,,,,,,,,,,,,,,,,,,,,,,,,,,,,,,,,,,,,,,2.689879894256592,0.12330517172813416,9.820253520057935e-05,-23.17904281616211,880964,0.013166406191885471
1.0,0.5991471215351812,48.84999999999936,0.0,36.47296922939658,198.64868121193,4,0.0,0.0,0.0,1161.7016561580822,0.0,0.426225255766016,0.0,977.7607367272407,,,,,,,,,,,,,,,,,,,,,,,,,,,,,,,,,,,,,,,,,-2.510509967803955,0.15313494205474854,9.819803145415572e-05,-22.822479248046875,883257,0.013283384032547474
0.0,0.028409090909090908,0.65,0.0,36.36700285585567,0.5137966767185131,0,1.0,0.0,0.0,62.35169433709234,0.0,0.12483919050897323,0.0,15.48005962311268,,,,,,,,,,,,,,,,,,,,,,,,,,,,,,,,,,,,,,,,,1.7869371175765991,0.16444939374923706,9.819778986929589e-05,-23.44275665283203,883380,0.013287939131259918
0.0,1.0,131.14999999999557,0.0,31.06151907485188,267.880812360827,4,0.0,0.0,0.0,1651.1034057170618,1.0,0.5140332231567747,0.0,1968.2332114672902,,,,,,,,,,,,,,,,,,,,,,,,,,,,,,,,,,,,,,,,,1.8712843656539917,0.15709619224071503,9.819027142637391e-05,-23.708969116210938,887208,0.013370086438953876
,,,,,,,,,,,,,,,,,,,,,,,,,,,,,,,,,,,,,,,,,,,,,,,,1072,21,770.91164033,0.10933560878038406,1567.05,24703,917210,,,,,,
0.0,0.2578378378378378,19.25000000000014,0.0,31.335485735427184,165.15727380970287,2,1.0,0.0,0.0,453.24010637868196,0.0,0.29932461896348445,0.0,311.8962529599508,,,,,,,,,,,,,,,,,,,,,,,,,,,,,,,,,,,,,,,,,-5.863964080810547,0.13970309495925903,9.818822688417234e-05,-22.581329345703125,888249,0.013379850424826145
0.0,0.05363984674329502,0.35,0.0,41.22304924919267,24.589464147473773,0,1.0,0.0,0.0,83.85752054397017,0.0,0.1986797610807948,0.0,29.205924878876836,,,,,,,,,,,,,,,,,,,,,,,,,,,,,,,,,,,,,,,,,-0.05543968081474304,0.1465347707271576,9.818794013933033e-05,-23.355937957763672,888395,0.013370826840400696
0.0,0.12777321281840592,3.2499999999999964,0.0,44.624660656571955,99.08791639004322,2,1.0,0.0,0.0,321.9970865501091,0.0,0.5390787718200301,0.0,280.32096134641563,,,,,,,,,,,,,,,,,,,,,,,,,,,,,,,,,,,,,,,,,1.1279683113098145,0.1224333643913269,9.818692082374416e-05,-22.954158782958984,888914,0.01338254939764738
,,,,,,,,,,,,,,,0.1418052762746811,0.14656850695610046,0.22181636095046997,1.4444785118103027,0.4366907477378845,23.859020233154297,6.314623832702637,20.019657135009766,0.08846814930438995,1.1470584869384766,0.3601556718349457,19.971830368041992,0.04820965975522995,0.009418864734470844,12.798392295837402,0.1517254114151001,11.037169456481934,6.661990165710449,0.4061043858528137,0.709276556968689,0.22128644585609436,0.176126629114151,0.012709327042102814,0.28603923320770264,20.836713790893555,4.351079940795898,0.2767019271850586,0.24933265149593353,25.815980911254883,0.31683677434921265,0.0838552862405777,15.896007537841797,30.581212997436523,,,,,,,,1.8944368362426758,0.12083153426647186,9.818479186576176e-05,-23.016752243041992,889998,0.013433876447379589
0.0,1.0,163.60000000000295,0.0,30.012580280514623,172.67894652470238,4,0.0,0.0,0.0,2070.790631916374,1.0,0.5422027829741486,0.0,2694.2056285985445,,,,,,,,,,,,,,,,,,,,,,,,,,,,,,,,,,,,,,,,,2.0691723823547363,0.10074847936630249,9.817716394479726e-05,-23.241294860839844,893882,0.013501898385584354
,,,,,,,,,,,,,,,,,,,,,,,,,,,,,,,,,,,,,,,,,,,,,,,,1076,21,792.10939818,0.10926445573568344,1598.94,25031,923884,,,,,,
0.0,0.3849972421400993,50.34999999999928,0.0,33.57793464274174,115.69627407125633,2,1.0,0.0,0.0,737.8992761746049,0.0,0.43852245974853743,0.0,694.1810537819348,,,,,,,,,,,,,,,,,,,,,,,,,,,,,,,,,,,,,,,,,-0.8276962041854858,0.12049869447946548,9.817405708603742e-05,-21.87368392944336,895464,0.013547674752771854
0.0,0.18293885601577908,1.6000000000000008,0.0,45.53896943712025,278.158299395719,3,1.0,0.0,0.0,398.75806840043515,0.0,0.49573420380857647,0.0,312.80828260321175,,,,,,,,,,,,,,,,,,,,,,,,,,,,,,,,,,,,,,,,,2.5630359649658203,0.1472213715314865,9.81728198551551e-05,-23.55284881591797,896094,0.01354330312460661
0.0,1.0,61.84999999999862,0.0,37.42901275087782,259.9042077276929,5,0.0,0.0,0.0,1559.9753073174506,1.0,0.6130500767143755,0.0,1840.3763302965554,,,,,,,,,,,,,,,,,,,,,,,,,,,,,,,,,,,,,,,,,1.3003995418548584,0.13214856386184692,9.81669264232327e-05,-22.3656005859375,899095,0.013512449339032173
0.0,0.06160896130346232,3.2999999999999963,0.0,37.09121010951248,36.29769115197038,0,1.0,0.0,0.0,115.16383871342987,0.0,0.34454503391808655,0.0,77.17808759765138,,,,,,,,,,,,,,,,,,,,,,,,,,,,,,,,,,,,,,,,,-2.842749834060669,0.17403003573417664,9.816648849786778e-05,-23.13388442993164,899318,0.013500578701496124
,,,,,,,,,,,,,,,,,,,,,,,,,,,,,,,,,,,,,,,,,,,,,,,,1080,21,787.21581068,0.10926415026187897,1579.83,25292,929320,,,,,,
,,,,,,,,,,,,,,,0.13283845782279968,0.14916522800922394,0.22937867045402527,1.3754383325576782,0.43032652139663696,24.617565155029297,5.780798435211182,21.348247528076172,0.09666790068149567,1.0397717952728271,0.34788233041763306,19.626420974731445,0.048862360417842865,0.008156940340995789,12.363261222839355,0.14777281880378723,11.06074333190918,7.16801643371582,0.39877849817276,0.604844868183136,0.21087831258773804,0.16842323541641235,0.011171945370733738,0.27290838956832886,21.198223114013672,4.547614574432373,0.28587931394577026,0.25292471051216125,25.399553298950195,0.33199256658554077,0.07795987278223038,15.675131797790527,29.569805145263672,,,,,,,,0.747180163860321,0.13834913074970245,9.816515312613487e-05,-22.226301193237305,899998,0.013511354103684425
0.0,1.0,32.15000000000031,0.0,43.0039833473157,168.58369111243402,2,0.0,0.0,0.0,2327.374734286219,1.0,0.573300508798391,0.0,2234.7253832961283,,,,,,,,,,,,,,,,,,,,,,,,,,,,,,,,,,,,,,,,,2.538861036300659,0.09844391793012619,9.815883576332484e-05,-22.269359588623047,903215,0.013403196819126606
0.0,0.37691900476442564,4.399999999999992,0.0,45.989067214650944,39.18213185708174,1,1.0,0.0,0.0,695.2306581009179,0.0,0.40973150234001526,0.0,446.1976060482766,,,,,,,,,,,,,,,,,,,,,,,,,,,,,,,,,,,,,,,,,2.176563262939453,0.1959826648235321,9.815669925664345e-05,-23.220327377319336,904303,0.013407544232904911
0.0,0.11215791834903545,0.0,0.0,42.84514650705819,37.26958974404141,0,1.0,0.0,0.0,269.2384456265718,0.0,0.5251576408197539,0.0,237.8964112913485,,,,,,,,,,,,,,,,,,,,,,,,,,,,,,,,,,,,,,,,,0.6994153261184692,0.13175614178180695,9.815581167066553e-05,-22.742963790893555,904755,0.013420777395367622
0.0,1.0,52.299999999999166,0.0,40.08257561697953,178.77661074737716,2,0.0,0.0,0.0,2330.00332741905,1.0,0.5561454862782088,0.0,2328.58115104686,,,,,,,,,,,,,,,,,,,,,,,,,,,,,,,,,,,,,,,,,3.0438475608825684,0.1691521257162094,9.814759187359325e-05,-21.861793518066406,908941,0.013356443494558334
,,,,,,,,,,,,,,,,,,,,,,,,,,,,,,,,,,,,,,,,,,,,,,,,1084,21,824.9821188799998,0.1092052012681961,1640.18,25756,938943,,,,,,
0.0,0.00881445570736007,1.3500000000000005,0.0,21.143488304584842,7.43199186343704,0,1.0,0.0,0.0,19.52692376053892,0.0,-0.29083092558712076,0.0,-19.48567201433709,,,,,,,,,,,,,,,,,,,,,,,,,,,,,,,,,,,,,,,,,2.262752056121826,0.1842576563358307,9.8147462276123e-05,-22.165462493896484,909007,0.013345850631594658
0.0,0.005863779882724403,0.0,0.0,19.216528083948525,0.8850416232993592,0,1.0,0.0,0.0,13.159327084198594,0.0,-0.5467856175618092,0.0,-27.33928087809046,,,,,,,,,,,,,,,,,,,,,,,,,,,,,,,,,,,,,,,,,-1.2369086742401123,0.20523378252983093,9.814736605987497e-05,-22.01008415222168,909056,0.013337617740035057
,,,,,,,,,,,,,,,0.1389331817626953,0.1473710834980011,0.20895534753799438,1.518150806427002,0.43317753076553345,25.597667694091797,5.5880889892578125,19.996341705322266,0.08724986761808395,1.1666396856307983,0.3467889428138733,18.96525764465332,0.04770053178071976,0.008880650624632835,13.295450210571289,0.13540148735046387,11.143000602722168,6.597124099731445,0.39516523480415344,0.6714824438095093,0.19818085432052612,0.16642217338085175,0.012191010639071465,0.27258485555648804,20.523462295532227,4.564784526824951,0.2714318037033081,0.22842851281166077,26.085477828979492,0.3385404348373413,0.07390493154525757,15.926056861877441,29.87917709350586,,,,,,,,2.507117986679077,0.157559335231781,9.814551636081157e-05,-23.815052032470703,909998,0.013319936580955982
0.0,1.0,57.69999999999886,0.0,36.83325938167308,180.6935626566061,1,0.0,0.0,0.0,1650.7701316289604,1.0,0.5244985577997958,0.0,1693.081344577741,,,,,,,,,,,,,,,,,,,,,,,,,,,,,,,,,,,,,,,,,-0.8063603639602661,0.10250543057918549,9.81410296370408e-05,-24.46841049194336,912283,0.01333912555128336
0.0,0.08949243098842387,2.3499999999999996,0.0,44.995707866929976,63.70121217765122,1,1.0,0.0,0.0,191.53304963209666,0.0,0.4704914905096014,0.0,144.44088758644762,,,,,,,,,,,,,,,,,,,,,,,,,,,,,,,,,,,,,,,,,1.5599957704544067,0.13629812002182007,9.81404287969576e-05,-23.366878509521484,912589,0.013343368656933308
,,,,,,,,,,,,,,,,,,,,,,,,,,,,,,,,,,,,,,,,,,,,,,,,1088,21,817.7918245000002,0.10918611288070679,1618.13,25946,942591,,,,,,
1.0,0.5291644771413557,69.4999999999982,0.0,31.641869367760197,206.52901317029844,2,0.0,0.0,0.0,954.426489853533,0.0,0.5284343589899587,0.0,1148.2878620851802,,,,,,,,,,,,,,,,,,,,,,,,,,,,,,,,,,,,,,,,,-0.11069066822528839,0.1135561466217041,9.81361640636154e-05,-23.86947250366211,914761,0.013305342756211758
0.0,0.04376548307184145,0.0,0.0,40.69455746857117,0.0,0,1.0,0.0,0.0,105.9112735548988,0.0,-0.11856684699280727,0.0,-22.290567234647767,,,,,,,,,,,,,,,,,,,,,,,,,,,,,,,,,,,,,,,,,2.1299190521240234,0.12932085990905762,9.813579689249353e-05,-22.456790924072266,914948,0.013311314396560192
0.0,0.14585152838427948,19.500000000000142,0.0,31.880313922400298,57.12837272333577,1,1.0,0.0,0.0,326.8448267895146,0.0,0.4192304495423273,0.0,309.8113022117799,,,,,,,,,,,,,,,,,,,,,,,,,,,,,,,,,,,,,,,,,0.494782954454422,0.14859801530838013,9.813434784956424e-05,-22.73811912536621,915686,0.013325540348887444
0.0,0.988950276243094,69.69999999999818,0.0,36.66655175103373,375.9968149275802,4,1.0,0.0,0.0,1717.1212839265354,0.0,0.5570027411873474,0.0,1878.7702460249227,,,,,,,,,,,,,,,,,,,,,,,,,,,,,,,,,,,,,,,,,2.4355506896972656,0.14046981930732727,9.812772715607791e-05,-22.307193756103516,919058,0.013295791111886501
,,,,,,,,,,,,,,,,,,,,,,,,,,,,,,,,,,,,,,,,,,,,,,,,1092,21,818.84345588,0.10922408103942871,1609.58,26257,949060,,,,,,
,,,,,,,,,,,,,,,0.12565405666828156,0.13623294234275818,0.20994386076927185,1.4663804769515991,0.46032777428627014,23.401256561279297,5.527117729187012,20.814790725708008,0.0835021585226059,1.1194372177124023,0.33514291048049927,19.814382553100586,0.044368572533130646,0.009258432313799858,12.457916259765625,0.13442832231521606,10.133769035339355,6.211358547210693,0.42314621806144714,0.6886940598487854,0.19985346496105194,0.16113047301769257,0.011290960013866425,0.25638681650161743,22.561809539794922,4.398902416229248,0.3033088147640228,0.22855111956596375,25.419357299804688,0.3145939111709595,0.07430359721183777,15.975208282470703,31.47598648071289,,,,,,,,-1.414812684059143,0.1194857582449913,9.812588156979184e-05,-22.67743682861328,919998,0.013295226730406284
0.0,1.0,57.49999999999887,0.0,37.36292103632557,259.2755835451048,5,0.0,0.0,0.0,1552.8322364203632,1.0,0.4982619910539527,0.0,1491.7964012155344,,,,,,,,,,,,,,,,,,,,,,,,,,,,,,,,,,,,,,,,,1.6776906251907349,0.1386142075061798,9.812185079146432e-05,-22.09446144104004,922051,0.013386775739490986
0.0,0.14054514480408858,0.0,0.0,45.68339710034873,227.4293485667247,3,1.0,0.0,0.0,349.2092601880431,0.0,0.5806836909944377,0.0,319.95671373793516,,,,,,,,,,,,,,,,,,,,,,,,,,,,,,,,,,,,,,,,,1.8109495639801025,0.14815601706504822,9.812077095753055e-05,-22.30093002319336,922601,0.013387789949774742
0.0,0.06787330316742081,1.800000000000001,0.0,43.0081385469672,24.44242368423957,0,1.0,0.0,0.0,119.7469366909936,0.0,0.3073110561978848,0.0,61.76952229577485,,,,,,,,,,,,,,,,,,,,,,,,,,,,,,,,,,,,,,,,,1.340590000152588,0.21233755350112915,9.812037829212629e-05,-22.79624366760254,922801,0.013384937308728695
0.0,0.7361995753715499,105.19999999999617,0.0,29.81658080887553,74.24569135359852,1,1.0,0.0,0.0,1356.6189231369644,0.0,0.4956517053708665,0.0,1624.2506385003296,,,,,,,,,,,,,,,,,,,,,,,,,,,,,,,,,,,,,,,,,2.553839683532715,0.14010964334011078,9.811394654521497e-05,-21.943260192871094,926077,0.013337408192455769
,,,,,,,,,,,,,,,,,,,,,,,,,,,,,,,,,,,,,,,,,,,,,,,,1096,21,842.2836162499999,0.10922843962907791,1654.16,26580,956079,,,,,,
,,,,,,,,,,,,,,,0.13130441308021545,0.15382733941078186,0.2155815064907074,1.46909761428833,0.4510959982872009,24.494007110595703,5.533553123474121,20.774778366088867,0.08454793691635132,1.336292028427124,0.3403000235557556,19.525665283203125,0.04776793718338013,0.010713642463088036,12.653311729431152,0.13377627730369568,11.37171459197998,6.250222206115723,0.4012370705604553,0.7920080423355103,0.20261938869953156,0.1632218360900879,0.013866808265447617,0.2633460760116577,21.896968841552734,4.60321569442749,0.29620444774627686,0.2316388040781021,25.377668380737305,0.33133506774902344,0.07485342025756836,15.729072570800781,29.66152572631836,,,,,,,,-0.9704216718673706,0.11562605202198029,9.810624875307569e-05,-22.208675384521484,929998,0.013316906988620758
0.0,1.0,56.9999999999989,0.0,38.35198974645168,198.37040709330154,3,0.0,0.0,0.0,2373.9000968290493,1.0,0.5519453963852771,0.0,2460.572577085565,,,,,,,,,,,,,,,,,,,,,,,,,,,,,,,,,,,,,,,,,-6.451960563659668,0.11586044728755951,9.81051964898471e-05,-22.931537628173828,930534,0.013269007205963135
0.0,0.4231843575418994,59.99999999999873,0.0,34.05712396531506,207.34866335297374,3,1.0,0.0,0.0,860.3655092145782,0.0,0.5035648881013279,0.0,916.4880963444168,,,,,,,,,,,,,,,,,,,,,,,,,,,,,,,,,,,,,,,,,2.109285354614258,0.134243443608284,9.810162551196097e-05,-23.37024688720703,932353,0.013193191029131413
0.0,0.052983081032947466,6.799999999999984,0.0,31.38038993129739,46.016983614696095,0,1.0,0.0,0.0,119.07751120813191,0.0,0.18397049554826844,0.0,50.40791578022555,,,,,,,,,,,,,,,,,,,,,,,,,,,,,,,,,,,,,,,,,1.4388222694396973,0.1201263964176178,9.810108957644267e-05,-23.73181915283203,932626,0.013154683634638786
0.0,0.01794526693584567,0.0,0.0,26.132712105921335,18.31709624122966,0,1.0,0.0,0.0,39.333417990244925,0.0,-0.12038407063840886,0.0,-13.121863699586566,,,,,,,,,,,,,,,,,,,,,,,,,,,,,,,,,,,,,,,,,-1.1669106483459473,0.1421649158000946,9.810087755840207e-05,-23.705684661865234,932734,0.013154733926057816
,,,,,,,,,,,,,,,,,,,,,,,,,,,,,,,,,,,,,,,,,,,,,,,,1100,21,817.9947576300001,0.10902458429336548,1616.25,26897,962736,,,,,,
0.0,0.21327849588719153,12.850000000000048,0.0,39.71459846374575,43.45923333646171,0,1.0,0.0,0.0,362.04465144779533,0.0,0.2927272161164121,0.0,192.32178098848277,,,,,,,,,,,,,,,,,,,,,,,,,,,,,,,,,,,,,,,,,1.9830589294433594,0.16984909772872925,9.809958975006582e-05,-22.99491310119629,933390,0.01310774777084589
0.0,0.18385650224215247,6.149999999999986,0.0,37.01384173053731,149.77762550288884,1,1.0,0.0,0.0,346.16542515624315,0.0,0.3159220973872634,0.0,212.93149363901554,,,,,,,,,,,,,,,,,,,,,,,,,,,,,,,,,,,,,,,,,-1.3103482723236084,0.15788927674293518,9.809826857747696e-05,-22.00292205810547,934063,0.013077949173748493
0.0,1.0,41.54999999999978,0.0,42.0812104447629,271.48389612727186,4,0.0,0.0,0.0,1820.6276356298476,1.0,0.6487712543235419,0.0,2021.5712284721565,,,,,,,,,,,,,,,,,,,,,,,,,,,,,,,,,,,,,,,,,-4.370875358581543,0.11893464624881744,9.809215360834891e-05,-23.097795486450195,937178,0.013152074068784714
0.0,0.30448926480156147,30.450000000000298,0.0,31.474744192780815,132.192928110743,2,1.0,0.0,0.0,442.8646217249334,0.0,0.553073982673357,0.0,560.817018430784,,,,,,,,,,,,,,,,,,,,,,,,,,,,,,,,,,,,,,,,,-1.0580642223358154,0.1355006992816925,9.80901650577417e-05,-22.762758255004883,938191,0.013188730925321579
,,,,,,,,,,,,,,,,,,,,,,,,,,,,,,,,,,,,,,,,,,,,,,,,1104,21,793.9894263899998,0.10891064256429672,1568.78,27151,968193,,,,,,
0.0,0.32526115859449195,72.44999999999803,0.0,26.460931657078902,130.84068921167062,1,1.0,0.0,0.0,638.684276859276,0.0,0.5451401592911493,0.0,947.9987370073087,,,,,,,,,,,,,,,,,,,,,,,,,,,,,,,,,,,,,,,,,2.0172042846679688,0.2348550707101822,9.80867533567114e-05,-23.286766052246094,939929,0.013155763037502766
,,,,,,,,,,,,,,,0.12952059507369995,0.1536249816417694,0.2162434160709381,1.363946795463562,0.4328711926937103,25.812225341796875,5.672061443328857,21.480737686157227,0.09235012531280518,1.2537527084350586,0.32224491238594055,18.77770233154297,0.04397483542561531,0.010343692265450954,12.866046905517578,0.14434945583343506,11.363835334777832,6.831255912780762,0.38616111874580383,0.7651361227035522,0.18903236091136932,0.16504111886024475,0.01262134313583374,0.25025153160095215,20.99065399169922,4.368280410766602,0.2837676405906677,0.23625914752483368,24.858964920043945,0.3489493131637573,0.07667924463748932,16.39451026916504,28.564828872680664,,,,,,,,0.8359536528587341,0.16441327333450317,9.808661791066312e-05,-24.006668090820312,939998,0.013152324594557285
0.0,0.022082018927444796,1.850000000000001,0.0,33.027957161185256,0.0,0,1.0,0.0,0.0,42.010628174524754,0.0,-0.2959434147515551,0.0,-27.22679415714307,,,,,,,,,,,,,,,,,,,,,,,,,,,,,,,,,,,,,,,,,2.8100461959838867,0.18741461634635925,9.808657472498631e-05,-23.60366439819336,940020,0.01314864493906498
0.0,0.02489406779661017,0.0,0.0,33.940905186644166,17.009228576173523,0,1.0,0.0,0.0,47.29712416417897,0.0,0.07522397839026163,0.0,7.5976218174164245,,,,,,,,,,,,,,,,,,,,,,,,,,,,,,,,,,,,,,,,,-2.7435903549194336,0.12425591051578522,9.808637842657585e-05,-23.24139404296875,940120,0.013151528313755989
0.0,0.9664516129032258,61.04999999999867,0.0,40.64982690660605,332.8405828950466,5,1.0,0.0,0.0,2235.8429768122733,0.0,0.6138651952238912,0.0,2431.520038281833,,,,,,,,,,,,,,,,,,,,,,,,,,,,,,,,,,,,,,,,,-13.538663864135742,0.12239782512187958,9.807860516823203e-05,-22.791486740112305,944080,0.013023453764617443
,,,,,,,,,,,,,,,,,,,,,,,,,,,,,,,,,,,,,,,,,,,,,,,,1108,21,812.0362137999999,0.1087607592344284,1594.49,27432,974082,,,,,,
0.0,0.12421972534332085,1.1000000000000003,0.0,43.90412782393385,0.0,0,1.0,0.0,0.0,196.83861890248954,0.0,0.485462084403016,0.0,156.80425326217417,,,,,,,,,,,,,,,,,,,,,,,,,,,,,,,,,,,,,,,,,-2.791426658630371,0.13422319293022156,9.807797311386647e-05,-22.81343650817871,944402,0.012988618575036526
0.0,0.06529411764705882,0.39999999999999997,0.0,36.160350318837374,35.348745672487496,0,1.0,0.0,0.0,114.22936711460352,0.0,0.21840311235174956,0.0,49.7959096161989,,,,,,,,,,,,,,,,,,,,,,,,,,,,,,,,,,,,,,,,,2.1421477794647217,0.12153775244951248,9.8077527536398e-05,-22.09467887878418,944629,0.012972358614206314
0.0,0.9259259259259259,28.850000000000275,0.0,43.16172359345565,229.04066063403394,5,1.0,0.0,0.0,1668.3717189319432,0.0,0.6528140648155445,0.0,1817.434356446476,,,,,,,,,,,,,,,,,,,,,,,,,,,,,,,,,,,,,,,,,2.638528823852539,0.10765145719051361,9.807206487858439e-05,-23.748428344726562,947412,0.012875838205218315
0.0,0.6711739397664414,32.600000000000286,0.0,37.527080568815094,205.37176742484024,4,1.0,0.0,0.0,1058.1361410841346,0.0,0.4542170734515402,0.0,922.5148761800782,,,,,,,,,,,,,,,,,,,,,,,,,,,,,,,,,,,,,,,,,1.013638973236084,0.15747663378715515,9.806808035578699e-05,-24.235088348388672,949442,0.012759675271809101
,,,,,,,,,,,,,,,,,,,,,,,,,,,,,,,,,,,,,,,,,,,,,,,,1112,21,776.5745932800002,0.10870135575532913,1529.89,27685,979444,,,,,,
,,,,,,,,,,,,,,,0.12424424290657043,0.1414748579263687,0.20095844566822052,1.3534152507781982,0.4586425721645355,23.815114974975586,6.169915199279785,20.432537078857422,0.08883090317249298,1.2190192937850952,0.3034568727016449,19.634878158569336,0.050062865018844604,0.009809287264943123,12.632587432861328,0.1473761796951294,10.522679328918457,6.6071038246154785,0.4070722162723541,0.7295994758605957,0.1931132823228836,0.17019852995872498,0.011989319697022438,0.23295509815216064,21.878196716308594,5.090163707733154,0.2941470146179199,0.22421564161777496,23.68581199645996,0.32018840312957764,0.08295300602912903,17.305009841918945,30.27739715576172,,,,,,,,0.798846423625946,0.14483577013015747,9.806698904255409e-05,-22.550046920776367,949998,0.012742809019982815
0.0,0.29988851727982163,42.799999999999706,0.0,30.39406598548175,193.21361449765197,4,1.0,0.0,0.0,569.8865819443017,0.0,0.4671485994404754,0.0,631.1177578440822,,,,,,,,,,,,,,,,,,,,,,,,,,,,,,,,,,,,,,,,,0.8320321440696716,0.1361234188079834,9.806543059502947e-05,-22.651809692382812,950792,0.012735252268612385
0.0,0.27856365614798695,4.449999999999992,0.0,46.43799706633847,138.75072820230457,2,1.0,0.0,0.0,535.0370694035664,0.0,0.5728383682892563,0.0,475.45584568008275,,,,,,,,,,,,,,,,,,,,,,,,,,,,,,,,,,,,,,,,,1.4034377336502075,0.31837382912635803,9.806380346347761e-05,-23.454540252685547,951621,0.012748004868626595
0.0,0.16464471403812825,0.7000000000000001,0.0,44.49610128020297,70.17714436268224,1,1.0,0.0,0.0,301.87348581757396,0.0,0.5257243405267197,0.0,257.07920251756593,,,,,,,,,,,,,,,,,,,,,,,,,,,,,,,,,,,,,,,,,1.8777061700820923,0.36104637384414673,9.80628456408747e-05,-22.0634765625,952109,0.01274617575109005
0.0,0.2718871595330739,6.549999999999985,0.0,37.681880423770544,167.0431862481941,3,1.0,0.0,0.0,528.5470027821139,0.0,0.4067618480249573,0.0,411.2362283532318,,,,,,,,,,,,,,,,,,,,,,,,,,,,,,,,,,,,,,,,,1.286095380783081,0.15944990515708923,9.806086327706228e-05,-22.088733673095703,953119,0.012780597433447838
,,,,,,,,,,,,,,,,,,,,,,,,,,,,,,,,,,,,,,,,,,,,,,,,1116,21,750.7494591400001,0.10856165736913681,1486.1,27864,983121,,,,,,
0.0,0.01932367149758454,1.950000000000001,0.0,16.8884315518447,0.0,0,1.0,0.0,0.0,44.21910232165828,0.0,-0.08988528461574204,0.0,-16.988318792375246,,,,,,,,,,,,,,,,,,,,,,,,,,,,,,,,,,,,,,,,,1.3153693675994873,0.16976124048233032,9.806049428483337e-05,-22.883913040161133,953307,0.012782012112438679
0.0,0.02400408580183861,0.6,0.0,32.18847501100921,20.391034082151258,0,1.0,0.0,0.0,46.54909053002484,0.0,-0.18332708971446507,0.0,-19.249344420018833,,,,,,,,,,,,,,,,,,,,,,,,,,,,,,,,,,,,,,,,,-1.3925116062164307,0.13285821676254272,9.806029016177246e-05,-23.271095275878906,953411,0.01278175599873066
0.0,1.0,41.44999999999978,0.0,37.14674762082885,265.90396877509875,3,0.0,0.0,0.0,1454.0902227107435,1.0,0.5146378443683043,0.0,1451.278721118618,,,,,,,,,,,,,,,,,,,,,,,,,,,,,,,,,,,,,,,,,1.2254695892333984,0.12575633823871613,9.805475733052984e-05,-23.446075439453125,956230,0.012860774993896484
,,,,,,,,,,,,,,,0.1255909651517868,0.14933159947395325,0.20950539410114288,1.3983502388000488,0.4668726325035095,23.94265365600586,5.443006992340088,21.425678253173828,0.09079255908727646,1.2427600622177124,0.3174929618835449,19.77953338623047,0.04102602228522301,0.008923497051000595,12.843925476074219,0.14159193634986877,10.986923217773438,6.679971694946289,0.4131883978843689,0.6565373539924622,0.1934089958667755,0.16151082515716553,0.012152004055678844,0.23462966084480286,21.890993118286133,4.195645332336426,0.29753708839416504,0.22704823315143585,23.995084762573242,0.3254227340221405,0.07398003339767456,16.51737403869629,30.39992332458496,,,,,,,,2.0155019760131836,0.23408491909503937,9.804736214874868e-05,-21.963035583496094,959998,0.013103029690682888
0.0,1.0,121.59999999999523,0.0,34.01174981581376,213.41649217653753,3,0.0,0.0,0.0,2248.2538018580526,1.0,0.5084509034618641,0.0,2420.7347513819345,,,,,,,,,,,,,,,,,,,,,,,,,,,,,,,,,,,,,,,,,2.946322441101074,0.11016609519720078,9.804541526852286e-05,-22.922204971313477,960990,0.013155837543308735
,,,,,,,,,,,,,,,,,,,,,,,,,,,,,,,,,,,,,,,,,,,,,,,,1120,21,763.1210837100001,0.10833491384983063,1519.18,28225,990992,,,,,,
1.0,0.23914336704342654,33.650000000000226,0.0,30.148102347278204,111.2362296134027,1,0.0,0.0,0.0,381.0857203407213,0.0,0.5455780842282854,0.0,497.021634731968,,,,,,,,,,,,,,,,,,,,,,,,,,,,,,,,,,,,,,,,,1.607908844947815,0.12542623281478882,9.804362933701441e-05,-23.51782989501953,961900,0.013166587799787521
0.0,0.16751700680272108,3.2999999999999963,0.0,45.59857847022812,62.4906044061974,0,1.0,0.0,0.0,370.1089767701924,0.0,0.4745074024446188,0.0,277.586830430102,,,,,,,,,,,,,,,,,,,,,,,,,,,,,,,,,,,,,,,,,-1.2293870449066162,0.2379612922668457,9.804248320936252e-05,-22.559900283813477,962484,0.013191158883273602
0.0,0.2079207920792079,21.800000000000175,0.0,34.92413921210895,121.50285447598684,0,1.0,0.0,0.0,374.1164019908756,0.0,0.49866603703668916,0.0,384.970180592324,,,,,,,,,,,,,,,,,,,,,,,,,,,,,,,,,,,,,,,,,1.0027263164520264,0.17180922627449036,9.804097009566915e-05,-22.721435546875,963255,0.013188932090997696
0.0,0.059534883720930236,7.89999999999998,0.0,26.914886222377458,35.216722207629005,0,1.0,0.0,0.0,130.83606719132513,0.0,0.2665592023154229,0.0,93.56228001271344,,,,,,,,,,,,,,,,,,,,,,,,,,,,,,,,,,,,,,,,,1.5183544158935547,0.18616105616092682,9.80402832126516e-05,-22.705101013183594,963605,0.01318023819476366
,,,,,,,,,,,,,,,,,,,,,,,,,,,,,,,,,,,,,,,,,,,,,,,,1124,21,743.2426142600001,0.10830526053905487,1480.93,28351,993607,,,,,,
1.0,0.7864832535885168,61.449999999998646,0.0,35.406671379627795,293.1812679564623,4,0.0,0.0,0.0,1273.1632286272943,0.0,0.5262972949308168,0.0,1363.1099938708155,,,,,,,,,,,,,,,,,,,,,,,,,,,,,,,,,,,,,,,,,-2.5507397651672363,0.14415904879570007,9.803520231595776e-05,-24.79698944091797,966194,0.0130915567278862
0.0,0.1871866295264624,0.7000000000000001,0.0,46.77423617872563,180.70151381818073,3,1.0,0.0,0.0,364.1441662590951,0.0,0.5002681147093659,0.0,280.6504123519543,,,,,,,,,,,,,,,,,,,,,,,,,,,,,,,,,,,,,,,,,2.637362003326416,0.14498907327651978,9.803410333678446e-05,-23.46120262145996,966754,0.013109304010868073
,,,,,,,,,,,,,,,0.12842461466789246,0.15011507272720337,0.20435482263565063,1.3821042776107788,0.4390227198600769,25.568443298339844,5.869642734527588,20.86202621459961,0.09583397209644318,1.5246814489364624,0.3098530173301697,19.767724990844727,0.04385635629296303,0.011284733191132545,13.110518455505371,0.1534723937511444,10.791637420654297,6.88941764831543,0.3995263874530792,0.8112492561340332,0.19363555312156677,0.15666547417640686,0.014935079030692577,0.23768210411071777,21.348020553588867,4.477175712585449,0.29695770144462585,0.22418931126594543,24.264318466186523,0.35566508769989014,0.0816485807299614,15.993551254272461,28.72159194946289,,,,,,,,-0.5162591934204102,0.10795237123966217,9.802773722924684e-05,-24.384105682373047,969998,0.013084985315799713
0.0,1.0,13.550000000000058,0.0,46.385337977122255,205.18895858136173,3,0.0,0.0,0.0,2366.388314537704,1.0,0.6419000030298179,0.0,2358.3406111315508,,,,,,,,,,,,,,,,,,,,,,,,,,,,,,,,,,,,,,,,,2.013512134552002,0.12495572865009308,9.802689536436579e-05,-24.03249740600586,970427,0.013052187860012054
0.0,0.13100898045430534,5.849999999999987,0.0,39.354694505602666,83.49883263263926,1,1.0,0.0,0.0,272.4258222039789,0.0,0.4841909971280185,0.0,241.61130756688124,,,,,,,,,,,,,,,,,,,,,,,,,,,,,,,,,,,,,,,,,0.13976779580116272,0.10887463390827179,9.802591809920087e-05,-22.86497688293457,970925,0.013038167729973793
,,,,,,,,,,,,,,,,,,,,,,,,,,,,,,,,,,,,,,,,,,,,,,,,1128,21,756.34380166,0.10808489471673965,1499.44,28701,1000927,,,,,,
0.0,0.3235294117647059,3.4999999999999956,0.0,46.102880320842615,93.23438337698396,2,1.0,0.0,0.0,647.7197169438004,0.0,0.5932730342957423,0.0,600.3923107072912,,,,,,,,,,,,,,,,,,,,,,,,,,,,,,,,,,,,,,,,,1.7497880458831787,0.1326586753129959,9.802393414823329e-05,-24.054319381713867,971936,0.013002678751945496
0.0,0.06077630234933606,1.5500000000000007,0.0,39.43567927192028,40.80029442365479,0,1.0,0.0,0.0,120.73758198879659,0.0,0.2507623614033726,0.0,55.41848187014534,,,,,,,,,,,,,,,,,,,,,,,,,,,,,,,,,,,,,,,,,0.9538904428482056,0.11390836536884308,9.8023502430617e-05,-24.016033172607422,972156,0.012985503301024437
0.0,0.3798017348203222,35.40000000000013,0.0,35.215997187227295,83.29311730608899,1,1.0,0.0,0.0,586.05149062071,0.0,0.5976830637260468,0.0,716.6219934075302,,,,,,,,,,,,,,,,,,,,,,,,,,,,,,,,,,,,,,,,,-3.5415871143341064,0.15506920218467712,9.802115154873046e-05,-23.77985382080078,973354,0.012972055934369564
0.0,0.030961791831357048,2.6999999999999984,0.0,34.27874204878359,0.0,0,1.0,0.0,0.0,50.226254037581384,0.0,-0.061381114944856506,0.0,-6.50639818415479,,,,,,,,,,,,,,,,,,,,,,,,,,,,,,,,,,,,,,,,,-2.747314929962158,0.12841671705245972,9.802094550450667e-05,-24.70468521118164,973459,0.012964820489287376
,,,,,,,,,,,,,,,,,,,,,,,,,,,,,,,,,,,,,,,,,,,,,,,,1132,21,739.2870462000001,0.10804415494203568,1439.64,28820,1003461,,,,,,
0.0,0.06575212866603596,2.1000000000000005,0.0,31.793122991277084,25.872979470792277,0,1.0,0.0,0.0,140.01385341072455,0.0,-0.0013215491599969514,0.0,-0.4202526328790306,,,,,,,,,,,,,,,,,,,,,,,,,,,,,,,,,,,,,,,,,2.4830403327941895,0.14018841087818146,9.802032344850397e-05,-23.86042594909668,973776,0.012934057973325253
0.0,0.24781704781704783,0.8500000000000002,0.0,41.860461861054354,48.01159040146809,0,1.0,0.0,0.0,568.8283931780607,0.0,0.5368894823745014,0.0,525.6148032446368,,,,,,,,,,,,,,,,,,,,,,,,,,,,,,,,,,,,,,,,,1.9841877222061157,0.17322421073913574,9.801840431031031e-05,-23.553852081298828,974754,0.012970083393156528
0.0,0.2098191214470284,39.89999999999987,0.0,26.659836736285655,107.4947575633973,1,1.0,0.0,0.0,383.6389762163162,0.0,0.4763371596365766,0.0,493.9616345431299,,,,,,,,,,,,,,,,,,,,,,,,,,,,,,,,,,,,,,,,,2.5711588859558105,0.13145384192466736,9.801637137879209e-05,-24.71194839477539,975790,0.01299969106912613
0.0,0.10031948881789138,1.0000000000000002,0.0,41.711994081446576,14.053205328773462,0,1.0,0.0,0.0,141.7541152946651,0.0,0.3570756966662319,0.0,87.48354568322682,,,,,,,,,,,,,,,,,,,,,,,,,,,,,,,,,,,,,,,,,-3.065084457397461,0.15792104601860046,9.801589258333228e-05,-23.344945907592773,976034,0.013002759777009487
,,,,,,,,,,,,,,,,,,,,,,,,,,,,,,,,,,,,,,,,,,,,,,,,1136,21,737.17896534,0.10799877345561981,1437.6,28948,1006036,,,,,,
0.0,0.4038561750911933,45.94999999999953,0.0,34.62439652711907,176.46776657752238,3,1.0,0.0,0.0,726.1516674193554,0.0,0.557836097209525,0.0,842.8903428835922,,,,,,,,,,,,,,,,,,,,,,,,,,,,,,,,,,,,,,,,,0.18746402859687805,0.16236993670463562,9.80129295720006e-05,-23.689006805419922,977544,0.013147139921784401
0.0,0.1468131868131868,7.79999999999998,0.0,38.68352519682919,95.47300381509041,1,1.0,0.0,0.0,311.10787574294955,0.0,0.33969715969754055,0.0,197.0243526245735,,,,,,,,,,,,,,,,,,,,,,,,,,,,,,,,,,,,,,,,,-7.887176513671875,0.20682844519615173,9.801179343588682e-05,-23.58263397216797,978123,0.013179892674088478
,,,,,,,,,,,,,,,0.14201177656650543,0.15547195076942444,0.23183660209178925,1.256001591682434,0.4394955635070801,23.890790939331055,5.665992259979248,21.952775955200195,0.09732161462306976,1.1459081172943115,0.3189247250556946,19.961633682250977,0.04502406716346741,0.011925004422664642,13.447198867797852,0.1478501409292221,11.2937593460083,7.069615364074707,0.39825084805488586,0.8662535548210144,0.21080875396728516,0.16877597570419312,0.012101586908102036,0.24551083147525787,22.28394317626953,4.26336145401001,0.3067648410797119,0.25392064452171326,23.24759864807129,0.328885018825531,0.07799908518791199,15.98151969909668,28.929649353027344,,,,,,,,-0.7292338609695435,0.10961073637008667,9.800811428404856e-05,-23.688753128051758,979998,0.013282744213938713
0.0,1.0,89.44999999999706,0.0,34.30879448430656,223.10278930001533,3,0.0,0.0,0.0,1672.9614346206654,1.0,0.6273559124100436,0.0,2203.273964384073,,,,,,,,,,,,,,,,,,,,,,,,,,,,,,,,,,,,,,,,,-1.780059814453125,0.11922650039196014,9.800490415813323e-05,-23.1297607421875,981634,0.013351298868656158
0.0,0.07505518763796909,1.6500000000000008,0.0,37.43442299306422,69.80962951450019,0,1.0,0.0,0.0,174.82657254394144,0.0,0.08762878371752497,0.0,29.530900112805917,,,,,,,,,,,,,,,,,,,,,,,,,,,,,,,,,,,,,,,,,1.806719422340393,0.3585662543773651,9.800424487231e-05,-22.200069427490234,981970,0.013340938836336136
,,,,,,,,,,,,,,,,,,,,,,,,,,,,,,,,,,,,,,,,,,,,,,,,1140,21,724.3686141300001,0.1078944131731987,1410.19,29231,1011972,,,,,,
0.0,1.0,71.74999999999807,0.0,35.697206196183124,350.7396652603804,7,0.0,0.0,0.0,1505.553991112858,1.0,0.5942083390887157,0.0,1805.2049341515185,,,,,,,,,,,,,,,,,,,,,,,,,,,,,,,,,,,,,,,,,2.12858247756958,0.1585875153541565,9.799828589294025e-05,-23.195972442626953,985007,0.013487325049936771
0.0,0.3275154004106776,62.04999999999861,0.0,26.606396340201602,91.93341563481026,2,1.0,0.0,0.0,602.4105025650933,0.0,0.45239626821928164,0.0,737.8583134656484,,,,,,,,,,,,,,,,,,,,,,,,,,,,,,,,,,,,,,,,,0.06775522232055664,0.12107540667057037,9.79950877012017e-05,-23.355186462402344,986637,0.013509105890989304
0.0,0.1128680479825518,0.9500000000000003,0.0,44.69531542446915,42.20412374718235,1,1.0,0.0,0.0,223.25934417825192,0.0,0.27531074945586576,0.0,99.11186980411168,,,,,,,,,,,,,,,,,,,,,,,,,,,,,,,,,,,,,,,,,-1.8291079998016357,0.18365280330181122,9.799438332123566e-05,-23.086746215820312,986996,0.013490412384271622
0.0,0.38216922203293585,22.400000000000183,0.0,36.91643303804242,130.13499681324376,1,1.0,0.0,0.0,648.1764337606728,0.0,0.515678624480315,0.0,652.3334599675984,,,,,,,,,,,,,,,,,,,,,,,,,,,,,,,,,,,,,,,,,-0.7664810419082642,0.25179991126060486,9.799190329614673e-05,-23.62519645690918,988260,0.013503901660442352
,,,,,,,,,,,,,,,,,,,,,,,,,,,,,,,,,,,,,,,,,,,,,,,,1144,21,739.62709273,0.10778479278087616,1436.45,29533,1018262,,,,,,
,,,,,,,,,,,,,,,0.14031784236431122,0.15245625376701355,0.21788907051086426,1.3869296312332153,0.450364351272583,23.988588333129883,5.477870941162109,21.116966247558594,0.10210999846458435,1.6485464572906494,0.3347584903240204,20.89118766784668,0.04415590316057205,0.013110771775245667,13.5990629196167,0.1480247974395752,11.212273597717285,7.5095977783203125,0.3948514461517334,0.964221179485321,0.2155594527721405,0.15354765951633453,0.017010031268000603,0.24334006011486053,21.80841827392578,4.279419422149658,0.29653483629226685,0.24136659502983093,23.58357810974121,0.3261792063713074,0.07448406517505646,14.881245613098145,29.039033889770508,,,,,,,,1.1677770614624023,0.14872649312019348,9.798849331315389e-05,-23.460615158081055,989998,0.013540783897042274
0.0,0.40239214011106367,27.950000000000262,0.0,37.6401213168029,447.2484939719156,5,1.0,0.0,0.0,989.9940685089678,0.0,0.3873990011854234,0.0,734.1211072463774,,,,,,,,,,,,,,,,,,,,,,,,,,,,,,,,,,,,,,,,,1.7423899173736572,0.13965019583702087,9.798818724164772e-05,-23.806095123291016,990154,0.013546834699809551
