custom/total_reward,terminal/collision_vehicle,terminal/solid_line,terminal/route_done,custom/avg_speed,custom/mean_reward,terminal/collision_other,custom/routes_completed,custom/overtakes,terminal/off_track,custom/total_distance,terminal/stopped,custom/blocked_time,custom/overtake_reward,terminal/too_fast,train/std,rollout/ep_len_mean,time/episodes,time/fps,time/total_timesteps,rollout/ep_rew_mean,time/time_elapsed,attention/steer_share/prev_action,attention/throttle/route,attention/throttle/waypoints,attention/steer/next_angle,attention/steer/waypoints,attention/steer/route,attention/steer_share/speed,attention/steer_share/waypoints,attention/throttle/prev_action,attention/steer_share/cam,attention/throttle_share/speed,attention/throttle/speed,attention/steer/prev_action,attention/throttle/lidar,attention/throttle_share/cam,attention/steer/cam,attention/throttle_share/next_angle,attention/throttle/sensors,attention/steer_share/next_angle,attention/steer/speed,attention/steer/lidar,attention/throttle/next_angle,attention/throttle_share/lidar,attention/steer/sensors,attention/throttle/cam,attention/throttle_share/maneuver,attention/steer_share/maneuver,attention/steer/maneuver,attention/steer_sensors_vs_route,attention/steer_share/lidar,attention/throttle/maneuver,attention/throttle_share/waypoints,attention/throttle_share/prev_action,train/learning_rate,train/ent_coef_loss,train/ent_coef,train/critic_loss,train/n_updates,train/actor_loss
-25.437472417404923,0.0,0.0,0.0,22.314690575367962,-0.14703741281736948,0.0,0.025654450261780103,0,1.0,53.32679654745152,0.0,0.0,14.30983716138732,0.0,,,,,,,,,,,,,,,,,,,,,,,,,,,,,,,,,,,,,,,,,,,,,,
-39.5693957650665,0.0,0.0,0.0,17.07564889680525,-0.4121812058861094,0.0,0.008457511075312122,0,1.0,22.542205386329442,0.0,0.0,0.0,0.0,,,,,,,,,,,,,,,,,,,,,,,,,,,,,,,,,,,,,,,,,,,,,,
-12.462907643305554,0.0,0.0,0.0,9.830702052298717,-0.2651682477299054,1.0,0.0021249468763280916,0,0.0,6.263705909601413,0.0,0.0,0.0,0.0,,,,,,,,,,,,,,,,,,,,,,,,,,,,,,,,,,,,,,,,,,,,,,
-74.33899032152488,0.0,0.0,0.0,21.677817179492198,-0.46754081963223193,0.0,0.024638457418318157,0,1.0,47.614327673771186,0.0,0.0,0.0,0.0,,,,,,,,,,,,,,,,,,,,,,,,,,,,,,,,,,,,,,,,,,,,,,
,,,,,,,,,,,,,,,0.22313019633293152,117.75,4,27,471,-38.0580315,16,,,,,,,,,,,,,,,,,,,,,,,,,,,,,,,,,,,,,,,
-20.402380325592176,0.0,0.0,0.0,23.36228583306509,-0.12144274003328677,0.0,0.025602409638554216,0,1.0,54.1915076803416,0.0,0.0,33.813481967139786,0.0,,,,,,,,,,,,,,,,,,,,,,,,,,,,,,,,,,,,,,,,,,,,,,
-47.219337806602056,0.0,0.0,0.0,16.755807225909827,-0.44546545100567975,0.0,0.008572653236176597,0,1.0,24.426706064172322,0.0,2.9499999999999975,0.0,0.0,,,,,,,,,,,,,,,,,,,,,,,,,,,,,,,,,,,,,,,,,,,,,,
-8.09210804698047,0.0,0.0,0.0,16.206358874387085,-0.08701191448366098,0.0,0.0109204368174727,0,1.0,20.69547790469369,0.0,0.0,0.0,0.0,,,,,,,,,,,,,,,,,,,,,,,,,,,,,,,,,,,,,,,,,,,,,,
-45.74151213033012,0.0,0.0,0.0,16.085966940123765,-0.4866118311737247,0.0,0.008998200359928014,0,1.0,20.7439962362987,0.0,0.0,0.0,0.0,,,,,,,,,,,,,,,,,,,,,,,,,,,,,,,,,,,,,,,,,,,,,,
,,,,,,,,,,,,,,,0.22313019633293152,116.0,8,28,928,-34.263853,32,,,,,,,,,,,,,,,,,,,,,,,,,,,,,,,,,,,,,,,
9.051968158118868,0.0,0.0,0.0,25.16876876786394,0.05765584814088451,0.0,0.031721268850754034,0,1.0,54.56289359962102,0.0,0.0,0.0,0.0,,,,,,,,,,,,,,,,,,,,,,,,,,,,,,,,,,,,,,,,,,,,,,
-9.311621296600944,0.0,0.0,0.0,14.090026079899362,-0.11786862400760688,1.0,0.006216328222130129,0,0.0,15.305675603915006,0.0,0.0,9.903446858303004,0.0,,,,,,,,,,,,,,,,,,,,,,,,,,,,,,,,,,,,,,,,,,,,,,
-15.104145920143678,0.0,0.0,0.0,9.415916125386685,-0.2476089495105521,0.0,0.004138644593895499,0,1.0,7.808619247371098,0.0,2.849999999999998,0.0,0.0,,,,,,,,,,,,,,,,,,,,,,,,,,,,,,,,,,,,,,,,,,,,,,
-18.498125815307134,0.0,0.0,0.0,11.885101769039522,-0.25691841410148797,1.0,0.004852227613586237,0,0.0,11.680388465407304,0.0,0.0,0.0,0.0,,,,,,,,,,,,,,,,,,,,,,,,,,,,,,,,,,,,,,,,,,,,,,
,,,,,,,,,,,,,,,0.22313019633293152,107.75,12,28,1293,-25.68203575,45,,,,,,,,,,,,,,,,,,,,,,,,,,,,,,,,,,,,,,,
-82.95347741198036,0.0,0.0,0.0,21.287337498478543,-0.49084897876911454,0.0,0.020668425681618294,0,1.0,49.662968087010086,0.0,0.3,0.0,0.0,,,,,,,,,,,,,,,,,,,,,,,,,,,,,,,,,,,,,,,,,,,,,,
-27.45556769242848,0.0,0.0,0.0,17.30500448654353,-0.29843008361335305,0.0,0.007836990595611285,0,1.0,21.834750655747484,0.0,0.0,8.059633262501457,0.0,,,,,,,,,,,,,,,,,,,,,,,,,,,,,,,,,,,,,,,,,,,,,,
-75.09775345789342,0.0,0.0,0.0,20.46741079376296,-0.45239610516803264,0.0,0.026586102719033233,0,1.0,46.931019990937784,0.0,0.0,0.0,0.0,,,,,,,,,,,,,,,,,,,,,,,,,,,,,,,,,,,,,,,,,,,,,,
-16.189970473829568,0.0,0.0,0.0,19.70684080968733,-0.11817496696225963,0.0,0.017497348886532343,0,1.0,37.24672871775692,0.0,0.0,0.0,0.0,,,,,,,,,,,,,,,,,,,,,,,,,,,,,,,,,,,,,,,,,,,,,,
,,,,,,,,,,,,,,,0.22313019633293152,115.8125,16,27,1853,-31.8940348125,66,,,,,,,,,,,,,,,,,,,,,,,,,,,,,,,,,,,,,,,
-55.40824318445044,0.0,0.0,0.0,23.292904395329113,-0.4397479617813527,1.0,0.01290609701824655,0,0.0,40.55500363511965,0.0,0.0,0.0,0.0,,,,,,,,,,,,,,,,,,,,,,,,,,,,,,,,,,,,,,,,,,,,,,
-13.309676922493935,0.0,0.0,0.0,11.018549758958736,-0.2464754985647025,0.0,0.004012483281319661,0,1.0,8.092820809222758,0.0,0.0,0.0,0.0,,,,,,,,,,,,,,,,,,,,,,,,,,,,,,,,,,,,,,,,,,,,,,
-10.384739870871734,0.0,0.0,0.0,19.582259856603013,-0.07471035878324989,0.0,0.017267648552564754,0,1.0,37.54848236060934,0.0,0.0,0.0,0.0,,,,,,,,,,,,,,,,,,,,,,,,,,,,,,,,,,,,,,,,,,,,,,
-7.778785335880723,0.0,0.0,0.0,14.882771087500002,-0.08839528790773549,0.0,0.007778738115816767,0,1.0,17.984041682328098,0.0,0.0,0.0,0.0,,,,,,,,,,,,,,,,,,,,,,,,,,,,,,,,,,,,,,,,,,,,,,
,,,,,,,,,,,,,,,0.22313019633293152,112.8,20,27,2256,-29.88046805,80,,,,,,,,,,,,,,,,,,,,,,,,,,,,,,,,,,,,,,,
-6.275161401727957,0.0,0.0,0.0,16.256939067459427,-0.060923897104154925,0.0,0.010369702434625788,0,1.0,23.039469005947467,0.0,0.0,0.0,0.0,,,,,,,,,,,,,,,,,,,,,,,,,,,,,,,,,,,,,,,,,,,,,,
-33.613852775430495,0.0,0.0,0.0,15.961468814097183,-0.35383002921505785,0.0,0.010484927916120577,0,1.0,20.82219944719691,0.0,0.0,7.1867419497795835,0.0,,,,,,,,,,,,,,,,,,,,,,,,,,,,,,,,,,,,,,,,,,,,,,
-30.84521325414145,0.0,0.0,0.0,17.033214659741326,-0.30539815103110346,0.0,0.007506255212677231,0,1.0,23.649480236694217,0.0,0.0,5.763800725259166,0.0,,,,,,,,,,,,,,,,,,,,,,,,,,,,,,,,,,,,,,,,,,,,,,
-46.25059663297939,0.0,0.0,0.0,21.116687743269416,-0.3303614045212813,0.0,0.019162884518406455,0,1.0,40.76682848788914,0.0,0.0,0.0,0.0,,,,,,,,,,,,,,,,,,,,,,,,,,,,,,,,,,,,,,,,,,,,,,
,,,,,,,,,,,,,,,0.22313019633293152,112.125,24,28,2691,-29.79239766666667,95,,,,,,,,,,,,,,,,,,,,,,,,,,,,,,,,,,,,,,,
-28.09581322819902,0.0,0.0,0.0,19.808586267418836,-0.19926108672481574,0.0,0.01840168243953733,0,1.0,38.5024780749809,0.0,0.8000000000000002,16.24513801552113,0.0,,,,,,,,,,,,,,,,,,,,,,,,,,,,,,,,,,,,,,,,,,,,,,
-2.548797659920197,0.0,0.0,0.0,17.87621569593103,-0.026008139386940788,0.0,0.015384615384615385,0,1.0,24.070862696680706,0.0,0.0,0.0,0.0,,,,,,,,,,,,,,,,,,,,,,,,,,,,,,,,,,,,,,,,,,,,,,
-5.922964102454019,0.0,0.0,0.0,16.457460545087326,-0.06301025640908531,0.0,0.009220839096357769,0,1.0,21.275995222036727,0.0,0.0,6.977039818832413,0.0,,,,,,,,,,,,,,,,,,,,,,,,,,,,,,,,,,,,,,,,,,,,,,
-1.8059155993060614,0.0,0.0,0.0,17.705293610498174,-0.01687771588136506,0.0,0.01347848626231208,0,1.0,26.095015019061975,0.0,0.0,0.0,0.0,,,,,,,,,,,,,,,,,,,,,,,,,,,,,,,,,,,,,,,,,,,,,,
,,,,,,,,,,,,,,,0.22313019633293152,111.67857142857143,28,27,3127,-26.914382678571428,111,,,,,,,,,,,,,,,,,,,,,,,,,,,,,,,,,,,,,,,
-48.14314397034907,0.0,0.0,0.0,18.182165473133495,-0.4499359249565334,0.0,0.01279317697228145,0,1.0,26.789188680180814,0.0,0.0,0.0,0.0,,,,,,,,,,,,,,,,,,,,,,,,,,,,,,,,,,,,,,,,,,,,,,
-39.83577180094149,0.0,0.0,0.0,16.680089611738488,-0.36884973889760636,1.0,0.011663597298956415,0,0.0,24.79111715196632,0.0,0.0,0.0,0.0,,,,,,,,,,,,,,,,,,,,,,,,,,,,,,,,,,,,,,,,,,,,,,
-11.334215774900782,0.0,0.0,0.0,13.105531624503065,-0.1619173682128683,0.0,0.00667779632721202,0,1.0,12.543242076964816,0.0,0.0,0.0,0.0,,,,,,,,,,,,,,,,,,,,,,,,,,,,,,,,,,,,,,,,,,,,,,
-33.147453103827544,0.0,0.0,0.0,14.325585397742344,-0.34892055898765834,0.0,0.006057546693589096,0,1.0,18.668344431149308,0.0,0.0,6.1814648885167065,0.0,,,,,,,,,,,,,,,,,,,,,,,,,,,,,,,,,,,,,,,,,,,,,,
,,,,,,,,,,,,,,,0.22313019633293152,109.46875,32,27,3503,-27.702708125,125,,,,,,,,,,,,,,,,,,,,,,,,,,,,,,,,,,,,,,,
-38.95348373266904,0.0,0.0,0.0,20.56843411416797,-0.23608171959193358,0.0,0.019039376893119863,0,1.0,46.86658041033661,0.0,0.0,0.0,0.0,,,,,,,,,,,,,,,,,,,,,,,,,,,,,,,,,,,,,,,,,,,,,,
-30.39573293751426,0.0,0.0,0.0,17.01372828549242,-0.3575968580884031,0.0,0.009797917942437232,0,1.0,19.832985916989855,0.0,0.0,0.0,0.0,,,,,,,,,,,,,,,,,,,,,,,,,,,,,,,,,,,,,,,,,,,,,,
-35.107321783008956,0.0,0.0,0.0,20.725938793316303,-0.2950195107815879,0.0,0.01329198050509526,0,1.0,33.98387821979122,0.0,0.0,0.0,0.0,,,,,,,,,,,,,,,,,,,,,,,,,,,,,,,,,,,,,,,,,,,,,,
-31.997715316467445,0.0,0.0,0.0,18.62253550372722,-0.31370309133791613,1.0,0.008787346221441126,0,0.0,26.303220199071802,0.0,0.0,0.0,0.0,,,,,,,,,,,,,,,,,,,,,,,,,,,,,,,,,,,,,,,,,,,,,,
,,,,,,,,,,,,,,,0.22313019633293152,110.27777777777777,36,28,3970,-28.42678536111111,141,,,,,,,,,,,,,,,,,,,,,,,,,,,,,,,,,,,,,,,
-6.91021497204556,0.0,0.0,0.0,22.486545975824242,-0.03695302124088535,0.0,0.030388294879009566,0,1.0,58.09496358333854,0.0,1.5000000000000007,11.987618039666016,0.0,,,,,,,,,,,,,,,,,,,,,,,,,,,,,,,,,,,,,,,,,,,,,,
-52.042749551001805,0.0,0.0,0.0,19.537762470056574,-0.45254564826958094,0.0,0.015002885170225043,0,1.0,30.936872136313468,0.0,0.0,0.0,0.0,,,,,,,,,,,,,,,,,,,,,,,,,,,,,,,,,,,,,,,,,,,,,,
-47.0304830618074,0.0,0.0,0.0,17.563283058818318,-0.44790936249340385,0.0,0.008932769158439116,0,1.0,25.34564115345711,0.0,0.0,0.0,0.0,,,,,,,,,,,,,,,,,,,,,,,,,,,,,,,,,,,,,,,,,,,,,,
-12.365493099997977,0.0,0.0,0.0,12.46623230109911,-0.16487324133330636,0.0,0.005647263249348393,0,1.0,12.805701609555399,0.0,2.7499999999999982,0.0,0.0,,,,,,,,,,,,,,,,,,,,,,,,,,,,,,,,,,,,,,,,,,,,,,
,,,,,,,,,,,,,,,0.22313019633293152,111.2,40,28,4448,-28.548122375000002,158,,,,,,,,,,,,,,,,,,,,,,,,,,,,,,,,,,,,,,,
-55.00365644225998,0.0,0.0,0.0,21.71012066944387,-0.40148654337416045,0.0,0.017287234042553192,0,1.0,41.03713495505508,0.0,0.0,10.57555419996682,0.0,,,,,,,,,,,,,,,,,,,,,,,,,,,,,,,,,,,,,,,,,,,,,,
-68.03807501585447,0.0,0.0,0.0,20.320343922733567,-0.507746828476526,0.0,0.020298507462686566,0,1.0,37.56962955184281,0.0,0.0,0.0,0.0,,,,,,,,,,,,,,,,,,,,,,,,,,,,,,,,,,,,,,,,,,,,,,
-10.663763674228992,0.0,0.0,0.0,15.417391925341144,-0.12545604322622345,0.0,0.008430913348946136,0,1.0,17.983854526653886,0.0,0.0,0.0,0.0,,,,,,,,,,,,,,,,,,,,,,,,,,,,,,,,,,,,,,,,,,,,,,
-73.84058218980448,0.0,0.0,0.0,21.447325190766616,-0.4318162701158157,0.0,0.020570948782535684,0,1.0,50.676122384145856,0.0,0.0,0.0,0.0,,,,,,,,,,,,,,,,,,,,,,,,,,,,,,,,,,,,,,,,,,,,,,
,,,,,,,,,,,,,,,0.22313019633293152,112.97727272727273,44,27,4971,-30.679416636363644,179,,,,,,,,,,,,,,,,,,,,,,,,,,,,,,,,,,,,,,,
-19.60024343415835,0.0,0.0,0.0,20.54034523756611,-0.1647079280181374,0.0,0.014743263853584139,0,1.0,33.68282893067226,0.0,0.0,9.538152981099536,0.0,,,,,,,,,,,,,,,,,,,,,,,,,,,,,,,,,,,,,,,,,,,,,,
-48.35227893454728,0.0,0.0,0.0,25.971682245803244,-0.3060270818642233,0.0,0.03576072821846554,0,1.0,56.6884888788918,0.0,0.0,23.127927354986124,0.0,,,,,,,,,,,,,,,,,,,,,,,,,,,,,,,,,,,,,,,,,,,,,,
-31.864671083723444,0.0,0.0,0.0,15.927709685297073,-0.2896788280338495,0.0,0.008436724565756825,0,1.0,24.089513014929253,0.0,0.0,7.130928234027011,0.0,,,,,,,,,,,,,,,,,,,,,,,,,,,,,,,,,,,,,,,,,,,,,,
-30.283090754960117,0.0,0.0,0.0,18.279384521924978,-0.2940105898539817,0.0,0.011984021304926764,0,1.0,25.869638454983942,0.0,0.0,0.0,0.0,,,,,,,,,,,,,,,,,,,,,,,,,,,,,,,,,,,,,,,,,,,,,,
,,,,,,,,,,,,,,,0.22313019633293152,113.6875,48,27,5457,-30.842041166666665,198,,,,,,,,,,,,,,,,,,,,,,,,,,,,,,,,,,,,,,,
-15.619810215857367,1.0,0.0,0.0,18.276982717967662,-0.12596621141820458,0.0,0.014804202483285577,0,0.0,31.31300340546295,0.0,0.0,0.0,0.0,,,,,,,,,,,,,,,,,,,,,,,,,,,,,,,,,,,,,,,,,,,,,,
-48.862178081291646,0.0,0.0,0.0,18.99801826154714,-0.44019980253415897,0.0,0.011927480916030535,0,1.0,29.03633492300287,0.0,0.0,0.0,0.0,,,,,,,,,,,,,,,,,,,,,,,,,,,,,,,,,,,,,,,,,,,,,,
-81.78855529267301,0.0,0.0,0.0,22.794661416768268,-0.47276621556458387,0.0,0.024906015037593984,0,1.0,54.45650498045143,0.0,0.0,9.209868001435142,0.0,,,,,,,,,,,,,,,,,,,,,,,,,,,,,,,,,,,,,,,,,,,,,,
-45.271430220186986,0.0,0.0,0.0,18.831964303761293,-0.4311564782874951,0.0,0.013505578391074574,0,1.0,27.203182542230934,0.0,0.0,0.0,0.0,,,,,,,,,,,,,,,,,,,,,,,,,,,,,,,,,,,,,,,,,,,,,,
,,,,,,,,,,,,,,,0.22313019633293152,114.73076923076923,52,27,5966,-32.16121748076923,217,,,,,,,,,,,,,,,,,,,,,,,,,,,,,,,,,,,,,,,
-50.24801786987484,0.0,0.0,0.0,21.810483774146352,-0.3327683302640718,0.0,0.022483940042826552,0,1.0,45.451868094387464,0.0,0.0,0.0,0.0,,,,,,,,,,,,,,,,,,,,,,,,,,,,,,,,,,,,,,,,,,,,,,
-32.322264188593614,0.0,0.0,0.0,22.07176926339604,-0.24673484113430239,0.0,0.02423469387755102,0,1.0,39.889132474781945,0.0,0.0,9.035395291039553,0.0,,,,,,,,,,,,,,,,,,,,,,,,,,,,,,,,,,,,,,,,,,,,,,
-25.217884928065704,0.0,0.0,0.0,15.604216071921263,-0.3318142753692856,0.0,0.0071056371387967785,0,1.0,16.26274150586687,0.0,0.0,0.0,0.0,,,,,,,,,,,,,,,,,,,,,,,,,,,,,,,,,,,,,,,,,,,,,,
-29.29358531757175,0.0,0.0,0.0,16.323454211864536,-0.2900354981937797,1.0,0.008568548387096774,0,0.0,22.686394857708365,0.0,2.3,7.172714203634592,0.0,,,,,,,,,,,,,,,,,,,,,,,,,,,,,,,,,,,,,,,,,,,,,,
,,,,,,,,,,,,,,,0.22313019633293152,114.66071428571429,56,27,6421,-32.31943608928571,231,,,,,,,,,,,,,,,,,,,,,,,,,,,,,,,,,,,,,,,
-30.718642077204123,0.0,0.0,0.0,16.281642381756438,-0.31345553140004206,0.0,0.009289617486338797,0,1.0,21.914726736489683,0.0,0.0,5.746721731717222,0.0,,,,,,,,,,,,,,,,,,,,,,,,,,,,,,,,,,,,,,,,,,,,,,
11.88416616477124,0.0,0.0,0.0,22.1543498537797,0.087383574740965,0.0,0.021193530395984383,0,1.0,41.59070687647909,0.0,0.0,0.0,0.0,,,,,,,,,,,,,,,,,,,,,,,,,,,,,,,,,,,,,,,,,,,,,,
-44.61908846381097,0.0,0.0,0.0,19.21043401452926,-0.34588440669620907,0.0,0.021021021021021023,0,1.0,34.15684375318233,0.0,0.0,0.0,0.0,,,,,,,,,,,,,,,,,,,,,,,,,,,,,,,,,,,,,,,,,,,,,,
-74.52438056701726,0.0,0.0,0.0,25.09424731438201,-0.3726219028350863,0.0,0.03917050691244239,0,1.0,69.39547604188556,0.0,0.0,18.655786445319336,0.0,,,,,,,,,,,,,,,,,,,,,,,,,,,,,,,,,,,,,,,,,,,,,,
,,,,,,,,,,,,,,,0.22313019633293152,116.33333333333333,60,28,6980,-32.46796743333333,249,,,,,,,,,,,,,,,,,,,,,,,,,,,,,,,,,,,,,,,
-12.079888182794525,0.0,0.0,0.0,11.311686804488465,-0.180296838549172,0.0,0.004020908725371934,0,1.0,10.337088127038442,0.0,0.0,0.0,0.0,,,,,,,,,,,,,,,,,,,,,,,,,,,,,,,,,,,,,,,,,,,,,,
-13.43973097456095,0.0,0.0,0.0,9.265303308511836,-0.22779205041628728,0.0,0.004542873367404884,0,1.0,7.420383394353848,0.0,2.799999999999998,0.0,0.0,,,,,,,,,,,,,,,,,,,,,,,,,,,,,,,,,,,,,,,,,,,,,,
-53.119766187654506,0.0,0.0,0.0,17.339067646306315,-0.4964464129687337,0.0,0.010768477728830151,0,1.0,25.51585269975476,0.0,0.0,0.0,0.0,,,,,,,,,,,,,,,,,,,,,,,,,,,,,,,,,,,,,,,,,,,,,,
-35.43061009559224,0.0,0.0,0.0,17.719102082480266,-0.3578849504605277,0.0,0.008716707021791767,0,1.0,24.108538589905947,0.0,0.0,0.0,0.0,,,,,,,,,,,,,,,,,,,,,,,,,,,,,,,,,,,,,,,,,,,,,,
,,,,,,,,,,,,,,,0.22313019633293152,114.1875,64,28,7308,-32.227678140625,260,,,,,,,,,,,,,,,,,,,,,,,,,,,,,,,,,,,,,,,
-42.6206380328031,0.0,0.0,0.0,18.646016481404814,-0.3465092522992122,0.0,0.017587939698492462,0,1.0,31.609050408704206,0.0,0.0,0.0,0.0,,,,,,,,,,,,,,,,,,,,,,,,,,,,,,,,,,,,,,,,,,,,,,
-8.538032428932642,0.0,0.0,0.0,14.325953561320132,-0.09927944684805397,1.0,0.008646998982706003,0,0.0,17.048316623899154,0.0,1.6500000000000008,9.865337308713885,0.0,,,,,,,,,,,,,,,,,,,,,,,,,,,,,,,,,,,,,,,,,,,,,,
-22.33782576103322,0.0,0.0,0.0,20.387562487097586,-0.2127411977241259,0.0,0.015655577299412915,0,1.0,29.457921402528882,0.0,0.0,6.394377287154996,0.0,,,,,,,,,,,,,,,,,,,,,,,,,,,,,,,,,,,,,,,,,,,,,,
26.712162842800616,0.0,0.0,0.0,34.14250292396093,0.07545808712655541,0.0,0.09461966604823747,1,1.0,167.49298931797966,0.0,0.5499999999999999,107.6896253216549,0.0,,,,,,,,,,,,,,,,,,,,,,,,,,,,,,,,,,,,,,,,,,,,,,
,,,,,,,,,,,,,,,0.22313019633293152,117.23529411764706,68,28,7972,-31.02616313235294,282,,,,,,,,,,,,,,,,,,,,,,,,,,,,,,,,,,,,,,,
-12.335481432378804,0.0,0.0,0.0,11.11883422009577,-0.2090759564809967,0.0,0.004034065441506051,0,1.0,8.941095466900151,0.0,2.799999999999998,0.0,0.0,,,,,,,,,,,,,,,,,,,,,,,,,,,,,,,,,,,,,,,,,,,,,,
-49.582413203936916,0.0,0.0,0.0,19.227770616915407,-0.4722134590851135,0.0,0.01488833746898263,0,1.0,27.774501568172127,0.0,0.0,0.0,0.0,,,,,,,,,,,,,,,,,,,,,,,,,,,,,,,,,,,,,,,,,,,,,,
-44.535184432656195,0.0,0.0,0.0,18.334333885469004,-0.3906595125671596,0.0,0.009873060648801129,0,1.0,28.775362991465954,0.0,0.0,0.0,0.0,,,,,,,,,,,,,,,,,,,,,,,,,,,,,,,,,,,,,,,,,,,,,,
-11.138527582230408,0.0,0.0,0.0,13.101600169802854,-0.15052064300311363,0.0,0.007099391480730223,0,1.0,13.26810966199264,0.0,0.0,0.0,0.0,,,,,,,,,,,,,,,,,,,,,,,,,,,,,,,,,,,,,,,,,,,,,,
,,,,,,,,,,,,,,,0.22313019633293152,115.55555555555556,72,28,8320,-30.941584152777775,294,,,,,,,,,,,,,,,,,,,,,,,,,,,,,,,,,,,,,,,
-45.736300291267185,0.0,0.0,0.0,17.684776078793544,-0.40119561659006303,0.0,0.011307767944936086,0,1.0,27.73502631735755,0.0,0.0,0.0,0.0,,,,,,,,,,,,,,,,,,,,,,,,,,,,,,,,,,,,,,,,,,,,,,
-13.498703898609378,0.0,0.0,0.0,11.170984531718895,-0.2812229978876954,0.0,0.00320659642693541,0,1.0,7.271195383742452,0.0,2.25,0.0,0.0,,,,,,,,,,,,,,,,,,,,,,,,,,,,,,,,,,,,,,,,,,,,,,
-14.409275522176962,0.0,0.0,0.0,12.501511242890574,-0.24422500885045698,0.0,0.007241606319947334,0,1.0,10.052938321372494,0.0,0.0,0.0,0.0,,,,,,,,,,,,,,,,,,,,,,,,,,,,,,,,,,,,,,,,,,,,,,
-0.7329792380623559,0.0,0.0,0.0,19.48245257756461,-0.00805471690178413,0.0,0.014221073044602456,0,1.0,24.36358915315941,0.0,0.0,0.0,0.0,,,,,,,,,,,,,,,,,,,,,,,,,,,,,,,,,,,,,,,,,,,,,,
,,,,,,,,,,,,,,,0.22313019633293152,113.52631578947368,76,28,8628,-30.297298394736842,305,,,,,,,,,,,,,,,,,,,,,,,,,,,,,,,,,,,,,,,
-10.943022396891228,0.0,0.0,0.0,13.339697194103698,-0.15859452749117722,0.0,0.006586826347305389,0,1.0,12.593654494034126,0.0,0.0,0.0,0.0,,,,,,,,,,,,,,,,,,,,,,,,,,,,,,,,,,,,,,,,,,,,,,
-29.42436808667904,0.0,0.0,0.0,20.929764994063166,-0.23352673084665904,0.0,0.020663744520976832,0,1.0,36.35770219517872,0.0,0.0,13.099484851392186,0.0,,,,,,,,,,,,,,,,,,,,,,,,,,,,,,,,,,,,,,,,,,,,,,
-29.26298277264631,0.0,0.0,0.0,11.743277635400602,-0.4501997349637894,0.0,0.0037974683544303796,0,1.0,10.435830827540485,0.0,2.2,0.0,0.0,,,,,,,,,,,,,,,,,,,,,,,,,,,,,,,,,,,,,,,,,,,,,,
-65.7685165354709,0.0,0.0,0.0,22.646745684836716,-0.4384567769031393,0.0,0.021266968325791856,0,1.0,46.910507443826646,0.0,0.0,0.0,0.0,,,,,,,,,,,,,,,,,,,,,,,,,,,,,,,,,,,,,,,,,,,,,,
,,,,,,,,,,,,,,,0.22313019633293152,112.925,80,28,9034,-30.4802115875,320,,,,,,,,,,,,,,,,,,,,,,,,,,,,,,,,,,,,,,,
-13.92004833398185,0.0,0.0,0.0,14.175900015513397,-0.16186102713932382,0.0,0.010145846544071021,0,1.0,16.75552553398302,0.0,2.1500000000000004,11.614354231485486,0.0,,,,,,,,,,,,,,,,,,,,,,,,,,,,,,,,,,,,,,,,,,,,,,
-13.640391938202185,0.0,0.0,0.0,21.28697382156803,-0.08119280915596538,0.0,0.02564102564102564,0,1.0,49.39103734251694,0.0,0.0,6.434116167525478,0.0,,,,,,,,,,,,,,,,,,,,,,,,,,,,,,,,,,,,,,,,,,,,,,
-52.55990788422102,0.0,0.0,0.0,16.69217135896139,-0.44167989818673126,0.0,0.011941848390446522,0,1.0,27.32384806475602,0.0,0.0,0.0,0.0,,,,,,,,,,,,,,,,,,,,,,,,,,,,,,,,,,,,,,,,,,,,,,
-30.59763850647692,0.0,0.0,0.0,21.994551969145444,-0.24876128867054406,0.0,0.014598540145985401,0,1.0,37.274863573606126,0.0,0.0,14.669585968266292,0.0,,,,,,,,,,,,,,,,,,,,,,,,,,,,,,,,,,,,,,,,,,,,,,
,,,,,,,,,,,,,,,0.22313019633293152,113.4047619047619,84,28,9526,-30.349364214285714,336,,,,,,,,,,,,,,,,,,,,,,,,,,,,,,,,,,,,,,,
-40.072172597037365,0.0,0.0,0.0,16.35007196120178,-0.40072172597037364,1.0,0.009147609147609148,0,0.0,22.660276536189485,0.0,0.0,0.0,0.0,,,,,,,,,,,,,,,,,,,,,,,,,,,,,,,,,,,,,,,,,,,,,,
8.962534301707002,0.0,0.0,0.0,20.977743877075937,0.07286613253420327,0.0,0.023515579071134628,0,1.0,35.57589116238523,0.0,0.0,0.0,0.0,,,,,,,,,,,,,,,,,,,,,,,,,,,,,,,,,,,,,,,,,,,,,,
-9.145145413106942,0.0,0.0,0.0,13.428038884139143,-0.1252759645631088,0.0,0.005286701911346075,0,1.0,13.41068006795831,0.0,0.0,0.0,0.0,,,,,,,,,,,,,,,,,,,,,,,,,,,,,,,,,,,,,,,,,,,,,,
-36.102142064799935,0.0,0.0,0.0,20.7969131047843,-0.28881713651839946,0.0,0.016684045881126174,0,1.0,35.843557900283486,0.0,0.0,0.0,0.0,,,,,,,,,,,,,,,,,,,,,,,,,,,,,,,,,,,,,,,,,,,,,,
,,,,,,,,,,,,,,,0.22313019633293152,112.98863636363636,88,28,9943,-29.839945454545457,351,,,,,,,,,,,,,,,,,,,,,,,,,,,,,,,,,,,,,,,
,,,,,,,,,,,,,,,,,,,,,,5.430988311767578,0.007798775099217892,0.005752531345933676,0.006673471070826054,0.006562580820173025,0.013632978312671185,6.670699119567871,5.784531116485596,0.003365943441167474,46.42061996459961,6.246365070343018,0.003806743072345853,0.006161484867334366,0.013646709732711315,47.35062789916992,0.052664436399936676,4.543532371520996,0.030568577349185944,5.882274627685547,0.007567943539470434,0.02832982875406742,0.002768979873508215,22.392457962036133,0.059304218739271164,0.028857050463557243,4.504799842834473,4.839802265167236,0.005490780808031559,4.350055694580078,24.971084594726562,0.0027453750371932983,9.43914794921875,5.523070812225342,,,,,,
-33.67054199169266,0.0,0.0,0.0,16.86998075566326,-0.24941142216068637,0.0,0.014438166980539862,0,1.0,31.333828415634343,0.0,0.0,14.36284133341365,0.0,,,,,,,,,,,,,,,,,,,,,,,,,,,,,,,,,,,,,,,,,9.8004977814712e-05,-0.024814752861857414,0.9927133321762085,0.1634928584098816,76,-3.4297637939453125
-13.42263344575463,0.0,0.0,0.0,16.525252716128605,-0.12314342610784065,0.0,0.011272898074213245,0,1.0,24.791049753781408,0.0,0.0,12.974398736893,0.0,,,,,,,,,,,,,,,,,,,,,,,,,,,,,,,,,,,,,,,,,9.798370352867202e-05,-0.060838207602500916,0.9822414517402649,0.771267831325531,184,-5.409084320068359
-11.311062630180274,0.0,0.0,0.0,16.282960012162366,-0.13793978817293018,0.0,0.008485931219294328,0,1.0,18.308578592725098,0.0,0.0,0.0,0.0,,,,,,,,,,,,,,,,,,,,,,,,,,,,,,,,,,,,,,,,,9.796774933738752e-05,-0.08871257305145264,0.9745012521743774,0.9515653848648071,265,-6.994612693786621
-21.039854141230585,0.0,0.0,0.0,9.091329806218647,-0.34491564165951777,0.0,0.003477396920019871,0,1.0,7.545820861007087,0.0,0.0,0.0,0.0,,,,,,,,,,,,,,,,,,,,,,,,,,,,,,,,,,,,,,,,,9.795593225968749e-05,-0.10143169015645981,0.9687878489494324,0.31466707587242126,325,-7.473893642425537
,,,,,,,,,,,,,,,0.22310364246368408,112.23913043478261,92,27,10326,-29.410680989130434,370,,,,,,,,,,,,,,,,,,,,,,,,,,,,,,,,,,,,,,,
-18.022866309275535,0.0,0.0,0.0,10.332892777047446,-0.2860772430043736,0.0,0.003694581280788177,0,1.0,8.865664504817687,0.0,0.0,0.0,0.0,,,,,,,,,,,,,,,,,,,,,,,,,,,,,,,,,,,,,,,,,9.79437220320155e-05,-0.13182422518730164,0.9629273414611816,0.3201614022254944,387,-8.622701644897461
-50.34793878345085,0.0,0.0,0.0,17.002137877690963,-0.5190509152933077,0.0,0.008567348881485007,0,1.0,22.67135264026001,0.0,0.0,0.0,0.0,,,,,,,,,,,,,,,,,,,,,,,,,,,,,,,,,,,,,,,,,9.79248173822555e-05,-0.15537559986114502,0.9538161754608154,0.26412543654441833,483,-9.89056396484375
-13.48927518027065,0.0,0.0,0.0,16.290032452572387,-0.19270393114672357,0.0,0.008153756552125802,0,1.0,15.606981792487204,0.0,0.0,10.376873364088992,0.0,,,,,,,,,,,,,,,,,,,,,,,,,,,,,,,,,,,,,,,,,9.7911230798048e-05,-0.18956367671489716,0.9474368095397949,1.6206785440444946,552,-11.06140422821045
-15.348366021879492,0.0,0.0,0.0,9.85321463886881,-0.26926957933121914,0.0,0.003941441441441441,0,1.0,7.60963703726884,0.0,0.0,0.0,0.0,,,,,,,,,,,,,,,,,,,,,,,,,,,,,,,,,,,,,,,,,9.790020470156801e-05,-0.20815211534500122,0.9423028826713562,0.2907969057559967,608,-11.239830017089844
,,,,,,,,,,,,,,,0.22309143841266632,110.51041666666667,96,27,10609,-29.20223392708334,384,,,,,,,,,,,,,,,,,,,,,,,,,,,,,,,,,,,,,,,
-81.78143547564427,0.0,0.0,0.0,25.111808100982984,-0.3062975111447351,0.0,0.05491153142159853,0,1.0,92.80585799718392,0.0,0.0,0.0,0.0,,,,,,,,,,,,,,,,,,,,,,,,,,,,,,,,,,,,,,,,,9.7847839265662e-05,-0.28970038890838623,0.9181366562843323,0.47217679023742676,874,-14.447509765625
-15.580400855304973,0.0,0.0,0.0,12.15768040974622,-0.2396984746969996,0.0,0.005213270142180095,0,1.0,10.787747313966975,0.0,0.0,0.0,0.0,,,,,,,,,,,,,,,,,,,,,,,,,,,,,,,,,,,,,,,,,9.7835242164478e-05,-0.32163143157958984,0.912440836429596,0.6496708989143372,938,-14.937140464782715
-16.673368214945704,0.0,0.0,0.0,11.350909538060314,-0.30315214936264917,0.0,0.003811338732729871,0,1.0,8.504374699201435,0.0,0.0,0.0,0.0,,,,,,,,,,,,,,,,,,,,,,,,,,,,,,,,,,,,,,,,,9.782461399436801e-05,-0.2802835702896118,0.9076001048088074,0.6760379076004028,992,-15.438514709472656
-9.289563294873982,0.0,0.0,0.0,17.31822122971997,-0.0988251414348296,0.0,0.012994350282485875,0,1.0,22.370420024963096,0.0,0.0,0.0,0.0,,,,,,,,,,,,,,,,,,,,,,,,,,,,,,,,,,,,,,,,,9.78063112838875e-05,-0.3231055736541748,0.8995394110679626,0.5624767541885376,1085,-16.334083557128906
,,,,,,,,,,,,,,,0.2230583280324936,110.86,100,27,11086,-29.27162583000001,407,,,,,,,,,,,,,,,,,,,,,,,,,,,,,,,,,,,,,,,
-15.336638315867777,0.0,0.0,0.0,11.875594198782235,-0.1991771209852958,0.0,0.00555812876331635,0,1.0,12.494916413910687,0.0,0.0,0.0,0.0,,,,,,,,,,,,,,,,,,,,,,,,,,,,,,,,,,,,,,,,,9.779135550813951e-05,-0.386560320854187,0.8928682208061218,0.523361086845398,1161,-15.686872482299805
-7.538862517853495,0.0,0.0,0.0,16.569131392120596,-0.06916387631058253,0.0,0.014563106796116505,0,1.0,24.80538021598477,0.0,0.0,0.0,0.0,,,,,,,,,,,,,,,,,,,,,,,,,,,,,,,,,,,,,,,,,9.777010454091951e-05,-0.43083545565605164,0.883533239364624,0.5860324501991272,1269,-18.393678665161133
-58.98207921528645,0.0,0.0,0.0,19.410577176364715,-0.47566192915553585,0.0,0.011885245901639344,0,1.0,33.1522226735251,0.0,0.0,0.0,0.0,,,,,,,,,,,,,,,,,,,,,,,,,,,,,,,,,,,,,,,,,9.774590487756801e-05,-0.4532548487186432,0.8729926943778992,0.6086831092834473,1392,-18.30107307434082
-12.04187006704082,0.0,0.0,0.0,13.153759728828659,-0.16495712420603864,0.0,0.006232023010546501,0,1.0,13.152393304393627,0.0,0.0,0.0,0.0,,,,,,,,,,,,,,,,,,,,,,,,,,,,,,,,,,,,,,,,,9.7731740617952e-05,-0.4538649320602417,0.8668245673179626,0.5356378555297852,1464,-19.59060287475586
,,,,,,,,,,,,,,,0.22303126752376556,109.94,104,26,11465,-28.692532660000005,427,,,,,,,,,,,,,,,,,,,,,,,,,,,,,,,,,,,,,,,
-55.922513474391586,0.0,0.0,0.0,18.010571823246394,-0.4403347517668629,0.0,0.015410016510731976,0,1.0,31.47806911636144,0.0,3.349999999999996,0.0,0.0,,,,,,,,,,,,,,,,,,,,,,,,,,,,,,,,,,,,,,,,,9.770695564595e-05,-0.4904060661792755,0.856268048286438,0.7229169011116028,1590,-20.08021354675293
-16.10793690351851,0.0,0.0,0.0,9.12526990937051,-0.303923337802236,0.0,0.0028089887640449437,0,1.0,6.5538322809152305,0.0,0.0,0.0,0.0,,,,,,,,,,,,,,,,,,,,,,,,,,,,,,,,,,,,,,,,,9.769672784831799e-05,-0.5862467288970947,0.8520112633705139,0.5834188461303711,1642,-19.37806510925293
-20.025710835791894,0.0,0.0,0.0,8.085999399791453,-0.3513282602770508,0.0,0.002635740643120717,0,1.0,6.229331611131784,0.0,0.0,0.0,0.0,,,,,,,,,,,,,,,,,,,,,,,,,,,,,,,,,,,,,,,,,9.768571389879801e-05,-0.48854389786720276,0.8473832011222839,0.6128267049789429,1698,-20.628314971923828
-21.02394606735077,0.0,0.0,0.0,8.146689864870762,-0.3284991573023558,0.0,0.003305785123966942,0,1.0,7.05384740253794,0.0,0.0,0.0,0.0,,,,,,,,,,,,,,,,,,,,,,,,,,,,,,,,,,,,,,,,,9.76733239515395e-05,-0.6580321788787842,0.8422020673751831,0.7261859178543091,1761,-20.63548469543457
,,,,,,,,,,,,,,,0.2230241447687149,108.34,108,26,11762,-28.608780350000004,442,,,,,,,,,,,,,,,,,,,,,,,,,,,,,,,,,,,,,,,
-19.673211276867796,0.0,0.0,0.0,8.257348884621273,-0.3122731948709174,0.0,0.0031992687385740404,0,1.0,7.072391913054162,0.0,0.0,0.0,0.0,,,,,,,,,,,,,,,,,,,,,,,,,,,,,,,,,,,,,,,,,9.76611314412355e-05,-0.5154545307159424,0.8372464776039124,1.2625763416290283,1823,-21.999258041381836
-15.952735870080154,0.0,0.0,0.0,11.010481913541247,-0.2703853537301721,0.0,0.003355704697986577,0,1.0,8.843916471814737,0.0,0.0,0.0,0.0,,,,,,,,,,,,,,,,,,,,,,,,,,,,,,,,,,,,,,,,,9.76497262370195e-05,-0.5796883702278137,0.8325580358505249,1.0310473442077637,1881,-20.48329734802246
-18.323859763677163,0.0,0.0,0.0,11.32091795004169,-0.2955461252205994,0.0,0.004796163069544364,0,1.0,9.576062359265052,0.0,0.0,0.0,0.0,,,,,,,,,,,,,,,,,,,,,,,,,,,,,,,,,,,,,,,,,9.7637731830718e-05,-0.6606408357620239,0.827629566192627,0.8610391616821289,1942,-20.792247772216797
-12.37420612165361,0.0,0.0,0.0,14.415235521831002,-0.13903602383880462,0.0,0.007182087029995775,0,1.0,17.62080021944712,0.0,0.0,0.0,0.0,,,,,,,,,,,,,,,,,,,,,,,,,,,,,,,,,,,,,,,,,9.762042972955e-05,-0.6911855936050415,0.8207351565361023,0.9339535236358643,2030,-23.111907958984375
,,,,,,,,,,,,,,,0.22301432490348816,107.38,112,26,12031,-28.935518030000004,456,,,,,,,,,,,,,,,,,,,,,,,,,,,,,,,,,,,,,,,
-17.951858848718963,0.0,0.0,0.0,11.942830058136975,-0.22439823560898703,0.0,0.007052186177715092,0,1.0,13.073154134704964,0.0,0.0,0.0,0.0,,,,,,,,,,,,,,,,,,,,,,,,,,,,,,,,,,,,,,,,,9.760489847415949e-05,-0.6907974481582642,0.8144484758377075,0.981454610824585,2109,-21.959989547729492
-17.786477940534734,0.0,0.0,0.0,11.09018430949525,-0.2371530392071298,0.0,0.004797208896641954,0,1.0,11.367412708117627,0.0,0.0,0.0,0.0,,,,,,,,,,,,,,,,,,,,,,,,,,,,,,,,,,,,,,,,,9.759035133615549e-05,-0.809232234954834,0.8085411787033081,1.0767431259155273,2183,-21.880220413208008
-16.746559214688656,0.0,0.0,0.0,9.277251129852585,-0.35630977052529056,0.0,0.0029850746268656717,0,1.0,5.879656191915274,0.0,0.0,0.0,0.0,,,,,,,,,,,,,,,,,,,,,,,,,,,,,,,,,,,,,,,,,9.75813090698795e-05,-0.7067258358001709,0.8049352765083313,1.2075188159942627,2229,-23.119140625
-17.445160922827963,0.0,0.0,0.0,11.24773818573866,-0.21537235707195015,0.0,0.0056022408963585435,0,1.0,12.474164293256763,0.0,2.3499999999999996,0.0,0.0,,,,,,,,,,,,,,,,,,,,,,,,,,,,,,,,,,,,,,,,,9.75655843923595e-05,-0.7271981239318848,0.7987226843833923,0.9371322393417358,2309,-21.62009048461914
,,,,,,,,,,,,,,,0.2229980081319809,104.57,116,26,12310,-27.615734109999995,470,,,,,,,,,,,,,,,,,,,,,,,,,,,,,,,,,,,,,,,
-14.637506300930422,0.0,0.0,0.0,15.491691778565393,-0.17020356163872583,0.0,0.012338425381903642,0,1.0,18.27126700297231,0.0,0.0,0.0,0.0,,,,,,,,,,,,,,,,,,,,,,,,,,,,,,,,,,,,,,,,,9.7548878317982e-05,-0.8380496501922607,0.7921580076217651,1.2021429538726807,2394,-21.504283905029297
-0.6911010242005311,0.0,0.0,0.0,19.24701627600518,-0.004901425703549866,0.0,0.023091725465041693,0,1.0,37.40963965287665,0.0,0.0,0.0,0.0,,,,,,,,,,,,,,,,,,,,,,,,,,,,,,,,,,,,,,,,,9.7521365565022e-05,-0.9249261021614075,0.7814403176307678,1.0154367685317993,2534,-21.522045135498047
-69.99837682932436,0.0,0.0,0.0,21.68180931749891,-0.510937057148353,0.0,0.025,0,1.0,40.976989534450695,0.0,0.2,0.0,0.0,,,,,,,,,,,,,,,,,,,,,,,,,,,,,,,,,,,,,,,,,9.749464262555001e-05,-0.8160924911499023,0.7713010907173157,1.1671960353851318,2670,-21.960811614990234
-8.734300484088724,0.0,0.0,0.0,17.107936545343183,-0.08647822261473984,1.0,0.011592741935483871,0,0.0,23.880943055730313,0.0,0.0,0.0,0.0,,,,,,,,,,,,,,,,,,,,,,,,,,,,,,,,,,,,,,,,,9.747499575355e-05,-0.7443118095397949,0.7638583183288574,1.4643341302871704,2770,-22.404129028320312
,,,,,,,,,,,,,,,0.2229781448841095,105.15,120,26,12771,-27.68541572,490,,,,,,,,,,,,,,,,,,,,,,,,,,,,,,,,,,,,,,,
-13.314903532769456,0.0,0.0,0.0,14.468908978705965,-0.1566459239149348,0.0,0.0070744902205576365,0,1.0,16.88876971229911,0.0,0.0,0.0,0.0,,,,,,,,,,,,,,,,,,,,,,,,,,,,,,,,,,,,,,,,,9.7458493918942e-05,-0.8986608982086182,0.7576790452003479,0.8159164190292358,2854,-24.067462921142578
12.32506290284752,0.0,0.0,0.0,23.22349819838435,0.07292936628903858,0.0,0.032138442521631644,0,1.0,54.22167517337948,0.0,0.3,0.0,0.0,,,,,,,,,,,,,,,,,,,,,,,,,,,,,,,,,,,,,,,,,9.742549446215801e-05,-0.910948634147644,0.7456222176551819,0.9649474620819092,3022,-23.032569885253906
-10.314513237696275,0.0,0.0,0.0,14.467050246009057,-0.12427124382766597,0.0,0.010059171597633136,0,1.0,16.465054649161175,0.0,0.0,0.0,0.0,,,,,,,,,,,,,,,,,,,,,,,,,,,,,,,,,,,,,,,,,9.7409389624192e-05,-0.9213520288467407,0.7396882772445679,0.8879320621490479,3104,-21.94980239868164
4.334620447959786,1.0,0.0,0.0,25.72296153353286,0.015156015552306943,0.0,0.047262517547964435,0,0.0,101.85927182273008,0.0,0.0,84.17101519053647,0.0,,,,,,,,,,,,,,,,,,,,,,,,,,,,,,,,,,,,,,,,,9.735342589943951e-05,-1.0365629196166992,0.7197936177253723,1.6544216871261597,3389,-22.929302215576172
,,,,,,,,,,,,,,,0.22294184565544128,106.99,124,25,13390,-26.585264830000007,520,,,,,,,,,,,,,,,,,,,,,,,,,,,,,,,,,,,,,,,
-14.70454754737861,0.0,0.0,0.0,17.855304202622875,-0.09076881202085561,0.0,0.01573215006050827,0,1.0,39.922198566258885,0.0,0.0,29.351756881140805,0.0,,,,,,,,,,,,,,,,,,,,,,,,,,,,,,,,,,,,,,,,,9.732181844875002e-05,-1.2127782106399536,0.7087475061416626,2.4387154579162598,3550,-24.16544532775879
-12.927318358611279,0.0,0.0,0.0,15.29057731666297,-0.1375246633894817,0.0,0.013647642679900745,0,1.0,19.769803925883025,0.0,4.499999999999992,0.0,0.0,,,,,,,,,,,,,,,,,,,,,,,,,,,,,,,,,,,,,,,,,9.730356307917552e-05,-1.2024736404418945,0.7024281024932861,1.7250573635101318,3643,-24.238916397094727
-8.330119450352008,0.0,0.0,0.0,16.12534648012507,-0.08768546789844218,0.0,0.011738401341531582,0,1.0,21.054393357713707,0.0,3.699999999999995,0.0,0.0,,,,,,,,,,,,,,,,,,,,,,,,,,,,,,,,,,,,,,,,,9.728511316431551e-05,-1.3004997968673706,0.6961367726325989,1.0914480686187744,3737,-23.290485382080078
-19.711238978443006,1.0,0.0,0.0,18.794490210592137,-0.165640663684395,0.0,0.014046216583597644,0,0.0,30.911425949889235,0.0,2.000000000000001,0.0,0.0,,,,,,,,,,,,,,,,,,,,,,,,,,,,,,,,,,,,,,,,,9.726195512198751e-05,-1.2878057956695557,0.6883790493011475,1.1796393394470215,3855,-22.765621185302734
,,,,,,,,,,,,,,,0.22291183471679688,107.29,128,25,13856,-26.760378959999997,543,,,,,,,,,,,,,,,,,,,,,,,,,,,,,,,,,,,,,,,
-69.19039640197776,0.0,0.0,0.0,23.39950048556381,-0.376034763054227,1.0,0.01764705882352941,0,0.0,59.572169489227235,0.0,0.0,0.0,0.0,,,,,,,,,,,,,,,,,,,,,,,,,,,,,,,,,,,,,,,,,9.722604601167801e-05,-1.1710777282714844,0.676430344581604,0.9317954778671265,4038,-20.991689682006836
-36.60550347182952,1.0,0.0,0.0,25.546357855412246,-0.2153264910107619,0.0,0.03773584905660377,0,0.0,60.14528901758604,0.0,0.0,0.0,0.0,,,,,,,,,,,,,,,,,,,,,,,,,,,,,,,,,,,,,,,,,9.719288996547551e-05,-1.2470635175704956,0.6656649708747864,0.828649640083313,4207,-22.49770736694336
-189.40110971893188,1.0,0.0,0.0,25.412614642706814,-0.681298955823496,0.0,0.05005213764337852,0,0.0,97.87084848975064,0.0,3.4999999999999956,0.0,0.0,,,,,,,,,,,,,,,,,,,,,,,,,,,,,,,,,,,,,,,,,9.7138557732472e-05,-1.7934683561325073,0.6481168270111084,1.1307748556137085,4484,-23.190689086914062
6.789380674429815,1.0,0.0,0.0,26.211853125538244,0.02864717584147601,0.0,0.04941860465116279,0,0.0,86.00504611589713,0.0,0.0,39.378104883784566,0.0,,,,,,,,,,,,,,,,,,,,,,,,,,,,,,,,,,,,,,,,,9.709227950080001e-05,-1.438805341720581,0.6337336897850037,0.7425944805145264,4720,-21.995487213134766
,,,,,,,,,,,,,,,0.2228582352399826,112.18,132,25,14721,-28.319849380000004,585,,,,,,,,,,,,,,,,,,,,,,,,,,,,,,,,,,,,,,,
11.155539677801642,0.0,0.0,0.0,22.99496690051354,0.06485778882442815,0.0,0.03419746276889134,0,1.0,54.6755694122985,0.0,0.0,0.0,0.0,,,,,,,,,,,,,,,,,,,,,,,,,,,,,,,,,,,,,,,,,9.705875431715951e-05,-1.4905850887298584,0.6234040856361389,0.7950489521026611,4891,-21.90863800048828
18.492468164923558,1.0,0.0,0.0,28.6084744294828,0.06749075972599838,0.0,0.06476997578692494,0,0.0,108.5667749454733,0.0,0.0,103.29591481441378,0.0,,,,,,,,,,,,,,,,,,,,,,,,,,,,,,,,,,,,,,,,,9.7005243716152e-05,-1.4792418479919434,0.607339084148407,0.7332550287246704,5164,-21.284435272216797
4.780675971929341,1.0,0.0,0.0,25.69822696004904,0.022550358358157267,0.0,0.04409171075837742,0,0.0,75.4025384450797,0.0,0.0,24.860367220307165,0.0,,,,,,,,,,,,,,,,,,,,,,,,,,,,,,,,,,,,,,,,,9.696389586718751e-05,-1.5420259237289429,0.5952719449996948,0.6708879470825195,5375,-20.56011199951172
19.059996696884227,0.0,0.0,0.0,22.716508616571936,0.0878340861607568,0.0,0.04561824729891957,0,1.0,68.13640844775364,0.0,10.600000000000016,0.0,0.0,,,,,,,,,,,,,,,,,,,,,,,,,,,,,,,,,,,,,,,,,9.69215773884595e-05,-1.387076497077942,0.5831654667854309,1.2200050354003906,5591,-19.402198791503906
,,,,,,,,,,,,,,,0.22279851138591766,116.22,136,25,15592,-26.418303249999994,623,,,,,,,,,,,,,,,,,,,,,,,,,,,,,,,,,,,,,,,
-8.591315490965158,0.0,0.0,0.0,20.389943892469695,-0.06050222176736027,0.0,0.02449479485609308,0,1.0,39.95226692408323,0.0,0.1,32.18329718792582,0.0,,,,,,,,,,,,,,,,,,,,,,,,,,,,,,,,,,,,,,,,,9.6893957834488e-05,-1.875491976737976,0.5754351019859314,0.6774694919586182,5732,-20.51848030090332
28.70001246649062,1.0,0.0,0.0,29.112668180669562,0.1129921750649237,0.0,0.0493368700265252,0,0.0,102.39791267970577,0.0,0.0,45.648535464303535,0.0,,,,,,,,,,,,,,,,,,,,,,,,,,,,,,,,,,,,,,,,,9.68444092623875e-05,-1.5487064123153687,0.5617630481719971,0.487077534198761,5985,-19.578628540039062
21.12940260635365,1.0,0.0,0.0,30.124737244217705,0.08624245961777001,0.0,0.04918032786885246,0,0.0,102.28263562452048,0.0,0.0,76.52711240953438,0.0,,,,,,,,,,,,,,,,,,,,,,,,,,,,,,,,,,,,,,,,,9.67966353538795e-05,-1.6850171089172363,0.5490129590034485,0.9215021133422852,6229,-22.211957931518555
6.726966311176021,1.0,0.0,0.0,27.27879945519507,0.027912723282888054,0.0,0.052916416115454,0,0.0,91.07388772664126,0.0,0.0,48.26680392760178,0.0,,,,,,,,,,,,,,,,,,,,,,,,,,,,,,,,,,,,,,,,,9.674965618211951e-05,-1.9030572175979614,0.5366526246070862,2.2779006958007812,6469,-20.737382888793945
,,,,,,,,,,,,,,,0.2227303385734558,120.22,140,24,16470,-24.75727998,662,,,,,,,,,,,,,,,,,,,,,,,,,,,,,,,,,,,,,,,
-39.54697778827094,0.0,0.0,0.0,18.007634441890946,-0.2601774854491509,0.0,0.012646793134598013,0,1.0,37.832041644025594,0.0,0.0,0.0,0.0,,,,,,,,,,,,,,,,,,,,,,,,,,,,,,,,,,,,,,,,,9.67201043278e-05,-2.0815234184265137,0.5289847254753113,0.5185878276824951,6620,-20.966232299804688
14.537741706641675,0.0,0.0,0.0,23.447103393661106,0.09564303754369523,0.0,0.03170028818443804,0,1.0,49.22728663054295,0.0,0.0,0.0,0.0,,,,,,,,,,,,,,,,,,,,,,,,,,,,,,,,,,,,,,,,,9.669055701087952e-05,-2.066359519958496,0.5215138792991638,0.9145826101303101,6771,-18.568159103393555
19.35030725158213,0.0,0.0,0.0,26.77209174658434,0.04281041427341179,0.0,0.11147757255936676,0,1.0,167.7408923888579,0.0,0.49999999999999994,20.976097278387506,0.0,,,,,,,,,,,,,,,,,,,,,,,,,,,,,,,,,,,,,,,,,9.660233342975801e-05,-2.12752366065979,0.49955880641937256,0.39588820934295654,7222,-19.914609909057617
-8.834875941656787,1.0,0.0,0.0,20.83050699974661,-0.06178234924235515,0.0,0.020950434338272865,0,0.0,41.16663711424917,0.0,3.099999999999997,0.0,0.0,,,,,,,,,,,,,,,,,,,,,,,,,,,,,,,,,,,,,,,,,9.657456409535199e-05,-2.143749713897705,0.4928557574748993,0.46308574080467224,7364,-19.158615112304688
,,,,,,,,,,,,,,,0.22267146408557892,123.94,144,24,17365,-22.82464046,701,,,,,,,,,,,,,,,,,,,,,,,,,,,,,,,,,,,,,,,
50.88098543703784,0.0,0.0,0.0,25.582980420796307,0.12816369127717342,0.0,0.06839276990718124,0,1.0,140.69805247185286,0.0,0.0,0.0,0.0,,,,,,,,,,,,,,,,,,,,,,,,,,,,,,,,,,,,,,,,,9.64971440512e-05,-2.506535291671753,0.47461187839508057,0.42236512899398804,7760,-19.6636905670166
-11.813309192832065,0.0,0.0,0.0,18.85883792250823,-0.08686256759435342,0.0,0.015665796344647518,0,1.0,35.35338452027645,0.0,0.0,0.0,0.0,,,,,,,,,,,,,,,,,,,,,,,,,,,,,,,,,,,,,,,,,9.647075798698751e-05,-2.637091636657715,0.46858200430870056,0.5976996421813965,7895,-18.071025848388672
51.095698204846364,0.0,0.0,0.0,25.791289245018763,0.13135140926695724,0.0,0.057308970099667775,0,1.0,139.01240833639167,0.0,0.0,5.9670337372333035,0.0,,,,,,,,,,,,,,,,,,,,,,,,,,,,,,,,,,,,,,,,,9.63949426748555e-05,-2.455044984817505,0.45166322588920593,0.5648717284202576,8283,-18.386707305908203
22.018998934491698,1.0,0.0,0.0,28.45689635575577,0.09369786780634765,0.0,0.04874213836477988,0,0.0,92.62797306990251,0.0,0.0,38.52381884255249,0.0,,,,,,,,,,,,,,,,,,,,,,,,,,,,,,,,,,,,,,,,,9.63492334892555e-05,-2.5276103019714355,0.4417242407798767,0.33485183119773865,8517,-18.925315856933594
,,,,,,,,,,,,,,,0.22262650728225708,130.61,148,24,18518,-20.40181389,753,,,,,,,,,,,,,,,,,,,,,,,,,,,,,,,,,,,,,,,
32.93726020650543,1.0,0.0,0.0,29.47835446052491,0.09832017972091173,0.0,0.06673458991339785,0,0.0,136.84300543740392,0.0,0.0,106.26279867129024,0.0,,,,,,,,,,,,,,,,,,,,,,,,,,,,,,,,,,,,,,,,,9.628400933999952e-05,-2.332242488861084,0.4279516041278839,0.30584219098091125,8851,-18.818748474121094
37.40759251417897,0.0,0.0,0.0,28.137668789226122,0.19183380776502038,0.0,0.04243439419318816,0,1.0,75.91559343622066,0.0,0.7500000000000001,0.0,0.0,,,,,,,,,,,,,,,,,,,,,,,,,,,,,,,,,,,,,,,,,9.624613484648752e-05,-2.735835552215576,0.4201602637767792,0.3528275489807129,9045,-19.02426528930664
-31.745541562160962,0.0,0.0,0.0,23.001801204262904,-0.16885926362851575,0.0,0.030429594272076373,0,1.0,59.81292885914445,0.0,1.950000000000001,0.0,0.0,,,,,,,,,,,,,,,,,,,,,,,,,,,,,,,,,,,,,,,,,9.6209634047488e-05,-2.421841621398926,0.4127790331840515,0.45368534326553345,9232,-17.47531509399414
-69.19712182823133,0.0,0.0,0.0,18.508531316541085,-0.4245222198051002,0.0,0.009379187137114784,0,1.0,41.66683273692615,0.0,0.0,0.0,0.0,,,,,,,,,,,,,,,,,,,,,,,,,,,,,,,,,,,,,,,,,9.6178018659982e-05,-3.012075185775757,0.4064916968345642,0.4148109555244446,9394,-16.71669578552246
,,,,,,,,,,,,,,,0.2225523442029953,134.29,152,24,19395,-18.79237227,795,,,,,,,,,,,,,,,,,,,,,,,,,,,,,,,,,,,,,,,
8.718552169010724,0.0,0.0,0.0,20.894608288371067,0.046375277494737896,0.0,0.0291005291005291,0,1.0,54.312154223560356,0.0,0.0,0.0,0.0,,,,,,,,,,,,,,,,,,,,,,,,,,,,,,,,,,,,,,,,,9.614153084831951e-05,-2.5403366088867188,0.39932164549827576,0.5351511240005493,9581,-18.299819946289062
-45.23606256896244,1.0,0.0,0.0,27.73339620384867,-0.22394090380674475,0.0,0.032448377581120944,0,0.0,77.47346042725258,0.0,0.0,0.0,0.0,,,,,,,,,,,,,,,,,,,,,,,,,,,,,,,,,,,,,,,,,9.610231908863801e-05,-2.5313990116119385,0.3917960226535797,0.354922354221344,9782,-17.955265045166016
12.787655519445309,1.0,0.0,0.0,26.639258371638462,0.06362017671365826,0.0,0.0425531914893617,0,0.0,74.07870874984656,0.0,0.35,0.0,0.0,,,,,,,,,,,,,,,,,,,,,,,,,,,,,,,,,,,,,,,,,9.606331039223803e-05,-2.812622547149658,0.3844207525253296,0.5754404067993164,9982,-15.929474830627441
,,,,,,,,,,,,,,,,,,,,,,20.378511428833008,0.0280085988342762,0.021991536021232605,0.014432534575462341,0.2581610083580017,0.26523998379707336,3.298527479171753,28.385555267333984,0.016154183074831963,31.85321807861328,12.124175071716309,0.01776682212948799,0.18533852696418762,0.01653987169265747,43.81596755981445,0.2896987199783325,2.3110568523406982,0.07480505853891373,1.5868992805480957,0.02999945357441902,0.10569430887699127,0.0033866334706544876,11.286897659301758,0.3375507593154907,0.06420812010765076,4.431063652038574,2.8758928775787354,0.026155676692724228,1.2726240158081055,11.621397972106934,0.006493301130831242,15.007143020629883,11.023701667785645,9.60599950200995e-05,-2.4669058322906494,0.3838118314743042,0.5087979435920715,9999,-17.472427368164062
-1.9120873467133706,1.0,0.0,0.0,25.475738389929155,-0.010622707481740948,0.0,0.03793716656787196,0,0.0,63.44078372349031,0.0,1.0000000000000002,45.9644818022252,0.0,,,,,,,,,,,,,,,,,,,,,,,,,,,,,,,,,,,,,,,,,9.602840435913951e-05,-3.1367883682250977,0.3780086040496826,0.5531001091003418,10161,-19.09058380126953
,,,,,,,,,,,,,,,0.22254349291324615,137.41,156,24,20162,-17.677974159999998,832,,,,,,,,,,,,,,,,,,,,,,,,,,,,,,,,,,,,,,,
-2.929159161704508,0.0,0.0,0.0,20.9049445956571,-0.02062788142045428,0.0,0.026300409117475162,0,1.0,40.97817125660367,0.0,6.849999999999984,0.0,0.0,,,,,,,,,,,,,,,,,,,,,,,,,,,,,,,,,,,,,,,,,9.6000913034798e-05,-2.883849620819092,0.37295418977737427,0.35207176208496094,10302,-15.65231704711914
-73.03809429588605,1.0,0.0,0.0,31.039557115269805,-0.2725302025965898,0.0,0.04861111111111111,0,0.0,115.30748951621354,0.0,0.0,0.0,0.0,,,,,,,,,,,,,,,,,,,,,,,,,,,,,,,,,,,,,,,,,9.594886583421952e-05,-2.8115427494049072,0.36361658573150635,0.6395035982131958,10569,-15.656377792358398
-13.14805485241492,1.0,0.0,0.0,22.749959816393165,-0.10271917853449156,0.0,0.021749637506041565,0,0.0,40.18135125655681,0.0,6.349999999999985,0.0,0.0,,,,,,,,,,,,,,,,,,,,,,,,,,,,,,,,,,,,,,,,,9.5924114279392e-05,-2.961275100708008,0.3592577576637268,0.48271384835243225,10696,-17.487274169921875
69.1822589878076,1.0,0.0,0.0,34.62409124145898,0.185475225168385,0.0,0.07227926078028747,1,0.0,179.04628021386452,0.0,0.0,134.26574573445447,0.0,,,,,,,,,,,,,,,,,,,,,,,,,,,,,,,,,,,,,,,,,9.585163213208801e-05,-3.4836268424987793,0.3469376862049103,0.3876267969608307,11068,-17.126354217529297
,,,,,,,,,,,,,,,0.22247645258903503,140.89,160,24,21069,-16.499641999999998,875,,,,,,,,,,,,,,,,,,,,,,,,,,,,,,,,,,,,,,,
146.94434964124974,0.0,0.0,0.0,34.97298702529829,0.30297804049742216,0.0,0.10468197879858657,0,1.0,235.23935454059392,0.0,0.0,22.053219143698634,0.0,,,,,,,,,,,,,,,,,,,,,,,,,,,,,,,,,,,,,,,,,9.575736862604799e-05,-3.29103422164917,0.331470787525177,0.4390409588813782,11552,-16.520065307617188
4.90651013022573,0.0,0.0,0.0,29.053054423032172,0.0119090051704508,0.0,0.06975736568457538,0,1.0,165.9395356993191,0.0,2.1500000000000004,5.518447750960599,0.0,,,,,,,,,,,,,,,,,,,,,,,,,,,,,,,,,,,,,,,,,9.567735915021552e-05,-4.386125564575195,0.31894299387931824,0.5483645796775818,11963,-13.512248992919922
-11.453522806609199,0.0,0.0,0.0,10.02142056952036,-0.19089204677681998,1.0,0.002938706968933669,0,0.0,8.292811857885681,0.0,1.0000000000000002,0.0,0.0,,,,,,,,,,,,,,,,,,,,,,,,,,,,,,,,,,,,,,,,,9.566587636415801e-05,-2.997331142425537,0.3171864151954651,0.3758696913719177,12022,-14.918708801269531
-21.70713496430648,0.0,0.0,0.0,21.75112741441526,-0.1053744415743033,0.0,0.024817518248175182,0,1.0,62.033686615526676,0.0,2.25,9.860594274172385,0.0,,,,,,,,,,,,,,,,,,,,,,,,,,,,,,,,,,,,,,,,,9.56259839331355e-05,-3.099064350128174,0.31109389662742615,0.36821448802948,12227,-15.727004051208496
,,,,,,,,,,,,,,,0.2224620133638382,149.2,164,23,22228,-14.172040029999998,933,,,,,,,,,,,,,,,,,,,,,,,,,,,,,,,,,,,,,,,
-66.96098267752926,1.0,0.0,0.0,32.56642311545097,-0.19241661688945189,0.0,0.10180722891566266,0,0.0,157.0958400843665,0.0,0.0,0.0,0.0,,,,,,,,,,,,,,,,,,,,,,,,,,,,,,,,,,,,,,,,,9.555847775486201e-05,-3.6944308280944824,0.30113303661346436,0.4002913236618042,12574,-14.683159828186035
-43.167477478357526,1.0,0.0,0.0,40.301162811171146,-0.13574678452313688,0.0,0.08735868448098665,0,0.0,177.67944582575,0.0,0.0,0.0,0.0,,,,,,,,,,,,,,,,,,,,,,,,,,,,,,,,,,,,,,,,,9.54968287891595e-05,-3.1769237518310547,0.29231834411621094,0.40064191818237305,12891,-15.756349563598633
-11.20446147662713,0.0,0.0,0.0,21.346172574683173,-0.10094109438402821,0.0,0.016153457849570924,0,1.0,32.695186593336985,0.0,0.0,0.0,0.0,,,,,,,,,,,,,,,,,,,,,,,,,,,,,,,,,,,,,,,,,9.547544107709949e-05,-3.556584119796753,0.28935933113098145,0.5279093980789185,13001,-12.651641845703125
50.6566641157864,1.0,0.0,0.0,30.324771590493228,0.15444104913349513,0.0,0.06526500219010074,0,0.0,137.87789579154924,0.0,3.399999999999996,41.1046441198002,0.0,,,,,,,,,,,,,,,,,,,,,,,,,,,,,,,,,,,,,,,,,9.5411875460608e-05,-3.911299228668213,0.2805524170398712,0.4956361651420593,13328,-13.839563369750977
,,,,,,,,,,,,,,,0.2224733829498291,153.57,168,23,23329,-14.41095927,985,,,,,,,,,,,,,,,,,,,,,,,,,,,,,,,,,,,,,,,
-15.908475492869556,1.0,0.0,0.0,30.192648618002266,-0.05504662800300884,0.0,0.05809945839487937,0,0.0,120.92064896738157,0.0,0.0,0.0,0.0,,,,,,,,,,,,,,,,,,,,,,,,,,,,,,,,,,,,,,,,,9.535590868787202e-05,-3.7323873043060303,0.2731057107448578,0.441922664642334,13616,-13.22165298461914
-46.38127079031908,0.0,0.0,0.0,15.806100387154748,-0.33367820712459767,0.0,0.010081613058089293,0,1.0,30.34013164974749,0.0,0.0,0.0,0.0,,,,,,,,,,,,,,,,,,,,,,,,,,,,,,,,,,,,,,,,,9.5329097125342e-05,-3.732086658477783,0.26961618661880493,0.39957326650619507,13754,-12.987630844116211
-35.66786089023952,0.0,0.0,0.0,30.843005543528225,-0.08412231342037622,0.0,0.11776315789473685,0,1.0,181.33209514291957,0.0,0.9000000000000002,112.39019498185705,0.0,,,,,,,,,,,,,,,,,,,,,,,,,,,,,,,,,,,,,,,,,9.52469374692355e-05,-4.497230052947998,0.2591271698474884,0.5628347992897034,14177,-13.578750610351562
10.762374247198899,0.0,0.0,0.0,24.347357606906,0.0840810488062414,0.0,0.027955736750145604,0,1.0,42.98701120400801,0.0,6.299999999999986,0.0,0.0,,,,,,,,,,,,,,,,,,,,,,,,,,,,,,,,,,,,,,,,,9.5222277099392e-05,-3.9339709281921387,0.25611186027526855,0.5497465133666992,14304,-13.023571968078613
,,,,,,,,,,,,,,,0.22235913574695587,159.85,172,23,24305,-14.10699554,1035,,,,,,,,,,,,,,,,,,,,,,,,,,,,,,,,,,,,,,,
-48.6723655045016,0.0,0.0,0.0,23.6880106572125,-0.23400175723318076,1.0,0.02385496183206107,0,0.0,68.25951532647014,0.0,0.0,43.84912213948237,0.0,,,,,,,,,,,,,,,,,,,,,,,,,,,,,,,,,,,,,,,,,9.518208951753952e-05,-3.7314507961273193,0.2512737214565277,0.3927808403968811,14511,-14.14832592010498
260.53931350189276,1.0,0.0,0.0,38.50095058407735,0.30906205634862727,0.0,0.19171917191719173,1,0.0,450.3625041875057,0.0,0.6,101.87619280684625,0.0,,,,,,,,,,,,,,,,,,,,,,,,,,,,,,,,,,,,,,,,,9.501870907359551e-05,-3.6858596801757812,0.23241063952445984,0.4469361901283264,15353,-14.10960578918457
12.309163627166207,1.0,0.0,0.0,30.114880809179773,0.07693227266978879,0.0,0.04232469993682881,0,0.0,66.66342130862176,0.0,0.0,24.76730911552554,0.0,,,,,,,,,,,,,,,,,,,,,,,,,,,,,,,,,,,,,,,,,9.498787278332801e-05,-5.095981597900391,0.22907954454421997,0.9134703874588013,15512,-11.079740524291992
209.01047094189468,1.0,0.0,0.0,29.017250744602983,0.16869287404511274,0.0,0.20466425412143144,0,0.0,498.94450713833794,0.0,0.0,323.21218859574896,0.0,,,,,,,,,,,,,,,,,,,,,,,,,,,,,,,,,,,,,,,,,9.474794846875e-05,-3.2046847343444824,0.20427003502845764,0.27022862434387207,16750,-8.392398834228516
,,,,,,,,,,,,,,,0.22226502001285553,181.23,176,23,26751,-9.031357119999997,1141,,,,,,,,,,,,,,,,,,,,,,,,,,,,,,,,,,,,,,,
89.42630945511473,0.0,0.0,0.0,31.939488301916246,0.2829946501744137,0.0,0.09405339805825243,0,1.0,139.88107629865408,0.0,7.79999999999998,0.0,0.0,,,,,,,,,,,,,,,,,,,,,,,,,,,,,,,,,,,,,,,,,9.46869501653875e-05,-5.253755569458008,0.19851884245872498,0.3047623336315155,17065,-11.301166534423828
2.7332218462547324,0.0,0.0,0.0,22.754277419282175,0.020246087750035054,0.0,0.018197573656845753,0,1.0,42.44082847726531,0.0,1.3500000000000005,24.26682374752184,0.0,,,,,,,,,,,,,,,,,,,,,,,,,,,,,,,,,,,,,,,,,9.46610076672995e-05,-3.3921403884887695,0.19606412947177887,0.36049431562423706,17199,-10.849096298217773
15.493202484574864,0.0,0.0,0.0,24.160693057150965,0.10060521093879782,1.0,0.02457372116349047,0,0.0,51.582011374179274,0.0,1.5000000000000007,2.1021285257611018,0.0,,,,,,,,,,,,,,,,,,,,,,,,,,,,,,,,,,,,,,,,,9.4631391124448e-05,-4.384926795959473,0.19332145154476166,0.514489471912384,17352,-11.163226127624512
7.232585960713152,1.0,0.0,0.0,23.393974765069718,0.03130989593382317,0.0,0.04051477597712107,0,0.0,74.86577595071867,0.0,0.0,64.64236151510124,0.0,,,,,,,,,,,,,,,,,,,,,,,,,,,,,,,,,,,,,,,,,9.4586878289038e-05,-5.757288932800293,0.1892780065536499,0.400722473859787,17582,-10.559501647949219
,,,,,,,,,,,,,,,0.2223348617553711,185.49,180,23,27583,-6.524281439999998,1183,,,,,,,,,,,,,,,,,,,,,,,,,,,,,,,,,,,,,,,
5.366643859455969,1.0,0.0,0.0,21.909746108649873,0.018764489019076815,0.0,0.04211557296767875,0,0.0,86.72411227156408,0.0,1.4000000000000006,59.33866981337659,0.0,,,,,,,,,,,,,,,,,,,,,,,,,,,,,,,,,,,,,,,,,9.453173568405551e-05,-3.7643160820007324,0.18439015746116638,0.2775683104991913,17867,-11.427290916442871
104.30472678326504,1.0,0.0,0.0,36.37536227572468,0.20532426532138787,0.0,0.1297416162726773,1,0.0,256.4309474993497,0.0,5.449999999999989,138.98792692490537,0.0,,,,,,,,,,,,,,,,,,,,,,,,,,,,,,,,,,,,,,,,,9.443367984566201e-05,-4.756311893463135,0.17608897387981415,0.5293818712234497,18374,-10.360889434814453
30.480038281028513,1.0,0.0,0.0,29.809421835017893,0.08634571750999578,0.0,0.08530805687203792,0,0.0,145.81448544561863,0.0,0.0,115.79526942486831,0.0,,,,,,,,,,,,,,,,,,,,,,,,,,,,,,,,,,,,,,,,,9.4365631716062e-05,-3.944155693054199,0.1705973893404007,0.35042569041252136,18726,-8.619542121887207
94.53232025305151,0.0,0.0,0.0,27.74384016588398,0.21984260523965468,0.0,0.09869203329369798,0,1.0,165.4744978682138,0.0,18.400000000000126,0.0,0.0,,,,,,,,,,,,,,,,,,,,,,,,,,,,,,,,,,,,,,,,,9.428273139548749e-05,-7.634001731872559,0.16407354176044464,0.4215182960033417,19155,-7.877351760864258
,,,,,,,,,,,,,,,0.22220098972320557,196.3,184,23,29156,-3.07026428,1251,,,,,,,,,,,,,,,,,,,,,,,,,,,,,,,,,,,,,,,
2.377554875589219,0.0,0.0,0.0,24.708771728884027,0.012921493889071841,0.0,0.03783102143757881,0,1.0,62.88017827877775,0.0,0.0,28.81804540351674,0.0,,,,,,,,,,,,,,,,,,,,,,,,,,,,,,,,,,,,,,,,,9.424737946527801e-05,-3.6965222358703613,0.1613275706768036,0.31040143966674805,19338,-8.707839012145996
47.09701235886759,1.0,0.0,0.0,28.383356795538663,0.15646847959756674,0.0,0.04960491659350307,0,0.0,118.42511593084782,0.0,0.0,122.27467853230685,0.0,,,,,,,,,,,,,,,,,,,,,,,,,,,,,,,,,,,,,,,,,9.418943989887799e-05,-4.400775909423828,0.15699824690818787,0.3232022523880005,19638,-10.446615219116211
15.393423924866873,1.0,0.0,0.0,30.797148097596462,0.09162752336230282,0.0,0.030963802878325338,0,0.0,71.55633487552404,0.0,0.0,44.32147798618621,0.0,,,,,,,,,,,,,,,,,,,,,,,,,,,,,,,,,,,,,,,,,9.415719463348751e-05,-4.2535858154296875,0.15464405715465546,0.27605170011520386,19805,-10.022533416748047
,,,,,,,,,,,,,,,,,,,,,,19.8582763671875,0.05859023332595825,0.04558751359581947,0.017166052013635635,0.30017155408859253,0.3075401186943054,5.161117076873779,26.13108253479004,0.030515138059854507,33.649009704589844,24.268186569213867,0.09239144623279572,0.22811490297317505,0.04092119634151459,39.1855583190918,0.3865310549736023,1.8002595901489258,0.1769331395626068,1.4943705797195435,0.05928650498390198,0.11923918128013611,0.006853770464658737,10.748649597167969,0.4314877986907959,0.14918339252471924,4.007691860198975,3.325908899307251,0.03820519894361496,1.4030293226242065,10.380227088928223,0.015257688239216805,11.974337577819824,8.015320777893066,9.411974303009951e-05,-4.6129255294799805,0.15193261206150055,0.30012279748916626,19999,-9.904508590698242
54.599499639892755,1.0,0.0,0.0,34.54850313088281,0.21244941494121694,0.0,0.06023506366307542,1,0.0,123.02035897877067,0.0,1.5500000000000007,89.67385401832695,0.0,,,,,,,,,,,,,,,,,,,,,,,,,,,,,,,,,,,,,,,,,9.41077755402395e-05,-5.335313320159912,0.15109650790691376,0.30533578991889954,20061,-11.166860580444336
,,,,,,,,,,,,,,,0.22215424478054047,201.19,188,23,30062,-1.1141369099999994,1292,,,,,,,,,,,,,,,,,,,,,,,,,,,,,,,,,,,,,,,
178.5318538333047,0.0,0.0,0.0,28.088510685341564,0.271325005825691,0.0,0.15890751086281812,0,1.0,256.44770177360624,0.0,25.80000000000023,0.0,0.0,,,,,,,,,,,,,,,,,,,,,,,,,,,,,,,,,,,,,,,,,9.3981005754638e-05,-3.645549774169922,0.14239752292633057,0.23818019032478333,20718,-10.885871887207031
115.53419083028346,1.0,0.0,0.0,33.53672665806014,0.2947300786486823,0.0,0.08664850136239782,0,0.0,182.28171448782086,0.0,2.9999999999999973,60.55376678311016,0.0,,,,,,,,,,,,,,,,,,,,,,,,,,,,,,,,,,,,,,,,,9.390560210315949e-05,-7.038075923919678,0.13749822974205017,0.30208292603492737,21109,-9.49870491027832
191.36807896239569,0.0,0.0,0.0,39.0261462828569,0.4701918402024464,0.0,0.12743251726302574,0,1.0,220.31643371284008,0.0,1.6000000000000008,0.0,0.0,,,,,,,,,,,,,,,,,,,,,,,,,,,,,,,,,,,,,,,,,9.38273379248875e-05,-3.1132726669311523,0.13255636394023895,0.6007121801376343,21515,-9.834087371826172
200.62749906950305,1.0,0.0,0.0,36.39492881627859,0.37360800571602054,0.0,0.1245136186770428,1,0.0,271.18140727467835,0.0,0.0,99.14900059731366,0.0,,,,,,,,,,,,,,,,,,,,,,,,,,,,,,,,,,,,,,,,,9.37240640267995e-05,-4.118696212768555,0.12636247277259827,0.41177141666412354,22051,-11.217970848083496
,,,,,,,,,,,,,,,0.22207655012607574,217.26,192,23,32052,6.54092024,1389,,,,,,,,,,,,,,,,,,,,,,,,,,,,,,,,,,,,,,,
98.68438076213405,1.0,0.0,0.0,29.30397705310792,0.20139669543292665,0.0,0.09035004730368969,0,0.0,199.0937513196841,0.0,0.0,133.31638307934398,0.0,,,,,,,,,,,,,,,,,,,,,,,,,,,,,,,,,,,,,,,,,9.36298957342e-05,-4.694226264953613,0.12091968953609467,0.2539370059967041,22540,-10.759714126586914
25.064395185929307,1.0,0.0,0.0,32.00447910765298,0.1354832172212395,0.0,0.032504012841091494,0,0.0,81.9848808022216,0.0,0.0,62.298731449995174,0.0,,,,,,,,,,,,,,,,,,,,,,,,,,,,,,,,,,,,,,,,,9.359447458751202e-05,-5.074840545654297,0.11899559199810028,0.3446105122566223,22724,-9.420319557189941
330.05640621168817,0.0,0.0,0.0,35.430043856792565,0.25156738278329893,0.0,0.2633654688869413,2,1.0,645.2441006144509,0.0,1.0500000000000003,328.4713171992233,0.0,,,,,,,,,,,,,,,,,,,,,,,,,,,,,,,,,,,,,,,,,9.33422939318875e-05,-7.045879364013672,0.10600163042545319,0.3355502486228943,24035,-9.789993286132812
-49.26714238139266,1.0,0.0,0.0,26.49153746243469,-0.1554168529381472,0.0,0.07261538461538461,0,0.0,116.40577888023108,0.0,4.899999999999991,0.0,0.0,,,,,,,,,,,,,,,,,,,,,,,,,,,,,,,,,,,,,,,,,9.328156012449949e-05,-6.970157623291016,0.10310511291027069,0.24827687442302704,24351,-11.019580841064453
,,,,,,,,,,,,,,,0.22188930213451385,237.43,196,22,34352,11.558385100000002,1498,,,,,,,,,,,,,,,,,,,,,,,,,,,,,,,,,,,,,,,
-223.80666762054852,1.0,0.0,0.0,28.7797465030807,-0.2079987617291343,0.0,0.1724283305227656,0,0.0,429.7320062755607,0.0,3.7499999999999947,173.745533882332,0.0,,,,,,,,,,,,,,,,,,,,,,,,,,,,,,,,,,,,,,,,,9.307509864686201e-05,-4.595609188079834,0.09385222941637039,0.28795871138572693,25426,-9.868671417236328
0.3142595291770096,0.0,0.0,0.0,29.993882618715563,0.001087403215145362,0.0,0.04568764568764569,0,1.0,120.10865574516356,0.0,1.0500000000000003,65.20333960725766,0.0,,,,,,,,,,,,,,,,,,,,,,,,,,,,,,,,,,,,,,,,,9.3019825234702e-05,-4.949892997741699,0.09153353422880173,0.34098777174949646,25714,-9.196784973144531
140.8636224739612,1.0,0.0,0.0,38.35072703118318,0.3912878402054477,0.0,0.08780732563973909,0,0.0,191.5111763169989,0.0,3.699999999999995,97.95361075277972,0.0,,,,,,,,,,,,,,,,,,,,,,,,,,,,,,,,,,,,,,,,,9.29509485022355e-05,-6.447879791259766,0.08869902789592743,0.35977160930633545,26073,-11.323661804199219
281.81487538441803,1.0,0.0,0.0,39.89282483982641,0.26993762010001726,0.0,0.3311416616855947,1,0.0,578.0377124138176,0.0,4.499999999999992,134.56889145165272,0.0,,,,,,,,,,,,,,,,,,,,,,,,,,,,,,,,,,,,,,,,,9.2750986946872e-05,-4.844017505645752,0.08096268028020859,0.31148406863212585,27116,-9.575580596923828
,,,,,,,,,,,,,,,0.22192442417144775,260.31,200,22,37117,14.78349365,1624,,,,,,,,,,,,,,,,,,,,,,,,,,,,,,,,,,,,,,,
105.07175316840465,1.0,0.0,0.0,33.64519656971059,0.10211054729679753,0.0,0.2926670992861778,0,0.0,480.48438610043377,0.0,20.10000000000015,0.0,0.0,,,,,,,,,,,,,,,,,,,,,,,,,,,,,,,,,,,,,,,,,9.255411299123202e-05,-5.79430627822876,0.07407756894826889,0.5234581232070923,28144,-8.040273666381836
45.69411567560667,0.0,0.0,0.0,27.093351230657635,0.13055461621601905,0.0,0.0665291387313048,0,1.0,131.36006554076448,0.0,0.2,85.23971322375843,0.0,,,,,,,,,,,,,,,,,,,,,,,,,,,,,,,,,,,,,,,,,9.24873232493755e-05,-3.1979756355285645,0.07186584919691086,0.31126493215560913,28493,-9.45976448059082
115.08530926622663,1.0,0.0,0.0,31.228440705101654,0.20119809312277384,0.0,0.10437109723461195,0,0.0,247.76749064959586,0.0,0.0,159.59613285254514,0.0,,,,,,,,,,,,,,,,,,,,,,,,,,,,,,,,,,,,,,,,,9.237810061155201e-05,-4.324378490447998,0.06846319884061813,0.3804294466972351,29064,-7.77492618560791
139.1747154340338,0.0,0.0,0.0,37.76126755309938,0.44750712358210226,0.0,0.10366624525916561,0,1.0,162.76333345356397,0.0,5.949999999999987,52.96443704142188,0.0,,,,,,,,,,,,,,,,,,,,,,,,,,,,,,,,,,,,,,,,,9.231883003166199e-05,-7.060520172119141,0.06666111946105957,0.5192649364471436,29374,-9.865288734436035
,,,,,,,,,,,,,,,0.22186516225337982,279.1,204,22,39375,19.772747080000002,1726,,,,,,,,,,,,,,,,,,,,,,,,,,,,,,,,,,,,,,,
134.12884629516796,0.0,0.0,0.0,36.76799082560806,0.41784687319366964,0.0,0.09815618221258135,0,1.0,163.674684895901,0.0,7.79999999999998,0.0,0.0,,,,,,,,,,,,,,,,,,,,,,,,,,,,,,,,,,,,,,,,,9.225766755678201e-05,-3.5059213638305664,0.0649041160941124,0.3042782247066498,29694,-10.770197868347168
8.375148502666045,0.0,0.0,0.0,20.670245578445087,0.048133037371643934,0.0,0.026200873362445413,0,1.0,49.73367990599945,0.0,0.0,35.86734311606092,0.0,,,,,,,,,,,,,,,,,,,,,,,,,,,,,,,,,,,,,,,,,9.222461008005552e-05,-2.5077154636383057,0.06396607309579849,0.3266267776489258,29867,-7.807808876037598
,,,,,,,,,,,,,,,,,,,,,,17.620166778564453,0.0752490684390068,0.06082485616207123,0.02234143763780594,0.3468797206878662,0.3595913052558899,5.443126678466797,27.243877410888672,0.04102671146392822,32.29502868652344,21.845294952392578,0.11921773105859756,0.22434687614440918,0.08505510538816452,38.60784912109375,0.41119298338890076,1.063744068145752,0.2575296461582184,1.754692792892456,0.06930402666330338,0.16245627403259277,0.0058052390813827515,15.585381507873535,0.45892101526260376,0.21069709956645966,4.23459005355835,2.8838160037994385,0.03671787679195404,1.2762295007705688,12.759289741516113,0.02310970053076744,11.145463943481445,7.517678737640381,9.21993910400995e-05,-4.13454532623291,0.06327539682388306,0.41238027811050415,29999,-8.268447875976562
99.41526629057545,0.0,0.0,0.0,37.01335853588831,0.45188757404807023,0.0,0.07446808510638298,0,1.0,112.80705408588983,0.0,6.749999999999984,0.0,0.0,,,,,,,,,,,,,,,,,,,,,,,,,,,,,,,,,,,,,,,,,9.218277129590202e-05,-3.545342445373535,0.06280704587697983,0.2535671591758728,30086,-9.526229858398438
-20.16442640843492,1.0,0.0,0.0,32.1434418271931,-0.07667082284576016,0.0,0.06744186046511629,0,0.0,117.15448235487565,0.0,3.1999999999999966,0.0,0.0,,,,,,,,,,,,,,,,,,,,,,,,,,,,,,,,,,,,,,,,,9.2132730129848e-05,-3.0737407207489014,0.06144462153315544,0.22349753975868225,30348,-10.54238510131836
,,,,,,,,,,,,,,,0.22176147997379303,285.87,208,22,40349,23.125330090000002,1771,,,,,,,,,,,,,,,,,,,,,,,,,,,,,,,,,,,,,,,
34.60728922258491,1.0,0.0,0.0,38.02307525373112,0.09378669166012171,0.0,0.0832208726945569,0,0.0,194.6027335091494,0.0,0.0,0.0,0.0,,,,,,,,,,,,,,,,,,,,,,,,,,,,,,,,,,,,,,,,,9.2062466369272e-05,-3.1640124320983887,0.059621382504701614,0.34611111879348755,30716,-9.976109504699707
-157.78219697224483,1.0,0.0,0.0,26.64196445486826,-0.49773563713641905,0.0,0.08355263157894736,0,0.0,117.0600096648559,0.0,0.0,0.0,0.0,,,,,,,,,,,,,,,,,,,,,,,,,,,,,,,,,,,,,,,,,9.200215268988801e-05,-4.563120365142822,0.058054566383361816,0.31699588894844055,31032,-10.52243423461914
114.1454874702294,0.0,0.0,0.0,30.03082983803697,0.27638132559377576,0.0,0.09418729817007535,0,1.0,171.95311750518158,0.0,10.300000000000011,0.0,0.0,,,,,,,,,,,,,,,,,,,,,,,,,,,,,,,,,,,,,,,,,9.1923545711032e-05,-4.308983325958252,0.05606655776500702,0.3516507148742676,31444,-8.738609313964844
102.3873417947286,0.0,0.0,0.0,37.60120055192051,0.4653970081578573,0.0,0.07520564042303172,0,1.0,114.59023061185144,0.0,4.699999999999991,0.0,0.0,,,,,,,,,,,,,,,,,,,,,,,,,,,,,,,,,,,,,,,,,9.18817756541155e-05,-5.606603622436523,0.055054038763046265,0.33973389863967896,31663,-9.884010314941406
,,,,,,,,,,,,,,,0.221747487783432,296.33,212,22,41664,24.724266229999998,1830,,,,,,,,,,,,,,,,,,,,,,,,,,,,,,,,,,,,,,,
4.253694017922907,0.0,0.0,0.0,35.456411477294125,0.030383528699449335,0.0,0.03839913466738778,0,1.0,68.62695190217346,0.0,0.0,0.0,0.0,,,,,,,,,,,,,,,,,,,,,,,,,,,,,,,,,,,,,,,,,9.185526901679801e-05,-3.9360427856445312,0.05442686006426811,0.3189357817173004,31802,-9.151041030883789
4.022100894959301,1.0,0.0,0.0,26.659438872901145,0.03351750745799418,0.0,0.02099236641221374,0,0.0,44.17563118506223,0.0,1.6500000000000008,21.820983914718262,0.0,,,,,,,,,,,,,,,,,,,,,,,,,,,,,,,,,,,,,,,,,9.183257933897951e-05,-5.983574867248535,0.05389109626412392,0.27863192558288574,31921,-8.968107223510742
213.5380646997606,1.0,0.0,0.0,41.54727337307356,0.5084239635708586,0.0,0.13854047890535917,1,0.0,242.11423122603446,0.0,2.9999999999999973,89.6528711510056,0.0,,,,,,,,,,,,,,,,,,,,,,,,,,,,,,,,,,,,,,,,,9.175271122219999e-05,-5.366821765899658,0.052077844738960266,0.5261354446411133,32340,-8.692992210388184
-128.8753610716617,1.0,0.0,0.0,29.168357138391755,-0.07891938828638194,0.0,0.33493846976993047,1,0.0,661.0386130232364,0.0,4.3499999999999925,279.4482717110963,0.0,,,,,,,,,,,,,,,,,,,,,,,,,,,,,,,,,,,,,,,,,9.1441958910008e-05,-6.815074443817139,0.045577697455883026,0.2830476462841034,33972,-11.279738426208496
,,,,,,,,,,,,,,,0.22159089148044586,316.63,216,22,43973,26.35083498,1939,,,,,,,,,,,,,,,,,,,,,,,,,,,,,,,,,,,,,,,
18.607898822432276,0.0,0.0,0.0,26.783501140134003,0.0894610520309244,0.0,0.03986524424480629,0,1.0,77.1192524144426,0.0,0.39999999999999997,47.93004441606009,0.0,,,,,,,,,,,,,,,,,,,,,,,,,,,,,,,,,,,,,,,,,9.140258151207951e-05,-4.996245384216309,0.044840384274721146,0.3494786322116852,34179,-8.552234649658203
-335.47297158354723,1.0,0.0,0.0,25.83059007464869,-0.30525293137720405,0.0,0.20682730923694778,0,0.0,393.8499875254929,0.0,0.5499999999999999,19.35016832273,0.0,,,,,,,,,,,,,,,,,,,,,,,,,,,,,,,,,,,,,,,,,9.11938526695355e-05,-2.8304286003112793,0.041074108332395554,0.3232266902923584,35277,-8.460323333740234
270.5189962056092,1.0,0.0,0.0,40.16908125181617,0.5142946695924129,0.0,0.11984861227922625,1,0.0,293.20053635537624,0.0,3.2499999999999964,107.54609762061631,0.0,,,,,,,,,,,,,,,,,,,,,,,,,,,,,,,,,,,,,,,,,9.1094135408798e-05,-5.160157680511475,0.03941439092159271,0.2155485451221466,35802,-9.468478202819824
94.34107741887847,0.0,0.0,0.0,42.33773082177282,0.4939323425072171,0.0,0.04750815090824406,0,0.0,111.923249585554,0.0,0.0,0.0,1.0,,,,,,,,,,,,,,,,,,,,,,,,,,,,,,,,,,,,,,,,,9.1058060774368e-05,-6.324490547180176,0.03883681446313858,0.3141035735607147,35992,-8.800348281860352
,,,,,,,,,,,,,,,0.22124819457530975,332.22,220,22,45993,27.76928103,2035,,,,,,,,,,,,,,,,,,,,,,,,,,,,,,,,,,,,,,,
144.8859274436811,1.0,0.0,0.0,39.62576074933315,0.4092822809143534,0.0,0.11754068716094032,1,0.0,194.62523719016463,0.0,1.0500000000000003,89.4896788991235,0.0,,,,,,,,,,,,,,,,,,,,,,,,,,,,,,,,,,,,,,,,,9.099105697298751e-05,-2.448845386505127,0.0378139354288578,0.34422335028648376,36345,-8.663000106811523
-26.520392865122098,1.0,0.0,0.0,12.996131596970653,-0.6167533224446999,0.0,0.004653327128897162,0,0.0,7.6439677129965276,0.0,0.0,1.3885187402236367,0.0,,,,,,,,,,,,,,,,,,,,,,,,,,,,,,,,,,,,,,,,,9.098308650001552e-05,-1.082521677017212,0.03769686073064804,0.5152062177658081,36387,-8.894718170166016
57.16376454649668,0.0,0.0,0.0,28.02957129998425,0.22774408185855252,0.0,0.048932847475273294,0,1.0,97.39239874854684,0.0,0.25,29.83906620993055,0.0,,,,,,,,,,,,,,,,,,,,,,,,,,,,,,,,,,,,,,,,,9.09356504720155e-05,-2.2839479446411133,0.036952193826436996,0.3545179069042206,36637,-9.591346740722656
64.05966834054269,1.0,0.0,0.0,32.417623734910336,0.30946699681421586,0.0,0.044797687861271675,1,0.0,93.03268410312012,0.0,2.799999999999998,77.8715705941625,0.0,,,,,,,,,,,,,,,,,,,,,,,,,,,,,,,,,,,,,,,,,9.089657253157551e-05,-1.8743350505828857,0.036357782781124115,0.39706695079803467,36843,-9.985869407653809
,,,,,,,,,,,,,,,0.22109995782375336,334.54,224,22,46844,30.234868040000002,2076,,,,,,,,,,,,,,,,,,,,,,,,,,,,,,,,,,,,,,,
283.0207364347328,0.0,0.0,0.0,34.11936383680785,0.4367603957326123,0.0,0.18118059614260668,0,1.0,306.871368881315,0.0,3.349999999999996,141.28699166600776,0.0,,,,,,,,,,,,,,,,,,,,,,,,,,,,,,,,,,,,,,,,,9.077389235994999e-05,-1.5950138568878174,0.03458316624164581,0.3974589407444,37490,-8.333483695983887
20.69132107891481,1.0,0.0,0.0,30.237058626826315,0.1567524324160213,0.0,0.03208556149732621,0,0.0,55.21646368294023,0.0,0.0,44.459665088937484,0.0,,,,,,,,,,,,,,,,,,,,,,,,,,,,,,,,,,,,,,,,,9.07490630842795e-05,-5.231934547424316,0.034234412014484406,0.33247244358062744,37621,-9.394279479980469
99.45931846536463,0.0,0.0,0.0,35.22422045732511,0.48047979934958757,0.0,0.06509216589861751,0,1.0,101.00881907436997,0.0,5.299999999999989,0.0,0.0,,,,,,,,,,,,,,,,,,,,,,,,,,,,,,,,,,,,,,,,,9.071002548193551e-05,-3.0056633949279785,0.03369183465838432,0.4723138213157654,37827,-9.802066802978516
9.535010086690903,1.0,0.0,0.0,27.202344497297656,0.07689524263460405,0.0,0.0233947237431558,0,0.0,46.64239519229159,0.0,2.1500000000000004,18.588824631088432,0.0,,,,,,,,,,,,,,,,,,,,,,,,,,,,,,,,,,,,,,,,,9.068672064875e-05,-2.2328481674194336,0.033370282500982285,0.37688392400741577,37950,-8.729918479919434
,,,,,,,,,,,,,,,0.220866397023201,340.95,228,22,47951,34.92078093,2126,,,,,,,,,,,,,,,,,,,,,,,,,,,,,,,,,,,,,,,
-0.6603011439255511,1.0,0.0,0.0,30.68340310091902,-0.0008243459974101761,0.0,0.1627155172413793,0,0.0,340.93150500021875,0.0,2.3999999999999995,0.0,0.0,,,,,,,,,,,,,,,,,,,,,,,,,,,,,,,,,,,,,,,,,9.053521796875001e-05,-0.9325662851333618,0.03141847997903824,0.41898345947265625,38750,-9.508125305175781
88.66474651896348,0.0,0.0,0.0,37.375554795150144,0.500930771293579,0.0,0.05579631635969664,0,1.0,91.59222520049661,0.0,4.799999999999991,0.0,0.0,,,,,,,,,,,,,,,,,,,,,,,,,,,,,,,,,,,,,,,,,9.0501904470862e-05,-2.3723435401916504,0.030982226133346558,0.4110010266304016,38926,-9.279016494750977
334.5635874310951,0.0,0.0,0.0,39.34429646856623,0.5738655015970756,0.0,0.17758985200845667,1,1.0,318.2802019936498,0.0,7.649999999999981,76.13134882519205,0.0,,,,,,,,,,,,,,,,,,,,,,,,,,,,,,,,,,,,,,,,,9.039178668536801e-05,-3.1495280265808105,0.029732441529631615,0.37324073910713196,39508,-10.617973327636719
,,,,,,,,,,,,,,,,,,,,,,16.098615646362305,0.10383079200983047,0.07963036000728607,0.024168863892555237,0.3163360059261322,0.3333315849304199,5.95534610748291,24.431612014770508,0.050115615129470825,32.775672912597656,21.58475112915039,0.14904770255088806,0.20844189822673798,0.1139799952507019,36.83595275878906,0.4243733584880829,0.9630348086357117,0.315832257270813,1.8666363954544067,0.0771087259054184,0.20022796094417572,0.006649977993220091,16.506324768066406,0.4968288540840149,0.25436079502105713,5.320415496826172,3.407897710800171,0.04412483051419258,1.4904943704605103,15.464227676391602,0.03673870116472244,11.531888961791992,7.257629871368408,9.02989390500995e-05,-3.7867677211761475,0.028689632192254066,0.2555495500564575,39999,-12.433834075927734
-10.168321690942712,1.0,0.0,0.0,26.254449451470563,-0.01686288837635607,0.0,0.1097164109716411,1,0.0,219.38503876514733,0.0,1.850000000000001,99.71247243638634,0.0,,,,,,,,,,,,,,,,,,,,,,,,,,,,,,,,,,,,,,,,,9.027795570395001e-05,-0.9560196995735168,0.028461936861276627,0.2792774438858032,40110,-8.095298767089844
,,,,,,,,,,,,,,,0.22025132179260254,353.9,232,22,50111,41.93097110000001,2221,,,,,,,,,,,,,,,,,,,,,,,,,,,,,,,,,,,,,,,
30.56764323330048,0.0,0.0,0.0,24.870192006865384,0.1787581475631607,0.0,0.031059063136456212,0,1.0,58.76443432178348,0.0,0.0,30.30798669764636,0.0,,,,,,,,,,,,,,,,,,,,,,,,,,,,,,,,,,,,,,,,,9.024582380080001e-05,-0.5933964848518372,0.028138238936662674,0.3594788908958435,40280,-10.10456657409668
102.58617042813458,1.0,0.0,0.0,37.18920643326265,0.2772599200760394,0.0,0.11589805825242719,1,0.0,190.83779655769467,0.0,0.0,202.4476441737716,0.0,,,,,,,,,,,,,,,,,,,,,,,,,,,,,,,,,,,,,,,,,9.01760984594995e-05,-4.739813804626465,0.027429772540926933,0.3331441581249237,40649,-9.056526184082031
45.632926241840245,0.0,0.0,0.0,25.18773312118914,0.1832647640234548,0.0,0.05217391304347826,0,1.0,86.81731954682618,0.0,1.850000000000001,54.671594624156334,0.0,,,,,,,,,,,,,,,,,,,,,,,,,,,,,,,,,,,,,,,,,9.012925220859551e-05,-2.6144566535949707,0.026984458789229393,0.42173632979393005,40897,-9.347167015075684
86.61881180387628,0.0,0.0,0.0,35.909040614899716,0.4682097935344664,0.0,0.06105512744516894,0,1.0,92.01529286149889,0.0,5.1999999999999895,0.0,0.0,,,,,,,,,,,,,,,,,,,,,,,,,,,,,,,,,,,,,,,,,9.009450322181949e-05,-7.145413875579834,0.026646103709936142,0.5157642960548401,41081,-8.492061614990234
,,,,,,,,,,,,,,,0.219995379447937,354.9,236,22,51082,44.05225661,2267,,,,,,,,,,,,,,,,,,,,,,,,,,,,,,,,,,,,,,,
201.51251474890736,0.0,0.0,0.0,30.50294294550121,0.2933224377713353,0.0,0.19209388511426806,1,1.0,290.670347770676,0.0,0.5499999999999999,268.42867622404947,0.0,,,,,,,,,,,,,,,,,,,,,,,,,,,,,,,,,,,,,,,,,8.996500931775551e-05,-3.542971134185791,0.025414837524294853,0.35559576749801636,41767,-7.149823188781738
71.56179089209736,1.0,0.0,0.0,25.419500495254432,0.1310655510844274,0.0,0.0965391621129326,0,0.0,192.49909710139036,0.0,4.3499999999999925,163.18590425888758,0.0,,,,,,,,,,,,,,,,,,,,,,,,,,,,,,,,,,,,,,,,,8.9862198261728e-05,-0.7062281370162964,0.024497762322425842,0.3799910247325897,42312,-9.44275951385498
267.7388843669471,1.0,0.0,0.0,34.095281686680416,0.4332344407232154,0.0,0.14752567693744165,0,0.0,292.3757871175185,0.0,3.2499999999999964,84.71111880210941,0.0,,,,,,,,,,,,,,,,,,,,,,,,,,,,,,,,,,,,,,,,,8.97458761645795e-05,-4.004241943359375,0.02355562336742878,0.4260138273239136,42929,-9.314859390258789
136.8697549285727,0.0,0.0,0.0,32.02037313049047,0.35550585695733167,1.0,0.0761990138951143,1,0.0,171.0800599353388,0.0,1.0000000000000002,91.85295536863117,0.0,,,,,,,,,,,,,,,,,,,,,,,,,,,,,,,,,,,,,,,,,8.967351945891552e-05,0.6590156555175781,0.023025529459118843,0.2873293161392212,43313,-10.41427993774414
,,,,,,,,,,,,,,,0.21935749053955078,368.44,240,22,53314,50.34943541999999,2379,,,,,,,,,,,,,,,,,,,,,,,,,,,,,,,,,,,,,,,
39.50690287713803,0.0,0.0,0.0,30.550330743022727,0.01945194627136289,0.0,0.4215686274509804,1,1.0,861.3744972450659,0.0,10.500000000000014,99.03032702756325,0.0,,,,,,,,,,,,,,,,,,,,,,,,,,,,,,,,,,,,,,,,,8.92914963410755e-05,-0.21785667538642883,0.020447799935936928,0.4637882709503174,45343,-9.618749618530273
61.9420956689753,1.0,0.0,0.0,38.14123205473768,0.3895729287356937,0.0,0.04625928041119361,0,0.0,83.95079944841564,0.0,3.699999999999995,0.0,0.0,,,,,,,,,,,,,,,,,,,,,,,,,,,,,,,,,,,,,,,,,8.92617969195995e-05,-0.5612791776657104,0.02026936784386635,0.5669249892234802,45501,-9.817140579223633
109.93007267933501,0.0,0.0,0.0,38.07613910130105,0.523476536568262,0.0,0.07106017191977078,0,1.0,110.79201568919234,0.0,4.749999999999991,0.0,0.0,,,,,,,,,,,,,,,,,,,,,,,,,,,,,,,,,,,,,,,,,8.922251860795e-05,-0.5217835307121277,0.020048795267939568,0.33635956048965454,45710,-9.669035911560059
34.479044244765916,1.0,0.0,0.0,36.77496857334124,0.2672794127501234,0.0,0.033661315380631794,0,0.0,65.69197992607951,0.0,0.0,37.38488913267777,0.0,,,,,,,,,,,,,,,,,,,,,,,,,,,,,,,,,,,,,,,,,8.9198467283278e-05,-2.9029994010925293,0.019903207197785378,0.3198055326938629,45838,-11.259604454040527
,,,,,,,,,,,,,,,0.21863184869289398,384.74,244,22,55839,52.95295462000001,2507,,,,,,,,,,,,,,,,,,,,,,,,,,,,,,,,,,,,,,,
18.952544796951983,1.0,0.0,0.0,33.00392613072109,0.03821077580030642,0.0,0.09129332206255283,0,0.0,227.10389915667474,0.0,1.850000000000001,45.52830302923548,0.0,,,,,,,,,,,,,,,,,,,,,,,,,,,,,,,,,,,,,,,,,8.910548698545551e-05,1.7615751028060913,0.019411681219935417,0.32178664207458496,46333,-11.438982009887695
784.912805922528,0.0,0.0,0.0,41.18115678861165,0.5801277205635832,0.0,0.4129967776584318,1,1.0,773.5386966876686,0.0,13.950000000000063,95.71981042593346,0.0,,,,,,,,,,,,,,,,,,,,,,,,,,,,,,,,,,,,,,,,,8.885177714288751e-05,-1.6586976051330566,0.01815977320075035,0.3331833481788635,47685,-8.976860046386719
113.00000592915232,0.0,0.0,0.0,31.74113210485254,0.40501794239839545,0.0,0.0630401626842908,0,1.0,122.78071201592684,0.0,13.600000000000058,0.0,0.0,,,,,,,,,,,,,,,,,,,,,,,,,,,,,,,,,,,,,,,,,8.87996540822155e-05,-8.978267669677734,0.017954515293240547,0.38658636808395386,47963,-12.398787498474121
-2.098773997212483,1.0,0.0,0.0,29.1404764728631,-0.011790865152879117,0.0,0.04196255648805681,0,0.0,71.73599567264318,0.0,2.000000000000001,53.17789838574911,0.0,,,,,,,,,,,,,,,,,,,,,,,,,,,,,,,,,,,,,,,,,8.876647583020001e-05,-0.6334145069122314,0.01782715693116188,0.3807154595851898,48140,-11.571562767028809
,,,,,,,,,,,,,,,0.2178562432527542,396.23,248,22,58141,60.97879672,2611,,,,,,,,,,,,,,,,,,,,,,,,,,,,,,,,,,,,,,,
162.2780550768433,0.0,0.0,0.0,33.747651638887696,0.4097930683758669,0.0,0.11333750782717596,0,1.0,185.30837940750644,0.0,0.9500000000000003,27.891702374301023,0.0,,,,,,,,,,,,,,,,,,,,,,,,,,,,,,,,,,,,,,,,,8.869245644938751e-05,-2.492337703704834,0.01749780960381031,0.28223100304603577,48535,-11.69123363494873
-48.185092107119424,0.0,0.0,0.0,20.73224901084815,-0.17332766945006986,1.0,0.023337736679876705,0,0.0,79.79578789230436,0.0,1.6000000000000008,28.807948351934698,0.0,,,,,,,,,,,,,,,,,,,,,,,,,,,,,,,,,,,,,,,,,8.864056770872801e-05,1.531972885131836,0.017279595136642456,0.3368113040924072,48812,-9.819518089294434
164.20909326455438,0.0,0.0,0.0,38.66460700535889,0.5510372257199811,0.0,0.11393229166666667,0,1.0,159.78702927939594,0.0,6.099999999999986,0.0,0.0,,,,,,,,,,,,,,,,,,,,,,,,,,,,,,,,,,,,,,,,,8.85849494511595e-05,-2.3347105979919434,0.017099736258387566,0.32103559374809265,49109,-10.721965789794922
138.66995147542485,0.0,0.0,0.0,36.77512085774422,0.4402220681759519,0.0,0.09183673469387756,0,1.0,160.59453223017044,0.0,2.2,110.59464270633718,0.0,,,,,,,,,,,,,,,,,,,,,,,,,,,,,,,,,,,,,,,,,8.85261667464355e-05,-0.332422137260437,0.01688486710190773,0.4498228132724762,49423,-11.717618942260742
,,,,,,,,,,,,,,,0.2173687219619751,400.29,252,22,59424,65.45449492,2667,,,,,,,,,,,,,,,,,,,,,,,,,,,,,,,,,,,,,,,
-18.94201943377147,1.0,0.0,0.0,19.06721829782191,-0.3865718251790096,0.0,0.0054416073670992045,0,0.0,12.843366620130837,0.0,0.0,1.6302514999186655,0.0,,,,,,,,,,,,,,,,,,,,,,,,,,,,,,,,,,,,,,,,,8.851718258417949e-05,-2.024538516998291,0.016848154366016388,0.37880223989486694,49471,-10.369333267211914
157.53653344009243,0.0,0.0,0.0,42.66304509540222,0.5148252726800406,0.0,0.07702182284980745,0,1.0,181.14249255415052,0.0,2.3999999999999995,0.0,0.0,,,,,,,,,,,,,,,,,,,,,,,,,,,,,,,,,,,,,,,,,8.846010643251199e-05,-0.02369767799973488,0.016612689942121506,0.42684406042099,49776,-11.309717178344727
,,,,,,,,,,,,,,,,,,,,,,16.358247756958008,0.11203949898481369,0.08714589476585388,0.026214249432086945,0.31301772594451904,0.3347947597503662,5.6716132164001465,23.87514305114746,0.06591139733791351,31.815088272094727,20.27887535095215,0.1583828330039978,0.2144666314125061,0.13185901939868927,37.36484146118164,0.4171152412891388,0.8727408051490784,0.34606727957725525,1.9994680881500244,0.07435831427574158,0.22283725440502167,0.006816312670707703,16.882843017578125,0.4910421669483185,0.2918282747268677,5.00369119644165,3.28372859954834,0.043051689863204956,1.4666961431503296,16.9967098236084,0.03908001631498337,11.157905578613281,8.439103126525879,8.84183870600995e-05,1.2983412742614746,0.016458023339509964,0.44647568464279175,49999,-10.657453536987305
161.34085242941123,0.0,0.0,0.0,37.610834313764904,0.534241233209971,0.0,0.11190631099544568,0,1.0,157.51073726080358,0.0,4.699999999999991,0.0,0.0,,,,,,,,,,,,,,,,,,,,,,,,,,,,,,,,,,,,,,,,,8.84037969699355e-05,-0.2768241763114929,0.016419772058725357,0.44318991899490356,50077,-10.867767333984375
-4.2848006650445605,1.0,0.0,0.0,26.828821388623272,-0.046573920272223485,0.0,0.015336039693279206,0,0.0,34.07946384046227,0.0,0.0,23.649292050737355,0.0,,,,,,,,,,,,,,,,,,,,,,,,,,,,,,,,,,,,,,,,,8.8386776728288e-05,-2.0705957412719727,0.016362512484192848,0.27415239810943604,50168,-12.116546630859375
,,,,,,,,,,,,,,,0.21703700721263885,400.07,256,22,60169,68.66741999000001,2701,,,,,,,,,,,,,,,,,,,,,,,,,,,,,,,,,,,,,,,
672.080718805801,0.0,0.0,0.0,38.88709228064841,0.4838594087874737,0.0,0.4436407474382158,0,1.0,749.8497814079747,0.0,9.850000000000005,93.85324953865845,0.0,,,,,,,,,,,,,,,,,,,,,,,,,,,,,,,,,,,,,,,,,8.812737554303202e-05,0.48315316438674927,0.015641221776604652,0.49622032046318054,51556,-10.24899673461914
716.4477104931553,0.0,0.0,0.0,32.23936865736131,0.2834049487710266,0.0,0.730793254216115,3,1.0,1131.317564428784,0.0,2.1500000000000004,399.32425604509234,0.0,,,,,,,,,,,,,,,,,,,,,,,,,,,,,,,,,,,,,,,,,8.76560927734555e-05,0.7659741044044495,0.014734086580574512,0.28307023644447327,54083,-11.521677017211914
243.5178678909274,0.0,0.0,0.0,40.0552933032697,0.5729832185668879,0.0,0.1308411214953271,1,1.0,236.25919768679887,0.0,2.4499999999999993,91.19279317523605,0.0,,,,,,,,,,,,,,,,,,,,,,,,,,,,,,,,,,,,,,,,,8.757714172837551e-05,0.35043519735336304,0.014598163776099682,0.3642038106918335,54507,-12.151079177856445
57.5676025185072,1.0,0.0,0.0,32.21584631762063,0.27945438115780197,0.0,0.04125560538116592,0,0.0,91.89178065210581,0.0,1.4500000000000006,31.5439403896169,0.0,,,,,,,,,,,,,,,,,,,,,,,,,,,,,,,,,,,,,,,,,8.7538982472928e-05,0.7551553249359131,0.01456694956868887,0.3923260271549225,54712,-9.552969932556152
,,,,,,,,,,,,,,,0.2154219150543213,436.44,260,22,64713,85.76288948,2920,,,,,,,,,,,,,,,,,,,,,,,,,,,,,,,,,,,,,,,
46.7420846809779,0.0,0.0,0.0,30.818986673657612,0.022418266034042157,0.0,0.5705483672211953,0,1.0,891.9564357539639,0.0,23.150000000000194,103.48692462091982,0.0,,,,,,,,,,,,,,,,,,,,,,,,,,,,,,,,,,,,,,,,,8.715153570879202e-05,-1.674225091934204,0.014136198908090591,0.3224748969078064,56796,-13.21786117553711
-9.152082563390547,1.0,0.0,0.0,24.541109993926494,-0.1500341403834516,0.0,0.013601036269430052,0,0.0,20.568720867857337,0.0,0.0,0.5644435678255214,0.0,,,,,,,,,,,,,,,,,,,,,,,,,,,,,,,,,,,,,,,,,8.714039361123201e-05,2.0714855194091797,0.014127816073596478,0.3810198903083801,56856,-12.473151206970215
362.90688990197555,0.0,0.0,0.0,42.5923303417526,0.5872279771876627,0.0,0.1740684022460439,2,0.0,365.1313108121976,0.0,0.0,158.261011009436,1.0,,,,,,,,,,,,,,,,,,,,,,,,,,,,,,,,,,,,,,,,,8.70258572700355e-05,-1.7813682556152344,0.014073011465370655,0.3995491862297058,57473,-11.842856407165527
10.217660582854968,0.0,0.0,0.0,24.421335840812716,0.14596657975507096,0.0,0.010851419031719533,0,1.0,23.529355600476265,0.0,3.349999999999996,0.0,0.0,,,,,,,,,,,,,,,,,,,,,,,,,,,,,,,,,,,,,,,,,8.701305321551801e-05,-1.8673115968704224,0.014075280167162418,0.3854547441005707,57542,-12.230134010314941
,,,,,,,,,,,,,,,0.21443578600883484,453.15,264,22,67543,88.683133,3062,,,,,,,,,,,,,,,,,,,,,,,,,,,,,,,,,,,,,,,
222.71799535084904,0.0,0.0,0.0,34.3267789571086,0.5131751044950439,0.0,0.08985382631126397,0,1.0,206.71900721313432,0.0,0.0,65.51360730412974,0.0,,,,,,,,,,,,,,,,,,,,,,,,,,,,,,,,,,,,,,,,,8.693272476218751e-05,0.5743211507797241,0.0140447486191988,0.3475590646266937,57975,-12.936751365661621
612.8790572869857,0.0,0.0,0.0,41.96639491617029,0.5803778951581304,0.0,0.30670103092783507,0,1.0,615.2349278228357,0.0,5.949999999999987,81.1156915142825,0.0,,,,,,,,,,,,,,,,,,,,,,,,,,,,,,,,,,,,,,,,,8.673716151954999e-05,2.523128032684326,0.013956359587609768,0.354326069355011,59030,-13.834126472473145
,,,,,,,,,,,,,,,,,,,,,,16.759647369384766,0.13474872708320618,0.10596735775470734,0.027013227343559265,0.3403148651123047,0.36448585987091064,5.93910551071167,25.46709632873535,0.0736529678106308,30.86533546447754,20.556663513183594,0.18049564957618713,0.2239578813314438,0.1511441022157669,35.251441955566406,0.4124511480331421,0.9279950261116028,0.3578944504261017,2.021505832672119,0.07936381548643112,0.20354831218719482,0.008148163557052612,17.21381378173828,0.4760611355304718,0.3095216155052185,5.593116760253906,3.7149910926818848,0.0496431440114975,1.3061169385910034,15.232318878173828,0.04910977929830551,12.068631172180176,8.38834285736084,8.65577350700995e-05,0.8366693258285522,0.01384674571454525,0.3142547905445099,59999,-14.61779499053955
798.8588734679054,1.0,0.0,0.0,31.58634313606498,0.34124684898244567,0.0,0.6533497234173326,1,0.0,1026.5072777401656,0.0,20.400000000000155,280.17333752715746,0.0,,,,,,,,,,,,,,,,,,,,,,,,,,,,,,,,,,,,,,,,,8.630419085155e-05,1.4370921850204468,0.013801006600260735,0.4130023121833801,61370,-12.217425346374512
-19.94265564681075,0.0,0.0,0.0,24.190779374998176,-0.045221441375988096,0.0,0.04832863471606927,1,1.0,147.88520522788167,0.0,0.0,113.25341285894406,0.0,,,,,,,,,,,,,,,,,,,,,,,,,,,,,,,,,,,,,,,,,8.622289927195e-05,2.634662389755249,0.013791407458484173,0.4242668151855469,61810,-12.563695907592773
,,,,,,,,,,,,,,,0.21295323967933655,484.82,268,22,71811,105.53502826000002,3262,,,,,,,,,,,,,,,,,,,,,,,,,,,,,,,,,,,,,,,
81.7347156154574,1.0,0.0,0.0,31.93258444677514,0.10465392524386351,0.0,0.16820276497695852,0,0.0,346.11089434847236,0.0,2.3499999999999996,0.0,0.0,,,,,,,,,,,,,,,,,,,,,,,,,,,,,,,,,,,,,,,,,8.607888615595e-05,-2.1154122352600098,0.013837148435413837,0.3619328737258911,62590,-12.98958683013916
208.18562518226585,1.0,0.0,0.0,42.249968420944,0.5864383807951151,0.0,0.09301227573182247,1,0.0,208.04030941799283,0.0,2.9999999999999973,46.42263961979393,0.0,,,,,,,,,,,,,,,,,,,,,,,,,,,,,,,,,,,,,,,,,8.6013566300032e-05,2.8481783866882324,0.013800755143165588,0.3540952503681183,62944,-13.278153419494629
110.19876784854841,1.0,0.0,0.0,27.345041785020953,0.28183828094257907,0.0,0.09307875894988067,1,0.0,148.23776385188103,0.0,0.0,145.7129890655816,0.0,,,,,,,,,,,,,,,,,,,,,,,,,,,,,,,,,,,,,,,,,8.5941632617822e-05,-2.304119825363159,0.013818198814988136,0.2848510444164276,63334,-13.328298568725586
1878.0188885281004,0.0,0.0,1.0,39.58443228006479,0.5481666341296265,0.0,1.0,3,0.0,1883.0367233948782,0.0,4.94999999999999,413.4046355898584,0.0,,,,,,,,,,,,,,,,,,,,,,,,,,,,,,,,,,,,,,,,,8.53112074360595e-05,1.932221531867981,0.013824796304106712,0.4153710603713989,66759,-13.410463333129883
,,,,,,,,,,,,,,,0.21154189109802246,524.55,272,22,76760,129.18836057000001,3484,,,,,,,,,,,,,,,,,,,,,,,,,,,,,,,,,,,,,,,
,,,,,,,,,,,,,,,,,,,,,,17.153499603271484,0.13300418853759766,0.10257971286773682,0.025955623015761375,0.3482497036457062,0.3670418858528137,6.482330799102783,26.50196647644043,0.07846321165561676,28.8010311126709,21.241430282592773,0.19812633097171783,0.2254059612751007,0.16551300883293152,35.53078079223633,0.3784606158733368,0.9702581167221069,0.3868672847747803,1.9752349853515625,0.08518122136592865,0.20409204065799713,0.00904994085431099,17.744903564453125,0.45173871517181396,0.33140814304351807,5.1027350425720215,3.5544443130493164,0.04670725762844086,1.2307552099227905,15.531500816345215,0.04759501665830612,10.99772834777832,8.412161827087402,8.47169830800995e-05,1.747239112854004,0.014064297080039978,0.3909735679626465,69999,-12.861648559570312
1482.1402944447357,1.0,0.0,0.0,32.670181363551386,0.3428499408847411,0.0,0.8089430894308943,5,0.0,1960.898257563822,0.0,9.249999999999996,765.172243435427,0.0,,,,,,,,,,,,,,,,,,,,,,,,,,,,,,,,,,,,,,,,,8.451900679181952e-05,1.4484851360321045,0.014114961959421635,0.320013165473938,71081,-14.442232131958008
33.30700088316888,0.0,0.0,0.0,25.331595658587823,0.22204667255445923,0.0,0.0337798485730926,0,1.0,52.55827026814222,0.0,6.949999999999983,0.0,0.0,,,,,,,,,,,,,,,,,,,,,,,,,,,,,,,,,,,,,,,,,8.449176213355e-05,1.4935975074768066,0.014138288795948029,0.28472959995269775,71230,-13.908759117126465
-34.28409903762156,0.0,0.0,0.0,28.34649602475823,-0.03145330186937758,0.0,0.14278892072588348,1,1.0,427.8934750389308,0.0,0.65,128.65021615878203,0.0,,,,,,,,,,,,,,,,,,,,,,,,,,,,,,,,,,,,,,,,,8.429277256721949e-05,2.8264012336730957,0.014256754890084267,0.27196335792541504,72319,-13.233377456665039
603.3546736469251,1.0,0.0,0.0,38.168399290699284,0.5260284861786618,0.0,0.4189542483660131,0,0.0,607.78259716928,0.0,12.100000000000037,136.03950349728996,0.0,,,,,,,,,,,,,,,,,,,,,,,,,,,,,,,,,,,,,,,,,8.40836224193875e-05,0.1428615152835846,0.014379996806383133,0.3597371280193329,73465,-13.2022123336792
,,,,,,,,,,,,,,,0.21006804704666138,567.15,276,21,83466,145.70167345,3797,,,,,,,,,,,,,,,,,,,,,,,,,,,,,,,,,,,,,,,
346.7897264239424,0.0,0.0,0.0,39.56583457684166,0.5368262018946477,0.0,0.23750811161583388,1,1.0,354.7654544143006,0.0,12.250000000000039,73.68621804401842,0.0,,,,,,,,,,,,,,,,,,,,,,,,,,,,,,,,,,,,,,,,,8.396602196395e-05,-4.353196620941162,0.014422022737562656,0.5107477903366089,74110,-13.874879837036133
79.08195436051898,1.0,0.0,0.0,39.60372871904705,0.13849729310073375,0.0,0.1263202365863963,0,0.0,313.8474083095789,0.0,2.6999999999999984,0.0,0.0,,,,,,,,,,,,,,,,,,,,,,,,,,,,,,,,,,,,,,,,,8.386216488880002e-05,1.068846583366394,0.014469848945736885,0.3377227783203125,74680,-11.476921081542969
-17.63792300660664,1.0,0.0,0.0,18.095188865649327,-0.3599576123797274,0.0,0.008586525759577279,0,0.0,12.087286245077848,0.0,0.0,0.0,0.0,,,,,,,,,,,,,,,,,,,,,,,,,,,,,,,,,,,,,,,,,8.3853421981408e-05,2.6017913818359375,0.014478068798780441,0.5010877847671509,74728,-15.017626762390137
169.89686158299858,0.0,0.0,0.0,33.586226237003686,0.3446183804928977,1.0,0.10044052863436123,0,0.0,229.73785998509265,0.0,2.000000000000001,101.95341567619593,0.0,,,,,,,,,,,,,,,,,,,,,,,,,,,,,,,,,,,,,,,,,8.376383361580001e-05,1.0980647802352905,0.014497868716716766,0.477239191532135,75220,-13.014562606811523
,,,,,,,,,,,,,,,0.20968101918697357,576.38,280,21,85221,150.32989285999997,3874,,,,,,,,,,,,,,,,,,,,,,,,,,,,,,,,,,,,,,,
499.0459248877117,0.0,0.0,0.0,38.604447136571444,0.5941022915329901,0.0,0.2735242548217417,0,1.0,450.13575615081936,0.0,7.099999999999983,80.91014270229107,0.0,,,,,,,,,,,,,,,,,,,,,,,,,,,,,,,,,,,,,,,,,8.361117107235951e-05,2.0553293228149414,0.014541472308337688,0.3814772069454193,76059,-11.795402526855469
906.7597128772087,0.0,0.0,0.0,42.62663114938133,0.6874599794368527,0.0,0.39774474628395695,3,1.0,780.5979265421629,0.0,6.999999999999983,174.62190258209242,0.0,,,,,,,,,,,,,,,,,,,,,,,,,,,,,,,,,,,,,,,,,8.337163364283549e-05,-0.2814211845397949,0.01461722794920206,0.4032829999923706,77377,-11.988824844360352
305.18946996544,0.0,0.0,0.0,32.93208452211293,0.16302856301572652,0.0,0.3968957871396896,0,1.0,855.859692681348,0.0,4.449999999999992,220.8514409375964,0.0,,,,,,,,,,,,,,,,,,,,,,,,,,,,,,,,,,,,,,,,,8.303218594764801e-05,-1.5619957447052002,0.014666198752820492,0.4534491300582886,79248,-14.607908248901367
160.06101099779917,1.0,0.0,0.0,38.09063999336003,0.5196786071357116,0.0,0.06777546777546778,1,0.0,162.7745852973312,0.0,5.14999999999999,73.61707437237497,0.0,,,,,,,,,,,,,,,,,,,,,,,,,,,,,,,,,,,,,,,,,8.297655475348749e-05,1.5986709594726562,0.014684195630252361,0.3356109857559204,79555,-14.014522552490234
,,,,,,,,,,,,,,,0.2089155614376068,604.0,284,21,89556,166.69149996,4073,,,,,,,,,,,,,,,,,,,,,,,,,,,,,,,,,,,,,,,
5.380918424229904,1.0,0.0,0.0,24.26927268338857,0.03816254201581492,0.0,0.02706027060270603,0,0.0,47.31315597705543,0.0,0.35,22.527998907651885,0.0,,,,,,,,,,,,,,,,,,,,,,,,,,,,,,,,,,,,,,,,,8.295119170598751e-05,2.6327271461486816,0.014670450240373611,0.6119343042373657,79695,-14.384504318237305
,,,,,,,,,,,,,,,,,,,,,,15.532150268554688,0.14217957854270935,0.10587801039218903,0.023122694343328476,0.3266407251358032,0.3462095260620117,6.391045570373535,25.31116485595703,0.08143942058086395,30.256906509399414,22.873714447021484,0.22237181663513184,0.20044250786304474,0.16465222835540771,34.90882110595703,0.3904655873775482,0.8894870281219482,0.400645911693573,1.7917615175247192,0.08247648179531097,0.2196444869041443,0.008647343143820763,16.936534881591797,0.46260201930999756,0.33937373757362366,5.123518466949463,3.6968722343444824,0.04770815744996071,1.336190938949585,17.020099639892578,0.04980940744280815,10.890872955322266,8.377059936523438,8.289613109009951e-05,-0.4878910183906555,0.01470404677093029,0.34391719102859497,79999,-10.982137680053711
876.9060639785417,0.0,0.0,0.0,29.064667677483744,0.293279620059713,0.0,0.7848180677540778,2,1.0,1206.3268597954884,0.0,7.199999999999982,409.18536367806036,0.0,,,,,,,,,,,,,,,,,,,,,,,,,,,,,,,,,,,,,,,,,8.241062122367201e-05,-1.8460471630096436,0.01471883337944746,0.705401599407196,82684,-14.021082878112793
611.9527174713006,1.0,0.0,0.0,38.09516124838242,0.5325959246921677,0.0,0.4095607235142119,2,0.0,607.5997919049114,0.0,8.249999999999982,152.02086938413044,0.0,,,,,,,,,,,,,,,,,,,,,,,,,,,,,,,,,,,,,,,,,8.220347420028799e-05,-0.44072312116622925,0.014666464179754257,0.31429523229599,83832,-14.245587348937988
137.87265661501112,0.0,0.0,0.0,34.083796290670065,0.4079072680917489,1.0,0.0819252432155658,0,0.0,159.7772694984451,0.0,1.800000000000001,121.85504916719492,0.0,,,,,,,,,,,,,,,,,,,,,,,,,,,,,,,,,,,,,,,,,8.214271515581952e-05,0.7880274057388306,0.01463322527706623,0.38336727023124695,84169,-13.824514389038086
,,,,,,,,,,,,,,,0.20821325480937958,641.08,288,21,94170,181.82006539999998,4299,,,,,,,,,,,,,,,,,,,,,,,,,,,,,,,,,,,,,,,
404.8404900270715,1.0,0.0,0.0,39.71900559677747,0.42214858188432897,0.0,0.20663900414937758,1,0.0,528.6946455091238,0.0,8.249999999999982,96.70904742799644,0.0,,,,,,,,,,,,,,,,,,,,,,,,,,,,,,,,,,,,,,,,,8.197011703983551e-05,0.2944679856300354,0.014552084729075432,0.5801606178283691,85127,-15.267030715942383
847.616588184077,0.0,0.0,0.0,43.09864586202959,0.6936305958953167,0.0,0.3588089330024814,1,1.0,731.2399978898466,0.0,5.849999999999987,137.18440450129336,0.0,,,,,,,,,,,,,,,,,,,,,,,,,,,,,,,,,,,,,,,,,8.1750400241848e-05,1.089174509048462,0.014529634267091751,0.38791418075561523,86348,-14.653763771057129
526.5843511288539,1.0,0.0,0.0,34.51991968888997,0.4844382255095252,0.0,0.3290155440414508,2,0.0,520.9059830009937,0.0,12.600000000000044,148.1438416515238,0.0,,,,,,,,,,,,,,,,,,,,,,,,,,,,,,,,,,,,,,,,,8.1555225743422e-05,-1.7321879863739014,0.014443419873714447,0.3540729284286499,87434,-14.777881622314453
633.6122395787153,1.0,0.0,0.0,38.50423542536789,0.5374149614747373,0.0,0.40883634100808963,1,0.0,630.192768195644,0.0,8.549999999999986,260.4070627403501,0.0,,,,,,,,,,,,,,,,,,,,,,,,,,,,,,,,,,,,,,,,,8.1343782491128e-05,-4.642581939697266,0.014386923983693123,0.4496540427207947,88612,-14.924614906311035
,,,,,,,,,,,,,,,0.20745603740215302,665.61,292,21,98613,199.08598585,4502,,,,,,,,,,,,,,,,,,,,,,,,,,,,,,,,,,,,,,,
-27.64126197016754,1.0,0.0,0.0,25.032794949830432,-0.2446129377890933,0.0,0.025145067698259187,0,0.0,39.09183466201648,0.0,3.999999999999994,0.0,0.0,,,,,,,,,,,,,,,,,,,,,,,,,,,,,,,,,,,,,,,,,8.1323693603512e-05,0.8518291711807251,0.014367084950208664,0.2902049422264099,88724,-14.843439102172852
-19.735056609588153,1.0,0.0,0.0,18.566203179920095,-0.419894821480599,0.0,0.006220095693779904,0,0.0,11.90151528432034,0.0,1.2000000000000004,2.8957930910325835,0.0,,,,,,,,,,,,,,,,,,,,,,,,,,,,,,,,,,,,,,,,,8.131544353354999e-05,0.9122717380523682,0.014356093481183052,0.2879723906517029,88770,-15.644767761230469
461.5330239869158,1.0,0.0,0.0,41.429885477883595,0.6041008167368008,0.0,0.2251619870410367,2,0.0,439.34972548950464,0.0,12.050000000000036,243.38315629617205,0.0,,,,,,,,,,,,,,,,,,,,,,,,,,,,,,,,,,,,,,,,,8.11786613998555e-05,-0.0008358657360076904,0.01436248142272234,0.3240811228752136,89533,-13.624429702758789
176.69384879533166,0.0,0.0,0.0,33.5238481582042,0.4257683103501968,0.0,0.09490509490509491,1,1.0,192.8091796450317,0.0,1.7500000000000009,64.75727561320117,0.0,,,,,,,,,,,,,,,,,,,,,,,,,,,,,,,,,,,,,,,,,8.11044925794955e-05,0.8919610381126404,0.014341014437377453,0.49717897176742554,89947,-12.668601989746094
,,,,,,,,,,,,,,,0.20720891654491425,655.96,296,21,99948,200.95122778,4567,,,,,,,,,,,,,,,,,,,,,,,,,,,,,,,,,,,,,,,
,,,,,,,,,,,,,,,,,,,,,,15.365743637084961,0.14460289478302002,0.11039130389690399,0.02128453552722931,0.3407673239707947,0.3571544587612152,6.298096656799316,25.569807052612305,0.0852126032114029,30.383686065673828,23.1075439453125,0.2275318205356598,0.20477835834026337,0.16879180073738098,33.04069519042969,0.40492162108421326,1.0290699005126953,0.3700447678565979,1.5971057415008545,0.08393436670303345,0.22739198803901672,0.010132887400686741,17.142059326171875,0.46356505155563354,0.32534003257751465,5.815610885620117,3.72298002243042,0.04961593449115753,1.2979400157928467,17.062578201293945,0.057264264672994614,11.211055755615234,8.653971672058105,8.10951791000995e-05,1.520873785018921,0.014340712688863277,0.32172101736068726,89999,-14.855842590332031
237.32295944683926,1.0,0.0,0.0,29.66734913529799,0.2183283895555099,0.0,0.18069201196070056,1,0.0,447.5618464425206,0.0,12.700000000000045,111.975868026791,0.0,,,,,,,,,,,,,,,,,,,,,,,,,,,,,,,,,,,,,,,,,8.09100958753555e-05,1.4696228504180908,0.01431895699352026,0.33760809898376465,91033,-16.202224731445312
226.31006939503385,1.0,0.0,0.0,37.662015193639476,0.5202530330920319,0.0,0.09354699003897791,2,0.0,227.31492211855948,0.0,0.0,118.0604448296013,0.0,,,,,,,,,,,,,,,,,,,,,,,,,,,,,,,,,,,,,,,,,8.083247443285551e-05,-3.5650928020477295,0.014292865060269833,0.3825138807296753,91467,-15.252416610717773
245.99737906809662,1.0,0.0,0.0,34.46634052216484,0.3772965936627249,0.0,0.16148775894538606,0,0.0,311.65704028401524,0.0,2.25,92.9266536904222,0.0,,,,,,,,,,,,,,,,,,,,,,,,,,,,,,,,,,,,,,,,,8.0716112549438e-05,0.21014085412025452,0.01422362495213747,0.41707706451416016,92118,-13.392721176147461
19.005820336597655,0.0,0.0,0.0,23.88461763525853,0.18452252753978304,0.0,0.017346460384435068,0,1.0,33.98187920358032,0.0,4.94999999999999,0.0,0.0,,,,,,,,,,,,,,,,,,,,,,,,,,,,,,,,,,,,,,,,,8.069788837580001e-05,0.5106908082962036,0.014207261614501476,0.395657479763031,92220,-14.378600120544434
,,,,,,,,,,,,,,,0.20679110288619995,651.04,300,21,102221,206.24572917,4668,,,,,,,,,,,,,,,,,,,,,,,,,,,,,,,,,,,,,,,
351.21862943946604,1.0,0.0,0.0,41.921230228199484,0.6045071074689605,0.0,0.15642951833848873,2,0.0,338.051274321042,0.0,10.000000000000007,184.3768582730871,0.0,,,,,,,,,,,,,,,,,,,,,,,,,,,,,,,,,,,,,,,,,8.059430008e-05,1.754626750946045,0.014165712520480156,0.45237308740615845,92800,-13.629074096679688
7.632895141893933,1.0,0.0,0.0,30.12673539984876,0.09785763002428119,0.0,0.019656019656019656,0,0.0,32.3755508037284,0.0,0.0,0.0,0.0,,,,,,,,,,,,,,,,,,,,,,,,,,,,,,,,,,,,,,,,,8.05805528743355e-05,0.34659674763679504,0.01416256558150053,0.39029228687286377,92877,-14.503767013549805
26.20705495163286,0.0,0.0,0.0,33.1734768392728,0.10197297646549751,0.0,0.060665362035225046,0,1.0,118.0436747809872,0.0,1.1500000000000004,48.72086432385888,0.0,,,,,,,,,,,,,,,,,,,,,,,,,,,,,,,,,,,,,,,,,8.05348563610555e-05,1.4705748558044434,0.014154241420328617,0.5054168701171875,93133,-14.621082305908203
218.79070260066297,0.0,0.0,0.0,37.29013189375877,0.49056211345440126,0.0,0.10696173351775011,0,1.0,230.7095900559798,0.0,0.0,0.0,0.0,,,,,,,,,,,,,,,,,,,,,,,,,,,,,,,,,,,,,,,,,8.045545400735801e-05,0.20727157592773438,0.014118548482656479,0.3905416429042816,93578,-14.485925674438477
,,,,,,,,,,,,,,,0.20655053853988647,642.04,304,21,103579,208.23396305999995,4730,,,,,,,,,,,,,,,,,,,,,,,,,,,,,,,,,,,,,,,
285.6467822771254,1.0,0.0,0.0,42.71503986865298,0.6390308328347324,0.0,0.12633723892002038,1,0.0,264.9619914693758,0.0,1.5000000000000007,48.456768744779815,0.0,,,,,,,,,,,,,,,,,,,,,,,,,,,,,,,,,,,,,,,,,8.0375912761312e-05,0.7434241771697998,0.014115608297288418,0.36218327283859253,94024,-15.375707626342773
2105.2666834886577,0.0,0.0,1.0,41.927985010256386,0.5859356202306312,0.0,1.0,1,0.0,2091.663685409352,0.0,10.350000000000012,208.79648439649898,0.0,,,,,,,,,,,,,,,,,,,,,,,,,,,,,,,,,,,,,,,,,7.973674574387199e-05,-2.1447110176086426,0.01382011640816927,0.2899739742279053,97616,-15.622693061828613
34.95178515917687,0.0,0.0,0.0,28.84414874017613,0.30130849275152477,0.0,0.029765674477517417,0,1.0,46.25841402565129,0.0,5.649999999999988,0.0,0.0,,,,,,,,,,,,,,,,,,,,,,,,,,,,,,,,,,,,,,,,,7.97163248519195e-05,2.001173734664917,0.013810676522552967,0.3848429024219513,97731,-13.682336807250977
-10.628352037909902,1.0,0.0,0.0,28.40981745149905,-0.0770170437529703,0.0,0.027710843373493974,0,0.0,54.187413688749075,0.0,0.0,26.405341534658316,0.0,,,,,,,,,,,,,,,,,,,,,,,,,,,,,,,,,,,,,,,,,7.9692000789688e-05,-3.1668143272399902,0.013770556077361107,0.2866611182689667,97868,-17.05288314819336
,,,,,,,,,,,,,,,0.2057560533285141,675.2,308,21,107869,230.1645501,4937,,,,,,,,,,,,,,,,,,,,,,,,,,,,,,,,,,,,,,,
581.1955115270109,0.0,0.0,0.0,39.24047466515771,0.44501953409418904,0.0,0.35047907211296014,2,1.0,711.4021840924397,0.0,11.150000000000023,112.0247033500654,0.0,,,,,,,,,,,,,,,,,,,,,,,,,,,,,,,,,,,,,,,,,7.94604880209355e-05,-0.3530574142932892,0.013611936941742897,0.30531495809555054,99173,-17.248828887939453
14.035531995472304,0.0,0.0,0.0,22.154741094893843,0.14931417016459897,0.0,0.014241210502892745,0,1.0,28.749076631851494,0.0,4.3499999999999925,0.0,0.0,,,,,,,,,,,,,,,,,,,,,,,,,,,,,,,,,,,,,,,,,7.9444002346222e-05,-0.08442265540361404,0.01360649149864912,0.33387595415115356,99266,-15.357614517211914
9.335342356102664,1.0,0.0,0.0,30.179976851490267,0.09063439180682198,0.0,0.020037278657968314,0,0.0,42.90177786303684,0.0,1.7500000000000009,18.217422103955226,0.0,,,,,,,,,,,,,,,,,,,,,,,,,,,,,,,,,,,,,,,,,7.9425923262688e-05,0.5583657026290894,0.013587870635092258,0.39977824687957764,99368,-16.290435791015625
,,,,,,,,,,,,,,,,,,,,,,15.22334098815918,0.16588205099105835,0.12271902710199356,0.02039949968457222,0.3402806222438812,0.3644460141658783,6.719043254852295,25.42822265625,0.09413599967956543,28.89044952392578,21.92999839782715,0.2318502813577652,0.20371884107589722,0.18303726613521576,33.26680374145508,0.3866121768951416,0.8106569051742554,0.4027530550956726,1.5243977308273315,0.08991426974534988,0.24404242634773254,0.00857049971818924,17.312925338745117,0.4578484892845154,0.35170626640319824,6.167972087860107,3.9779231548309326,0.0532325878739357,1.2562861442565918,18.236610412597656,0.06520958244800568,11.607611656188965,8.904031753540039,7.931412711009951e-05,2.8142175674438477,0.013499408029019833,0.38440996408462524,99999,-14.976898193359375
170.45048280137377,0.0,0.0,0.0,37.50160090251029,0.24956146823041547,0.0,0.21807228915662652,1,1.0,355.50010611489415,0.0,2.1000000000000005,76.13685073725165,0.0,,,,,,,,,,,,,,,,,,,,,,,,,,,,,,,,,,,,,,,,,7.930509474875e-05,1.5218169689178467,0.013496280647814274,0.27654606103897095,100050,-16.136756896972656
,,,,,,,,,,,,,,,0.20530271530151367,683.87,312,21,110051,236.98113958000002,5035,,,,,,,,,,,,,,,,,,,,,,,,,,,,,,,,,,,,,,,
131.23332489317002,0.0,0.0,0.0,29.672044664499545,0.2711432332503513,0.0,0.09934771700953336,1,1.0,198.9366158763878,0.0,2.1000000000000005,141.58817829100772,0.0,,,,,,,,,,,,,,,,,,,,,,,,,,,,,,,,,,,,,,,,,7.92195786368555e-05,-0.4377048909664154,0.013478902168571949,0.300435870885849,100533,-18.001911163330078
404.89315933213834,1.0,0.0,0.0,44.62031606189323,0.5963080402535175,0.0,0.16624685138539042,0,0.0,420.53193057794124,0.0,4.3499999999999925,1.1580372719982084,0.0,,,,,,,,,,,,,,,,,,,,,,,,,,,,,,,,,,,,,,,,,7.909961570883951e-05,-0.2993031144142151,0.013433781452476978,0.39471662044525146,101211,-16.416690826416016
157.88917431699076,0.0,0.0,0.0,32.77853862556498,0.18619006405305513,0.0,0.22378908645003065,1,1.0,385.8072372712195,0.0,2.1000000000000005,86.79342309567751,0.0,,,,,,,,,,,,,,,,,,,,,,,,,,,,,,,,,,,,,,,,,7.8949879038718e-05,-3.391254425048828,0.013354126363992691,0.3383200168609619,102058,-18.621143341064453
31.285717933501473,1.0,0.0,0.0,35.04149639203689,0.279336767263406,0.0,0.02366345311130587,0,0.0,54.294822505675256,0.0,2.3499999999999996,0.0,0.0,,,,,,,,,,,,,,,,,,,,,,,,,,,,,,,,,,,,,,,,,7.893026651381951e-05,-5.4635515213012695,0.013333650305867195,0.3398345708847046,102169,-17.128253936767578
,,,,,,,,,,,,,,,0.20487137138843536,681.97,316,21,112170,243.30688513999996,5127,,,,,,,,,,,,,,,,,,,,,,,,,,,,,,,,,,,,,,,
52.22506246867758,1.0,0.0,0.0,31.392168578312415,0.2510820310994114,0.0,0.041046459179070814,0,0.0,90.40544039104134,0.0,3.399999999999996,52.93723968248714,0.0,,,,,,,,,,,,,,,,,,,,,,,,,,,,,,,,,,,,,,,,,7.889369835491199e-05,1.1449995040893555,0.013297129422426224,0.36766982078552246,102376,-17.0422306060791
239.18269235229155,0.0,0.0,0.0,36.488939544457665,0.42941237406156474,0.0,0.16656787196206282,1,1.0,282.04136030748487,0.0,3.1999999999999966,112.78768745867872,0.0,,,,,,,,,,,,,,,,,,,,,,,,,,,,,,,,,,,,,,,,,7.8795518844088e-05,-0.1878872662782669,0.013254803605377674,0.2900981903076172,102932,-17.23841094970703
558.9132816056124,1.0,0.0,0.0,42.81810461029482,0.6439093106055442,0.0,0.25541795665634676,1,0.0,515.8544838540256,0.0,2.8999999999999977,62.00448260727662,0.0,,,,,,,,,,,,,,,,,,,,,,,,,,,,,,,,,,,,,,,,,7.864254513389951e-05,2.6765451431274414,0.013112474232912064,0.3915219306945801,103799,-16.083871841430664
333.3456285700807,1.0,0.0,0.0,43.78750490989311,0.6775317653863429,0.0,0.14693446088794926,0,0.0,298.99392734467983,0.0,1.800000000000001,0.0,0.0,,,,,,,,,,,,,,,,,,,,,,,,,,,,,,,,,,,,,,,,,7.855597930795001e-05,1.2011187076568604,0.013045568019151688,0.2849486470222473,104290,-15.788576126098633
,,,,,,,,,,,,,,,0.20447313785552979,682.98,320,21,114291,254.66360179,5221,,,,,,,,,,,,,,,,,,,,,,,,,,,,,,,,,,,,,,,
10.201989639238413,1.0,0.0,0.0,29.444086778812252,0.10305040039634761,0.0,0.018709073900841908,0,0.0,40.176545958500355,0.0,0.6,14.207920676034965,0.0,,,,,,,,,,,,,,,,,,,,,,,,,,,,,,,,,,,,,,,,,7.853870714712799e-05,-1.7537782192230225,0.013031106442213058,0.4391818046569824,104388,-15.613639831542969
393.5308970676581,0.0,0.0,0.0,36.81262411378876,0.557409202645408,0.0,0.20988372093023255,2,1.0,360.74544039648026,0.0,3.4499999999999957,201.43603501805146,0.0,,,,,,,,,,,,,,,,,,,,,,,,,,,,,,,,,,,,,,,,,7.84145096655755e-05,-1.1312929391860962,0.012946948409080505,0.34525346755981445,105093,-16.576032638549805
1930.1815814415277,0.0,0.0,1.0,37.5593556541623,0.5279490102411181,0.0,1.0,4,0.0,1906.2684418242425,0.0,3.899999999999994,543.6016305806444,0.0,,,,,,,,,,,,,,,,,,,,,,,,,,,,,,,,,,,,,,,,,7.7772206206648e-05,0.689238429069519,0.012521374970674515,0.34291788935661316,108748,-16.75853157043457
283.77052971208343,1.0,0.0,0.0,33.268127881137694,0.4562227165789123,0.0,0.13927451858486342,1,0.0,287.1533324085176,0.0,0.0,113.89036997148723,0.0,,,,,,,,,,,,,,,,,,,,,,,,,,,,,,,,,,,,,,,,,7.766334033701949e-05,0.5178117752075195,0.012450684793293476,0.29001328349113464,109369,-17.93769073486328
,,,,,,,,,,,,,,,0.20339517295360565,725.26,324,21,119370,278.44456210000004,5455,,,,,,,,,,,,,,,,,,,,,,,,,,,,,,,,,,,,,,,
,,,,,,,,,,,,,,,,,,,,,,14.28120231628418,0.164335697889328,0.13234372437000275,0.02111971378326416,0.3374939560890198,0.3563825488090515,7.130669593811035,25.358745574951172,0.10089735686779022,29.21082878112793,23.153541564941406,0.26370811462402344,0.1900653839111328,0.19925224781036377,32.33991622924805,0.388760507106781,0.991518497467041,0.40966469049453735,1.5869008302688599,0.09490051120519638,0.2412475049495697,0.011292937211692333,17.49432373046875,0.4631209373474121,0.36833667755126953,5.54216194152832,4.304715633392334,0.057290516793727875,1.2995051145553589,18.126943588256836,0.06312265992164612,11.619763374328613,8.858776092529297,7.75529751200995e-05,1.6877635717391968,0.012380111962556839,0.4557587504386902,109999,-15.775334358215332
617.5823450020569,0.0,0.0,0.0,38.30668344148863,0.4430289418953062,0.0,0.37021927587965325,1,1.0,741.1971873119473,0.0,9.199999999999996,131.67068455449595,0.0,,,,,,,,,,,,,,,,,,,,,,,,,,,,,,,,,,,,,,,,,7.7419416334078e-05,-8.063116073608398,0.012313724495470524,0.267767071723938,110762,-18.34418296813965
-17.692444352578008,0.0,0.0,0.0,30.66706446092822,-0.026367279213976167,0.0,0.10096374483708123,1,1.0,285.3025586393196,0.0,2.6499999999999986,140.18401347994558,0.0,,,,,,,,,,,,,,,,,,,,,,,,,,,,,,,,,,,,,,,,,7.7302232197088e-05,-0.6977381706237793,0.012268507853150368,0.31584447622299194,111432,-18.725440979003906
257.5532017415626,1.0,0.0,0.0,33.10198339437787,0.4471409752457684,0.0,0.12871287128712872,1,0.0,264.5087372539565,0.0,14.40000000000007,135.17146115091325,0.0,,,,,,,,,,,,,,,,,,,,,,,,,,,,,,,,,,,,,,,,,7.720173495087552e-05,2.2525672912597656,0.012206286191940308,0.41697776317596436,112007,-16.137693405151367
453.93920922450246,0.0,0.0,0.0,36.350465271940315,0.5290666774178351,0.0,0.27031908488862133,0,1.0,432.90562223177403,0.0,10.800000000000018,164.30782049150886,0.0,,,,,,,,,,,,,,,,,,,,,,,,,,,,,,,,,,,,,,,,,7.7052072468352e-05,3.171010971069336,0.012135623022913933,0.3410643935203552,112864,-17.054561614990234
,,,,,,,,,,,,,,,0.2026153802871704,749.14,328,21,122865,287.42920458,5612,,,,,,,,,,,,,,,,,,,,,,,,,,,,,,,,,,,,,,,
24.925721110912257,1.0,0.0,0.0,33.0608874291924,0.2167454009644544,0.0,0.02670775552131484,0,0.0,52.51290750410408,0.0,0.0,33.78995349134062,0.0,,,,,,,,,,,,,,,,,,,,,,,,,,,,,,,,,,,,,,,,,7.7032175054158e-05,-0.8072525262832642,0.012140016071498394,0.344877690076828,112978,-16.614166259765625
427.58362067854296,1.0,0.0,0.0,31.26793244122313,0.4319026471500434,0.0,0.26346265199768387,2,0.0,429.6375185670331,0.0,3.149999999999997,181.40493966647705,0.0,,,,,,,,,,,,,,,,,,,,,,,,,,,,,,,,,,,,,,,,,7.685966480035552e-05,-0.24236832559108734,0.01200952474027872,0.49490445852279663,113967,-17.423967361450195
217.0251785475468,1.0,0.0,0.0,29.948616440143823,0.43492019749007377,0.0,0.1357142857142857,0,0.0,207.3236356275156,0.0,18.100000000000122,0.0,0.0,,,,,,,,,,,,,,,,,,,,,,,,,,,,,,,,,,,,,,,,,7.67728728543875e-05,-3.485438823699951,0.011980115436017513,0.3230363726615906,114465,-16.046537399291992
361.02049733105395,1.0,0.0,0.0,27.48962028425306,0.25954025688788923,0.0,0.23562231759656652,2,0.0,530.7998635126278,0.0,3.2999999999999963,424.6393629833718,0.0,,,,,,,,,,,,,,,,,,,,,,,,,,,,,,,,,,,,,,,,,7.65308833619875e-05,1.4693026542663574,0.011859782040119171,0.4022877812385559,115855,-15.848393440246582
,,,,,,,,,,,,,,,0.20201365649700165,757.45,332,21,125856,293.60864087000004,5768,,,,,,,,,,,,,,,,,,,,,,,,,,,,,,,,,,,,,,,
151.37042374352984,1.0,0.0,0.0,43.37174020854289,0.5733728172103403,0.0,0.09864364981504316,0,0.0,158.88050633016974,0.0,2.849999999999998,0.0,0.0,,,,,,,,,,,,,,,,,,,,,,,,,,,,,,,,,,,,,,,,,7.648514011743801e-05,-0.5584456920623779,0.011830135248601437,0.3230968415737152,116118,-15.43910026550293
521.8319638676134,0.0,0.0,0.0,43.4951104586094,0.6759481397248878,0.0,0.2969325153374233,1,1.0,466.0688618225977,0.0,6.5999999999999845,105.24186279930233,0.0,,,,,,,,,,,,,,,,,,,,,,,,,,,,,,,,,,,,,,,,,7.635112042293951e-05,-13.091141700744629,0.011783159337937832,0.3100537061691284,116889,-16.829343795776367
989.542811309233,0.0,0.0,0.0,44.0426426252776,0.7302898976451904,0.0,0.5538461538461539,2,1.0,828.4550697393715,0.0,13.75000000000006,109.16678926233001,0.0,,,,,,,,,,,,,,,,,,,,,,,,,,,,,,,,,,,,,,,,,7.61160465713755e-05,-3.7254743576049805,0.011711197905242443,0.3760458827018738,118243,-16.799800872802734
,,,,,,,,,,,,,,,,,,,,,,13.355452537536621,0.1900237500667572,0.14447635412216187,0.02056613564491272,0.35199493169784546,0.37096554040908813,6.992738246917725,25.94353485107422,0.111944779753685,28.052265167236328,21.548898696899414,0.268661230802536,0.1812032163143158,0.23443301022052765,31.808488845825195,0.3806056082248688,0.8297219276428223,0.4424895942211151,1.5158121585845947,0.09487560391426086,0.264961302280426,0.010344570502638817,18.80350685119629,0.45721113681793213,0.3965728282928467,6.4422407150268555,4.611409664154053,0.062566377222538,1.2324894666671753,19.52878189086914,0.08031873404979706,11.588223457336426,8.97891616821289,7.581172313009951e-05,-13.411864280700684,0.01159744244068861,0.35991644859313965,119999,-17.202709197998047
1317.2401027644912,1.0,0.0,0.0,35.17153927382565,0.5062413922999582,0.0,0.8481742472773863,3,0.0,1270.5071271238849,0.0,47.549999999999436,222.34883716863146,0.0,,,,,,,,,,,,,,,,,,,,,,,,,,,,,,,,,,,,,,,,,7.566549915743201e-05,0.4722951054573059,0.011529880575835705,0.29990535974502563,120844,-17.1395263671875
,,,,,,,,,,,,,,,0.2009456753730774,797.63,336,21,130845,320.75020478000005,6004,,,,,,,,,,,,,,,,,,,,,,,,,,,,,,,,,,,,,,,
833.8590582786733,0.0,0.0,0.0,33.325172961382314,0.4531842708036268,0.0,0.44377510040160645,1,1.0,851.1305869566277,0.0,8.449999999999985,241.3104541116261,0.0,,,,,,,,,,,,,,,,,,,,,,,,,,,,,,,,,,,,,,,,,7.534775845965551e-05,2.482421398162842,0.011379311792552471,0.3060208559036255,122683,-17.696456909179688
163.3792310773755,1.0,0.0,0.0,40.68298277668408,0.5614406566232835,0.0,0.06884827879303017,1,0.0,164.17774327285588,0.0,1.850000000000001,60.06786883002014,0.0,,,,,,,,,,,,,,,,,,,,,,,,,,,,,,,,,,,,,,,,,7.52977139635355e-05,1.9146125316619873,0.011378503404557705,0.36069780588150024,122973,-20.224119186401367
132.1750534918231,1.0,0.0,0.0,37.13285730445226,0.44653734287778074,0.0,0.09322033898305085,0,0.0,152.48268291074783,0.0,4.699999999999991,73.992037138075,0.0,,,,,,,,,,,,,,,,,,,,,,,,,,,,,,,,,,,,,,,,,7.524682380248802e-05,2.155634880065918,0.011358673684298992,0.3170072138309479,123268,-17.310407638549805
122.98788079549861,0.0,0.0,0.0,30.39239727432843,0.29213273348099433,0.0,0.07631086142322098,1,1.0,177.33123777527362,0.0,1.3500000000000005,80.0253253899901,0.0,,,,,,,,,,,,,,,,,,,,,,,,,,,,,,,,,,,,,,,,,7.517439989372799e-05,2.3428614139556885,0.011345557868480682,0.3191249370574951,123688,-18.563785552978516
,,,,,,,,,,,,,,,0.20048269629478455,803.75,340,21,133689,326.49738756000005,6150,,,,,,,,,,,,,,,,,,,,,,,,,,,,,,,,,,,,,,,
48.63876862069586,1.0,0.0,0.0,33.05019921129029,0.3002393124734313,0.0,0.03178694158075601,0,0.0,74.09713246207684,0.0,0.0,49.20206796440319,0.0,,,,,,,,,,,,,,,,,,,,,,,,,,,,,,,,,,,,,,,,,7.51466467026995e-05,0.1324152946472168,0.011324597522616386,0.33639171719551086,123849,-17.34844970703125
464.3719955548074,0.0,0.0,0.0,43.992338743366794,0.6993554149921799,0.0,0.25703794369645044,0,1.0,405.43507414124906,0.0,8.14999999999998,53.08203096372481,0.0,,,,,,,,,,,,,,,,,,,,,,,,,,,,,,,,,,,,,,,,,7.503241307532801e-05,2.170289993286133,0.01127313356846571,0.3171249032020569,124512,-18.54391098022461
3.7584543651187445,1.0,0.0,0.0,29.80150809612966,0.05148567623450335,0.0,0.014720314033366046,0,0.0,29.986674767918885,0.0,0.0,0.0,0.0,,,,,,,,,,,,,,,,,,,,,,,,,,,,,,,,,,,,,,,,,7.502001287907199e-05,-1.7052197456359863,0.011274687014520168,0.3646005392074585,124584,-15.738914489746094
284.2071763181761,0.0,0.0,0.0,30.61197114736302,0.124981168125847,0.0,0.5783410138248848,2,1.0,966.2146318275481,0.0,9.249999999999996,228.81064535388668,0.0,,,,,,,,,,,,,,,,,,,,,,,,,,,,,,,,,,,,,,,,,7.46290759256755e-05,2.1047730445861816,0.011100413277745247,0.3203667402267456,126857,-18.999433517456055
,,,,,,,,,,,,,,,0.19984067976474762,810.19,344,21,136858,332.04645357000004,6306,,,,,,,,,,,,,,,,,,,,,,,,,,,,,,,,,,,,,,,
791.584750814741,0.0,0.0,0.0,42.65361992158091,0.6889336386551271,0.0,0.46631785480706345,1,1.0,680.3598115881905,0.0,9.049999999999994,51.20939577770944,0.0,,,,,,,,,,,,,,,,,,,,,,,,,,,,,,,,,,,,,,,,,7.443202031248751e-05,2.0722999572753906,0.011059963144361973,0.3379453718662262,128005,-18.277097702026367
197.02132034904588,1.0,0.0,0.0,40.71417169170746,0.5472814454140164,0.0,0.10832383124287344,1,0.0,203.26796005479991,0.0,2.799999999999998,95.16801666537937,0.0,,,,,,,,,,,,,,,,,,,,,,,,,,,,,,,,,,,,,,,,,7.437045135135201e-05,2.304171085357666,0.011056071147322655,0.3912510573863983,128364,-17.092260360717773
635.5370206000256,1.0,0.0,0.0,42.20520845884537,0.5684588735241731,0.0,0.4307400379506641,2,0.0,655.1355718988925,0.0,6.149999999999986,165.48564685890835,0.0,,,,,,,,,,,,,,,,,,,,,,,,,,,,,,,,,,,,,,,,,7.417904846141951e-05,-2.966038703918457,0.011010232381522655,0.3024331033229828,129481,-17.775489807128906
11.604630563434704,1.0,0.0,0.0,27.846963829370548,0.09670525469528919,0.0,0.01870679137860919,0,0.0,46.1560077983886,0.0,0.0,22.68341722356425,0.0,,,,,,,,,,,,,,,,,,,,,,,,,,,,,,,,,,,,,,,,,7.415867192000002e-05,-3.4237060546875,0.011003578081727028,0.42543697357177734,129600,-17.317501068115234
,,,,,,,,,,,,,,,0.19940844178199768,814.6,348,21,139601,339.25626496999996,6430,,,,,,,,,,,,,,,,,,,,,,,,,,,,,,,,,,,,,,,
55.41411522188933,0.0,0.0,0.0,35.21954924682968,0.4579678943957796,0.0,0.0385894876912841,0,1.0,58.927687163464725,0.0,5.799999999999987,0.0,0.0,,,,,,,,,,,,,,,,,,,,,,,,,,,,,,,,,,,,,,,,,7.413812700079999e-05,2.0213794708251953,0.010992931202054024,0.32350924611091614,129720,-17.136648178100586
,,,,,,,,,,,,,,,,,,,,,,12.879554748535156,0.16246679425239563,0.12285502254962921,0.020719021558761597,0.3339376449584961,0.3602716326713562,7.334664344787598,25.61775016784668,0.12452750653028488,29.26104736328125,24.74620819091797,0.30291658639907837,0.16789017617702484,0.20961123704910278,31.141895294189453,0.3814294636249542,0.8698144555091858,0.4168183505535126,1.5894427299499512,0.09561029821634293,0.24398863315582275,0.010647336952388287,17.12380027770996,0.4430631995201111,0.3812057375907898,5.908828258514404,4.600159168243408,0.05996491760015488,1.229803204536438,18.71738624572754,0.0723295509815216,10.036413192749023,10.173043251037598,7.409037114009952e-05,0.5032151937484741,0.010971836745738983,0.3808417022228241,129999,-17.765056610107422
192.13669740577257,1.0,0.0,0.0,31.997427133082027,0.3812236059638345,0.0,0.1374786081003993,1,0.0,223.7254183748737,0.0,0.0,228.99021220418052,0.0,,,,,,,,,,,,,,,,,,,,,,,,,,,,,,,,,,,,,,,,,7.40520407280355e-05,3.0527725219726562,0.010956205427646637,0.4065408408641815,130223,-17.728485107421875
569.6200771165265,1.0,0.0,0.0,33.05453811549456,0.4564263438433706,0.0,0.26907630522088355,2,0.0,572.4096087748185,0.0,5.849999999999987,221.7277473102865,0.0,,,,,,,,,,,,,,,,,,,,,,,,,,,,,,,,,,,,,,,,,7.383883920955e-05,2.8765056133270264,0.010946644470095634,0.29304635524749756,131470,-16.99508285522461
225.58147069947435,0.0,0.0,0.0,36.13365205016348,0.5409627594711616,0.0,0.12052834342322509,1,1.0,209.01195588894188,0.0,10.100000000000009,63.001477807604395,0.0,,,,,,,,,,,,,,,,,,,,,,,,,,,,,,,,,,,,,,,,,7.376778388110201e-05,-3.11120867729187,0.01094924844801426,0.3670123815536499,131886,-18.223228454589844
,,,,,,,,,,,,,,,0.19896437227725983,824.63,352,21,141887,345.51406849000006,6541,,,,,,,,,,,,,,,,,,,,,,,,,,,,,,,,,,,,,,,
1184.7135754091466,0.0,0.0,0.0,41.87104143151253,0.6548997100105841,0.0,0.580098414434117,2,1.0,1051.575803165324,0.0,15.250000000000082,315.42389798551403,0.0,,,,,,,,,,,,,,,,,,,,,,,,,,,,,,,,,,,,,,,,,7.345936658078201e-05,-0.609900951385498,0.010927795432507992,0.3168286681175232,133694,-18.707168579101562
705.0147230061492,1.0,0.0,0.0,29.205571098312518,0.3336558083322997,0.0,0.5476787954830615,3,0.0,856.5480477986857,0.0,2.3499999999999996,617.8626597324608,0.0,,,,,,,,,,,,,,,,,,,,,,,,,,,,,,,,,,,,,,,,,7.3099915268782e-05,1.4701111316680908,0.010857309214770794,0.38172098994255066,135806,-19.059223175048828
163.19729301218115,0.0,0.0,0.0,38.85416203393416,0.5350730918432168,0.0,0.09322916666666667,0,1.0,164.37158966064453,0.0,7.199999999999982,0.0,0.0,,,,,,,,,,,,,,,,,,,,,,,,,,,,,,,,,,,,,,,,,7.304824914395001e-05,1.6496878862380981,0.010840335860848427,0.38467341661453247,136110,-17.793807983398438
180.50625013673752,0.0,0.0,0.0,36.147733596037554,0.25495233070160667,0.0,0.23533204384268214,1,1.0,355.15868246462196,0.0,4.249999999999993,89.53301804354221,0.0,,,,,,,,,,,,,,,,,,,,,,,,,,,,,,,,,,,,,,,,,7.292816253315552e-05,-0.2968194782733917,0.010815893299877644,0.2989807426929474,136817,-19.620012283325195
,,,,,,,,,,,,,,,0.19807155430316925,866.49,356,21,146818,364.8918812499999,6780,,,,,,,,,,,,,,,,,,,,,,,,,,,,,,,,,,,,,,,
206.85870014451106,1.0,0.0,0.0,40.96990350497312,0.5636476843174688,0.0,0.12359550561797752,2,0.0,208.54171049781144,0.0,1.950000000000001,133.155216469194,0.0,,,,,,,,,,,,,,,,,,,,,,,,,,,,,,,,,,,,,,,,,7.28660351311555e-05,0.8442403078079224,0.01080382615327835,0.27154773473739624,137183,-19.603534698486328
342.42105256323873,0.0,0.0,0.0,38.39268559056416,0.5873431433331711,0.0,0.1883974727168294,1,1.0,310.5697898461949,0.0,11.750000000000032,59.91019609094677,0.0,,,,,,,,,,,,,,,,,,,,,,,,,,,,,,,,,,,,,,,,,7.27672972748875e-05,-0.4568297863006592,0.010790403932332993,0.3469091057777405,137765,-20.283000946044922
734.3193636607485,1.0,0.0,0.0,40.924141185183714,0.6109146120305728,0.0,0.2832394976180165,1,0.0,682.8592388136312,0.0,1.2000000000000004,142.97698922878084,0.0,,,,,,,,,,,,,,,,,,,,,,,,,,,,,,,,,,,,,,,,,7.256375748102202e-05,-0.49665117263793945,0.01072619203478098,0.3235558867454529,138966,-20.04521942138672
,,,,,,,,,,,,,,,,,,,,,,12.957619667053223,0.17119553685188293,0.1281796097755432,0.02295493707060814,0.30699729919433594,0.3347559869289398,7.158834934234619,23.88323402404785,0.13077987730503082,28.398277282714844,22.797260284423828,0.29214590787887573,0.1665584295988083,0.2353258728981018,31.18341636657715,0.3650340735912323,0.9990438222885132,0.44302240014076233,1.7858076095581055,0.09202031791210175,0.26496440172195435,0.01280270330607891,18.36337661743164,0.4508814513683319,0.3996141254901886,6.449304580688477,5.202999114990234,0.06687983125448227,1.3468958139419556,20.61323356628418,0.08264756202697754,10.002344131469727,10.205252647399902,7.238891915009951e-05,0.5208004117012024,0.010680586099624634,0.3124904930591583,139999,-20.57135009765625
765.48361052723,0.0,0.0,0.0,41.01694148955981,0.5924795747114783,0.0,0.470117067159581,2,1.0,735.6865694429725,0.0,10.550000000000015,196.3043768500662,0.0,,,,,,,,,,,,,,,,,,,,,,,,,,,,,,,,,,,,,,,,,7.234528502187551e-05,2.3292484283447266,0.010670017451047897,0.2429543286561966,140257,-21.782285690307617
,,,,,,,,,,,,,,,0.19739139080047607,855.45,360,21,150258,368.48868633000006,6935,,,,,,,,,,,,,,,,,,,,,,,,,,,,,,,,,,,,,,,
854.6867308774716,0.0,0.0,0.0,45.077354284751124,0.6646086554257167,0.0,0.4701834862385321,2,1.0,804.7998290797696,0.0,0.0,121.84969893736292,0.0,,,,,,,,,,,,,,,,,,,,,,,,,,,,,,,,,,,,,,,,,7.2128157287518e-05,1.2569849491119385,0.010633382014930248,0.28593313694000244,141542,-20.61761474609375
1247.9401870193767,0.0,0.0,0.0,45.104118777433214,0.6995180420512201,0.0,0.4765129073212019,1,1.0,1117.2242069570348,0.0,6.699999999999984,195.25110707091238,0.0,,,,,,,,,,,,,,,,,,,,,,,,,,,,,,,,,,,,,,,,,7.182742628468751e-05,2.133960723876953,0.0106017692014575,0.2989561855792999,143325,-20.308504104614258
48.80398850129949,0.0,0.0,0.0,22.879967484739037,0.2741797106814578,0.0,0.027415730337078652,0,1.0,56.35273081809282,0.0,8.74999999999999,0.0,0.0,,,,,,,,,,,,,,,,,,,,,,,,,,,,,,,,,,,,,,,,,7.179760696839799e-05,1.8037272691726685,0.010615924373269081,0.30637460947036743,143502,-20.115264892578125
71.28024778886655,1.0,0.0,0.0,29.98428631507115,0.13007344487019443,0.0,0.1323529411764706,0,0.0,227.88646974321455,0.0,0.0,156.99914204712198,0.0,,,,,,,,,,,,,,,,,,,,,,,,,,,,,,,,,,,,,,,,,7.170549289289951e-05,0.7923146486282349,0.010595522820949554,0.31696921586990356,144049,-21.535959243774414
,,,,,,,,,,,,,,,0.19678322970867157,865.07,364,21,154050,386.60865234000005,7108,,,,,,,,,,,,,,,,,,,,,,,,,,,,,,,,,,,,,,,
1230.9035646145003,1.0,0.0,0.0,41.22954510203041,0.6381044917649042,0.0,0.5538140020898642,2,0.0,1104.257343441248,0.0,8.199999999999982,266.34722192414677,0.0,,,,,,,,,,,,,,,,,,,,,,,,,,,,,,,,,,,,,,,,,7.138129504063549e-05,-0.0965089425444603,0.010503076948225498,0.3045496940612793,145977,-19.742210388183594
1521.4834053678553,0.0,0.0,1.0,37.838066887034785,0.5242878722838923,0.0,1.0,6,0.0,1524.5032518813387,0.0,1.0000000000000002,491.9493021731183,0.0,,,,,,,,,,,,,,,,,,,,,,,,,,,,,,,,,,,,,,,,,7.089487877895801e-05,-0.9805824160575867,0.010372810065746307,0.2756679356098175,148878,-21.8173828125
,,,,,,,,,,,,,,,,,,,,,,13.702290534973145,0.16152173280715942,0.12137902528047562,0.020929114893078804,0.34203392267227173,0.36166390776634216,6.9529337882995605,26.969741821289062,0.13413691520690918,26.940166473388672,24.94422721862793,0.3168068528175354,0.17377430200576782,0.23029612004756927,29.8933162689209,0.3416588306427002,0.8889986276626587,0.4142334759235382,1.6502832174301147,0.08817803859710693,0.2381722331047058,0.011290823109447956,18.1326847076416,0.4120792746543884,0.37966325879096985,6.022369384765625,5.004443168640137,0.06346702575683594,1.1393983364105225,18.780136108398438,0.07648774981498718,9.55694580078125,10.561456680297852,7.07073671600995e-05,1.5582149028778076,0.010330863296985626,0.29690924286842346,149999,-21.239166259765625
451.49443541317913,1.0,0.0,0.0,31.002314109931195,0.2868452575687288,0.0,0.3617907339927121,1,0.0,677.4966815412045,0.0,1.7000000000000008,143.08560555635526,0.0,,,,,,,,,,,,,,,,,,,,,,,,,,,,,,,,,,,,,,,,,7.06318310783995e-05,0.09614348411560059,0.010302340611815453,0.218629390001297,150451,-23.207632064819336
198.4619701272386,1.0,0.0,0.0,35.192642975964375,0.2696494159337481,0.0,0.20610687022900764,1,0.0,359.4189542271197,0.0,3.5499999999999954,80.09059313561627,0.0,,,,,,,,,,,,,,,,,,,,,,,,,,,,,,,,,,,,,,,,,7.0509088196302e-05,3.876957416534424,0.01026800088584423,0.22562845051288605,151186,-20.467647552490234
,,,,,,,,,,,,,,,0.19560827314853668,893.76,368,21,161187,404.4869533899999,7449,,,,,,,,,,,,,,,,,,,,,,,,,,,,,,,,,,,,,,,
1043.3928366312932,1.0,0.0,0.0,42.75071375095389,0.6397258348444471,0.0,0.396218306832832,4,0.0,968.0787812694907,0.0,2.25,378.3862497904546,0.0,,,,,,,,,,,,,,,,,,,,,,,,,,,,,,,,,,,,,,,,,7.023726646067201e-05,1.6359325647354126,0.010207964107394218,0.29557114839553833,152816,-21.63085174560547
835.3942302400494,0.0,0.0,0.0,37.91280805338727,0.5324373679031545,0.0,0.40140515222482437,3,1.0,825.5584838315845,0.0,1.900000000000001,309.98405976216753,0.0,,,,,,,,,,,,,,,,,,,,,,,,,,,,,,,,,,,,,,,,,6.9976282895872e-05,-0.5507031083106995,0.010157088749110699,0.2439480721950531,154384,-23.95484161376953
456.95977863158197,1.0,0.0,0.0,42.00845402562672,0.6268309720597832,0.0,0.2571090047393365,2,0.0,425.05213650874794,0.0,7.349999999999982,146.8072108783188,0.0,,,,,,,,,,,,,,,,,,,,,,,,,,,,,,,,,,,,,,,,,6.985527826812801e-05,2.9123847484588623,0.010124376974999905,0.3737040162086487,155112,-21.774578094482422
166.21055741628354,1.0,0.0,0.0,32.09668965857108,0.36054350849519207,0.0,0.08535564853556485,0,0.0,205.1843746677041,0.0,0.0,199.44149951307818,0.0,,,,,,,,,,,,,,,,,,,,,,,,,,,,,,,,,,,,,,,,,6.977887367480799e-05,0.5615777969360352,0.010112874209880829,0.5457061529159546,155572,-23.028976440429688
,,,,,,,,,,,,,,,0.19486463069915771,888.13,372,21,165573,406.72514744,7651,,,,,,,,,,,,,,,,,,,,,,,,,,,,,,,,,,,,,,,
184.51193670704941,1.0,0.0,0.0,36.68030917720521,0.5000323487995919,0.0,0.07889215274863617,2,0.0,187.73197877593338,0.0,2.9999999999999973,122.36156349685125,0.0,,,,,,,,,,,,,,,,,,,,,,,,,,,,,,,,,,,,,,,,,6.971778031820001e-05,1.6335500478744507,0.010105899535119534,0.2967246174812317,155940,-22.385406494140625
818.5006170155982,0.0,0.0,0.0,37.03796424669692,0.5280649142036118,0.0,0.5209768315591734,3,1.0,796.760091105476,0.0,15.750000000000089,258.55165670654964,0.0,,,,,,,,,,,,,,,,,,,,,,,,,,,,,,,,,,,,,,,,,6.94609192295395e-05,0.9399297833442688,0.010053633712232113,0.21440410614013672,157489,-23.93649673461914
530.3357309273422,0.0,0.0,0.0,36.99639878672238,0.49425510804039346,0.0,0.29314159292035397,4,1.0,550.9863482741639,0.0,5.399999999999989,290.793007975239,0.0,,,,,,,,,,,,,,,,,,,,,,,,,,,,,,,,,,,,,,,,,6.928343566673951e-05,0.12362069636583328,0.010015709325671196,0.2759173512458801,158561,-22.317581176757812
,,,,,,,,,,,,,,,,,,,,,,13.479734420776367,0.16895020008087158,0.12587526440620422,0.02193310484290123,0.33030518889427185,0.3550322651863098,7.476244926452637,26.31474494934082,0.12461361289024353,27.03934097290039,24.06083869934082,0.297396719455719,0.1691989004611969,0.21610911190509796,30.384729385375977,0.33940035104751587,0.9685613512992859,0.42142972350120544,1.747366189956665,0.0938425362110138,0.23810623586177826,0.01197160966694355,17.484275817871094,0.4036226272583008,0.37556126713752747,6.835829257965088,4.973132610321045,0.0624232292175293,1.136861801147461,18.96944236755371,0.08449219912290573,10.183919906616211,10.081846237182617,6.90457151700995e-05,1.1208469867706299,0.009937836788594723,0.2521286606788635,159999,-22.573734283447266
874.3017800618053,0.0,0.0,0.0,39.19045955610873,0.5551122413090828,0.0,0.4165120593692022,2,1.0,856.8753595957533,0.0,32.55000000000029,113.8820873430078,0.0,,,,,,,,,,,,,,,,,,,,,,,,,,,,,,,,,,,,,,,,,6.90232538633875e-05,1.7881946563720703,0.009935634210705757,0.3401116132736206,160135,-21.853830337524414
,,,,,,,,,,,,,,,0.19398336112499237,866.7,376,21,170136,409.95646938,7860,,,,,,,,,,,,,,,,,,,,,,,,,,,,,,,,,,,,,,,
1075.4630022737783,1.0,0.0,0.0,40.517908092637256,0.6191496846711447,0.0,0.3814814814814815,4,0.0,977.2548145633191,0.0,5.299999999999989,309.96688949887226,0.0,,,,,,,,,,,,,,,,,,,,,,,,,,,,,,,,,,,,,,,,,6.873686524377951e-05,2.068096399307251,0.009910622611641884,0.41879191994667053,161871,-22.01491355895996
256.38962112780575,1.0,0.0,0.0,37.75746055744911,0.5501923200167506,0.0,0.10107991360691145,1,0.0,244.18618597649038,0.0,4.6499999999999915,71.7581091202475,0.0,,,,,,,,,,,,,,,,,,,,,,,,,,,,,,,,,,,,,,,,,6.8660255841152e-05,0.3781612515449524,0.00990174151957035,0.23863857984542847,162336,-22.98395538330078
674.1291323208122,0.0,0.0,0.0,42.88169513266085,0.5467389556535379,0.0,0.46924969249692494,1,1.0,734.021129003726,0.0,0.9500000000000003,170.82158911258634,0.0,,,,,,,,,,,,,,,,,,,,,,,,,,,,,,,,,,,,,,,,,6.8457490137088e-05,0.6457975506782532,0.009897766634821892,0.2561068534851074,163568,-23.873981475830078
996.9541537136696,0.0,0.0,0.0,31.333398747975426,0.4539864087949315,0.0,0.5022692889561271,2,1.0,955.2316412571818,0.0,51.799999999999194,330.1153750122195,0.0,,,,,,,,,,,,,,,,,,,,,,,,,,,,,,,,,,,,,,,,,6.80969799008155e-05,1.1866285800933838,0.009852336719632149,0.27130910754203796,165763,-21.475074768066406
,,,,,,,,,,,,,,,0.19306030869483948,905.43,380,21,175764,434.2045222699999,8133,,,,,,,,,,,,,,,,,,,,,,,,,,,,,,,,,,,,,,,
2066.1295884464835,0.0,0.0,1.0,45.59320094225596,0.7612857731932511,0.0,1.0,2,0.0,1718.0809531966224,0.0,3.4499999999999957,91.64675044500802,0.0,,,,,,,,,,,,,,,,,,,,,,,,,,,,,,,,,,,,,,,,,6.765271741631201e-05,0.6110461354255676,0.009776159189641476,0.2067636251449585,168476,-22.669523239135742
319.1139251165438,1.0,0.0,0.0,39.04999684623472,0.5483057132586663,0.0,0.19898926089703095,2,0.0,315.35354716703296,0.0,0.15000000000000002,203.7650334300472,0.0,,,,,,,,,,,,,,,,,,,,,,,,,,,,,,,,,,,,,,,,,6.75577672202755e-05,3.031648635864258,0.009757093153893948,0.1982734054327011,169057,-22.052947998046875
242.78212576649955,0.0,0.0,0.0,40.679355604116246,0.5232373400140077,0.0,0.15198237885462554,0,1.0,261.9318983461708,0.0,12.500000000000043,0.0,0.0,,,,,,,,,,,,,,,,,,,,,,,,,,,,,,,,,,,,,,,,,6.74821493248e-05,-0.33119648694992065,0.009739642962813377,0.1968439221382141,169520,-23.305858612060547
119.30759567286589,1.0,0.0,0.0,37.26765415710246,0.4386308664443599,0.0,0.06844919786096257,0,0.0,140.44297443889081,0.0,0.0,105.83944376983057,0.0,,,,,,,,,,,,,,,,,,,,,,,,,,,,,,,,,,,,,,,,,6.743790896625949e-05,2.7225515842437744,0.00974090676754713,0.2634132504463196,169791,-22.591915130615234
,,,,,,,,,,,,,,,0.1924089640378952,902.36,384,21,179792,442.96729343000004,8317,,,,,,,,,,,,,,,,,,,,,,,,,,,,,,,,,,,,,,,
,,,,,,,,,,,,,,,,,,,,,,13.535186767578125,0.15960752964019775,0.10705025494098663,0.02281595766544342,0.31229519844055176,0.3357406258583069,7.331584453582764,24.937206268310547,0.1345067024230957,27.699909210205078,27.632736206054688,0.35068464279174805,0.16950470209121704,0.21655434370040894,28.723825454711914,0.3468932509422302,1.2735979557037354,0.3993458151817322,1.8218860626220703,0.09181535243988037,0.2440321445465088,0.016163121908903122,17.063730239868164,0.4135100245475769,0.36453157663345337,6.27226448059082,5.187925338745117,0.0649697482585907,1.231635332107544,19.48630714416504,0.07960076630115509,8.435189247131348,10.598661422729492,6.74039631800995e-05,1.1913448572158813,0.009728554636240005,0.23924298584461212,169999,-24.599483489990234
88.80008347519296,1.0,0.0,0.0,30.851024832818123,0.29600027825064323,0.0,0.05831435079726652,1,0.0,128.3438899910543,0.0,1.6000000000000008,83.41715912494385,0.0,,,,,,,,,,,,,,,,,,,,,,,,,,,,,,,,,,,,,,,,,6.738911460595002e-05,-1.372354507446289,0.009724872186779976,0.1971128284931183,170090,-23.757671356201172
280.5476080045401,1.0,0.0,0.0,25.879374618407496,0.3269785641078556,0.0,0.19255014326647565,0,0.0,308.1421467275359,0.0,31.000000000000306,66.63205583584389,0.0,,,,,,,,,,,,,,,,,,,,,,,,,,,,,,,,,,,,,,,,,6.724935777249551e-05,0.25397589802742004,0.009706063196063042,0.3035314083099365,170947,-24.290830612182617
809.3304220646389,0.0,0.0,0.0,45.07403092395465,0.6841339155237861,0.0,0.3575282000980873,1,1.0,740.2829402964562,0.0,12.150000000000038,106.10034734742514,0.0,,,,,,,,,,,,,,,,,,,,,,,,,,,,,,,,,,,,,,,,,6.70568407777795e-05,-13.46493911743164,0.009672082029283047,0.1993909478187561,172129,-21.305362701416016
635.9375899789167,0.0,0.0,0.0,33.35104883653338,0.43707050857657503,0.0,0.3330175272382757,2,1.0,673.4838702008128,0.0,6.199999999999986,332.33276470023657,0.0,,,,,,,,,,,,,,,,,,,,,,,,,,,,,,,,,,,,,,,,,6.68204034299555e-05,0.22721616923809052,0.009634039364755154,0.25623655319213867,173583,-21.354385375976562
,,,,,,,,,,,,,,,0.19181714951992035,894.14,388,21,183584,444.79232692,8496,,,,,,,,,,,,,,,,,,,,,,,,,,,,,,,,,,,,,,,
306.8184523755328,1.0,0.0,0.0,37.692092735874446,0.5345269205148655,0.0,0.14850574712643677,1,0.0,300.2739038290456,0.0,2.0500000000000007,86.33168449969887,0.0,,,,,,,,,,,,,,,,,,,,,,,,,,,,,,,,,,,,,,,,,6.6727342517432e-05,1.9421801567077637,0.009621496312320232,0.23513416945934296,174156,-23.10578155517578
359.8225017555116,1.0,0.0,0.0,43.01444239646281,0.553573079623864,0.0,0.19812362030905079,1,0.0,388.0194643214345,0.0,8.79999999999999,73.53867034715257,0.0,,,,,,,,,,,,,,,,,,,,,,,,,,,,,,,,,,,,,,,,,6.66220173584875e-05,-2.8464791774749756,0.009612738154828548,0.2255145162343979,174805,-24.686832427978516
479.06920666516066,1.0,0.0,0.0,34.702802636360104,0.4536640214632203,0.0,0.20394173093401885,3,0.0,508.58215929940343,0.0,2.799999999999998,292.15244066360174,0.0,,,,,,,,,,,,,,,,,,,,,,,,,,,,,,,,,,,,,,,,,6.64509819902e-05,1.7074319124221802,0.00962051935493946,0.4070119857788086,175860,-23.63996696472168
133.17312476302988,1.0,0.0,0.0,41.73891722453488,0.5619119188313497,0.0,0.05897771952817824,0,0.0,137.0931575661525,0.0,0.7000000000000001,22.493212951883464,0.0,,,,,,,,,,,,,,,,,,,,,,,,,,,,,,,,,,,,,,,,,6.6412752260992e-05,2.056837320327759,0.009623442776501179,0.2017759084701538,176096,-24.366397857666016
,,,,,,,,,,,,,,,0.19148452579975128,874.84,392,21,186097,433.4546230899999,8609,,,,,,,,,,,,,,,,,,,,,,,,,,,,,,,,,,,,,,,
849.3998875394464,1.0,0.0,0.0,40.625025115715054,0.5754741785497604,0.0,0.38061674008810575,2,0.0,832.259028179571,0.0,3.399999999999996,297.68028878227375,0.0,,,,,,,,,,,,,,,,,,,,,,,,,,,,,,,,,,,,,,,,,6.617406756407951e-05,2.092406988143921,0.00960136391222477,0.22925767302513123,177571,-23.422849655151367
12.147285088178172,1.0,0.0,0.0,29.331372909170277,0.12147285088178172,0.0,0.023549684089603676,0,0.0,40.49930527736433,0.0,1.900000000000001,8.5717292825317,0.0,,,,,,,,,,,,,,,,,,,,,,,,,,,,,,,,,,,,,,,,,6.615806287555e-05,2.5873522758483887,0.009591561742126942,0.27922117710113525,177670,-24.06049346923828
129.834080835279,1.0,0.0,0.0,33.347081807998435,0.3547379257794508,0.0,0.07702888583218707,0,0.0,169.20596126979217,0.0,2.1500000000000004,144.4608534800545,0.0,,,,,,,,,,,,,,,,,,,,,,,,,,,,,,,,,,,,,,,,,6.609907254188751e-05,2.1715054512023926,0.009587830863893032,0.37209266424179077,178035,-24.08359718322754
228.34821372955076,1.0,0.0,0.0,44.034961004761314,0.6505647114802016,0.0,0.13503422526446796,0,0.0,214.40319054666907,0.0,0.0,7.0740479019298075,0.0,,,,,,,,,,,,,,,,,,,,,,,,,,,,,,,,,,,,,,,,,6.60425313683875e-05,1.4571638107299805,0.00958272535353899,0.3264484405517578,178385,-24.24209976196289
,,,,,,,,,,,,,,,0.19114072620868683,884.38,396,21,188386,439.7412954400001,8717,,,,,,,,,,,,,,,,,,,,,,,,,,,,,,,,,,,,,,,
160.60951378926063,0.0,0.0,0.0,41.56335150427924,0.6201139528542882,0.0,0.08346213292117466,0,1.0,149.27182792127132,0.0,5.1999999999999895,0.0,0.0,,,,,,,,,,,,,,,,,,,,,,,,,,,,,,,,,,,,,,,,,6.60008680541755e-05,-0.36679503321647644,0.009569752030074596,0.3089596629142761,178643,-22.857017517089844
163.14299178568965,0.0,0.0,0.0,39.13817369082513,0.534895055035048,1.0,0.07739499764039641,2,0.0,165.6087844958529,0.0,0.0,132.98841422239272,0.0,,,,,,,,,,,,,,,,,,,,,,,,,,,,,,,,,,,,,,,,,6.595179339649551e-05,0.34753820300102234,0.009537586010992527,0.2914893627166748,178947,-21.969837188720703
,,,,,,,,,,,,,,,,,,,,,,14.044798851013184,0.16578327119350433,0.12912726402282715,0.02414778061211109,0.3183738887310028,0.3463726043701172,7.084162712097168,25.483165740966797,0.13609755039215088,26.856184005737305,23.97574806213379,0.31628653407096863,0.17546868324279785,0.2476583868265152,30.251392364501953,0.3355276882648468,1.014257788658142,0.4367625117301941,1.9328277111053467,0.08850597590208054,0.2413686215877533,0.013380023650825024,18.773468017578125,0.40377122163772583,0.3990744352340698,5.880062580108643,5.279319763183594,0.06595717370510101,1.1657135486602783,19.319538116455078,0.07756941020488739,9.788348197937012,10.316722869873047,6.57821111900995e-05,-2.407288074493408,0.009501480497419834,0.24293580651283264,179999,-24.955665588378906
2163.4343703802288,0.0,0.0,1.0,43.04245156950674,0.6999140635329113,0.0,1.0,2,0.0,1847.1396440034732,0.0,8.249999999999982,201.0777273773815,0.0,,,,,,,,,,,,,,,,,,,,,,,,,,,,,,,,,,,,,,,,,6.54540188322155e-05,0.809154748916626,0.00944861862808466,0.21054784953594208,182037,-24.908458709716797
273.8881842455794,1.0,0.0,0.0,42.60829906930734,0.650565758303039,0.0,0.13576333861595352,0,0.0,248.9838673947379,0.0,4.94999999999999,0.0,0.0,,,,,,,,,,,,,,,,,,,,,,,,,,,,,,,,,,,,,,,,,6.53865068364755e-05,-1.4133386611938477,0.00943739339709282,0.21803727746009827,182457,-22.93830680847168
,,,,,,,,,,,,,,,0.19049851596355438,902.37,400,21,192458,460.06568378,8911,,,,,,,,,,,,,,,,,,,,,,,,,,,,,,,,,,,,,,,
279.6060822063915,1.0,0.0,0.0,34.329406498107204,0.4179463112203161,0.0,0.13785154449054865,0,0.0,318.6665687188506,0.0,2.9499999999999975,178.7800169237829,0.0,,,,,,,,,,,,,,,,,,,,,,,,,,,,,,,,,,,,,,,,,6.527920292968751e-05,-3.063974380493164,0.009436133317649364,0.1971641480922699,183125,-25.621551513671875
99.22575244725581,1.0,0.0,0.0,39.069935086620426,0.45937848355211025,0.0,0.060888645090510146,0,0.0,116.90389444679022,0.0,2.3999999999999995,41.70745330135195,0.0,,,,,,,,,,,,,,,,,,,,,,,,,,,,,,,,,,,,,,,,,6.52446853822e-05,-0.021835073828697205,0.00942162424325943,0.21464872360229492,183340,-24.03264617919922
220.9301346268183,0.0,0.0,0.0,40.03719351052562,0.6019894676480063,0.0,0.12992357436801882,0,1.0,203.84273224975914,0.0,7.4499999999999815,0.0,0.0,,,,,,,,,,,,,,,,,,,,,,,,,,,,,,,,,,,,,,,,,6.518594643638202e-05,1.9112262725830078,0.009412356652319431,0.2583391070365906,183706,-24.27439308166504
32.81787257655172,1.0,0.0,0.0,34.923426619046026,0.09884901378479434,0.0,0.09993792675356922,0,0.0,160.76819249987602,0.0,6.149999999999986,30.002383781913746,0.0,,,,,,,,,,,,,,,,,,,,,,,,,,,,,,,,,,,,,,,,,6.51328475582155e-05,2.5499236583709717,0.009392119012773037,0.362062007188797,184037,-22.30725860595703
,,,,,,,,,,,,,,,0.19026713073253632,904.59,404,21,194038,460.35298937000005,8982,,,,,,,,,,,,,,,,,,,,,,,,,,,,,,,,,,,,,,,
342.95342640586387,0.0,0.0,0.0,40.74423027577286,0.6168227093630645,0.0,0.2057142857142857,0,1.0,314.3403100091964,0.0,11.400000000000027,0.0,0.0,,,,,,,,,,,,,,,,,,,,,,,,,,,,,,,,,,,,,,,,,6.504386362316801e-05,-4.695230960845947,0.009393727406859398,0.28002214431762695,184592,-23.88976287841797
271.28370746729144,1.0,0.0,0.0,39.20869904704719,0.4173595499496791,0.0,0.19337979094076654,1,0.0,353.6921146167442,0.0,8.14999999999998,103.14183471482563,0.0,,,,,,,,,,,,,,,,,,,,,,,,,,,,,,,,,,,,,,,,,6.49398862840595e-05,-3.8884313106536865,0.009387458674609661,0.26764586567878723,185241,-23.492095947265625
500.24466669403796,1.0,0.0,0.0,36.72604984529496,0.5052976431252909,0.0,0.26659908768373036,4,0.0,504.47622023546137,0.0,2.5999999999999988,346.8484199485906,0.0,,,,,,,,,,,,,,,,,,,,,,,,,,,,,,,,,,,,,,,,,6.478159818355e-05,1.3263460397720337,0.009362013079226017,0.24066162109375,186230,-24.47981834411621
1737.0003001686482,1.0,0.0,0.0,43.289824375240755,0.6344047845758394,0.0,0.8742857142857143,2,0.0,1645.7708376105875,0.0,12.500000000000043,276.15594278686893,0.0,,,,,,,,,,,,,,,,,,,,,,,,,,,,,,,,,,,,,,,,,6.43445597753555e-05,-1.2119486331939697,0.00937571469694376,0.2765992283821106,188967,-24.310293197631836
,,,,,,,,,,,,,,,0.18946394324302673,910.99,408,21,198968,464.71544139,9211,,,,,,,,,,,,,,,,,,,,,,,,,,,,,,,,,,,,,,,
,,,,,,,,,,,,,,,,,,,,,,13.552194595336914,0.1550319790840149,0.11359080672264099,0.02267126739025116,0.30063968896865845,0.323072612285614,7.630387783050537,24.37731170654297,0.1384640783071518,27.77581214904785,26.174283981323242,0.33825334906578064,0.1671360433101654,0.2381206452846527,28.71562957763672,0.3425526022911072,1.1238343715667725,0.4108283817768097,1.8382954597473145,0.09410378336906433,0.23828811943531036,0.014523444697260857,18.425945281982422,0.3986383080482483,0.3710954785346985,6.056122303009033,5.504446983337402,0.06788505613803864,1.2338969707489014,19.32154655456543,0.07826398313045502,8.7897367477417,10.714447975158691,6.41801592000995e-05,-7.929494857788086,0.009370222687721252,0.24742040038108826,189999,-24.46291732788086
505.6752571708548,1.0,0.0,0.0,36.467981152989374,0.488575127701309,0.0,0.3562700964630225,2,0.0,523.7781262760982,0.0,10.25000000000001,208.8816483284735,0.0,,,,,,,,,,,,,,,,,,,,,,,,,,,,,,,,,,,,,,,,,6.41798408000995e-05,2.282759666442871,0.00936930626630783,0.32888633012771606,190001,-23.834453582763672
146.42762828349066,1.0,0.0,0.0,36.33414381941107,0.4663300263805435,0.0,0.0756385068762279,0,0.0,158.2430361509323,0.0,1.5500000000000007,57.415243693888634,0.0,,,,,,,,,,,,,,,,,,,,,,,,,,,,,,,,,,,,,,,,,6.4130021010302e-05,1.0518627166748047,0.00935735460370779,0.29517269134521484,190314,-22.426799774169922
1091.9974935936505,0.0,0.0,0.0,37.471137462771,0.5487424590922867,0.0,0.4434854089601315,6,1.0,1034.8031475569587,0.0,14.45000000000007,483.7612984408963,0.0,,,,,,,,,,,,,,,,,,,,,,,,,,,,,,,,,,,,,,,,,6.38138901289955e-05,-10.263679504394531,0.009311540052294731,0.26425081491470337,192303,-24.08333969116211
541.5073543793807,0.0,0.0,0.0,35.523422112302164,0.557680076600804,0.0,0.3183259353202283,1,1.0,478.8002136722207,0.0,27.90000000000026,48.01138408279692,0.0,,,,,,,,,,,,,,,,,,,,,,,,,,,,,,,,,,,,,,,,,6.36600042966355e-05,1.675474762916565,0.009257236495614052,0.22048214077949524,193273,-24.472476959228516
,,,,,,,,,,,,,,,0.1887795776128769,932.23,412,21,203274,479.81923323999996,9408,,,,,,,,,,,,,,,,,,,,,,,,,,,,,,,,,,,,,,,
286.5429021075196,1.0,0.0,0.0,35.72595952574118,0.37505615459099423,0.0,0.1926605504587156,2,0.0,378.7926239762455,0.0,2.4499999999999993,221.2054307125235,0.0,,,,,,,,,,,,,,,,,,,,,,,,,,,,,,,,,,,,,,,,,6.353908958495201e-05,-1.494415521621704,0.009262442588806152,0.24539239704608917,194036,-23.70783233642578
1696.644826279265,1.0,0.0,0.0,43.579726791957036,0.6819312002730166,0.0,0.8362350380848749,2,0.0,1505.4845459647477,0.0,10.300000000000011,138.2062551251532,0.0,,,,,,,,,,,,,,,,,,,,,,,,,,,,,,,,,,,,,,,,,6.31457720781355e-05,1.7460840940475464,0.009166656993329525,0.23871636390686035,196523,-23.956390380859375
78.74270701112363,1.0,0.0,0.0,35.69224626094908,0.38599366181923345,0.0,0.044650751547303275,0,0.0,100.88894733879715,0.0,3.599999999999995,46.657948227719196,0.0,,,,,,,,,,,,,,,,,,,,,,,,,,,,,,,,,,,,,,,,,6.311372208806201e-05,1.9996325969696045,0.009149500168859959,0.16271059215068817,196726,-25.79016876220703
243.95461429687225,1.0,0.0,0.0,39.57487777380628,0.5569740052440005,0.0,0.09770860354517942,1,0.0,240.4555311575532,0.0,0.0,112.52233227816704,0.0,,,,,,,,,,,,,,,,,,,,,,,,,,,,,,,,,,,,,,,,,6.30447556026155e-05,-0.1051245927810669,0.009117715992033482,0.22784574329853058,197163,-24.317703247070312
,,,,,,,,,,,,,,,0.18825829029083252,949.94,416,21,207164,495.62295319,9585,,,,,,,,,,,,,,,,,,,,,,,,,,,,,,,,,,,,,,,
565.7659736171444,1.0,0.0,0.0,35.062636312795725,0.48688982238996936,0.0,0.3512099411379987,2,0.0,565.513779476285,0.0,2.3,340.62176296347764,0.0,,,,,,,,,,,,,,,,,,,,,,,,,,,,,,,,,,,,,,,,,6.286171345311201e-05,2.583695411682129,0.009089265018701553,0.22107884287834167,198324,-23.69214630126953
-10.491350199975702,1.0,0.0,0.0,22.810339362617754,-0.19075182181774003,0.0,0.009610250934329953,0,0.0,17.234053626656532,0.0,0.0,0.0,0.0,,,,,,,,,,,,,,,,,,,,,,,,,,,,,,,,,,,,,,,,,6.285320639295801e-05,1.4131711721420288,0.009096884168684483,0.23822073638439178,198378,-23.974050521850586
346.59336401113177,1.0,0.0,0.0,41.67891321971915,0.6290260689857201,0.0,0.13167259786476868,1,0.0,318.6919285347685,0.0,4.049999999999994,70.20860610330719,0.0,,,,,,,,,,,,,,,,,,,,,,,,,,,,,,,,,,,,,,,,,6.2766593463808e-05,0.821756899356842,0.009091358631849289,0.2897787094116211,198928,-23.973388671875
259.99354499498673,1.0,0.0,0.0,40.227951350095246,0.5615411338984595,0.0,0.12404677173360447,2,0.0,258.40256892424077,0.0,0.0,153.2296627825725,0.0,,,,,,,,,,,,,,,,,,,,,,,,,,,,,,,,,,,,,,,,,6.269388512395001e-05,2.3481898307800293,0.009083074517548084,0.2123156189918518,199390,-24.686752319335938
,,,,,,,,,,,,,,,0.18798092007637024,951.0,420,21,209391,495.40490187999995,9687,,,,,,,,,,,,,,,,,,,,,,,,,,,,,,,,,,,,,,,
,,,,,,,,,,,,,,,,,,,,,,13.887099266052246,0.15098462998867035,0.11723858118057251,0.022474106401205063,0.2791886329650879,0.30434173345565796,8.08615779876709,23.423372268676758,0.1334926337003708,27.891550064086914,27.357345581054688,0.3634241223335266,0.16552355885505676,0.24803225696086884,28.67813491821289,0.3324458599090576,1.2492389678955078,0.4076167643070221,1.8855328559875488,0.0963808000087738,0.23579975962638855,0.016595307737588882,18.671035766601562,0.3822356164455414,0.38096994161605835,5.170042037963867,5.043156623840332,0.060110561549663544,1.2559422254562378,19.783132553100586,0.06868056952953339,8.825325965881348,10.048876762390137,6.25981072100995e-05,1.300443410873413,0.009069764986634254,0.2312433421611786,199999,-26.160140991210938
1193.7798565504265,1.0,0.0,0.0,38.78819713990727,0.5319874583558051,0.0,0.6726224783861672,4,0.0,1208.6085530053824,0.0,11.700000000000031,392.10147127142625,0.0,,,,,,,,,,,,,,,,,,,,,,,,,,,,,,,,,,,,,,,,,6.234149140555551e-05,4.078198432922363,0.009040948003530502,0.24350428581237793,201633,-24.46497344970703
1060.897974520608,0.0,0.0,0.0,46.20693380007835,0.7665447792778959,0.0,0.4520408163265306,0,1.0,887.8943283539265,0.0,7.349999999999982,0.0,0.0,,,,,,,,,,,,,,,,,,,,,,,,,,,,,,,,,,,,,,,,,6.2124709717472e-05,-1.0269497632980347,0.009015947580337524,0.21926097571849823,203016,-25.193178176879883
68.15817917202337,1.0,0.0,0.0,33.11979087628846,0.2581749211061491,0.0,0.07771355170199101,0,0.0,121.08550536376424,0.0,1.2000000000000004,110.90393067133121,0.0,,,,,,,,,,,,,,,,,,,,,,,,,,,,,,,,,,,,,,,,,6.20835282181795e-05,1.333491325378418,0.009008904919028282,0.2334277331829071,203279,-24.229145050048828
572.5812048921774,1.0,0.0,0.0,40.11419271109199,0.5463561115383372,0.0,0.4006578947368421,2,0.0,583.6191790415905,0.0,6.649999999999984,167.62983281094145,0.0,,,,,,,,,,,,,,,,,,,,,,,,,,,,,,,,,,,,,,,,,6.1919721610462e-05,-0.6950332522392273,0.00898054614663124,0.26220110058784485,204326,-24.194990158081055
,,,,,,,,,,,,,,,0.18734264373779297,949.57,424,21,214327,498.18222406,9920,,,,,,,,,,,,,,,,,,,,,,,,,,,,,,,,,,,,,,,
1223.1302885864493,1.0,0.0,0.0,34.526826762255176,0.43761369895758473,0.0,0.7678767876787679,2,0.0,1339.6882644155994,0.0,43.849999999999646,241.53669620176234,0.0,,,,,,,,,,,,,,,,,,,,,,,,,,,,,,,,,,,,,,,,,6.148365889280002e-05,2.4175775051116943,0.00892092939466238,0.20562562346458435,207120,-23.905166625976562
137.57699976020604,0.0,0.0,0.0,34.19008323520487,0.4555529793384306,0.0,0.0650994575045208,0,1.0,143.1036098897457,0.0,1.900000000000001,28.31177862597131,0.0,,,,,,,,,,,,,,,,,,,,,,,,,,,,,,,,,,,,,,,,,6.14367741784795e-05,2.0870537757873535,0.008915962651371956,0.2779400944709778,207421,-24.281280517578125
20.81431924140673,1.0,0.0,0.0,27.201737055178878,0.1253874653096791,0.0,0.03492552645095018,0,0.0,62.372638317756355,0.0,0.44999999999999996,19.321716465489022,0.0,,,,,,,,,,,,,,,,,,,,,,,,,,,,,,,,,,,,,,,,,6.1411080905902e-05,-2.2701923847198486,0.008911393582820892,0.23162426054477692,207586,-24.939157485961914
1431.3527551197726,1.0,0.0,0.0,44.79783673746868,0.6602180604796,0.0,0.6946645536185948,4,0.0,1348.5278376312926,0.0,4.94999999999999,243.91648549822443,0.0,,,,,,,,,,,,,,,,,,,,,,,,,,,,,,,,,,,,,,,,,6.107414541039551e-05,-2.901920795440674,0.008916111662983894,0.2531081438064575,209753,-24.565624237060547
,,,,,,,,,,,,,,,0.18658488988876343,968.89,428,21,219754,513.19714457,10170,,,,,,,,,,,,,,,,,,,,,,,,,,,,,,,,,,,,,,,
,,,,,,,,,,,,,,,,,,,,,,14.906998634338379,0.14908725023269653,0.11071547865867615,0.02329295687377453,0.27717190980911255,0.3056585192680359,7.794748306274414,23.116779327392578,0.13306209444999695,26.912622451782227,25.817256927490234,0.3291233777999878,0.17873603105545044,0.24764493107795715,28.857097625732422,0.3226843476295471,1.1489510536193848,0.41385483741760254,1.9426864385604858,0.0934596136212349,0.2355116605758667,0.014647049829363823,19.425884246826172,0.3810220956802368,0.367875874042511,5.628278732299805,5.68394660949707,0.06815094500780106,1.2465612888336182,19.6422176361084,0.07175038754940033,8.684797286987305,10.437721252441406,6.10359552200995e-05,-6.740985870361328,0.008916851133108139,0.24263893067836761,209999,-25.222721099853516
184.8028185777391,0.0,0.0,0.0,42.01952846287765,0.6769334013836596,0.0,0.064464141821112,0,1.0,159.06094372086227,0.0,4.94999999999999,0.0,0.0,,,,,,,,,,,,,,,,,,,,,,,,,,,,,,,,,,,,,,,,,6.10319195621875e-05,0.0802672728896141,0.008913437835872173,0.20875000953674316,210025,-25.591732025146484
441.2797899615177,0.0,0.0,0.0,43.37442928732933,0.7117415967121253,0.0,0.2385377942998761,1,1.0,373.23879726510495,0.0,7.249999999999982,36.39801767456593,0.0,,,,,,,,,,,,,,,,,,,,,,,,,,,,,,,,,,,,,,,,,6.0935879586231994e-05,2.5223445892333984,0.008909587748348713,0.26757270097732544,210644,-25.08702850341797
611.3904654597302,1.0,0.0,0.0,31.14156725392686,0.46778153439918146,0.0,0.22637547249055018,2,0.0,564.9116307040676,0.0,33.45000000000024,188.60651576803915,0.0,,,,,,,,,,,,,,,,,,,,,,,,,,,,,,,,,,,,,,,,,6.073349934875001e-05,-6.324368476867676,0.0088705625385046,0.18861337006092072,211950,-26.46005630493164
729.028979084862,1.0,0.0,0.0,40.574768720375076,0.5767634328203023,0.0,0.3967505241090147,1,0.0,712.0851099092979,0.0,11.400000000000027,199.939456973403,0.0,,,,,,,,,,,,,,,,,,,,,,,,,,,,,,,,,,,,,,,,,6.0538105315215494e-05,2.3699593544006348,0.008871331810951233,0.2637939453125,213213,-24.56678009033203
,,,,,,,,,,,,,,,0.18608394265174866,973.58,432,21,223214,522.55661491,10324,,,,,,,,,,,,,,,,,,,,,,,,,,,,,,,,,,,,,,,
203.51410629671778,1.0,0.0,0.0,34.34491619155161,0.24668376520814278,0.0,0.1980104216011369,1,0.0,392.8860020041466,0.0,2.9999999999999973,135.65998513669732,0.0,,,,,,,,,,,,,,,,,,,,,,,,,,,,,,,,,,,,,,,,,6.04107984482155e-05,-1.9976742267608643,0.008857784792780876,0.24203495681285858,214037,-24.93805503845215
277.0407071907172,1.0,0.0,0.0,40.275080765201295,0.5120900317758175,0.0,0.11929677689409796,1,0.0,302.28844988159835,0.0,1.4000000000000006,163.01280174319282,0.0,,,,,,,,,,,,,,,,,,,,,,,,,,,,,,,,,,,,,,,,,6.03274424784355e-05,1.6526424884796143,0.008827135898172855,0.24616077542304993,214577,-24.299890518188477
117.83280837388241,0.0,0.0,0.0,37.40729704200718,0.5430083335201955,0.0,0.05685920577617329,0,1.0,112.48471748968586,0.0,6.099999999999986,0.0,0.0,,,,,,,,,,,,,,,,,,,,,,,,,,,,,,,,,,,,,,,,,6.0294116338475504e-05,-0.0459153950214386,0.008825949393212795,0.21371117234230042,214793,-25.097145080566406
997.0860665159266,1.0,0.0,0.0,41.98356034425509,0.6705353507168302,0.0,0.4682454251883746,3,0.0,866.6833382826298,0.0,20.75000000000016,186.24642882892826,0.0,,,,,,,,,,,,,,,,,,,,,,,,,,,,,,,,,,,,,,,,,6.00650964911795e-05,1.0442110300064087,0.00878587830811739,0.20073862373828888,216279,-24.135448455810547
,,,,,,,,,,,,,,,0.18560051918029785,954.35,436,21,226280,508.71361558000007,10463,,,,,,,,,,,,,,,,,,,,,,,,,,,,,,,,,,,,,,,
-11.638157995147228,1.0,0.0,0.0,22.917330257539742,-0.19725691517198693,0.0,0.00878048780487805,0,0.0,18.57557976618409,0.0,0.0,0.0,0.0,,,,,,,,,,,,,,,,,,,,,,,,,,,,,,,,,,,,,,,,,6.005616653811551e-05,2.0406575202941895,0.008780019357800484,0.1836903989315033,216337,-23.947349548339844
178.2201320071352,1.0,0.0,0.0,36.21961052195368,0.14122038986302313,0.0,0.30532212885154064,1,0.0,634.3444705406437,0.0,9.5,146.20723834399215,0.0,,,,,,,,,,,,,,,,,,,,,,,,,,,,,,,,,,,,,,,,,5.986218253559801e-05,2.577509880065918,0.008767113089561462,0.2606283724308014,217598,-24.150711059570312
,,,,,,,,,,,,,,,,,,,,,,13.698854446411133,0.16416817903518677,0.12632574141025543,0.023700259625911713,0.27849864959716797,0.3058803975582123,8.18189525604248,23.41753578186035,0.14879152178764343,26.99294662475586,24.881328582763672,0.3270614743232727,0.162916898727417,0.24332380294799805,28.191492080688477,0.32102009654045105,1.477266788482666,0.41511279344558716,1.992834210395813,0.09730514883995056,0.2392233908176422,0.01941845752298832,18.510953903198242,0.3805044889450073,0.3705730736255646,6.009305953979492,5.600852966308594,0.06660948693752289,1.2439649105072021,20.11507797241211,0.07899145781993866,9.61028003692627,11.31937313079834,5.949370323009949e-05,1.4084491729736328,0.00870101060718298,0.2512766122817993,219999,-24.73859405517578
1837.433290304508,0.0,0.0,0.0,44.930202231690565,0.7146765034245461,0.0,0.788712011577424,2,1.0,1603.9417390506715,0.0,16.300000000000097,142.02169457300974,0.0,,,,,,,,,,,,,,,,,,,,,,,,,,,,,,,,,,,,,,,,,5.9467810168288e-05,2.4058656692504883,0.008704795502126217,0.19087129831314087,220168,-24.990034103393555
251.55998224028366,0.0,0.0,0.0,32.526376693044845,0.4164900368216617,0.0,0.12241303390576838,0,1.0,272.52412617672235,0.0,6.149999999999986,76.04009397264167,0.0,,,,,,,,,,,,,,,,,,,,,,,,,,,,,,,,,,,,,,,,,5.93754688168795e-05,3.160766124725342,0.008689268492162228,0.22223249077796936,220771,-24.924854278564453
,,,,,,,,,,,,,,,0.1849367618560791,970.83,440,21,230772,518.7474726,10673,,,,,,,,,,,,,,,,,,,,,,,,,,,,,,,,,,,,,,,
1284.950467454424,0.0,0.0,0.0,29.66145274215367,0.471368476689077,0.0,0.4620024125452352,0,1.0,1122.701484683901,0.0,116.04999999999555,0.0,0.0,,,,,,,,,,,,,,,,,,,,,,,,,,,,,,,,,,,,,,,,,5.895907401059199e-05,2.3232202529907227,0.008657047525048256,0.16315697133541107,223496,-23.251455307006836
896.4190806828865,0.0,0.0,0.0,27.920701037016208,0.43663861699117706,0.0,0.5210526315789473,0,1.0,795.7698186505586,0.0,102.14999999999634,0.0,0.0,,,,,,,,,,,,,,,,,,,,,,,,,,,,,,,,,,,,,,,,,5.8646492600248e-05,1.2353034019470215,0.008682877756655216,0.300148069858551,225548,-24.24866485595703
100.80316407383864,1.0,0.0,0.0,34.35021806074476,0.363910339616746,0.0,0.08177570093457943,1,0.0,131.8543866884429,0.0,0.0,123.44028852928956,0.0,,,,,,,,,,,,,,,,,,,,,,,,,,,,,,,,,,,,,,,,,5.8604513418112004e-05,-6.429086685180664,0.008683184161782265,0.21076375246047974,225824,-25.311391830444336
238.0931088999278,1.0,0.0,0.0,40.72269841661225,0.5751041277776034,0.0,0.10653080129689671,1,0.0,233.9723004233092,0.0,2.549999999999999,79.68671622412577,0.0,,,,,,,,,,,,,,,,,,,,,,,,,,,,,,,,,,,,,,,,,5.85417250568155e-05,-0.06746501475572586,0.008706210181117058,0.45932793617248535,226237,-25.1851806640625
,,,,,,,,,,,,,,,0.1842236965894699,993.8,444,21,236238,535.94036686,10919,,,,,,,,,,,,,,,,,,,,,,,,,,,,,,,,,,,,,,,
681.6150530996618,1.0,0.0,0.0,29.839222257085773,0.40165884095442655,0.0,0.459631277813096,3,0.0,702.885968150571,0.0,2.7499999999999982,434.1228836181054,0.0,,,,,,,,,,,,,,,,,,,,,,,,,,,,,,,,,,,,,,,,,5.8284238192655513e-05,-10.253629684448242,0.008710342459380627,0.1973327100276947,227933,-26.14187240600586
713.6873291572565,0.0,0.0,0.0,37.24424015281272,0.5845105070903002,0.0,0.3518225039619651,2,1.0,631.2532043305691,0.0,32.00000000000032,136.3113614852536,0.0,,,,,,,,,,,,,,,,,,,,,,,,,,,,,,,,,,,,,,,,,5.809937166219551e-05,-6.584171295166016,0.008712248876690865,0.2605093717575073,229153,-25.887401580810547
179.11769773792116,1.0,0.0,0.0,37.46336914267701,0.5176812073350323,0.0,0.08448030374940674,1,0.0,179.84339142870158,0.0,6.799999999999984,45.087569948870446,0.0,,,,,,,,,,,,,,,,,,,,,,,,,,,,,,,,,,,,,,,,,5.804714755439801e-05,0.5793807506561279,0.008702525869011879,0.1959749162197113,229498,-24.403257369995117
,,,,,,,,,,,,,,,,,,,,,,13.288636207580566,0.1730901300907135,0.13751423358917236,0.021969322115182877,0.2936302125453949,0.32257404923439026,8.625113487243652,24.089075088500977,0.13412055373191833,26.07854461669922,24.441848754882812,0.32182082533836365,0.16197986900806427,0.2672103941440582,28.26311492919922,0.3178805708885193,1.1015441417694092,0.4142591953277588,1.8023371696472168,0.10513454675674438,0.25044089555740356,0.014503806829452515,20.294260025024414,0.3732216954231262,0.37213465571403503,5.2689361572265625,5.570420742034912,0.06789982318878174,1.1570109128952026,20.545873641967773,0.06937500834465027,10.444016456604004,10.186270713806152,5.797135124009951e-05,-0.31946897506713867,0.008695739321410656,0.15920144319534302,229999,-26.756328582763672
513.3211701443498,1.0,0.0,0.0,36.592477647469366,0.5665796579959711,0.0,0.3090322580645161,1,0.0,460.2346712043509,0.0,22.10000000000018,40.22619761980986,0.0,,,,,,,,,,,,,,,,,,,,,,,,,,,,,,,,,,,,,,,,,5.7910266439695495e-05,0.0038261115550994873,0.008715631440281868,0.1698867380619049,230403,-27.367080688476562
,,,,,,,,,,,,,,,0.1836746335029602,1008.03,448,21,240404,540.46030214,11118,,,,,,,,,,,,,,,,,,,,,,,,,,,,,,,,,,,,,,,
-0.13358528885722265,1.0,0.0,0.0,25.39013720014248,-0.0016492010970027488,0.0,0.014750762970498474,0,0.0,28.367290845839307,0.0,1.2000000000000004,0.0,0.0,,,,,,,,,,,,,,,,,,,,,,,,,,,,,,,,,,,,,,,,,5.78981742922555e-05,-6.409571170806885,0.008708618581295013,0.1602109968662262,230483,-25.514162063598633
926.8454364842847,0.0,0.0,0.0,33.10146217533583,0.5056439915353436,0.0,0.44667000500751125,2,1.0,842.2449471224099,0.0,52.79999999999914,124.4339178747506,0.0,,,,,,,,,,,,,,,,,,,,,,,,,,,,,,,,,,,,,,,,,5.76216126428875e-05,-0.8706201314926147,0.008688232861459255,0.15908238291740417,232315,-26.471614837646484
331.61000082058564,1.0,0.0,0.0,42.22589504009816,0.5314262833663231,0.0,0.14376053962900506,1,0.0,365.61074873432517,0.0,5.799999999999987,86.83238523805637,0.0,,,,,,,,,,,,,,,,,,,,,,,,,,,,,,,,,,,,,,,,,5.7527715748478e-05,1.058350682258606,0.008669167757034302,0.2082923948764801,232938,-25.65169906616211
167.41821471677702,1.0,0.0,0.0,39.10029207254268,0.35469960745079876,0.0,0.15044814340588988,1,0.0,256.10019468329847,0.0,3.5499999999999954,108.87078143819281,0.0,,,,,,,,,,,,,,,,,,,,,,,,,,,,,,,,,,,,,,,,,5.74567791574595e-05,-1.2506922483444214,0.00867969449609518,0.2982381582260132,233409,-24.84972381591797
,,,,,,,,,,,,,,,0.1832655817270279,1015.23,452,21,243410,544.29017921,11256,,,,,,,,,,,,,,,,,,,,,,,,,,,,,,,,,,,,,,,
421.6530185994524,1.0,0.0,0.0,33.83863435692546,0.5154682378966411,0.0,0.26211734693877553,0,0.0,384.3698104750365,0.0,21.300000000000168,0.0,0.0,,,,,,,,,,,,,,,,,,,,,,,,,,,,,,,,,,,,,,,,,5.7333836738062e-05,-0.5172865390777588,0.00868002139031887,0.2085755467414856,234226,-26.280792236328125
241.21785173753761,0.0,0.0,0.0,33.34737147637995,0.49838399119325955,0.0,0.15211970074812967,0,1.0,223.8938959017396,0.0,15.400000000000084,0.0,0.0,,,,,,,,,,,,,,,,,,,,,,,,,,,,,,,,,,,,,,,,,5.726121722075949e-05,-6.903559684753418,0.00867419596761465,0.1846533715724945,234709,-25.0970516204834
-88.39616036039439,1.0,0.0,0.0,27.97503636091793,-0.30169338006960544,0.0,0.048556430446194225,0,0.0,113.58215793746058,0.0,6.549999999999985,0.0,0.0,,,,,,,,,,,,,,,,,,,,,,,,,,,,,,,,,,,,,,,,,5.7217337255099496e-05,-0.4103030264377594,0.008666365407407284,0.2846447825431824,235001,-26.104642868041992
194.08112452466384,1.0,0.0,0.0,34.37443129634115,0.45558949418935174,0.0,0.146843853820598,0,0.0,203.20072088576853,0.0,14.40000000000007,0.0,0.0,,,,,,,,,,,,,,,,,,,,,,,,,,,,,,,,,,,,,,,,,5.7153501186862e-05,-5.9424848556518555,0.008665093220770359,0.315162718296051,235426,-25.373218536376953
,,,,,,,,,,,,,,,0.18298885226249695,986.09,456,21,245427,529.64141915,11349,,,,,,,,,,,,,,,,,,,,,,,,,,,,,,,,,,,,,,,
168.65401375625186,1.0,0.0,0.0,37.27699992954002,0.2720226028326643,0.0,0.16823406478578892,0,0.0,320.76835010014474,0.0,0.0,117.05878907737495,0.0,,,,,,,,,,,,,,,,,,,,,,,,,,,,,,,,,,,,,,,,,5.7060590131487486e-05,1.3423168659210205,0.008669874630868435,0.28624844551086426,236045,-25.207592010498047
989.9836773398983,0.0,0.0,0.0,44.182329728185614,0.6913293836172475,0.0,0.43207454634624815,0,1.0,878.4444170333445,0.0,13.100000000000051,0.0,0.0,,,,,,,,,,,,,,,,,,,,,,,,,,,,,,,,,,,,,,,,,5.6846090872312006e-05,0.8556321859359741,0.008676532655954361,0.21892672777175903,237476,-25.137847900390625
179.24804013703587,1.0,0.0,0.0,29.05582056932837,0.39222765894318573,0.0,0.10246107483676545,0,0.0,184.21008154051378,0.0,17.450000000000113,0.0,0.0,,,,,,,,,,,,,,,,,,,,,,,,,,,,,,,,,,,,,,,,,5.677782452408799e-05,-1.3287466764450073,0.008661845698952675,0.17253051698207855,237932,-26.876197814941406
244.9740616979248,1.0,0.0,0.0,42.684572348229075,0.5542399585925901,0.0,0.13258185721953838,0,0.0,261.7840696480125,0.0,8.04999999999998,0.0,0.0,,,,,,,,,,,,,,,,,,,,,,,,,,,,,,,,,,,,,,,,,5.671184313933551e-05,1.4920717477798462,0.00865675788372755,0.251478374004364,238373,-25.814321517944336
,,,,,,,,,,,,,,,0.18253973126411438,981.16,460,21,248374,524.9791898,11485,,,,,,,,,,,,,,,,,,,,,,,,,,,,,,,,,,,,,,,
208.3163633507788,0.0,0.0,0.0,28.789560189430322,0.3901055493460277,0.0,0.12741935483870967,0,1.0,213.2896921937354,0.0,20.05000000000015,0.0,0.0,,,,,,,,,,,,,,,,,,,,,,,,,,,,,,,,,,,,,,,,,5.663214858518201e-05,-0.8541698455810547,0.008680431172251701,0.18197166919708252,238906,-25.460041046142578
387.06205119018705,1.0,0.0,0.0,32.99037431873085,0.3746970485868219,0.0,0.3068181818181818,1,0.0,473.0978337870911,0.0,0.49999999999999994,199.55007338341326,0.0,,,,,,,,,,,,,,,,,,,,,,,,,,,,,,,,,,,,,,,,,5.6478003882478e-05,1.659996509552002,0.008688357658684254,0.2215794324874878,239938,-25.043537139892578
,,,,,,,,,,,,,,,,,,,,,,12.880117416381836,0.1696694791316986,0.13208860158920288,0.0205930657684803,0.2750307023525238,0.3093748390674591,9.102689743041992,22.717866897583008,0.13837629556655884,26.985300064086914,25.16166114807129,0.34152698516845703,0.15593135356903076,0.27087733149528503,28.08261489868164,0.3266938030719757,1.0902568101882935,0.4183052182197571,1.7010120153427124,0.11020044982433319,0.25290530920028687,0.014798392541706562,19.95661735534668,0.3808504343032837,0.3811739683151245,5.782613754272461,5.7227253913879395,0.06928138434886932,1.231032371520996,20.890283584594727,0.07848919928073883,9.731496810913086,10.19473648071289,5.646889925009951e-05,2.0519070625305176,0.008685089647769928,0.19004112482070923,239999,-24.552303314208984
145.69636995718986,1.0,0.0,0.0,39.44735890770566,0.5278853983956154,0.0,0.06780442804428044,1,0.0,150.8811247209087,0.0,0.0,64.28144808988839,0.0,,,,,,,,,,,,,,,,,,,,,,,,,,,,,,,,,,,,,,,,,5.64369642642155e-05,-4.462535858154297,0.00868599209934473,0.19909334182739258,240213,-24.775836944580078
148.14234269859867,1.0,0.0,0.0,31.532527608880745,0.3493923176853742,0.0,0.08693630869363086,0,0.0,185.3416531290859,0.0,0.65,75.67035690434831,0.0,,,,,,,,,,,,,,,,,,,,,,,,,,,,,,,,,,,,,,,,,5.637386724735199e-05,-3.139747142791748,0.008689492009580135,0.19228976964950562,240636,-25.798992156982422
,,,,,,,,,,,,,,,0.18229065835475922,965.87,464,21,250637,511.64848311000003,11599,,,,,,,,,,,,,,,,,,,,,,,,,,,,,,,,,,,,,,,
-18.453099029182784,1.0,0.0,0.0,19.39741390257267,-0.3690619805836557,0.0,0.006083294337856809,0,0.0,13.217342410236597,0.0,0.0,1.9959921806760064,0.0,,,,,,,,,,,,,,,,,,,,,,,,,,,,,,,,,,,,,,,,,5.636656043788749e-05,0.32794153690338135,0.008687984198331833,0.2415945678949356,240685,-23.67528533935547
563.8792568428549,1.0,0.0,0.0,44.140397723100264,0.685984497375736,0.0,0.2010071338648762,0,0.0,503.6707735005766,0.0,3.049999999999997,64.60462022970125,0.0,,,,,,,,,,,,,,,,,,,,,,,,,,,,,,,,,,,,,,,,,5.6244205169582e-05,1.2144120931625366,0.008690147660672665,0.2887515425682068,241506,-23.95455551147461
64.35466120944342,1.0,0.0,0.0,37.9569549968294,0.41519136264157047,0.0,0.03333333333333333,1,0.0,81.517797854729,0.0,2.849999999999998,23.769673957906047,0.0,,,,,,,,,,,,,,,,,,,,,,,,,,,,,,,,,,,,,,,,,5.62212691822e-05,0.10038869082927704,0.00869342964142561,0.3153291940689087,241660,-23.766294479370117
478.7330446963912,1.0,0.0,0.0,35.29100619725112,0.4336350042539775,0.0,0.22872125857200484,1,0.0,540.7821511058137,0.0,6.099999999999986,288.87862264424166,0.0,,,,,,,,,,,,,,,,,,,,,,,,,,,,,,,,,,,,,,,,,5.6057131849815485e-05,1.5817344188690186,0.008686935529112816,0.16057410836219788,242763,-24.599275588989258
,,,,,,,,,,,,,,,0.18203309178352356,915.77,468,21,252764,488.5101879999999,11698,,,,,,,,,,,,,,,,,,,,,,,,,,,,,,,,,,,,,,,
22.99016617552894,1.0,0.0,0.0,32.95546461539601,0.2322239007629186,0.0,0.02792207792207792,0,0.0,45.119720458984375,0.0,4.899999999999991,0.0,0.0,,,,,,,,,,,,,,,,,,,,,,,,,,,,,,,,,,,,,,,,,5.604256018943951e-05,0.9364504814147949,0.00868739653378725,0.1964559257030487,242861,-26.229814529418945
511.36587090855255,0.0,0.0,0.0,28.759300937154286,0.42684964182683854,0.0,0.3255208333333333,1,1.0,478.17143005132675,0.0,40.09999999999986,43.971210861977696,0.0,,,,,,,,,,,,,,,,,,,,,,,,,,,,,,,,,,,,,,,,,5.5864732002718e-05,1.6387165784835815,0.008695440366864204,0.24589674174785614,244058,-25.92534828186035
260.1168600199647,1.0,0.0,0.0,41.182537895449876,0.583221659237589,0.0,0.11075219197046608,2,0.0,254.81821391545236,0.0,0.0,135.1016054327855,0.0,,,,,,,,,,,,,,,,,,,,,,,,,,,,,,,,,,,,,,,,,5.579869481239552e-05,0.5695642232894897,0.008683375082910061,0.2218979150056839,244503,-25.130096435546875
1248.0059051092767,1.0,0.0,0.0,38.559748159314466,0.5839990197048557,0.0,0.4709185720016045,5,0.0,1144.1357434075326,0.0,0.0,519.32142917929,0.0,,,,,,,,,,,,,,,,,,,,,,,,,,,,,,,,,,,,,,,,,5.548226484393949e-05,-0.8434250354766846,0.008700238540768623,0.18151095509529114,246639,-25.103042602539062
,,,,,,,,,,,,,,,0.18153366446495056,910.67,472,21,256640,483.91540198999996,11878,,,,,,,,,,,,,,,,,,,,,,,,,,,,,,,,,,,,,,,
963.7239257260205,0.0,0.0,0.0,27.752006676060294,0.3895407945537674,0.0,0.5834767641996558,3,1.0,953.1030414020643,0.0,88.24999999999713,205.40645414797316,0.0,,,,,,,,,,,,,,,,,,,,,,,,,,,,,,,,,,,,,,,,,5.5117045340128e-05,0.5051202774047852,0.008686642162501812,0.22606277465820312,249112,-24.21550941467285
,,,,,,,,,,,,,,,,,,,,,,13.420906066894531,0.16240954399108887,0.11341403424739838,0.017922036349773407,0.2571811378002167,0.28548914194107056,8.791071891784668,21.320594787597656,0.1407049149274826,27.317668914794922,26.61153221130371,0.3623870611190796,0.16189059615135193,0.2762551009654999,27.382854461669922,0.3295212388038635,1.0650275945663452,0.41055774688720703,1.485756278038025,0.10604290664196014,0.2644311189651489,0.014503194019198418,20.286518096923828,0.3870078921318054,0.3728906512260437,5.993100643157959,5.7423810958862305,0.0692678689956665,1.3555958271026611,21.9216251373291,0.08161206543445587,8.328446388244629,10.332525253295898,5.4986347260099506e-05,0.9243103861808777,0.008683432824909687,0.21830427646636963,249999,-23.771743774414062
950.7073032209793,0.0,0.0,0.0,39.70964036511661,0.5843314709409829,0.0,0.42126696832579186,2,1.0,896.6407473850995,0.0,5.04999999999999,200.8606811060769,0.0,,,,,,,,,,,,,,,,,,,,,,,,,,,,,,,,,,,,,,,,,5.487757631207799e-05,1.669539213180542,0.008671090006828308,0.2554056942462921,250738,-25.24032974243164
918.1288338431025,1.0,0.0,0.0,33.9401910364754,0.46963111705529537,0.0,0.46173086543271635,2,0.0,921.1480761747807,0.0,44.44999999999961,193.23436179100102,0.0,,,,,,,,,,,,,,,,,,,,,,,,,,,,,,,,,,,,,,,,,5.459049714296801e-05,1.192486047744751,0.008635266683995724,0.23594622313976288,252692,-24.266172409057617
1475.5115278239032,1.0,0.0,0.0,36.414285642425014,0.5279111011892319,0.0,0.8620082207868467,6,0.0,1413.0569209372625,0.0,44.29999999999962,385.75242733450085,0.0,,,,,,,,,,,,,,,,,,,,,,,,,,,,,,,,,,,,,,,,,5.4181326211502e-05,1.2308402061462402,0.00860540010035038,0.3298394978046417,255486,-24.84904670715332
,,,,,,,,,,,,,,,0.18042872846126556,953.51,476,21,265487,502.91961725,12284,,,,,,,,,,,,,,,,,,,,,,,,,,,,,,,,,,,,,,,
1916.1770827030257,1.0,0.0,0.0,38.69232157358128,0.5868842519764244,0.0,0.8029386343993086,2,0.0,1753.9996717930771,0.0,42.04999999999975,249.51635744339995,0.0,,,,,,,,,,,,,,,,,,,,,,,,,,,,,,,,,,,,,,,,,5.3705292968749997e-05,1.4731462001800537,0.008558654226362705,0.16541296243667603,258750,-24.064233779907227
,,,,,,,,,,,,,,,,,,,,,,13.320959091186523,0.1653764545917511,0.12613137066364288,0.016346070915460587,0.2593395709991455,0.28940409421920776,9.339967727661133,21.202905654907227,0.13962297141551971,27.179563522338867,24.565828323364258,0.3353099226951599,0.16293293237686157,0.29189783334732056,28.273462295532227,0.3324419856071472,0.9793804287910461,0.4238266348838806,1.3364108800888062,0.11424015462398529,0.26623350381851196,0.013367998413741589,21.385326385498047,0.38447701930999756,0.385917067527771,5.326030731201172,5.853658199310303,0.07159797847270966,1.3285126686096191,21.766536712646484,0.07269735634326935,9.240769386291504,10.229205131530762,5.3523695270099505e-05,-0.7533261775970459,0.008542386814951897,0.17429840564727783,259999,-25.034229278564453
767.8782273502443,1.0,0.0,0.0,43.190745109761764,0.6022574332158779,0.0,0.40774610005379236,1,0.0,764.4681588727981,0.0,9.750000000000004,157.11775661765913,0.0,,,,,,,,,,,,,,,,,,,,,,,,,,,,,,,,,,,,,,,,,5.3520063577312e-05,1.6870739459991455,0.00853959284722805,0.17180076241493225,260024,-25.13714599609375
407.16094225591405,0.0,0.0,0.0,26.24227041438911,0.38666756149659454,0.0,0.16718266253869968,0,1.0,383.5237173680216,0.0,47.79999999999942,0.0,0.0,,,,,,,,,,,,,,,,,,,,,,,,,,,,,,,,,,,,,,,,,5.3367354678712004e-05,1.8391553163528442,0.008515848778188229,0.20664528012275696,261076,-25.597299575805664
145.39103494433712,1.0,0.0,0.0,24.682853101700374,0.2943138359197108,0.0,0.08513575701794754,0,0.0,169.13359385356307,0.0,24.650000000000215,0.0,0.0,,,,,,,,,,,,,,,,,,,,,,,,,,,,,,,,,,,,,,,,,5.32958663152195e-05,-0.0907285064458847,0.008502285927534103,0.2765164375305176,261569,-24.01204490661621
,,,,,,,,,,,,,,,0.1797133833169937,958.06,480,21,271570,505.25633104,12562,,,,,,,,,,,,,,,,,,,,,,,,,,,,,,,,,,,,,,,
280.32152574877614,1.0,0.0,0.0,32.10303266954364,0.4068527224220263,0.0,0.17103235747303544,1,0.0,306.887869782513,0.0,4.99999999999999,191.1195352388337,0.0,,,,,,,,,,,,,,,,,,,,,,,,,,,,,,,,,,,,,,,,,5.319618246787551e-05,-1.1087772846221924,0.008488371036946774,0.1521315574645996,262257,-25.812023162841797
75.30193149800796,1.0,0.0,0.0,33.93778916955991,0.3288293951878077,0.0,0.05,0,0.0,107.67402751557529,0.0,0.0,107.22809697510337,0.0,,,,,,,,,,,,,,,,,,,,,,,,,,,,,,,,,,,,,,,,,5.3163168484887506e-05,-1.2610225677490234,0.008488050661981106,0.18349695205688477,262485,-25.35662078857422
142.94993201718643,1.0,0.0,0.0,21.37786401489964,0.25256171734485233,0.0,0.0840606338998622,0,0.0,167.8814362194389,0.0,28.250000000000266,0.0,0.0,,,,,,,,,,,,,,,,,,,,,,,,,,,,,,,,,,,,,,,,,5.3081402098749996e-05,-0.6330090761184692,0.008472664281725883,0.1923351287841797,263050,-24.0205078125
156.13672396244573,1.0,0.0,0.0,30.10910621660152,0.09590707860101089,0.0,0.38851727982162765,1,0.0,680.3028187919408,0.0,19.40000000000014,178.49525714124331,0.0,,,,,,,,,,,,,,,,,,,,,,,,,,,,,,,,,,,,,,,,,5.284629870573549e-05,0.8484683632850647,0.008480643853545189,0.24050483107566833,264677,-22.630290985107422
,,,,,,,,,,,,,,,0.1793791949748993,948.86,484,21,274678,484.33009983000005,12721,,,,,,,,,,,,,,,,,,,,,,,,,,,,,,,,,,,,,,,
408.22514061533974,1.0,0.0,0.0,43.2782829640174,0.595080379905743,0.0,0.22165242165242166,1,0.0,412.01363260671496,0.0,8.699999999999989,50.18171123523831,0.0,,,,,,,,,,,,,,,,,,,,,,,,,,,,,,,,,,,,,,,,,5.2747472988878006e-05,-0.4503976106643677,0.008465229533612728,0.23802223801612854,265362,-23.473007202148438
323.0469407368718,1.0,0.0,0.0,39.50949897256071,0.39833161619836227,0.0,0.16942315449778136,1,0.0,444.6414132118225,0.0,4.499999999999992,144.09511379199748,0.0,,,,,,,,,,,,,,,,,,,,,,,,,,,,,,,,,,,,,,,,,5.263073387160801e-05,-1.2722978591918945,0.00845323409885168,0.2696700692176819,266172,-23.086620330810547
1019.0302122211681,0.0,0.0,0.0,42.45058679852975,0.6998833875145385,0.0,0.4600107353730542,0,1.0,858.0970796206966,0.0,18.150000000000123,0.0,0.0,,,,,,,,,,,,,,,,,,,,,,,,,,,,,,,,,,,,,,,,,5.242136373733549e-05,-0.00022923946380615234,0.008474498987197876,0.20461076498031616,267627,-23.140548706054688
107.5411386291878,1.0,0.0,0.0,39.08229243736828,0.5170247049480182,0.0,0.04972875226039783,0,0.0,112.63364947866648,0.0,0.15000000000000002,0.0,0.0,,,,,,,,,,,,,,,,,,,,,,,,,,,,,,,,,,,,,,,,,5.2391611289822e-05,-10.95561408996582,0.008479979820549488,0.2042050063610077,267834,-23.820636749267578
,,,,,,,,,,,,,,,0.1789645254611969,942.51,488,21,277835,484.76026031999993,12864,,,,,,,,,,,,,,,,,,,,,,,,,,,,,,,,,,,,,,,
714.250391070502,1.0,0.0,0.0,40.7577533103959,0.602234731088113,0.0,0.33011681056373793,5,0.0,670.9912257269025,0.0,11.800000000000033,275.26216800252087,0.0,,,,,,,,,,,,,,,,,,,,,,,,,,,,,,,,,,,,,,,,,5.2221453434919495e-05,2.8018181324005127,0.008499536663293839,0.22468626499176025,269019,-23.658044815063477
201.44776257859039,1.0,0.0,0.0,24.8515455165505,0.28985289579653295,0.0,0.15566037735849056,0,0.0,239.60385930072516,0.0,29.25000000000028,13.234726448539696,0.0,,,,,,,,,,,,,,,,,,,,,,,,,,,,,,,,,,,,,,,,,5.2121929555715514e-05,2.05397367477417,0.008510571904480457,0.21828000247478485,269713,-23.04708480834961
,,,,,,,,,,,,,,,,,,,,,,12.774360656738281,0.16043230891227722,0.1249212771654129,0.017595037817955017,0.2697420120239258,0.29473868012428284,9.219952583312988,22.048107147216797,0.13157504796981812,27.15411376953125,24.523738861083984,0.33614420890808105,0.15628468990325928,0.29570144414901733,29.03159523010254,0.33221015334129333,1.05916428565979,0.4291936159133911,1.4381790161132812,0.11279918998479843,0.26967012882232666,0.014517849311232567,21.57319450378418,0.38664788007736206,0.3979329466819763,5.099353790283203,5.323052406311035,0.0651235431432724,1.3118327856063843,22.0422306060791,0.06989628821611404,9.113757133483887,9.599189758300781,5.208094328009951e-05,-0.21042445302009583,0.008514468558132648,0.21204021573066711,269999,-23.476314544677734
87.07408314702602,1.0,0.0,0.0,25.311829773520166,0.17106892563266407,0.0,0.0826336721166593,0,0.0,178.56735233403742,0.0,13.400000000000055,15.388433763786153,0.0,,,,,,,,,,,,,,,,,,,,,,,,,,,,,,,,,,,,,,,,,5.2049139979679495e-05,-1.4789719581604004,0.008520870469510555,0.21378237009048462,270221,-24.59648895263672
32.39126918794762,1.0,0.0,0.0,34.5552286961552,0.25504936368462694,0.0,0.0269529465509365,0,0.0,60.65584022551775,0.0,0.0,41.33126440053092,0.0,,,,,,,,,,,,,,,,,,,,,,,,,,,,,,,,,,,,,,,,,5.20310938206955e-05,0.73176509141922,0.008525511249899864,0.2840585708618164,270347,-22.39482879638672
,,,,,,,,,,,,,,,0.17867857217788696,942.51,492,21,280348,482.32517931,12982,,,,,,,,,,,,,,,,,,,,,,,,,,,,,,,,,,,,,,,
551.0770516203484,1.0,0.0,0.0,44.63087818131047,0.7002249702926917,0.0,0.1943744752308984,1,0.0,487.4938301034272,0.0,6.799999999999984,102.32929718158859,0.0,,,,,,,,,,,,,,,,,,,,,,,,,,,,,,,,,,,,,,,,,5.1918591487055495e-05,2.587660312652588,0.00854258518666029,0.3802770972251892,271133,-23.192245483398438
731.8553354291939,1.0,0.0,0.0,40.57266713065193,0.5535970767240499,0.0,0.41893362350380847,2,0.0,744.3475051205605,0.0,0.8000000000000002,200.8477469593769,0.0,,,,,,,,,,,,,,,,,,,,,,,,,,,,,,,,,,,,,,,,,5.1729790080542005e-05,-0.09316612035036087,0.008558748289942741,0.188190758228302,272454,-23.663665771484375
565.6156306570238,1.0,0.0,0.0,34.91525423847983,0.487179699101657,0.0,0.2640909090909091,3,0.0,562.6037692772225,0.0,2.6999999999999984,334.13740252700853,0.0,,,,,,,,,,,,,,,,,,,,,,,,,,,,,,,,,,,,,,,,,5.1564285649102004e-05,2.234193801879883,0.008584665134549141,0.43430405855178833,273614,-23.482192993164062
1355.7497632455745,1.0,0.0,0.0,41.0970178298547,0.6362035491532494,0.0,0.7796092796092796,5,0.0,1215.9214656120166,0.0,34.0500000000002,271.08548785965667,0.0,,,,,,,,,,,,,,,,,,,,,,,,,,,,,,,,,,,,,,,,,5.1261082536832e-05,0.06421510875225067,0.008573767729103565,0.22990936040878296,275744,-23.32897186279297
,,,,,,,,,,,,,,,0.1780840903520584,973.59,496,21,285745,502.1708624399999,13230,,,,,,,,,,,,,,,,,,,,,,,,,,,,,,,,,,,,,,,
2068.2944573651075,0.0,0.0,1.0,44.53789196114866,0.7051805173423483,0.0,1.0,7,0.0,1813.7319419775158,0.0,11.850000000000033,368.3214936251923,0.0,,,,,,,,,,,,,,,,,,,,,,,,,,,,,,,,,,,,,,,,,5.084519238111201e-05,-1.2636680603027344,0.00858712662011385,0.20945286750793457,278676,-22.923263549804688
4.490522394075981,1.0,0.0,0.0,31.303192833131106,0.053458599929475964,0.0,0.018027040560841263,0,0.0,36.20002259872854,0.0,0.0,17.629199117429838,0.0,,,,,,,,,,,,,,,,,,,,,,,,,,,,,,,,,,,,,,,,,5.083344412805951e-05,-2.453632354736328,0.008586246520280838,0.17017877101898193,278759,-23.625165939331055
139.7176085628113,1.0,0.0,0.0,39.29676314296734,0.4657253618760377,0.0,0.08193484698914116,0,0.0,163.4984213616699,0.0,0.7500000000000001,43.12627884237517,0.0,,,,,,,,,,,,,,,,,,,,,,,,,,,,,,,,,,,,,,,,,5.0791133472718e-05,-0.2060704380273819,0.008575714193284512,0.24357302486896515,279058,-25.59465789794922
36.08410793339397,1.0,0.0,0.0,34.79125410822919,0.2863818089951903,0.0,0.03028773346794548,0,0.0,60.604290468618274,0.0,0.0,28.39496399240336,0.0,,,,,,,,,,,,,,,,,,,,,,,,,,,,,,,,,,,,,,,,,5.0773450345155505e-05,-0.515923261642456,0.008569799363613129,0.2088179588317871,279183,-24.11948013305664
,,,,,,,,,,,,,,,0.17766276001930237,967.26,500,21,289184,497.04597878,13393,,,,,,,,,,,,,,,,,,,,,,,,,,,,,,,,,,,,,,,
-2.0088386063149493,1.0,0.0,0.0,23.629404824451335,-0.02232042895905499,0.0,0.011759935117599351,0,0.0,29.387457343749702,0.0,0.0,5.195439285437485,0.0,,,,,,,,,,,,,,,,,,,,,,,,,,,,,,,,,,,,,,,,,5.0760861853408006e-05,-4.298579692840576,0.008571184240281582,0.21732953190803528,279272,-23.7855281829834
,,,,,,,,,,,,,,,,,,,,,,13.459235191345215,0.16088122129440308,0.13315296173095703,0.016591176390647888,0.2683075964450836,0.29158464074134827,9.805103302001953,21.75592613220215,0.1312226951122284,26.97871971130371,25.726757049560547,0.3476784825325012,0.16598764061927795,0.285295307636261,27.440961837768555,0.3327183127403259,1.3591160774230957,0.40852734446525574,1.3453083038330078,0.12092262506484985,0.2606646716594696,0.018367469310760498,21.11066246032715,0.3855549693107605,0.3708447217941284,4.79979944229126,5.5195159912109375,0.06807009875774384,1.3222745656967163,21.136194229125977,0.06486581265926361,9.852763175964355,9.709932327270508,5.0658091290099505e-05,0.7110638618469238,0.008563593961298466,0.16212916374206543,279999,-25.765464782714844
873.733229135961,1.0,0.0,0.0,37.09446299703553,0.4743394294983502,0.0,0.4068767908309456,4,0.0,948.5246336208656,0.0,24.150000000000208,257.7596134317711,0.0,,,,,,,,,,,,,,,,,,,,,,,,,,,,,,,,,,,,,,,,,5.0500817487515514e-05,1.5094200372695923,0.008583245798945427,0.20262005925178528,281113,-24.933767318725586
533.5413251536825,1.0,0.0,0.0,35.361191752496424,0.5438749491882594,0.0,0.2932944606413994,1,0.0,481.5382786486298,0.0,29.10000000000028,54.94547977022506,0.0,,,,,,,,,,,,,,,,,,,,,,,,,,,,,,,,,,,,,,,,,5.0362665904575516e-05,0.2501530647277832,0.008590987883508205,1.243044137954712,282093,-23.091875076293945
119.86991799703998,0.0,0.0,0.0,25.272757931747112,0.2827120707477358,0.0,0.09939759036144578,0,1.0,148.46958484267816,0.0,17.550000000000114,0.0,0.0,,,,,,,,,,,,,,,,,,,,,,,,,,,,,,,,,,,,,,,,,5.0303094220471997e-05,-0.6011041402816772,0.008587273769080639,0.1851169466972351,282516,-23.591594696044922
,,,,,,,,,,,,,,,0.1773216277360916,984.79,504,21,292517,505.97365349,13548,,,,,,,,,,,,,,,,,,,,,,,,,,,,,,,,,,,,,,,
611.7059265660679,1.0,0.0,0.0,42.93330923670325,0.5379999354143077,0.0,0.27039726612558734,1,0.0,677.6258542183787,0.0,7.399999999999982,46.780719558097886,0.0,,,,,,,,,,,,,,,,,,,,,,,,,,,,,,,,,,,,,,,,,5.0143285961847996e-05,-2.518873691558838,0.008588260971009731,0.2555331885814667,283652,-22.07174301147461
1179.190482818683,1.0,0.0,0.0,41.234845780895405,0.5943500417432878,0.0,0.6229065370070233,1,0.0,1135.814090128988,0.0,19.200000000000138,54.23639366089,0.0,,,,,,,,,,,,,,,,,,,,,,,,,,,,,,,,,,,,,,,,,4.986494029588751e-05,1.7131340503692627,0.008577194064855576,0.19406016170978546,285635,-24.516271591186523
1248.1513091082033,1.0,0.0,0.0,43.09020449069254,0.6430454967069569,0.0,0.5175276752767528,5,0.0,1161.1879496015608,0.0,3.399999999999996,306.32204838572375,0.0,,,,,,,,,,,,,,,,,,,,,,,,,,,,,,,,,,,,,,,,,4.959338762218752e-05,-0.7065767049789429,0.008574360981583595,0.18504849076271057,287575,-23.69564437866211
18.328372800501057,1.0,0.0,0.0,31.682767463238303,0.15273644000417547,0.0,0.028701594533029614,0,0.0,52.65749329025857,0.0,0.0,45.95286720803845,0.0,,,,,,,,,,,,,,,,,,,,,,,,,,,,,,,,,,,,,,,,,4.9576754904782004e-05,-3.287217140197754,0.0085653867572546,0.19493459165096283,287694,-24.876949310302734
,,,,,,,,,,,,,,,0.17683346569538116,987.27,508,21,297695,508.0325934099999,13783,,,,,,,,,,,,,,,,,,,,,,,,,,,,,,,,,,,,,,,
149.19529675412895,1.0,0.0,0.0,39.769639951391454,0.5328403455504606,0.0,0.0875,1,0.0,154.4220090834424,0.0,5.699999999999988,53.73945772072547,0.0,,,,,,,,,,,,,,,,,,,,,,,,,,,,,,,,,,,,,,,,,4.953776991853549e-05,1.0666453838348389,0.008562654256820679,0.20352816581726074,287973,-23.743330001831055
397.41139533892283,0.0,0.0,0.0,42.98536083432141,0.6690427530958297,0.0,0.19989423585404548,1,1.0,354.3705370114185,0.0,7.549999999999981,46.70088435215646,0.0,,,,,,,,,,,,,,,,,,,,,,,,,,,,,,,,,,,,,,,,,4.9454960807422004e-05,-2.1718313694000244,0.008550561033189297,0.306443452835083,288566,-23.67108154296875
,,,,,,,,,,,,,,,,,,,,,,13.385618209838867,0.1704331338405609,0.13302969932556152,0.01657908968627453,0.27189719676971436,0.3010769188404083,9.666608810424805,21.4887638092041,0.1365894228219986,26.44802474975586,24.325353622436523,0.3281901180744171,0.16936814785003662,0.2945765256881714,27.62104034423828,0.33464673161506653,1.202792763710022,0.4251191020011902,1.310289740562439,0.1223115399479866,0.2785921096801758,0.016227705404162407,21.833925247192383,0.3920958638191223,0.3726544976234436,5.032796382904053,5.682810306549072,0.07190456986427307,1.3023113012313843,22.017879486083984,0.06790092587471008,9.860121726989746,10.123967170715332,4.92551393000995e-05,0.3144504725933075,0.00855211541056633,0.1937793791294098,289999,-24.761425018310547
721.0350955710087,1.0,0.0,0.0,36.0111398743672,0.441810720325373,0.0,0.5237215033887862,1,0.0,815.8553658695891,0.0,5.349999999999989,147.36545253296472,0.0,,,,,,,,,,,,,,,,,,,,,,,,,,,,,,,,,,,,,,,,,4.922756176149549e-05,-2.920902729034424,0.008556059561669827,0.257179319858551,290197,-25.167142868041992
915.0257122488722,1.0,0.0,0.0,30.648585494863624,0.4476642427832056,0.0,0.5328341013824884,3,0.0,869.4803359867074,0.0,62.849999999998566,286.46388705571616,0.0,,,,,,,,,,,,,,,,,,,,,,,,,,,,,,,,,,,,,,,,,4.8943467251199994e-05,2.386157512664795,0.008537748828530312,0.22129148244857788,292240,-23.583919525146484
,,,,,,,,,,,,,,,0.17638178169727325,989.67,512,21,302241,507.00530786999997,14002,,,,,,,,,,,,,,,,,,,,,,,,,,,,,,,,,,,,,,,
210.45341450790173,1.0,0.0,0.0,30.229616579602023,0.3926369673654883,0.0,0.1527431421446384,0,0.0,224.78052374720573,0.0,18.350000000000126,0.0,0.0,,,,,,,,,,,,,,,,,,,,,,,,,,,,,,,,,,,,,,,,,4.8869208712187496e-05,1.9485934972763062,0.008527271449565887,0.2287929803133011,292775,-22.785417556762695
211.34052567850728,1.0,0.0,0.0,44.385289373245755,0.642372418475706,0.0,0.08406158967956721,0,0.0,202.4814213393256,0.0,0.0,0.0,0.0,,,,,,,,,,,,,,,,,,,,,,,,,,,,,,,,,,,,,,,,,4.8823710146595496e-05,2.302398204803467,0.008532717823982239,0.2246265709400177,293103,-24.087751388549805
-15.570732846771776,1.0,0.0,0.0,28.764480367970332,-0.05766938091396954,0.0,0.04569563443492452,0,0.0,107.5624153316021,0.0,5.1999999999999895,0.0,0.0,,,,,,,,,,,,,,,,,,,,,,,,,,,,,,,,,,,,,,,,,4.878641175320801e-05,1.494662880897522,0.00852507259696722,0.241164892911911,293372,-24.436782836914062
540.0918564733885,1.0,0.0,0.0,36.588836239618324,0.4042603716118177,0.0,0.3391304347826087,5,0.0,678.3220749702305,0.0,7.79999999999998,343.59444554008536,0.0,,,,,,,,,,,,,,,,,,,,,,,,,,,,,,,,,,,,,,,,,4.8601519406975496e-05,0.7621992826461792,0.00852248352020979,0.2063094675540924,294707,-23.752593994140625
,,,,,,,,,,,,,,,0.17614303529262543,975.44,516,21,304708,493.40960802000006,14115,,,,,,,,,,,,,,,,,,,,,,,,,,,,,,,,,,,,,,,
458.0080660363554,1.0,0.0,0.0,39.60258283873268,0.4716869887089139,0.0,0.2698714897667777,0,0.0,533.5035110572353,0.0,3.949999999999994,131.5374440710298,0.0,,,,,,,,,,,,,,,,,,,,,,,,,,,,,,,,,,,,,,,,,4.846740061873551e-05,-3.2938857078552246,0.008526832796633244,0.39533713459968567,295677,-23.70551872253418
580.5565302635688,1.0,0.0,0.0,43.10707695907128,0.6523107081613132,0.0,0.3189219539584503,0,0.0,532.5268852086738,0.0,0.39999999999999997,41.492969521428456,0.0,,,,,,,,,,,,,,,,,,,,,,,,,,,,,,,,,,,,,,,,,4.8344645879422004e-05,-7.599277496337891,0.008536937646567822,0.22133275866508484,296566,-24.011653900146484
1492.273230489798,1.0,0.0,0.0,43.027322739767556,0.5612159573109432,0.0,0.8296075509190264,3,0.0,1588.5648871092126,0.0,24.40000000000021,209.88643840243384,0.0,,,,,,,,,,,,,,,,,,,,,,,,,,,,,,,,,,,,,,,,,4.797856247651201e-05,0.9737542271614075,0.008590464480221272,0.25066515803337097,299224,-23.896522521972656
183.57464560170902,1.0,0.0,0.0,24.738821424844133,0.2841712780212214,0.0,0.1318206374932469,1,0.0,221.6737893819809,0.0,11.450000000000028,123.90135040300903,0.0,,,,,,,,,,,,,,,,,,,,,,,,,,,,,,,,,,,,,,,,,4.7889939317519506e-05,2.462825059890747,0.008594311773777008,0.22043448686599731,299869,-23.564449310302734
,,,,,,,,,,,,,,,0.17571589350700378,1004.79,520,21,309870,508.9351174199999,14366,,,,,,,,,,,,,,,,,,,,,,,,,,,,,,,,,,,,,,,
,,,,,,,,,,,,,,,,,,,,,,12.940018653869629,0.1718180775642395,0.14046962559223175,0.01589101180434227,0.2838720679283142,0.305563747882843,9.89940071105957,21.9764347076416,0.13121312856674194,26.534770965576172,25.52547264099121,0.35738956928253174,0.1671476662158966,0.29626673460006714,27.49936294555664,0.342752605676651,1.3056161403656006,0.4364553689956665,1.2302294969558716,0.12787166237831116,0.27578598260879517,0.018280310556292534,21.159957885742188,0.3919150233268738,0.38502657413482666,5.105471611022949,6.068711280822754,0.0783902257680893,1.2825965881347656,21.35043716430664,0.07148319482803345,10.03261947631836,9.371502876281738,4.78720873100995e-05,-1.614855170249939,0.008595012128353119,0.23788753151893616,299999,-23.858999252319336
527.9692908306235,1.0,0.0,0.0,40.859259153003556,0.5938912157824787,0.0,0.2018739352640545,2,0.0,504.1800843803212,0.0,2.25,245.78412851055182,0.0,,,,,,,,,,,,,,,,,,,,,,,,,,,,,,,,,,,,,,,,,4.776806334837551e-05,0.7332261204719543,0.008589460514485836,0.24203678965568542,300757,-23.212318420410156
857.2842486207995,1.0,0.0,0.0,42.5065131295152,0.6465190411921565,0.0,0.295016077170418,7,0.0,782.495810078457,0.0,10.25000000000001,369.31514666056677,0.0,,,,,,,,,,,,,,,,,,,,,,,,,,,,,,,,,,,,,,,,,4.7586501885038006e-05,0.22899609804153442,0.00857215654104948,0.19377776980400085,302082,-22.551067352294922
9.9347880826789,1.0,0.0,0.0,29.664216792869265,0.08870346502391875,0.0,0.019632949210414,0,0.0,45.91277685575187,0.0,0.0,47.51198148042067,0.0,,,,,,,,,,,,,,,,,,,,,,,,,,,,,,,,,,,,,,,,,4.75713076902755e-05,2.2595651149749756,0.008574671112000942,0.24936826527118683,302193,-22.692350387573242
355.3291419894108,1.0,0.0,0.0,42.38704691943839,0.6333852798385219,0.0,0.15878725590955806,2,0.0,329.99157696962357,0.0,7.499999999999981,91.18544970341262,0.0,,,,,,,,,,,,,,,,,,,,,,,,,,,,,,,,,,,,,,,,,4.749468968139549e-05,1.5974435806274414,0.008576159365475178,0.210330531001091,302753,-23.867877960205078
,,,,,,,,,,,,,,,0.17545656859874725,984.27,524,21,312754,497.48611996,14497,,,,,,,,,,,,,,,,,,,,,,,,,,,,,,,,,,,,,,,
544.6728747170579,1.0,0.0,0.0,36.163481486122215,0.5288086162301533,0.0,0.3190984578884935,1,0.0,517.0271299574524,0.0,24.35000000000021,93.33162532162483,0.0,,,,,,,,,,,,,,,,,,,,,,,,,,,,,,,,,,,,,,,,,4.7354066780638e-05,1.4744107723236084,0.008551755920052528,0.2610242962837219,303782,-22.20299530029297
2361.454775922219,0.0,0.0,1.0,43.268749856746474,0.6860705333882101,0.0,1.0,6,0.0,2067.700058689341,0.0,28.50000000000027,364.056460860695,0.0,,,,,,,,,,,,,,,,,,,,,,,,,,,,,,,,,,,,,,,,,4.6885350957035497e-05,0.8930578231811523,0.008496894501149654,0.1653471291065216,307223,-23.344947814941406
372.19062014906734,0.0,0.0,0.0,42.858326884934215,0.6742583698352669,0.0,0.20893643801132789,0,1.0,328.2946918020025,0.0,3.5499999999999954,52.216627161342046,0.0,,,,,,,,,,,,,,,,,,,,,,,,,,,,,,,,,,,,,,,,,4.6810515350061996e-05,-1.3719944953918457,0.008495003916323185,0.22934408485889435,307774,-24.125696182250977
-33.42442365087308,1.0,0.0,0.0,29.660111299540223,-0.19209438879812116,0.0,0.03222918531781558,0,0.0,71.43091780971736,0.0,4.899999999999991,0.0,0.0,,,,,,,,,,,,,,,,,,,,,,,,,,,,,,,,,,,,,,,,,4.678703133349551e-05,-0.5405411124229431,0.008482277393341064,0.28221970796585083,307947,-24.054275512695312
,,,,,,,,,,,,,,,0.1749494969844818,981.94,528,21,317948,501.80631479000004,14738,,,,,,,,,,,,,,,,,,,,,,,,,,,,,,,,,,,,,,,
,,,,,,,,,,,,,,,,,,,,,,13.132408142089844,0.16467709839344025,0.13506199419498444,0.016167614609003067,0.27982091903686523,0.3094088137149811,10.290570259094238,21.322526931762695,0.14645826816558838,26.55384063720703,26.230392456054688,0.36438101530075073,0.17233991622924805,0.2900203764438629,26.63274383544922,0.3484727740287781,1.418346643447876,0.40685564279556274,1.2319822311401367,0.13504576683044434,0.289390504360199,0.01970304548740387,20.877452850341797,0.3988044261932373,0.36997032165527344,4.575507164001465,5.4169392585754395,0.07108786702156067,1.288923978805542,22.051734924316406,0.06356092542409897,9.72259521484375,10.54296875,4.650893532009951e-05,0.3258315920829773,0.008429143577814102,0.24950405955314636,309999,-23.44029998779297
2000.3883355263135,1.0,0.0,0.0,44.027080146816395,0.6667961118421045,0.0,0.8089840470193115,3,0.0,1833.6735348857474,0.0,12.35000000000004,294.60012480945096,0.0,,,,,,,,,,,,,,,,,,,,,,,,,,,,,,,,,,,,,,,,,4.638087632414201e-05,2.077633857727051,0.008403959684073925,0.19819222390651703,310946,-24.01590347290039
573.5223487736089,1.0,0.0,0.0,26.933409605155703,0.3026503159755192,0.0,0.4325279905715969,3,0.0,708.4248267225921,0.0,41.34999999999979,271.0105889277837,0.0,,,,,,,,,,,,,,,,,,,,,,,,,,,,,,,,,,,,,,,,,4.61252937272e-05,1.6993826627731323,0.00839387159794569,0.16887691617012024,312840,-23.729873657226562
65.8765267659649,1.0,0.0,0.0,36.47983077329433,0.3875089809762641,0.0,0.039886039886039885,0,0.0,85.94156164303422,0.0,1.6000000000000008,0.0,0.0,,,,,,,,,,,,,,,,,,,,,,,,,,,,,,,,,,,,,,,,,4.610252300105951e-05,-0.5668840408325195,0.00838881079107523,0.18285316228866577,313009,-24.798259735107422
78.48575807549432,1.0,0.0,0.0,36.92516587879934,0.4219664412660985,0.0,0.05875892366831411,0,0.0,95.16809448413551,0.0,5.1999999999999895,0.0,0.0,,,,,,,,,,,,,,,,,,,,,,,,,,,,,,,,,,,,,,,,,4.6077602982782004e-05,-1.0989799499511719,0.008386918343603611,0.18496739864349365,313194,-25.33591079711914
,,,,,,,,,,,,,,,0.17445829510688782,999.81,532,21,323195,509.32614076,14996,,,,,,,,,,,,,,,,,,,,,,,,,,,,,,,,,,,,,,,
109.76852652680148,1.0,0.0,0.0,35.861570793188434,0.4205690671524961,0.0,0.06136060471320587,1,0.0,129.73301641270518,0.0,0.0,124.98571584895025,0.0,,,,,,,,,,,,,,,,,,,,,,,,,,,,,,,,,,,,,,,,,4.6042591766542e-05,1.0942654609680176,0.008383231237530708,0.27643969655036926,313454,-24.504817962646484
1338.1633999105857,1.0,0.0,0.0,37.26125439030542,0.5352653599642343,0.0,0.8357098574085555,1,0.0,1293.3531765770167,0.0,54.599999999999035,92.78085149984595,0.0,,,,,,,,,,,,,,,,,,,,,,,,,,,,,,,,,,,,,,,,,4.5706766141795505e-05,-10.169090270996094,0.008325556293129921,0.20979833602905273,315953,-23.002601623535156
1898.7517039036447,1.0,0.0,0.0,33.43102021006531,0.478034165131834,0.0,0.8928909952606635,4,0.0,1843.4814045941457,0.0,100.89999999999641,421.05746524190215,0.0,,,,,,,,,,,,,,,,,,,,,,,,,,,,,,,,,,,,,,,,,4.5175683654712004e-05,0.1296410858631134,0.008261227048933506,0.190322607755661,319924,-22.39139747619629
,,,,,,,,,,,,,,,,,,,,,,12.919219970703125,0.18630123138427734,0.15080131590366364,0.014500033110380173,0.26629287004470825,0.2942030429840088,10.499398231506348,20.882558822631836,0.14358729124069214,26.149539947509766,25.139799118041992,0.3571828603744507,0.16474495828151703,0.29838502407073975,26.397829055786133,0.33345702290534973,1.4522879123687744,0.4288442134857178,1.1370855569839478,0.13388755917549133,0.28638070821762085,0.020633909851312637,21.001399993896484,0.39607927203178406,0.37505674362182617,5.288567543029785,5.9543585777282715,0.07592955231666565,1.3462786674499512,22.45783805847168,0.07513924688100815,10.613932609558105,10.106184959411621,4.5165683330099514e-05,2.3900396823883057,0.008261230774223804,0.2541063725948334,319999,-25.51024627685547
1717.6253935605337,0.0,0.0,0.0,43.90534432482065,0.6416232325590339,0.0,0.7105606258148631,3,1.0,1631.8952150819823,0.0,17.90000000000012,310.3590576853993,0.0,,,,,,,,,,,,,,,,,,,,,,,,,,,,,,,,,,,,,,,,,4.481956462e-05,0.3033480942249298,0.008223148062825203,0.1736137419939041,322600,-23.47290802001953
,,,,,,,,,,,,,,,0.17349518835544586,1063.21,536,21,332601,544.01237732,15431,,,,,,,,,,,,,,,,,,,,,,,,,,,,,,,,,,,,,,,
102.74151012780395,0.0,0.0,0.0,35.436557583568614,0.4486528826541657,0.0,0.04847704847704848,0,1.0,112.35074092075229,0.0,0.65,26.839530248036436,0.0,,,,,,,,,,,,,,,,,,,,,,,,,,,,,,,,,,,,,,,,,4.4789288519608e-05,0.8519583940505981,0.008214138448238373,0.22533750534057617,322828,-24.17751121520996
955.377125630861,1.0,0.0,0.0,41.710513352260946,0.5587000734683397,0.0,0.49334016393442626,5,0.0,990.2614857871085,0.0,14.950000000000077,279.94586900090354,0.0,,,,,,,,,,,,,,,,,,,,,,,,,,,,,,,,,,,,,,,,,4.45626799347155e-05,1.1614174842834473,0.00816902332007885,0.1528061330318451,324537,-23.35586929321289
1592.7603409465444,0.0,0.0,1.0,41.79016021580707,0.5969866345376853,0.0,1.0,6,0.0,1547.640934228897,0.0,2.799999999999998,577.6274850112537,0.0,,,,,,,,,,,,,,,,,,,,,,,,,,,,,,,,,,,,,,,,,4.4210204492791995e-05,1.5148460865020752,0.00809252168983221,0.2238900065422058,327204,-23.03211212158203
-19.397077371315568,1.0,0.0,0.0,17.784891028115457,-0.3803348504179523,0.0,0.005840071877807727,0,0.0,12.455506710335612,0.0,2.499999999999999,0.0,0.0,,,,,,,,,,,,,,,,,,,,,,,,,,,,,,,,,,,,,,,,,4.4203609921342005e-05,-0.3559524714946747,0.00809597596526146,0.14804792404174805,327254,-24.987281799316406
,,,,,,,,,,,,,,,0.17303793132305145,1064.83,540,21,337255,547.76932706,15644,,,,,,,,,,,,,,,,,,,,,,,,,,,,,,,,,,,,,,,
257.1496549304769,1.0,0.0,0.0,34.37742900759522,0.4300161453686905,0.0,0.15630159603742433,0,0.0,285.11038045655005,0.0,2.5999999999999988,79.10220450993403,0.0,,,,,,,,,,,,,,,,,,,,,,,,,,,,,,,,,,,,,,,,,4.41249091709995e-05,1.394275426864624,0.008079261519014835,0.18279431760311127,327851,-23.04682159423828
784.7237295221736,1.0,0.0,0.0,44.48115705186663,0.6975322040197098,0.0,0.26764585883312936,2,0.0,694.7068752162158,0.0,5.14999999999999,155.54314582568344,0.0,,,,,,,,,,,,,,,,,,,,,,,,,,,,,,,,,,,,,,,,,4.3976928037187496e-05,1.438154935836792,0.008053584024310112,0.16246715188026428,328975,-25.45604705810547
372.73942062072996,1.0,0.0,0.0,32.65765630402813,0.43697470178280184,0.0,0.23346523459581683,2,0.0,386.59303971589543,0.0,24.20000000000021,148.49034550422377,0.0,,,,,,,,,,,,,,,,,,,,,,,,,,,,,,,,,,,,,,,,,4.3864924797935495e-05,0.36664268374443054,0.00802635308355093,0.2143802046775818,329827,-23.487323760986328
,,,,,,,,,,,,,,,,,,,,,,12.749772071838379,0.1876286268234253,0.1587076336145401,0.016833379864692688,0.2873188257217407,0.31679657101631165,10.254707336425781,22.043426513671875,0.1503823697566986,25.679031372070312,23.278730392456055,0.337975412607193,0.16618330776691437,0.32093966007232666,27.05399513244629,0.33470606803894043,1.5750616788864136,0.4459271728992462,1.2914760112762451,0.13366208970546722,0.28867846727371216,0.022867748513817787,22.10536003112793,0.39308226108551025,0.3927871286869049,4.6976637840271,5.833838939666748,0.07603952288627625,1.2408033609390259,22.147741317749023,0.06820367276668549,10.931304931640625,10.357885360717773,4.3842331340099514e-05,1.6547942161560059,0.008024213835597038,0.24949732422828674,329999,-22.23992347717285
1216.1468775596088,0.0,0.0,0.0,44.426739390950246,0.7111970044208239,0.0,0.5126669737448181,2,1.0,1054.7657608238515,0.0,13.450000000000056,193.1594809657777,0.0,,,,,,,,,,,,,,,,,,,,,,,,,,,,,,,,,,,,,,,,,4.3640696509952e-05,-1.663874626159668,0.007989591918885708,0.20178468525409698,331536,-23.888906478881836
,,,,,,,,,,,,,,,0.17264674603939056,1052.99,544,21,341537,548.8763824700001,15843,,,,,,,,,,,,,,,,,,,,,,,,,,,,,,,,,,,,,,,
680.6269943532845,1.0,0.0,0.0,34.43374862601116,0.45466065087059754,0.0,0.3922279792746114,1,0.0,715.4987573246472,0.0,33.60000000000023,94.48598511664656,0.0,,,,,,,,,,,,,,,,,,,,,,,,,,,,,,,,,,,,,,,,,4.3444891825888006e-05,-1.2907063961029053,0.007938151247799397,0.2205701768398285,333032,-23.05579376220703
716.0089669270602,1.0,0.0,0.0,42.41550069914502,0.6032089022131931,0.0,0.3572204125950054,5,0.0,698.8262015460059,0.0,0.8500000000000002,270.6660709904431,0.0,,,,,,,,,,,,,,,,,,,,,,,,,,,,,,,,,,,,,,,,,4.3289978136638e-05,0.9586142301559448,0.00791709590703249,0.19291843473911285,334218,-25.400375366210938
317.9579087999899,1.0,0.0,0.0,33.96884111406234,0.4745640429850596,0.0,0.14451901565995526,2,0.0,315.6294091939926,0.0,6.449999999999985,90.39499447807994,0.0,,,,,,,,,,,,,,,,,,,,,,,,,,,,,,,,,,,,,,,,,4.320271775551551e-05,0.24806593358516693,0.00790383294224739,0.198714941740036,334887,-25.191791534423828
285.78835931379507,1.0,0.0,0.0,42.59930029725364,0.6436674759319708,0.0,0.15511163337250294,0,0.0,262.4986532405019,0.0,4.899999999999991,0.0,0.0,,,,,,,,,,,,,,,,,,,,,,,,,,,,,,,,,,,,,,,,,4.314498448555e-05,-3.6688151359558105,0.007899658754467964,0.21468964219093323,335330,-25.24831771850586
,,,,,,,,,,,,,,,0.17220085859298706,1049.27,548,21,345331,548.00279225,16015,,,,,,,,,,,,,,,,,,,,,,,,,,,,,,,,,,,,,,,
419.2260521295706,1.0,0.0,0.0,37.89276836881645,0.4150752991381887,0.0,0.21352615908124203,1,0.0,531.1892073042691,0.0,10.500000000000014,72.53354565181097,0.0,,,,,,,,,,,,,,,,,,,,,,,,,,,,,,,,,,,,,,,,,4.301363394063951e-05,1.8786752223968506,0.007872779853641987,0.2056313157081604,336339,-23.459789276123047
520.2868025270907,1.0,0.0,0.0,38.29594582662707,0.538042194960797,0.0,0.2559694364851958,3,0.0,513.8642791332677,0.0,4.049999999999994,255.96843388057684,0.0,,,,,,,,,,,,,,,,,,,,,,,,,,,,,,,,,,,,,,,,,4.28880709209875e-05,0.9412399530410767,0.007840254344046116,0.36884814500808716,337305,-23.539505004882812
462.5718234271239,0.0,0.0,0.0,41.27320269095745,0.6225731136300456,0.0,0.2532239155920281,2,1.0,425.66132584773004,0.0,5.599999999999988,211.60158502986604,0.0,,,,,,,,,,,,,,,,,,,,,,,,,,,,,,,,,,,,,,,,,4.27917500637955e-05,1.8337266445159912,0.00782301276922226,0.2337471842765808,338047,-22.717079162597656
300.748425482069,1.0,0.0,0.0,37.936182690470474,0.5203259956437181,0.0,0.14560931899641577,2,0.0,304.27152877114713,0.0,3.899999999999994,160.97744484440787,0.0,,,,,,,,,,,,,,,,,,,,,,,,,,,,,,,,,,,,,,,,,4.2716923990912004e-05,1.1246483325958252,0.007828602567315102,0.26261085271835327,338624,-24.707178115844727
,,,,,,,,,,,,,,,0.17179635167121887,1052.15,552,21,348625,550.7758394,16169,,,,,,,,,,,,,,,,,,,,,,,,,,,,,,,,,,,,,,,
466.56973795815946,1.0,0.0,0.0,41.051914471847034,0.5774377945026726,0.0,0.18875326939843068,3,0.0,460.3941460410133,0.0,2.0500000000000007,271.30170068100125,0.0,,,,,,,,,,,,,,,,,,,,,,,,,,,,,,,,,,,,,,,,,4.2612382364219495e-05,0.2664458453655243,0.007811814546585083,0.20728111267089844,339431,-24.284500122070312
,,,,,,,,,,,,,,,,,,,,,,13.199625015258789,0.1944248378276825,0.16974307596683502,0.016915233805775642,0.2884839177131653,0.31398385763168335,10.117051124572754,21.736268997192383,0.15697067975997925,26.07735252380371,26.445106506347656,0.3877132833003998,0.17518553137779236,0.2826972007751465,25.136343002319336,0.3460988402366638,1.7249419689178467,0.4029284119606018,1.274504542350769,0.13427358865737915,0.29013603925704956,0.025289475917816162,19.282180786132812,0.3961219787597656,0.3685254454612732,5.126962661743164,5.734438896179199,0.07610751688480377,1.2615997791290283,21.860748291015625,0.07516670227050781,11.577817916870117,10.706640243530273,4.253887935009951e-05,1.2561439275741577,0.007812660187482834,0.1821216642856598,339999,-25.23079490661621
613.6850455153711,1.0,0.0,0.0,41.96115524369309,0.5469563685520242,0.0,0.3061938061938062,4,0.0,653.5851485952735,0.0,4.549999999999992,282.2564247244423,0.0,,,,,,,,,,,,,,,,,,,,,,,,,,,,,,,,,,,,,,,,,4.2467379118048e-05,-1.920819878578186,0.007802105508744717,0.2416837513446808,340552,-23.98284149169922
343.66038775993906,0.0,0.0,0.0,41.51594488638732,0.6387739549441246,0.0,0.1633587786259542,0,1.0,310.01767697464675,0.0,7.89999999999998,0.0,0.0,,,,,,,,,,,,,,,,,,,,,,,,,,,,,,,,,,,,,,,,,4.239800584913951e-05,0.726353108882904,0.007793917786329985,0.2580144703388214,341089,-24.253528594970703
-11.755193759242289,1.0,0.0,0.0,25.65645751062072,-0.10686539781129353,0.0,0.017090271691498685,0,0.0,38.9934399984777,0.0,4.299999999999993,0.0,0.0,,,,,,,,,,,,,,,,,,,,,,,,,,,,,,,,,,,,,,,,,4.2383931502797996e-05,0.7412430047988892,0.007788697723299265,0.18230709433555603,341198,-23.853853225708008
,,,,,,,,,,,,,,,0.1714935153722763,1057.72,556,21,351199,557.21188082,16293,,,,,,,,,,,,,,,,,,,,,,,,,,,,,,,,,,,,,,,
236.64882261810396,0.0,0.0,0.0,37.569555141648635,0.5415304865402837,1.0,0.1261759822910902,0,0.0,227.94313009642065,0.0,1.6000000000000008,91.01595218119682,0.0,,,,,,,,,,,,,,,,,,,,,,,,,,,,,,,,,,,,,,,,,4.2327657760622e-05,1.0776382684707642,0.007794738747179508,0.22394147515296936,341634,-24.681732177734375
83.45228491342735,1.0,0.0,0.0,35.297643099248695,0.08515539276880342,0.0,0.19698275862068965,2,0.0,480.0962395723909,0.0,5.249999999999989,80.47913458239394,0.0,,,,,,,,,,,,,,,,,,,,,,,,,,,,,,,,,,,,,,,,,4.2201437813015494e-05,-4.4420552253723145,0.007789005991071463,0.20930388569831848,342613,-24.24004364013672
-10.853775943366895,1.0,0.0,0.0,23.722098902914546,-0.19734138078848898,0.0,0.011049723756906077,0,0.0,17.99591686576605,0.0,0.0,1.3178671974309553,0.0,,,,,,,,,,,,,,,,,,,,,,,,,,,,,,,,,,,,,,,,,4.2194481282455495e-05,0.8591569662094116,0.007789288647472858,0.2443501353263855,342667,-23.21050262451172
844.6737754677156,1.0,0.0,0.0,35.501543886668216,0.48628311771313504,0.0,0.5353047676523838,5,0.0,855.9349362123758,0.0,31.150000000000308,297.3545466377286,0.0,,,,,,,,,,,,,,,,,,,,,,,,,,,,,,,,,,,,,,,,,4.19711508976955e-05,1.2891032695770264,0.007781893014907837,0.2145465910434723,344403,-24.411073684692383
,,,,,,,,,,,,,,,0.17112168669700623,1060.3,560,21,354404,552.92037716,16443,,,,,,,,,,,,,,,,,,,,,,,,,,,,,,,,,,,,,,,
763.0792255524582,1.0,0.0,0.0,39.39987855646974,0.5933742033844931,0.0,0.2964022894521668,5,0.0,703.2422289042734,0.0,7.7499999999999805,283.7145251571839,0.0,,,,,,,,,,,,,,,,,,,,,,,,,,,,,,,,,,,,,,,,,4.1806226357728005e-05,0.09920810163021088,0.007796493824571371,0.30281585454940796,345688,-23.0976505279541
822.9885046470308,0.0,0.0,0.0,42.918692339628386,0.6374814133594352,0.0,0.4679223072395527,2,1.0,769.2217295262963,0.0,1.950000000000001,208.85924781333148,0.0,,,,,,,,,,,,,,,,,,,,,,,,,,,,,,,,,,,,,,,,,4.1640990602158e-05,-4.574355125427246,0.0078122871927917,0.19057399034500122,346978,-24.124116897583008
1246.920063947979,0.0,0.0,0.0,32.590770523345796,0.4751981951021262,0.0,0.6948123620309051,3,1.0,1187.1293692097533,0.0,82.29999999999747,208.04001497217726,0.0,,,,,,,,,,,,,,,,,,,,,,,,,,,,,,,,,,,,,,,,,4.13060324804995e-05,0.040259093046188354,0.0078356908634305,0.17382168769836426,349601,-24.255355834960938
152.1221989455985,1.0,0.0,0.0,41.44334891193627,0.565510033255013,0.0,0.0811232449297972,0,0.0,154.62353798374534,0.0,0.0,0.0,0.0,,,,,,,,,,,,,,,,,,,,,,,,,,,,,,,,,,,,,,,,,4.12718858675195e-05,-0.10188722610473633,0.007838280871510506,0.19795188307762146,349869,-23.170059204101562
,,,,,,,,,,,,,,,0.1705711930990219,1092.33,564,21,359870,573.87507224,16699,,,,,,,,,,,,,,,,,,,,,,,,,,,,,,,,,,,,,,,
,,,,,,,,,,,,,,,,,,,,,,13.140101432800293,0.1941174566745758,0.16022011637687683,0.01615701988339424,0.29602286219596863,0.32232722640037537,10.532708168029785,22.44228744506836,0.15532894432544708,25.1945743560791,24.88666343688965,0.35847944021224976,0.17332324385643005,0.2873041331768036,26.117889404296875,0.33232662081718445,1.6062811613082886,0.41827383637428284,1.2249071598052979,0.13893067836761475,0.2774710953235626,0.023137643933296204,19.945470809936523,0.3814186453819275,0.3762145936489105,5.537378787994385,6.429585933685303,0.0848088338971138,1.1833274364471436,21.035829544067383,0.07976305484771729,11.122936248779297,10.783377647399902,4.125532736009951e-05,1.7344552278518677,0.007840213365852833,0.20250406861305237,349999,-24.052696228027344
231.16245952596233,1.0,0.0,0.0,41.097406941404486,0.46605334581847246,0.0,0.1960281870595772,1,0.0,282.8114812988788,0.0,5.4999999999999885,83.53697158596333,0.0,,,,,,,,,,,,,,,,,,,,,,,,,,,,,,,,,,,,,,,,,4.1208854143352e-05,2.4574079513549805,0.007837289944291115,0.25741004943847656,350364,-24.92656707763672
500.4735785875572,1.0,0.0,0.0,39.28196266457096,0.45415025280177607,0.0,0.24640209332751853,2,0.0,600.751300255768,0.0,12.750000000000046,146.15956525139273,0.0,,,,,,,,,,,,,,,,,,,,,,,,,,,,,,,,,,,,,,,,,4.1068831149387515e-05,-0.16593597829341888,0.007828221656382084,0.2105446755886078,351465,-24.072765350341797
2867.670571483704,0.0,0.0,1.0,43.80610439312306,0.707193729095858,0.0,1.0,3,0.0,2466.4056486906484,0.0,29.700000000000287,202.78664326541102,0.0,,,,,,,,,,,,,,,,,,,,,,,,,,,,,,,,,,,,,,,,,4.055533086641951e-05,1.0379736423492432,0.007839794270694256,0.20911020040512085,355519,-23.36179542541504
161.54053301534293,1.0,0.0,0.0,41.71180749930279,0.5513328771854707,0.0,0.06909391808026479,0,0.0,169.47768449503928,0.0,2.5999999999999988,40.56907796441167,0.0,,,,,,,,,,,,,,,,,,,,,,,,,,,,,,,,,,,,,,,,,4.05184709282395e-05,1.0950162410736084,0.007838825695216656,0.21193838119506836,355811,-23.360031127929688
,,,,,,,,,,,,,,,0.16997361183166504,1130.48,568,21,365812,600.5984050300001,16975,,,,,,,,,,,,,,,,,,,,,,,,,,,,,,,,,,,,,,,
346.93459665852015,1.0,0.0,0.0,36.59293768828134,0.5362203966901393,0.0,0.16275346851654215,1,0.0,328.58776268549263,0.0,10.25000000000001,46.74757151252303,0.0,,,,,,,,,,,,,,,,,,,,,,,,,,,,,,,,,,,,,,,,,4.04369849184755e-05,3.0604238510131836,0.007822471670806408,0.1711588203907013,356457,-24.77761459350586
92.47686406047526,1.0,0.0,0.0,33.680993588065995,0.3412430408135619,0.0,0.0842443729903537,1,0.0,126.3706428501755,0.0,0.44999999999999996,91.11526325740414,0.0,,,,,,,,,,,,,,,,,,,,,,,,,,,,,,,,,,,,,,,,,4.0402951906635497e-05,-1.4000864028930664,0.007827000692486763,0.206096351146698,356727,-23.57122230529785
980.791237130267,1.0,0.0,0.0,41.935482884077615,0.6180159024135268,0.0,0.5729234793982996,5,0.0,923.9113827031106,0.0,15.15000000000008,445.1867715234253,0.0,,,,,,,,,,,,,,,,,,,,,,,,,,,,,,,,,,,,,,,,,4.02033323639155e-05,-6.01321268081665,0.007825623266398907,0.18821944296360016,358313,-24.69942855834961
,,,,,,,,,,,,,,,,,,,,,,13.078872680664062,0.20228716731071472,0.16898490488529205,0.017481010407209396,0.29175737500190735,0.31920337677001953,10.045278549194336,22.08001708984375,0.15169541537761688,25.564430236816406,23.989334106445312,0.3478201627731323,0.17281949520111084,0.29140281677246094,26.99250030517578,0.3377991318702698,1.509373664855957,0.4291730523109436,1.3229519128799438,0.13273468613624573,0.28847619891166687,0.021884333342313766,20.098201751708984,0.3864125907421112,0.39136290550231934,5.293111324310303,6.076761722564697,0.08029613643884659,1.2105529308319092,21.83169937133789,0.07674455642700195,11.654975891113281,10.462510108947754,3.99916753700995e-05,-1.5444995164871216,0.007843847386538982,0.1944519430398941,359999,-25.78035545349121
1405.466388494168,0.0,0.0,0.0,38.64147878777316,0.5962946069130963,0.0,0.7918170878459687,2,1.0,1264.406828891486,0.0,32.90000000000027,275.39798237592254,0.0,,,,,,,,,,,,,,,,,,,,,,,,,,,,,,,,,,,,,,,,,3.99077220023195e-05,0.33973997831344604,0.007850437425076962,0.16570845246315002,360669,-24.666336059570312
,,,,,,,,,,,,,,,0.169509619474411,1140.3,572,21,370670,608.43030789,17196,,,,,,,,,,,,,,,,,,,,,,,,,,,,,,,,,,,,,,,
612.8573086791566,1.0,0.0,0.0,39.84896767231989,0.6020209319048689,0.0,0.3812297734627832,1,0.0,563.0700159473345,0.0,19.000000000000135,69.5737800702503,0.0,,,,,,,,,,,,,,,,,,,,,,,,,,,,,,,,,,,,,,,,,3.978045901830201e-05,1.6606286764144897,0.007849414832890034,0.20682360231876373,361686,-22.881484985351562
51.00993886431286,0.0,0.0,0.0,31.55868179124317,0.20568523735610023,0.0,0.044343891402714934,0,1.0,108.41296055633575,0.0,1.7000000000000008,56.81470757967165,0.0,,,,,,,,,,,,,,,,,,,,,,,,,,,,,,,,,,,,,,,,,3.974958157065549e-05,-2.9329466819763184,0.007850268855690956,0.2449714094400406,361933,-23.832693099975586
86.60115531737927,0.0,0.0,0.0,30.974872988858102,0.20473086363446635,0.0,0.1,1,1.0,181.50745860673487,0.0,0.8500000000000002,99.68408094054224,0.0,,,,,,,,,,,,,,,,,,,,,,,,,,,,,,,,,,,,,,,,,3.969685547948751e-05,0.4915653467178345,0.007849553599953651,0.2708185315132141,362355,-23.815288543701172
344.0559169688552,1.0,0.0,0.0,36.15757040212667,0.47521535492935796,0.0,0.2539164490861619,3,0.0,363.0501844913233,0.0,7.099999999999983,222.9040962500524,0.0,,,,,,,,,,,,,,,,,,,,,,,,,,,,,,,,,,,,,,,,,3.9606603811357996e-05,0.030353322625160217,0.007857376709580421,0.18268147110939026,363078,-24.568523406982422
,,,,,,,,,,,,,,,0.16932134330272675,1075.92,576,21,373079,576.29483519,17305,,,,,,,,,,,,,,,,,,,,,,,,,,,,,,,,,,,,,,,
434.78274452422545,0.0,0.0,0.0,45.16710891113897,0.7198389810003732,0.0,0.1772207563764292,0,1.0,378.59584330022335,0.0,4.899999999999991,0.0,0.0,,,,,,,,,,,,,,,,,,,,,,,,,,,,,,,,,,,,,,,,,3.953141123121951e-05,2.358832359313965,0.007853840477764606,0.2398216277360916,363681,-24.589736938476562
51.757742642420666,1.0,0.0,0.0,37.66403114661536,0.3833906862401531,0.0,0.029626449119793903,0,0.0,70.4105316977948,0.0,2.3,0.0,0.0,,,,,,,,,,,,,,,,,,,,,,,,,,,,,,,,,,,,,,,,,3.9514711595387495e-05,2.5570876598358154,0.007852934300899506,0.29081016778945923,363815,-24.76092529296875
761.199787479363,0.0,0.0,0.0,32.79002605073291,0.47133113775811947,0.0,0.4204301075268817,3,1.0,735.0934092896059,0.0,30.750000000000302,142.4770860871235,0.0,,,,,,,,,,,,,,,,,,,,,,,,,,,,,,,,,,,,,,,,,3.9313848937079496e-05,1.3066737651824951,0.007868981920182705,0.20589767396450043,365429,-25.372600555419922
187.1697781403587,1.0,0.0,0.0,28.963807187424347,0.29662405410516435,0.0,0.11315902271753107,1,0.0,253.54723570402712,0.0,0.0,238.1086921320921,0.0,,,,,,,,,,,,,,,,,,,,,,,,,,,,,,,,,,,,,,,,,3.923558596235951e-05,-0.9709165096282959,0.007863163948059082,0.2229425311088562,366059,-25.01239776611328
,,,,,,,,,,,,,,,0.1690198928117752,1044.9,580,21,376060,558.27786285,17445,,,,,,,,,,,,,,,,,,,,,,,,,,,,,,,,,,,,,,,
109.82107841703221,1.0,0.0,0.0,39.77010270097126,0.4859339752966027,0.0,0.06486766995329528,1,0.0,124.51220667385496,0.0,4.499999999999992,67.7358318861793,0.0,,,,,,,,,,,,,,,,,,,,,,,,,,,,,,,,,,,,,,,,,3.9207654041271994e-05,1.4048874378204346,0.007863208651542664,0.22555959224700928,366284,-24.135391235351562
2.2033307613677913,0.0,0.0,0.0,26.782166190745638,0.03389739632873525,0.0,0.009813542688910697,0,1.0,23.919832625892013,0.0,0.0,0.0,0.0,,,,,,,,,,,,,,,,,,,,,,,,,,,,,,,,,,,,,,,,,3.9199710801848e-05,-7.068624496459961,0.00786372646689415,0.22583052515983582,366348,-25.83429718017578
786.2248914907634,0.0,0.0,0.0,44.04676969376154,0.6777800788713477,0.0,0.3922299095263438,2,1.0,709.2868718206882,0.0,1.900000000000001,193.91039633026455,0.0,,,,,,,,,,,,,,,,,,,,,,,,,,,,,,,,,,,,,,,,,3.905600473737549e-05,-0.8814926147460938,0.007876962423324585,0.21770630776882172,367507,-25.44361114501953
-5.26144653240841,1.0,0.0,0.0,24.1354455325816,-0.07625284829577406,0.0,0.0126953125,0,0.0,22.937981674447656,0.0,3.399999999999996,0.0,0.0,,,,,,,,,,,,,,,,,,,,,,,,,,,,,,,,,,,,,,,,,3.90475816221875e-05,0.8477975130081177,0.007876317016780376,0.2582383155822754,367575,-23.37028694152832
,,,,,,,,,,,,,,,0.16887082159519196,1028.98,584,21,377576,560.6606402699999,17518,,,,,,,,,,,,,,,,,,,,,,,,,,,,,,,,,,,,,,,
802.8940146954268,0.0,0.0,0.0,41.77086441652249,0.560680177859935,0.0,0.47336923997606223,6,1.0,830.3449627645314,0.0,17.15000000000011,360.9694117994503,0.0,,,,,,,,,,,,,,,,,,,,,,,,,,,,,,,,,,,,,,,,,3.8870538029582006e-05,0.8229029178619385,0.007911058142781258,0.19950580596923828,369006,-24.075706481933594
,,,,,,,,,,,,,,,,,,,,,,13.718868255615234,0.2064676135778427,0.17720429599285126,0.016644425690174103,0.27388954162597656,0.30283427238464355,10.653593063354492,21.354372024536133,0.15895392000675201,24.575214385986328,24.669557571411133,0.3597908616065979,0.17595714330673218,0.2861611843109131,26.25697135925293,0.3151998221874237,1.481589913368225,0.41306087374687195,1.297717571258545,0.13664217293262482,0.2867521047592163,0.02160811237990856,19.621036529541016,0.3786969780921936,0.38294240832328796,4.921693801879883,6.043005466461182,0.0775071233510971,1.2505090236663818,22.357229232788086,0.07177998870611191,12.150257110595703,10.898894309997559,3.874792338009951e-05,-0.21767359972000122,0.007911902852356434,0.4125562310218811,369999,-23.154626846313477
882.4462565772012,0.0,0.0,0.0,33.691381497412465,0.4250704511450873,0.0,0.6437659033078881,1,1.0,970.9182361532003,0.0,42.299999999999734,264.73004408628225,0.0,,,,,,,,,,,,,,,,,,,,,,,,,,,,,,,,,,,,,,,,,3.8614542491819505e-05,1.9290814399719238,0.007911196909844875,0.18367786705493927,371081,-24.980674743652344
598.9707170721649,1.0,0.0,0.0,45.118553654236464,0.723394585835948,0.0,0.24089363768819816,0,0.0,518.6136573078111,0.0,5.549999999999988,0.0,0.0,,,,,,,,,,,,,,,,,,,,,,,,,,,,,,,,,,,,,,,,,3.8512753186167996e-05,0.18259546160697937,0.007913291454315186,0.2606618404388428,371908,-25.218952178955078
114.4445780290508,1.0,0.0,0.0,42.2958370119343,0.5582662342880527,0.0,0.05784359093012494,0,0.0,120.20089203026146,0.0,2.3,0.0,0.0,,,,,,,,,,,,,,,,,,,,,,,,,,,,,,,,,,,,,,,,,3.8487665264128e-05,-0.1743682622909546,0.00791110284626484,0.23413516581058502,372112,-24.40888214111328
,,,,,,,,,,,,,,,0.16845159232616425,1042.78,588,21,382113,566.06976161,17741,,,,,,,,,,,,,,,,,,,,,,,,,,,,,,,,,,,,,,,
1440.2214526739217,1.0,0.0,0.0,44.07734433225619,0.5990937823102835,0.0,0.7846916299559471,2,0.0,1471.1017612107098,0.0,12.800000000000047,321.3141265222648,0.0,,,,,,,,,,,,,,,,,,,,,,,,,,,,,,,,,,,,,,,,,3.819276762988751e-05,-1.1324803829193115,0.007932331413030624,0.18450599908828735,374515,-25.12261199951172
446.48895219857604,1.0,0.0,0.0,38.04689761582328,0.4626828520192498,0.0,0.3247706422018349,2,0.0,509.4932535449043,0.0,4.849999999999991,225.19636535635456,0.0,,,,,,,,,,,,,,,,,,,,,,,,,,,,,,,,,,,,,,,,,3.80747879143795e-05,0.7147906422615051,0.007937397807836533,0.1894848793745041,375479,-24.985618591308594
16.225566382254108,1.0,0.0,0.0,26.144501468176912,0.11930563516363314,0.0,0.026563364692861097,0,0.0,49.12085891049355,0.0,0.0,22.428891457403292,0.0,,,,,,,,,,,,,,,,,,,,,,,,,,,,,,,,,,,,,,,,,3.8058280621102e-05,1.1744190454483032,0.007938249036669731,0.19394996762275696,375614,-26.535465240478516
229.12439205955872,1.0,0.0,0.0,33.981238088619335,0.41135438430800486,0.0,0.12314410480349346,2,0.0,262.5346130095422,0.0,0.0,252.63649085572092,0.0,,,,,,,,,,,,,,,,,,,,,,,,,,,,,,,,,,,,,,,,,3.799033325555e-05,0.606245756149292,0.007942141965031624,0.19861450791358948,376170,-24.80562973022461
,,,,,,,,,,,,,,,0.16812120378017426,1058.23,592,21,386171,577.0366134100001,17935,,,,,,,,,,,,,,,,,,,,,,,,,,,,,,,,,,,,,,,
623.485065308308,1.0,0.0,0.0,45.05174091239524,0.6304196818081982,0.0,0.2732802994852597,2,0.0,618.4652820033953,0.0,8.299999999999983,119.89351258053496,0.0,,,,,,,,,,,,,,,,,,,,,,,,,,,,,,,,,,,,,,,,,3.7869744037918e-05,0.24503859877586365,0.007950401864945889,0.2521096467971802,377158,-25.10801887512207
336.0831448263748,0.0,0.0,0.0,44.45404525417096,0.7212084652926498,0.0,0.15462274176408078,0,1.0,287.44317103386857,0.0,5.299999999999989,0.0,0.0,,,,,,,,,,,,,,,,,,,,,,,,,,,,,,,,,,,,,,,,,3.7813056217835493e-05,2.009652614593506,0.0079545509070158,0.21945315599441528,377623,-23.374378204345703
1092.3385753316577,0.0,0.0,0.0,40.78392736172599,0.6292272899375908,0.0,0.4865502595563945,5,1.0,982.724053516984,0.0,17.90000000000012,290.11632176114665,0.0,,,,,,,,,,,,,,,,,,,,,,,,,,,,,,,,,,,,,,,,,3.7601923390318006e-05,2.1249842643737793,0.007970280945301056,0.17965099215507507,379358,-24.9462890625
,,,,,,,,,,,,,,,,,,,,,,13.25958251953125,0.2106269896030426,0.1805647611618042,0.018038533627986908,0.28954434394836426,0.31924083828926086,10.857632637023926,21.49538803100586,0.15597887337207794,24.89638328552246,23.212879180908203,0.349484384059906,0.17860747873783112,0.30238351225852966,27.39686393737793,0.3353559970855713,1.7020624876022339,0.43813666701316833,1.3391568660736084,0.1462530493736267,0.29933226108551025,0.02562561072409153,20.08442497253418,0.38519781827926636,0.4124768376350403,5.250413417816162,5.92982816696167,0.07987518608570099,1.2066056728363037,22.222030639648438,0.07904824614524841,11.993178367614746,10.360174179077148,3.75240713900995e-05,1.3222761154174805,0.007970706559717655,0.19580496847629547,379999,-25.715835571289062
665.7113826570162,1.0,0.0,0.0,35.52358698894144,0.5317183567548053,0.0,0.3771260997067449,2,0.0,617.2746590962633,0.0,33.45000000000024,151.55575870007976,0.0,,,,,,,,,,,,,,,,,,,,,,,,,,,,,,,,,,,,,,,,,3.7450060392659504e-05,-1.6743857860565186,0.007973113097250462,0.21451297402381897,380609,-26.12261199951172
,,,,,,,,,,,,,,,0.1677778959274292,1048.65,596,21,390610,572.16981728,18143,,,,,,,,,,,,,,,,,,,,,,,,,,,,,,,,,,,,,,,
282.1847874279248,0.0,0.0,0.0,43.335894149190274,0.5978491259066203,0.0,0.16893089190785587,1,1.0,283.79271874856204,0.0,6.949999999999983,50.04881645226068,0.0,,,,,,,,,,,,,,,,,,,,,,,,,,,,,,,,,,,,,,,,,3.7392964856800004e-05,-1.696583867073059,0.007974519394338131,0.2156866490840912,381080,-25.40656280517578
582.1433642023939,1.0,0.0,0.0,42.74875383716878,0.6334530622441717,0.0,0.2508620689655172,0,0.0,545.0416185623035,0.0,0.7000000000000001,99.04254158489388,0.0,,,,,,,,,,,,,,,,,,,,,,,,,,,,,,,,,,,,,,,,,3.728180998439799e-05,-5.226498603820801,0.007972698658704758,0.1503799855709076,381998,-24.462688446044922
169.0118554120837,1.0,0.0,0.0,39.92028665092036,0.5137138462373364,0.0,0.12882238126219908,0,0.0,182.2594522377476,0.0,6.0499999999999865,0.0,0.0,,,,,,,,,,,,,,,,,,,,,,,,,,,,,,,,,,,,,,,,,3.7242135182462006e-05,2.9608147144317627,0.007963443174958229,0.192035973072052,382326,-24.922760009765625
644.8869949210459,1.0,0.0,0.0,43.1984833690808,0.6378704202977704,0.0,0.2433234421364985,4,0.0,606.2498113140464,0.0,4.799999999999991,262.65368145000434,0.0,,,,,,,,,,,,,,,,,,,,,,,,,,,,,,,,,,,,,,,,,3.7120100285152e-05,1.1777039766311646,0.00795712973922491,0.19643041491508484,383336,-23.88614845275879
,,,,,,,,,,,,,,,0.1675679087638855,1041.53,600,21,393337,566.46622034,18265,,,,,,,,,,,,,,,,,,,,,,,,,,,,,,,,,,,,,,,
33.438338161403635,0.0,0.0,0.0,31.65589579648221,0.3715370906822626,0.0,0.02218430034129693,0,1.0,39.312168560922146,0.0,4.3499999999999925,0.0,0.0,,,,,,,,,,,,,,,,,,,,,,,,,,,,,,,,,,,,,,,,,3.71093564471875e-05,0.0599835067987442,0.007955055683851242,0.1989119052886963,383425,-26.027603149414062
26.729450017553873,0.0,0.0,0.0,30.48164067886844,0.3383474685766313,0.0,0.022316043425814235,0,1.0,33.21150807105005,0.0,3.8499999999999943,0.0,0.0,,,,,,,,,,,,,,,,,,,,,,,,,,,,,,,,,,,,,,,,,3.709994179539551e-05,-1.8090611696243286,0.007951918989419937,0.1570577323436737,383503,-26.05678939819336
2016.3288280185702,0.0,0.0,0.0,44.611008121438616,0.6326729927890086,0.0,0.8472400513478819,2,1.0,1973.9568755598739,0.0,10.500000000000014,308.1584057066598,0.0,,,,,,,,,,,,,,,,,,,,,,,,,,,,,,,,,,,,,,,,,3.671642419073949e-05,-0.5831068754196167,0.007946949452161789,0.19369331002235413,386689,-24.40892791748047
409.6536485267681,1.0,0.0,0.0,38.275388525850715,0.587738376652465,0.0,0.2536327608982827,0,0.0,370.33331644535065,0.0,16.100000000000094,0.0,0.0,,,,,,,,,,,,,,,,,,,,,,,,,,,,,,,,,,,,,,,,,3.6632911403387504e-05,1.2286667823791504,0.007943862117826939,0.21490278840065002,387385,-26.060556411743164
,,,,,,,,,,,,,,,0.16723988950252533,1048.69,604,21,397386,576.0742498800001,18449,,,,,,,,,,,,,,,,,,,,,,,,,,,,,,,,,,,,,,,
1029.5877092895412,0.0,0.0,0.0,44.254816169093495,0.7220110163320765,0.0,0.43610144206862256,0,1.0,876.0991063714027,0.0,15.450000000000085,42.4966084424871,0.0,,,,,,,,,,,,,,,,,,,,,,,,,,,,,,,,,,,,,,,,,3.6462226901950006e-05,1.4759137630462646,0.00793544203042984,0.3972393572330475,388810,-22.982044219970703
183.806985885934,1.0,0.0,0.0,27.072728349909365,0.33664283129291944,0.0,0.10531220876048462,0,0.0,205.03045411314815,0.0,24.800000000000217,0.0,0.0,,,,,,,,,,,,,,,,,,,,,,,,,,,,,,,,,,,,,,,,,3.63970543944875e-05,1.0051957368850708,0.007931718602776527,0.1724984347820282,389355,-25.54580307006836
298.230907617808,1.0,0.0,0.0,43.61748421591606,0.6345338459953361,0.0,0.11183144246353323,1,0.0,284.4230912718922,0.0,2.7499999999999982,63.2295499074749,0.0,,,,,,,,,,,,,,,,,,,,,,,,,,,,,,,,,,,,,,,,,3.6341017482112014e-05,-0.26886528730392456,0.00791498925536871,0.18677106499671936,389824,-24.755813598632812
11.945416613803616,0.0,0.0,0.0,22.128753660071386,0.10959097810829005,0.0,0.022770398481973434,0,1.0,33.27802226413041,0.0,5.04999999999999,0.0,0.0,,,,,,,,,,,,,,,,,,,,,,,,,,,,,,,,,,,,,,,,,3.6328119660088006e-05,1.038370966911316,0.007914635352790356,0.3866382837295532,389932,-25.76995086669922
,,,,,,,,,,,,,,,0.16707123816013336,1022.38,608,21,399933,560.7361991600001,18566,,,,,,,,,,,,,,,,,,,,,,,,,,,,,,,,,,,,,,,
,,,,,,,,,,,,,,,,,,,,,,13.229269027709961,0.21921369433403015,0.1859852820634842,0.019964151084423065,0.2994641959667206,0.32595741748809814,10.626558303833008,22.071563720703125,0.1644994616508484,24.97964096069336,22.99300765991211,0.34381914138793945,0.1794930398464203,0.3003574013710022,26.538021087646484,0.33892059326171875,1.921421766281128,0.4298948049545288,1.4714281558990479,0.1441798061132431,0.29549217224121094,0.028731409460306168,20.08649253845215,0.40009766817092896,0.39682841300964355,5.022284507751465,5.842716693878174,0.07927323877811432,1.2274538278579712,21.778812408447266,0.07509923726320267,12.437822341918945,11.000950813293457,3.63201194000995e-05,-4.496824741363525,0.007914389483630657,0.18105235695838928,389999,-26.27541732788086
423.84049878961827,1.0,0.0,0.0,41.9607358478557,0.6335433464717762,0.0,0.23952095808383234,2,0.0,389.65502598602325,0.0,10.650000000000016,108.38033985970364,0.0,,,,,,,,,,,,,,,,,,,,,,,,,,,,,,,,,,,,,,,,,3.6248395819999996e-05,2.0513076782226562,0.007907663471996784,0.2228618860244751,390600,-24.868732452392578
6.358951950811353,1.0,0.0,0.0,30.782097364753206,0.08152502501040196,0.0,0.02042079207920792,0,0.0,33.089949081651866,0.0,0.5499999999999999,7.716864326405011,0.0,,,,,,,,,,,,,,,,,,,,,,,,,,,,,,,,,,,,,,,,,3.623921180373551e-05,-0.8582727909088135,0.007909375242888927,0.1838057041168213,390677,-26.201885223388672
86.84036493488395,1.0,0.0,0.0,39.20578631198682,0.4499500773828184,0.0,0.06330669944683466,0,0.0,104.83053225371987,0.0,1.800000000000001,28.75031394481519,0.0,,,,,,,,,,,,,,,,,,,,,,,,,,,,,,,,,,,,,,,,,3.621631653851951e-05,0.2685471475124359,0.007905563339591026,0.191853329539299,390869,-25.377796173095703
18.855149318704328,1.0,0.0,0.0,27.728943829478354,0.17621634877293765,0.0,0.02754098360655738,0,0.0,40.98664012015797,0.0,5.299999999999989,0.0,0.0,,,,,,,,,,,,,,,,,,,,,,,,,,,,,,,,,,,,,,,,,3.6203679587187494e-05,1.2512258291244507,0.007907147519290447,0.17234139144420624,390975,-24.939952850341797
,,,,,,,,,,,,,,,0.16699229180812836,987.35,612,21,400976,544.2663570100001,18611,,,,,,,,,,,,,,,,,,,,,,,,,,,,,,,,,,,,,,,
69.66409971205715,1.0,0.0,0.0,37.364656005029225,0.4122136077636518,0.0,0.037991266375545854,1,0.0,87.49064688850194,0.0,1.3000000000000005,37.15014689601466,0.0,,,,,,,,,,,,,,,,,,,,,,,,,,,,,,,,,,,,,,,,,3.6183655791675496e-05,1.1702611446380615,0.007904195226728916,0.24412690103054047,391143,-24.505220413208008
744.366799910601,1.0,0.0,0.0,42.9486489903034,0.6318903225047546,0.0,0.29088471849865954,5,0.0,702.3356215916574,0.0,0.0,321.1883549649593,0.0,,,,,,,,,,,,,,,,,,,,,,,,,,,,,,,,,,,,,,,,,3.6043527548799994e-05,-1.1370611190795898,0.007902322337031364,0.3188420534133911,392320,-24.97354507446289
742.5476616243428,1.0,0.0,0.0,43.74931146025111,0.5916714435253728,0.0,0.43625730994152045,1,0.0,762.2972578369081,0.0,2.2,112.4294281635498,0.0,,,,,,,,,,,,,,,,,,,,,,,,,,,,,,,,,,,,,,,,,3.5894535360862e-05,-0.15935838222503662,0.007895573042333126,0.1718192994594574,393574,-26.120115280151367
243.19094913116936,1.0,0.0,0.0,40.50944884147023,0.5380330732990473,0.0,0.1264674493062967,1,0.0,254.003645054996,0.0,2.549999999999999,108.52801845956414,0.0,,,,,,,,,,,,,,,,,,,,,,,,,,,,,,,,,,,,,,,,,3.584102696218749e-05,2.015397787094116,0.00788901373744011,0.5345959663391113,394025,-24.56709861755371
,,,,,,,,,,,,,,,0.16676948964595795,993.18,616,21,404026,552.80090147,18753,,,,,,,,,,,,,,,,,,,,,,,,,,,,,,,,,,,,,,,
272.51334446939273,1.0,0.0,0.0,43.231842277528784,0.6110164674201631,0.0,0.16601049868766404,2,0.0,267.56508788466454,0.0,4.849999999999991,97.5586955250278,0.0,,,,,,,,,,,,,,,,,,,,,,,,,,,,,,,,,,,,,,,,,3.5788270099549996e-05,0.3851921260356903,0.007884605787694454,0.254935085773468,394470,-25.379226684570312
190.7949498887079,0.0,0.0,0.0,38.35337370389574,0.41932956019496237,0.0,0.1604527296937417,0,1.0,242.10561021231115,0.0,0.0,54.64242244326792,0.0,,,,,,,,,,,,,,,,,,,,,,,,,,,,,,,,,,,,,,,,,3.5734486854711995e-05,1.6254969835281372,0.007885831408202648,0.20000368356704712,394924,-26.46824836730957
336.8929492246299,1.0,0.0,0.0,32.93887099055141,0.4319140374674742,0.0,0.2300183038438072,2,0.0,356.572834322229,0.0,4.99999999999999,248.19266726351125,0.0,,,,,,,,,,,,,,,,,,,,,,,,,,,,,,,,,,,,,,,,,3.564229795879551e-05,1.8384928703308105,0.007897038012742996,0.2656846046447754,395703,-25.323036193847656
447.7901298051604,1.0,0.0,0.0,42.08818399954303,0.6067616935029274,0.0,0.2738443534230544,1,0.0,430.9254058804363,0.0,2.0500000000000007,89.12095755083898,0.0,,,,,,,,,,,,,,,,,,,,,,,,,,,,,,,,,,,,,,,,,3.55551906232e-05,1.296676516532898,0.00789231713861227,0.24401122331619263,396440,-24.34679412841797
,,,,,,,,,,,,,,,0.16656649112701416,965.71,620,21,406441,538.13669047,18865,,,,,,,,,,,,,,,,,,,,,,,,,,,,,,,,,,,,,,,
345.6124821590875,0.0,0.0,0.0,26.348385007893384,0.37566574147726906,0.0,0.21185372005044137,0,1.0,336.3924931427464,0.0,45.799999999999535,0.0,0.0,,,,,,,,,,,,,,,,,,,,,,,,,,,,,,,,,,,,,,,,,3.5446723810659506e-05,-1.7188737392425537,0.007895749993622303,0.2380286157131195,397359,-25.83348274230957
,,,,,,,,,,,,,,,,,,,,,,13.1238431930542,0.22980889678001404,0.20103992521762848,0.02124027907848358,0.29523766040802,0.31814613938331604,10.64394474029541,21.6944522857666,0.14140091836452484,25.231855392456055,22.811859130859375,0.3375086784362793,0.17860108613967896,0.3024335503578186,26.600975036621094,0.34337782859802246,1.8152488470077515,0.4230448305606842,1.5607637166976929,0.1448523998260498,0.30143454670906067,0.026857182383537292,20.441165924072266,0.3931872844696045,0.39356985688209534,5.185534477233887,5.595334053039551,0.07614634931087494,1.2358700037002563,22.149808883666992,0.07672163099050522,13.588077545166016,9.55713939666748,3.5136067410099506e-05,2.441117286682129,0.007890702225267887,0.19751262664794922,399999,-23.989349365234375
2068.4989482243864,0.0,0.0,1.0,42.43765991817084,0.6182005224818847,0.0,1.0,9,0.0,1971.461230150424,0.0,5.849999999999987,624.0910232338487,0.0,,,,,,,,,,,,,,,,,,,,,,,,,,,,,,,,,,,,,,,,,3.505334267379201e-05,1.6573232412338257,0.007888656109571457,0.24149811267852783,400704,-25.441864013671875
291.48847851593086,1.0,0.0,0.0,40.278406169883596,0.4403149222295028,0.0,0.14262023217247097,1,0.0,369.93783416505903,0.0,0.0,154.28505210186748,0.0,,,,,,,,,,,,,,,,,,,,,,,,,,,,,,,,,,,,,,,,,3.4975870740887504e-05,-1.1970126628875732,0.007873473688960075,0.211089089512825,401365,-25.992637634277344
147.91829404023056,0.0,0.0,0.0,34.90446007375178,0.28121348676849917,0.0,0.16428571428571428,0,1.0,254.76879364531487,0.0,2.7499999999999982,0.0,0.0,,,,,,,,,,,,,,,,,,,,,,,,,,,,,,,,,,,,,,,,,3.491440052395e-05,1.49534010887146,0.007872970774769783,0.23008465766906738,401890,-24.887733459472656
,,,,,,,,,,,,,,,0.1661231964826584,991.37,624,21,411891,549.1666978,19116,,,,,,,,,,,,,,,,,,,,,,,,,,,,,,,,,,,,,,,
297.01884912435463,0.0,0.0,0.0,26.63156227512967,0.38775306674197735,0.0,0.15196599362380447,0,1.0,282.98074880056083,0.0,36.150000000000084,0.0,0.0,,,,,,,,,,,,,,,,,,,,,,,,,,,,,,,,,,,,,,,,,3.48249278279875e-05,1.2762956619262695,0.007875286974012852,0.37741899490356445,402655,-25.322265625
264.6020144395092,1.0,0.0,0.0,41.28006158310496,0.5466983769411348,0.0,0.1222169587873046,2,0.0,277.2070365007967,0.0,3.399999999999996,89.52755591907044,0.0,,,,,,,,,,,,,,,,,,,,,,,,,,,,,,,,,,,,,,,,,3.4768497200878e-05,1.7822052240371704,0.007874777540564537,0.2246580421924591,403138,-24.308910369873047
594.8003493700664,0.0,0.0,0.0,32.70980279228406,0.5023651599409344,0.0,0.34586929716399506,0,1.0,537.5254325680435,0.0,36.500000000000064,0.0,0.0,,,,,,,,,,,,,,,,,,,,,,,,,,,,,,,,,,,,,,,,,3.463047915857951e-05,0.36763691902160645,0.007870245724916458,0.2138005495071411,404321,-25.754627227783203
160.40595434522214,1.0,0.0,0.0,40.78704921153481,0.5207985530689031,0.0,0.07179930795847751,1,0.0,174.25622678082436,0.0,0.0,90.37247182635163,0.0,,,,,,,,,,,,,,,,,,,,,,,,,,,,,,,,,,,,,,,,,3.4594707649208004e-05,1.2157821655273438,0.007861990481615067,0.3065366744995117,404628,-25.85198974609375
,,,,,,,,,,,,,,,0.165946826338768,966.81,628,21,414629,529.88603099,19243,,,,,,,,,,,,,,,,,,,,,,,,,,,,,,,,,,,,,,,
101.20656313769675,1.0,0.0,0.0,35.02196293762817,0.4164879141469002,0.0,0.0734304932735426,0,0.0,117.92660197871737,0.0,8.84999999999999,0.0,0.0,,,,,,,,,,,,,,,,,,,,,,,,,,,,,,,,,,,,,,,,,3.4566523131549995e-05,-1.9789907932281494,0.00785919465124607,0.19740813970565796,404870,-25.121780395507812
625.194418038033,0.0,0.0,0.0,36.47680791786184,0.4365882807528163,0.0,0.3650637880274779,3,1.0,724.8549872632138,0.0,7.599999999999981,329.6594247396016,0.0,,,,,,,,,,,,,,,,,,,,,,,,,,,,,,,,,,,,,,,,,3.440009999879949e-05,1.7090263366699219,0.007868621498346329,0.2821163833141327,406301,-24.916831970214844
238.0082792726135,1.0,0.0,0.0,32.51607968802782,0.4499211328404792,0.0,0.12295488349033218,2,0.0,238.59247448225506,0.0,13.250000000000053,101.10958012106069,0.0,,,,,,,,,,,,,,,,,,,,,,,,,,,,,,,,,,,,,,,,,3.43387973164795e-05,-0.3690744936466217,0.007880564779043198,0.25794798135757446,406829,-25.674652099609375
101.93017260967636,1.0,0.0,0.0,40.18659679852566,0.48080270098903943,0.0,0.0595,0,0.0,118.13229053094983,0.0,3.899999999999994,33.04886830483603,0.0,,,,,,,,,,,,,,,,,,,,,,,,,,,,,,,,,,,,,,,,,3.4314314979199993e-05,-3.197948455810547,0.007883782498538494,0.1986992359161377,407040,-25.191303253173828
,,,,,,,,,,,,,,,0.16575109958648682,938.46,632,21,417041,513.36669562,19356,,,,,,,,,,,,,,,,,,,,,,,,,,,,,,,,,,,,,,,
12.628932977121444,1.0,0.0,0.0,27.21348193262283,0.11078011383439863,0.0,0.02781456953642384,0,0.0,42.88967636041343,0.0,0.0,13.156446270908624,0.0,,,,,,,,,,,,,,,,,,,,,,,,,,,,,,,,,,,,,,,,,3.43012072281955e-05,1.2192517518997192,0.007884963415563107,0.4717215299606323,407153,-24.200489044189453
71.01880802227774,1.0,0.0,0.0,32.09889000847091,0.3170482500994542,0.0,0.05122686181661645,0,0.0,99.51476036757231,0.0,3.699999999999995,76.44260881149394,0.0,,,,,,,,,,,,,,,,,,,,,,,,,,,,,,,,,,,,,,,,,3.427534717491201e-05,-0.00656658411026001,0.007886320352554321,0.17551621794700623,407376,-25.214021682739258
196.5166217337182,1.0,0.0,0.0,40.83246683865923,0.597314959676955,0.0,0.11446153846153846,0,0.0,186.29830111050978,0.0,6.299999999999986,0.0,0.0,,,,,,,,,,,,,,,,,,,,,,,,,,,,,,,,,,,,,,,,,3.423732884579199e-05,2.738643169403076,0.007888359017670155,0.40853261947631836,407704,-23.666027069091797
53.83456980990241,1.0,0.0,0.0,28.281424011905724,0.23611653425395795,0.0,0.04717813051146384,0,0.0,89.24622349534184,0.0,4.049999999999994,58.71501446323398,0.0,,,,,,,,,,,,,,,,,,,,,,,,,,,,,,,,,,,,,,,,,3.4211029915719494e-05,-0.5621615648269653,0.007895919494330883,0.308598130941391,407931,-23.851993560791016
,,,,,,,,,,,,,,,0.16570435464382172,853.31,636,21,417932,466.0635947,19398,,,,,,,,,,,,,,,,,,,,,,,,,,,,,,,,,,,,,,,
238.0695764506088,1.0,0.0,0.0,41.14127889599214,0.5628122374718884,0.0,0.1129601613716591,1,0.0,241.4426456624642,0.0,3.649999999999995,78.80483586753193,0.0,,,,,,,,,,,,,,,,,,,,,,,,,,,,,,,,,,,,,,,,,3.416216664459551e-05,-1.0647376775741577,0.007895493879914284,0.31275150179862976,408353,-25.57257080078125
502.1722499859926,1.0,0.0,0.0,45.061146489322674,0.6538701171692612,0.0,0.23224181360201512,2,0.0,480.3811410041526,0.0,2.499999999999999,124.99481833230728,0.0,,,,,,,,,,,,,,,,,,,,,,,,,,,,,,,,,,,,,,,,,3.407344665280001e-05,1.1312315464019775,0.007901730947196484,0.263044536113739,409120,-24.893722534179688
139.36072265203316,1.0,0.0,0.0,21.93441330308644,0.2506487817482611,0.0,0.08287795992714025,0,0.0,169.10125932376832,0.0,27.75000000000026,0.0,0.0,,,,,,,,,,,,,,,,,,,,,,,,,,,,,,,,,,,,,,,,,3.4009322009687495e-05,-1.8963944911956787,0.00790361501276493,0.195103257894516,409675,-25.35780143737793
,,,,,,,,,,,,,,,,,,,,,,13.366599082946777,0.21107199788093567,0.184884712100029,0.018727365881204605,0.2859518527984619,0.30874598026275635,11.416730880737305,21.041202545166016,0.15545342862606049,24.61328125,24.070343017578125,0.3577396273612976,0.18165329098701477,0.3110801875591278,25.564577102661133,0.33449673652648926,2.133101463317871,0.42786407470703125,1.3780162334442139,0.15515440702438354,0.30898407101631165,0.03170270472764969,20.930885314941406,0.409601628780365,0.379947304725647,4.401599407196045,5.448180198669434,0.07404126226902008,1.3266621828079224,22.73598289489746,0.06541769951581955,12.439881324768066,10.459610939025879,3.39719154200995e-05,1.103522539138794,0.007902107201516628,0.2340155988931656,409999,-25.446861267089844
183.05175660566957,0.0,0.0,0.0,37.341256071939846,0.4188827382280768,0.0,0.1241154055525313,1,1.0,226.33279331028461,0.0,8.949999999999992,71.36192048915741,0.0,,,,,,,,,,,,,,,,,,,,,,,,,,,,,,,,,,,,,,,,,3.39589896059395e-05,1.9677846431732178,0.007898562587797642,0.1769440770149231,410111,-25.095333099365234
,,,,,,,,,,,,,,,0.16554439067840576,828.57,640,21,420112,450.3753187599999,19500,,,,,,,,,,,,,,,,,,,,,,,,,,,,,,,,,,,,,,,
216.37264291284254,1.0,0.0,0.0,41.06061597711076,0.5477788428173229,0.0,0.09035159443990189,2,0.0,225.0097525967285,0.0,2.6999999999999984,111.87855053926882,0.0,,,,,,,,,,,,,,,,,,,,,,,,,,,,,,,,,,,,,,,,,3.39135382749875e-05,2.357333183288574,0.007911589927971363,0.2270532250404358,410505,-25.55396270751953
710.2372778521368,0.0,0.0,0.0,40.44601248404217,0.6112196883409095,0.0,0.33759318423855167,1,1.0,652.4159958101809,0.0,12.100000000000037,99.17945151198064,0.0,,,,,,,,,,,,,,,,,,,,,,,,,,,,,,,,,,,,,,,,,3.3779786447822e-05,-6.101069927215576,0.007923674769699574,0.20288366079330444,411666,-24.24370765686035
-11.856644756782025,1.0,0.0,0.0,23.63106109061402,-0.21172579922825044,0.0,0.007610993657505285,0,0.0,18.14301578514278,0.0,0.0,0.0,0.0,,,,,,,,,,,,,,,,,,,,,,,,,,,,,,,,,,,,,,,,,3.37734568831795e-05,2.0944371223449707,0.007923006080091,0.2540673613548279,411721,-25.695228576660156
38.360258073557986,1.0,0.0,0.0,32.75411457034437,0.23533900658624532,0.0,0.030241111565181854,0,0.0,73.84548008418642,0.0,2.1000000000000005,63.823508683748145,0.0,,,,,,,,,,,,,,,,,,,,,,,,,,,,,,,,,,,,,,,,,3.3754816936055495e-05,-1.554406762123108,0.007927393540740013,0.28075188398361206,411883,-24.831249237060547
,,,,,,,,,,,,,,,0.1654406487941742,803.47,644,21,421884,433.5967404799999,19582,,,,,,,,,,,,,,,,,,,,,,,,,,,,,,,,,,,,,,,
73.25705471160853,0.0,0.0,0.0,33.43580113221227,0.4259131087884217,1.0,0.03751803751803752,1,0.0,79.76998554170132,0.0,0.7500000000000001,39.53702734102174,0.0,,,,,,,,,,,,,,,,,,,,,,,,,,,,,,,,,,,,,,,,,3.373514710214201e-05,0.839019238948822,0.007923224940896034,0.4044155776500702,412054,-24.902069091796875
571.0975213176931,1.0,0.0,0.0,45.300323901702505,0.652682881505935,0.0,0.27414634146341466,1,0.0,550.2395661398768,0.0,8.549999999999986,86.9685412140995,0.0,,,,,,,,,,,,,,,,,,,,,,,,,,,,,,,,,,,,,,,,,3.3634703271808014e-05,0.2830805778503418,0.007927192375063896,0.3382906913757324,412928,-25.510845184326172
2321.7385213752755,0.0,0.0,1.0,40.1090919541973,0.5700315544746564,0.0,1.0,5,0.0,2267.9480238799006,0.0,52.39999999999916,427.00786227287546,0.0,,,,,,,,,,,,,,,,,,,,,,,,,,,,,,,,,,,,,,,,,3.31687355e-05,0.27184101939201355,0.007928073406219482,0.18796764314174652,417000,-25.00697898864746
132.31971011640763,1.0,0.0,0.0,36.9548833397972,0.28702757075142654,0.0,0.10774710596616206,1,0.0,236.21581054874696,0.0,2.849999999999998,91.25901588081885,0.0,,,,,,,,,,,,,,,,,,,,,,,,,,,,,,,,,,,,,,,,,3.311630413420001e-05,1.5810091495513916,0.007930020801723003,0.24545133113861084,417460,-24.564817428588867
,,,,,,,,,,,,,,,0.16505371034145355,821.3,648,21,427461,444.57704626,19848,,,,,,,,,,,,,,,,,,,,,,,,,,,,,,,,,,,,,,,
77.51206988809322,0.0,0.0,0.0,37.86538395435771,0.5272929924360084,0.0,0.04024767801857585,0,1.0,77.04032661113888,0.0,6.549999999999985,0.0,0.0,,,,,,,,,,,,,,,,,,,,,,,,,,,,,,,,,,,,,,,,,3.3099671677982015e-05,2.234060049057007,0.00792432390153408,0.3187602162361145,417606,-25.058982849121094
-24.832367602718723,1.0,0.0,0.0,13.430907571010618,-0.6711450703437493,0.0,0.0046865846514352666,0,0.0,6.771320299943909,0.0,0.0,0.0,0.0,,,,,,,,,,,,,,,,,,,,,,,,,,,,,,,,,,,,,,,,,3.3095571176317995e-05,0.45420458912849426,0.007923980243504047,0.2971559762954712,417642,-24.939151763916016
290.1900486133088,1.0,0.0,0.0,30.242736652422675,0.349626564594348,0.0,0.13070032573289903,1,0.0,348.26112220901996,0.0,15.450000000000085,120.31460078166106,0.0,,,,,,,,,,,,,,,,,,,,,,,,,,,,,,,,,,,,,,,,,3.30012170851795e-05,1.0724713802337646,0.007910736836493015,0.4254339039325714,418471,-25.66326904296875
402.6623747190521,0.0,0.0,0.0,43.474389169837686,0.7027266574503527,0.0,0.1713221601489758,0,1.0,345.7469259623904,0.0,7.599999999999981,0.0,0.0,,,,,,,,,,,,,,,,,,,,,,,,,,,,,,,,,,,,,,,,,3.293619363697549e-05,1.194622278213501,0.007908440195024014,0.29258376359939575,419043,-25.57933807373047
,,,,,,,,,,,,,,,0.16491061449050903,804.19,652,21,429044,435.0019196900001,19921,,,,,,,,,,,,,,,,,,,,,,,,,,,,,,,,,,,,,,,
623.9400383019561,1.0,0.0,0.0,44.18365397325273,0.6804144365343032,0.0,0.23813868613138686,4,0.0,562.4042922863737,0.0,11.300000000000026,206.43459707826506,0.0,,,,,,,,,,,,,,,,,,,,,,,,,,,,,,,,,,,,,,,,,3.28322007972595e-05,0.46867018938064575,0.007910571061074734,0.2388768196105957,419959,-24.399625778198242
,,,,,,,,,,,,,,,,,,,,,,13.439254760742188,0.20206907391548157,0.17675012350082397,0.020394910126924515,0.2961239516735077,0.3219808042049408,10.62917709350586,22.36998748779297,0.15009039640426636,24.314189910888672,23.8830623626709,0.3461160659790039,0.17790287733078003,0.30497610569000244,26.380081176757812,0.3218604326248169,2.009904623031616,0.42721062898635864,1.5406855344772339,0.14070431888103485,0.3050001859664917,0.029127763584256172,21.044281005859375,0.3899681270122528,0.3823031187057495,4.129679203033447,4.666184902191162,0.06176888197660446,1.2111533880233765,23.040523529052734,0.05984777957201004,12.196297645568848,10.356695175170898,3.28276634300995e-05,-0.10574477910995483,0.007912973873317242,0.23236426711082458,419999,-24.615928649902344
511.815701862949,1.0,0.0,0.0,38.881076718260154,0.6014285568307274,0.0,0.29918290383406665,1,0.0,459.2849252577871,0.0,20.00000000000015,39.83281283185911,0.0,,,,,,,,,,,,,,,,,,,,,,,,,,,,,,,,,,,,,,,,,3.27358502508595e-05,0.8281430006027222,0.007923996075987816,0.16656732559204102,420809,-25.169654846191406
102.20338450440522,1.0,0.0,0.0,39.74008726057928,0.4985530951434401,0.0,0.0521415270018622,1,0.0,112.89492615847848,0.0,2.2,57.61024066058123,0.0,,,,,,,,,,,,,,,,,,,,,,,,,,,,,,,,,,,,,,,,,3.27127475138155e-05,-1.2127654552459717,0.007925597950816154,0.2860237956047058,421013,-24.39584732055664
275.84053414606444,0.0,0.0,0.0,40.01774607939828,0.5844079113264077,0.0,0.16449410304158907,1,1.0,262.1359672592953,0.0,6.699999999999984,43.447559653553874,0.0,,,,,,,,,,,,,,,,,,,,,,,,,,,,,,,,,,,,,,,,,3.2659439004471996e-05,1.5703638792037964,0.007931374944746494,0.28421729803085327,421484,-24.948081970214844
,,,,,,,,,,,,,,,0.16475604474544525,802.86,656,21,431485,436.0183164999999,20029,,,,,,,,,,,,,,,,,,,,,,,,,,,,,,,,,,,,,,,
85.84790422888489,1.0,0.0,0.0,40.2033192232815,0.45422171549674545,0.0,0.06212664277180406,0,0.0,105.26035808771849,0.0,3.099999999999997,14.16910226035327,0.0,,,,,,,,,,,,,,,,,,,,,,,,,,,,,,,,,,,,,,,,,3.2638173200608e-05,1.4147595167160034,0.00793485902249813,0.23860804736614227,421672,-24.239927291870117
594.0612248397742,1.0,0.0,0.0,42.598262179798645,0.6031078424769282,0.0,0.2746606334841629,1,0.0,582.2735625840724,0.0,1.900000000000001,178.34601167074106,0.0,,,,,,,,,,,,,,,,,,,,,,,,,,,,,,,,,,,,,,,,,3.252698182643201e-05,1.0040510892868042,0.007960258051753044,0.2273784726858139,422656,-24.519960403442383
63.55873117658683,1.0,0.0,0.0,36.81336640000592,0.4100563301715279,0.0,0.052352551358515576,0,0.0,78.9967833403498,0.0,0.0,0.5183498533208732,0.0,,,,,,,,,,,,,,,,,,,,,,,,,,,,,,,,,,,,,,,,,3.250959736195001e-05,0.9923462867736816,0.007970665581524372,0.24312612414360046,422810,-24.446552276611328
1671.6343542682284,0.0,0.0,1.0,39.53111400206291,0.5896417475372939,0.0,1.0,3,0.0,1555.6631367979571,0.0,40.39999999999984,186.86579950484554,0.0,,,,,,,,,,,,,,,,,,,,,,,,,,,,,,,,,,,,,,,,,3.219052062623201e-05,0.06938499212265015,0.007989367470145226,0.17474766075611115,425644,-24.638164520263672
,,,,,,,,,,,,,,,0.16451393067836761,812.41,660,21,435645,448.6301275699999,20222,,,,,,,,,,,,,,,,,,,,,,,,,,,,,,,,,,,,,,,
12.482414219497755,1.0,0.0,0.0,33.56381109146508,0.13139383388945006,0.0,0.02284527518172378,0,0.0,43.98190363030881,0.0,0.0,14.046334757410376,0.0,,,,,,,,,,,,,,,,,,,,,,,,,,,,,,,,,,,,,,,,,3.2179964662078e-05,-2.672719717025757,0.007987991906702518,0.23215198516845703,425738,-24.518604278564453
440.55205445194406,1.0,0.0,0.0,32.22521850335187,0.46034697434894883,0.0,0.28286604361370715,1,0.0,427.9872528789565,0.0,25.850000000000232,80.2329375484753,0.0,,,,,,,,,,,,,,,,,,,,,,,,,,,,,,,,,,,,,,,,,3.2072708138781995e-05,-3.71608567237854,0.007982593029737473,0.22787407040596008,426694,-23.910579681396484
368.92120578533746,1.0,0.0,0.0,34.07621857936343,0.44501954859509946,0.0,0.16966343937298295,3,0.0,392.0386994816363,0.0,8.399999999999984,253.08161772689135,0.0,,,,,,,,,,,,,,,,,,,,,,,,,,,,,,,,,,,,,,,,,3.1979959298158006e-05,0.18539530038833618,0.007987745106220245,0.27026963233947754,427522,-24.331165313720703
1002.4886994471676,1.0,0.0,0.0,45.17598987254712,0.7160633567479768,0.0,0.4356929212362911,1,0.0,878.1171926632524,0.0,8.74999999999999,153.76535188785846,0.0,,,,,,,,,,,,,,,,,,,,,,,,,,,,,,,,,,,,,,,,,3.18235596019795e-05,1.7297344207763672,0.007980667054653168,0.18684838712215424,428921,-25.204360961914062
,,,,,,,,,,,,,,,0.1642906665802002,790.52,664,21,438922,437.02347138,20372,,,,,,,,,,,,,,,,,,,,,,,,,,,,,,,,,,,,,,,
426.2295650134643,1.0,0.0,0.0,40.29808655314577,0.5952926885662909,0.0,0.1800288046087374,2,0.0,400.4759929906577,0.0,8.349999999999984,128.33972835388514,0.0,,,,,,,,,,,,,,,,,,,,,,,,,,,,,,,,,,,,,,,,,3.1743777343352005e-05,0.999871551990509,0.007981427945196629,0.24238242208957672,429636,-26.791561126708984
135.4306816127175,0.0,0.0,0.0,35.26802444159461,0.3741179050075069,0.0,0.0959349593495935,0,1.0,177.04554594680667,0.0,1.800000000000001,33.997095036691064,0.0,,,,,,,,,,,,,,,,,,,,,,,,,,,,,,,,,,,,,,,,,3.170353432089551e-05,-0.9505041837692261,0.007979410700500011,0.3479929268360138,429997,-24.876243591308594
,,,,,,,,,,,,,,,,,,,,,,13.445418357849121,0.2258794754743576,0.19444745779037476,0.021824583411216736,0.2809453308582306,0.3087763488292694,10.856701850891113,21.146974563598633,0.16028590500354767,24.633386611938477,21.98645782470703,0.32917895913124084,0.17862731218338013,0.3068162202835083,26.51308822631836,0.32726359367370605,2.08831787109375,0.44039303064346313,1.6427534818649292,0.1442352682352066,0.3050270676612854,0.03126607835292816,20.492809295654297,0.4043080806732178,0.39695119857788086,5.226047039031982,5.3151373863220215,0.0706135556101799,1.3093881607055664,22.959625244140625,0.07824383676052094,12.987497329711914,10.705785751342773,3.17033114400995e-05,-0.7103281021118164,0.007979213260114193,0.527807891368866,429999,-24.46694564819336
647.7345679119423,1.0,0.0,0.0,44.99184606948721,0.7157288043225882,0.0,0.27909371781668385,2,0.0,565.1814151797444,0.0,5.949999999999987,88.6425792258315,0.0,,,,,,,,,,,,,,,,,,,,,,,,,,,,,,,,,,,,,,,,,3.160287333419951e-05,-0.22208550572395325,0.00797548983246088,0.2252771556377411,430901,-25.163190841674805
2.565939184081188,1.0,0.0,0.0,27.75886426481161,0.03248024283647073,0.0,0.014354066985645933,0,0.0,30.283798169111833,0.0,0.6,0.0,0.0,,,,,,,,,,,,,,,,,,,,,,,,,,,,,,,,,,,,,,,,,3.1594195604879505e-05,-0.04989522695541382,0.007971075363457203,0.17052793502807617,430979,-26.0165958404541
,,,,,,,,,,,,,,,0.16413328051567078,751.68,668,21,440980,411.5346075,20467,,,,,,,,,,,,,,,,,,,,,,,,,,,,,,,,,,,,,,,
1314.3914791376471,1.0,0.0,0.0,38.81681106418564,0.6043179214425964,0.0,0.7767503302509907,2,0.0,1172.1114875860512,0.0,34.550000000000175,165.13091475323012,0.0,,,,,,,,,,,,,,,,,,,,,,,,,,,,,,,,,,,,,,,,,3.1352818850195496e-05,-0.09894710034132004,0.007940797135233879,0.2127128690481186,433153,-25.599895477294922
465.35229971903317,1.0,0.0,0.0,40.95598038093022,0.6020081497012072,0.0,0.20732838589981448,3,0.0,439.39089322579093,0.0,4.99999999999999,238.19616206907298,0.0,,,,,,,,,,,,,,,,,,,,,,,,,,,,,,,,,,,,,,,,,3.12673308596875e-05,-0.47328633069992065,0.00793435238301754,0.19734400510787964,433925,-24.72696876525879
60.22944813507346,1.0,0.0,0.0,28.595137838200696,0.24785781125544634,0.0,0.047032967032967034,0,0.0,96.29465779406019,0.0,0.0,100.6711223359772,0.0,,,,,,,,,,,,,,,,,,,,,,,,,,,,,,,,,,,,,,,,,3.1240557226955515e-05,0.39665424823760986,0.007929514162242413,0.33929944038391113,434167,-25.390037536621094
375.025095378368,1.0,0.0,0.0,39.96023208831458,0.5274614562283657,0.0,0.2068004459308807,1,0.0,394.2881991555914,0.0,7.299999999999982,225.25398839654963,0.0,,,,,,,,,,,,,,,,,,,,,,,,,,,,,,,,,,,,,,,,,3.116207374033551e-05,0.9386533498764038,0.007920127362012863,0.1828380972146988,434877,-25.70712661743164
,,,,,,,,,,,,,,,0.1638597846031189,742.08,672,21,444878,405.42789985,20646,,,,,,,,,,,,,,,,,,,,,,,,,,,,,,,,,,,,,,,
265.5059082112485,1.0,0.0,0.0,44.37502037144625,0.6721668562310088,0.0,0.1544766708701135,0,0.0,243.1900212559849,0.0,1.1500000000000004,0.0,0.0,,,,,,,,,,,,,,,,,,,,,,,,,,,,,,,,,,,,,,,,,3.111856421237951e-05,-0.27285945415496826,0.007915125228464603,0.39933261275291443,435271,-26.095844268798828
754.3901205844144,1.0,0.0,0.0,36.655423611343934,0.4811161483318969,0.0,0.3513640639698965,2,0.0,797.8362577818334,0.0,22.25000000000018,197.2899827598112,0.0,,,,,,,,,,,,,,,,,,,,,,,,,,,,,,,,,,,,,,,,,3.094582572527799e-05,0.3260132074356079,0.007893084548413754,0.21312157809734344,436838,-25.121074676513672
242.61659074809364,0.0,0.0,0.0,28.991225874186608,0.378497021447884,0.0,0.1278340569223348,0,1.0,257.74697713553905,0.0,28.45000000000027,0.0,0.0,,,,,,,,,,,,,,,,,,,,,,,,,,,,,,,,,,,,,,,,,3.0875415768158e-05,1.0257372856140137,0.00788895320147276,0.20097920298576355,437478,-26.028413772583008
5.140519902070231,1.0,0.0,0.0,29.435524085425204,0.06346320866753372,0.0,0.022783251231527094,0,0.0,32.86887161247432,0.0,3.999999999999994,0.0,0.0,,,,,,,,,,,,,,,,,,,,,,,,,,,,,,,,,,,,,,,,,3.0866620254718e-05,0.7421879172325134,0.007886148057878017,0.1975528597831726,437558,-24.516464233398438
,,,,,,,,,,,,,,,0.1637067347764969,744.8,676,21,447559,407.15918804,20778,,,,,,,,,,,,,,,,,,,,,,,,,,,,,,,,,,,,,,,
105.40341376050986,1.0,0.0,0.0,39.708886138985115,0.49718591396466916,0.0,0.04787018255578093,0,0.0,116.71222771331668,0.0,0.0,13.453174450270014,0.0,,,,,,,,,,,,,,,,,,,,,,,,,,,,,,,,,,,,,,,,,3.084342819741951e-05,0.9148816466331482,0.007881538942456245,0.18331120908260345,437769,-25.58970069885254
900.8659758499975,0.0,0.0,0.0,39.05064713275369,0.5977876415726593,0.0,0.46003552397868563,4,1.0,816.9163772147149,0.0,17.100000000000108,320.79180349591763,0.0,,,,,,,,,,,,,,,,,,,,,,,,,,,,,,,,,,,,,,,,,3.0678153549687505e-05,-0.15585282444953918,0.00785139575600624,0.20275941491127014,439275,-24.877384185791016
166.67141195622352,0.0,0.0,0.0,20.585160542353304,0.2502573753096449,0.0,0.12329579134558388,0,1.0,190.05348349595442,0.0,33.00000000000026,0.0,0.0,,,,,,,,,,,,,,,,,,,,,,,,,,,,,,,,,,,,,,,,,3.0605317358200004e-05,1.754589557647705,0.00783978309482336,0.22820839285850525,439940,-24.40008544921875
,,,,,,,,,,,,,,,,,,,,,,12.895694732666016,0.21431563794612885,0.18046066164970398,0.019953051581978798,0.29722580313682556,0.3208153247833252,11.405746459960938,22.10770034790039,0.16060124337673187,24.620113372802734,23.427248001098633,0.3446264863014221,0.1733754724264145,0.3049110770225525,25.977331161499023,0.3310038149356842,2.0312747955322266,0.4213559925556183,1.4841110706329346,0.15334394574165344,0.3003184199333191,0.029881063848733902,20.727445602416992,0.3955006003379822,0.38213950395584106,4.651771068572998,5.148899555206299,0.06922410428524017,1.2327983379364014,22.337730407714844,0.0684298723936081,12.267474174499512,10.91745662689209,3.05988594500995e-05,-0.4595087170600891,0.00784154050052166,0.19785647094249725,439999,-23.859228134155273
603.6950644833806,1.0,0.0,0.0,42.04938816384114,0.6185400250854309,0.0,0.29251336898395724,1,0.0,569.7184499455616,0.0,6.299999999999986,214.24085963751895,0.0,,,,,,,,,,,,,,,,,,,,,,,,,,,,,,,,,,,,,,,,,3.0498686553887507e-05,0.8659154176712036,0.007831156253814697,0.24049009382724762,440915,-25.628231048583984
,,,,,,,,,,,,,,,0.1634746640920639,748.56,680,21,450916,410.5764461699999,20943,,,,,,,,,,,,,,,,,,,,,,,,,,,,,,,,,,,,,,,
31.891699141888566,1.0,0.0,0.0,32.78071510948633,0.23449778780800415,0.0,0.02466639708855641,0,0.0,61.66103125177324,0.0,0.39999999999999997,49.03981904595265,0.0,,,,,,,,,,,,,,,,,,,,,,,,,,,,,,,,,,,,,,,,,3.0483937198750005e-05,-0.3411411941051483,0.007824895903468132,0.3031964898109436,441050,-25.825775146484375
1275.3757606410427,1.0,0.0,0.0,43.11786946022505,0.657749231893266,0.0,0.7953333333333333,6,0.0,1160.5537015658338,0.0,6.399999999999985,368.01899617771346,0.0,,,,,,,,,,,,,,,,,,,,,,,,,,,,,,,,,,,,,,,,,3.0272601750328e-05,-12.763038635253906,0.007785646244883537,0.15716257691383362,442988,-25.88623809814453
974.5108213113108,0.0,0.0,0.0,43.915356621269126,0.7010869218066984,0.0,0.5850295469468155,3,1.0,847.455841965042,0.0,9.750000000000004,149.03438748182674,0.0,,,,,,,,,,,,,,,,,,,,,,,,,,,,,,,,,,,,,,,,,3.0121593583835498e-05,-0.8704527020454407,0.007739732041954994,0.20075029134750366,444377,-26.117013931274414
596.6619365353112,1.0,0.0,0.0,33.521183928138626,0.4646899817253202,0.0,0.38403990024937656,3,0.0,597.323387443088,0.0,6.149999999999986,338.6044082860195,0.0,,,,,,,,,,,,,,,,,,,,,,,,,,,,,,,,,,,,,,,,,2.998245054220001e-05,0.9492258429527283,0.007701213471591473,0.18348941206932068,445660,-26.526275634765625
,,,,,,,,,,,,,,,0.1630980223417282,780.85,684,21,455661,430.43096979,21164,,,,,,,,,,,,,,,,,,,,,,,,,,,,,,,,,,,,,,,
-21.252704630039556,1.0,0.0,0.0,20.080183481516407,-0.42505409260079113,0.0,0.006381934216985763,0,0.0,13.844265310559422,0.0,1.0500000000000003,0.0,0.0,,,,,,,,,,,,,,,,,,,,,,,,,,,,,,,,,,,,,,,,,2.9977142921759508e-05,-2.4096741676330566,0.007699612528085709,0.208698570728302,445709,-26.6610050201416
1263.8899714427391,1.0,0.0,0.0,40.64532248913268,0.5776462392334274,0.0,0.7782691092861656,4,0.0,1234.7512078303844,0.0,12.950000000000049,337.67162911383366,0.0,,,,,,,,,,,,,,,,,,,,,,,,,,,,,,,,,,,,,,,,,2.974073630819199e-05,-1.8387428522109985,0.0076363724656403065,0.19390547275543213,447896,-25.01175308227539
107.38548549248819,1.0,0.0,0.0,33.28629013668146,0.3933534267124109,0.0,0.0727476217123671,0,0.0,125.87375862337649,0.0,7.7499999999999805,0.0,0.0,,,,,,,,,,,,,,,,,,,,,,,,,,,,,,,,,,,,,,,,,2.9711400664288003e-05,-1.0146820545196533,0.007634249050170183,0.22546949982643127,448168,-24.45306968688965
68.35910326678224,1.0,0.0,0.0,28.243057147598318,0.1888373018419399,0.0,0.09222994314592546,0,0.0,141.6504191774875,0.0,13.450000000000056,0.0,0.0,,,,,,,,,,,,,,,,,,,,,,,,,,,,,,,,,,,,,,,,,2.967248896217951e-05,0.3116989731788635,0.00762137770652771,0.19363334774971008,448529,-25.08473014831543
,,,,,,,,,,,,,,,0.1628572791814804,764.17,688,21,458530,420.62934948,21303,,,,,,,,,,,,,,,,,,,,,,,,,,,,,,,,,,,,,,,
524.6620423734046,1.0,0.0,0.0,32.330780162835126,0.44052228578791314,0.0,0.2549800796812749,2,0.0,534.448966069147,0.0,12.600000000000044,249.36513337900632,0.0,,,,,,,,,,,,,,,,,,,,,,,,,,,,,,,,,,,,,,,,,2.9544404116619502e-05,0.9332784414291382,0.007603837177157402,0.2336844652891159,449719,-24.572620391845703
,,,,,,,,,,,,,,,,,,,,,,13.38774299621582,0.2216205894947052,0.1915411353111267,0.021332254633307457,0.3047984838485718,0.32886016368865967,10.805594444274902,22.541547775268555,0.16983547806739807,24.27802085876465,23.81723403930664,0.3543776869773865,0.18102410435676575,0.30413925647735596,24.804418563842773,0.32827842235565186,2.215735673904419,0.41813600063323975,1.5776392221450806,0.14610925316810608,0.29756128787994385,0.032968029379844666,20.440778732299805,0.3805394470691681,0.369066059589386,4.434203624725342,5.403146266937256,0.07305935025215149,1.157146692276001,22.006317138671875,0.06597670912742615,12.873214721679688,11.414407730102539,2.9514307460099493e-05,0.4107392728328705,0.0075965020805597305,0.18743866682052612,449999,-25.388736724853516
1316.6957480776657,0.0,0.0,0.0,34.918113338320964,0.517772610333333,0.0,0.6419816138917263,3,1.0,1232.6852732021362,0.0,55.199999999999,449.9030106553233,0.0,,,,,,,,,,,,,,,,,,,,,,,,,,,,,,,,,,,,,,,,,2.92717415960395e-05,-0.9413546919822693,0.007572300732135773,0.274703711271286,452261,-24.81057357788086
211.03033655732708,1.0,0.0,0.0,39.800708105125025,0.5329048902962805,0.0,0.08833619210977701,1,0.0,218.58171184919775,0.0,0.0,92.67405506566251,0.0,,,,,,,,,,,,,,,,,,,,,,,,,,,,,,,,,,,,,,,,,2.922948814643201e-05,1.2249548435211182,0.007570123299956322,0.19351540505886078,452656,-25.265010833740234
535.5414833653957,1.0,0.0,0.0,42.58695159635604,0.6071898904369566,0.0,0.24920706841866788,1,0.0,521.1886546993628,0.0,1.5500000000000007,134.5363841516761,0.0,,,,,,,,,,,,,,,,,,,,,,,,,,,,,,,,,,,,,,,,,2.9135358761715504e-05,0.6868497133255005,0.00756218982860446,0.22979134321212769,453537,-25.533382415771484
,,,,,,,,,,,,,,,0.16248400509357452,773.67,692,21,463538,425.18804193999995,21535,,,,,,,,,,,,,,,,,,,,,,,,,,,,,,,,,,,,,,,
338.932300896227,1.0,0.0,0.0,36.79807998980608,0.5405618834070606,0.0,0.1494868362338242,1,0.0,320.24411754123867,0.0,9.800000000000004,134.80578279503968,0.0,,,,,,,,,,,,,,,,,,,,,,,,,,,,,,,,,,,,,,,,,2.9068568411615505e-05,0.37957459688186646,0.007563989609479904,0.23004594445228577,454163,-24.067352294921875
2567.6716211102344,0.0,0.0,1.0,43.13833993530516,0.6934030842857776,0.0,1.0,3,0.0,2217.9114603297785,0.0,30.850000000000303,185.32524453899094,0.0,,,,,,,,,,,,,,,,,,,,,,,,,,,,,,,,,,,,,,,,,2.8675181993387502e-05,2.010786294937134,0.0075522297993302345,0.2272944152355194,457865,-25.796579360961914
104.73858521892095,1.0,0.0,0.0,22.6588079721525,0.25861379066400236,0.0,0.06224809673085535,0,0.0,127.26798548083752,0.0,20.200000000000152,0.0,0.0,,,,,,,,,,,,,,,,,,,,,,,,,,,,,,,,,,,,,,,,,2.8632416707919496e-05,-1.061248779296875,0.007545379921793938,0.1949869692325592,458269,-25.276445388793945
894.9351671197089,1.0,0.0,0.0,39.91309508473626,0.5558603522482665,0.0,0.5959530026109661,2,0.0,891.5829386431724,0.0,9.049999999999994,365.6512477378426,0.0,,,,,,,,,,,,,,,,,,,,,,,,,,,,,,,,,,,,,,,,,2.8462418820958e-05,0.5687353610992432,0.007541448809206486,0.2073521614074707,459878,-26.129552841186523
,,,,,,,,,,,,,,,0.1620030403137207,792.69,696,21,469879,437.07463700999995,21828,,,,,,,,,,,,,,,,,,,,,,,,,,,,,,,,,,,,,,,
,,,,,,,,,,,,,,,,,,,,,,13.826104164123535,0.2157658189535141,0.1896897554397583,0.021184757351875305,0.2835492789745331,0.313645601272583,11.471907615661621,21.076677322387695,0.18006296455860138,24.09326171875,24.237886428833008,0.37271130084991455,0.18600569665431976,0.30885058641433716,24.38176918029785,0.3241320848464966,2.269059181213379,0.41353166103363037,1.5746972560882568,0.154334157705307,0.30042847990989685,0.034891821444034576,20.084943771362305,0.4007245898246765,0.37492382526397705,4.980853080749512,5.626007556915283,0.0756879448890686,1.2776349782943726,22.331336975097656,0.07659167051315308,12.335763931274414,11.709721565246582,2.8449655470099498e-05,0.9924838542938232,0.00754157081246376,0.17665696144104004,459999,-25.62966537475586
140.0925640061121,0.0,0.0,0.0,36.40621451928228,0.49678214186564573,0.0,0.07868852459016394,1,1.0,142.41905666235834,0.0,2.5999999999999988,96.41086644628221,0.0,,,,,,,,,,,,,,,,,,,,,,,,,,,,,,,,,,,,,,,,,2.84327827854595e-05,1.4565272331237793,0.0075387810356915,0.24491876363754272,460159,-25.766515731811523
1952.0769412882892,1.0,0.0,0.0,45.93818473895951,0.7502217299340082,0.0,0.8457314028956565,5,0.0,1659.6658168137074,0.0,15.10000000000008,300.1988257164215,0.0,,,,,,,,,,,,,,,,,,,,,,,,,,,,,,,,,,,,,,,,,2.8159210751199992e-05,0.7204996347427368,0.00751706724986434,0.18285205960273743,462760,-25.468746185302734
483.78288515653423,1.0,0.0,0.0,37.92495713653165,0.5411441668417609,0.0,0.2767402376910017,4,0.0,470.5583876594901,0.0,6.499999999999985,277.2847726110391,0.0,,,,,,,,,,,,,,,,,,,,,,,,,,,,,,,,,,,,,,,,,2.80655958586955e-05,-3.1175689697265625,0.007502678781747818,0.28388041257858276,463653,-25.20205307006836
1276.405767334443,1.0,0.0,0.0,35.5222892897931,0.49762408083214155,0.0,0.6282771535580525,2,0.0,1264.780414570123,0.0,59.899999999998734,276.3399437109458,0.0,,,,,,,,,,,,,,,,,,,,,,,,,,,,,,,,,,,,,,,,,2.7797688793355497e-05,1.9599441289901733,0.007481957785785198,0.1686304360628128,466217,-26.199199676513672
,,,,,,,,,,,,,,,0.16157211363315582,828.81,700,21,476218,458.81594857000005,22132,,,,,,,,,,,,,,,,,,,,,,,,,,,,,,,,,,,,,,,
25.24264451805484,1.0,0.0,0.0,35.060505576505996,0.2274112118743679,0.0,0.02130225080385852,0,0.0,53.747567880898714,0.0,0.0,25.75103602793843,0.0,,,,,,,,,,,,,,,,,,,,,,,,,,,,,,,,,,,,,,,,,2.77862243874355e-05,-1.7313086986541748,0.0074820504523813725,0.1536502242088318,466327,-26.46933937072754
597.7044277052685,1.0,0.0,0.0,43.63499934496825,0.6678261762070039,0.0,0.2182741116751269,3,0.0,542.0357192419469,0.0,3.349999999999996,171.28984024380512,0.0,,,,,,,,,,,,,,,,,,,,,,,,,,,,,,,,,,,,,,,,,2.7693139342679506e-05,1.5557236671447754,0.007469972595572472,0.17669013142585754,467221,-24.888290405273438
226.01566085435587,1.0,0.0,0.0,41.10497837271861,0.614172991452054,0.0,0.10059990770650669,0,0.0,209.8808387615718,0.0,5.849999999999987,0.0,0.0,,,,,,,,,,,,,,,,,,,,,,,,,,,,,,,,,,,,,,,,,2.7654972625528e-05,-2.082580327987671,0.007467593532055616,0.17684327065944672,467588,-25.60651206970215
74.90520773607166,0.0,0.0,0.0,34.29759479929059,0.3861093182271735,0.0,0.06127305175490779,0,1.0,92.14384336117655,0.0,5.449999999999989,0.0,0.0,,,,,,,,,,,,,,,,,,,,,,,,,,,,,,,,,,,,,,,,,2.76349120541195e-05,2.1184377670288086,0.0074621266685426235,0.30855458974838257,467781,-26.14508056640625
,,,,,,,,,,,,,,,0.1614730805158615,803.96,704,21,477782,443.19524212000005,22203,,,,,,,,,,,,,,,,,,,,,,,,,,,,,,,,,,,,,,,
458.093626570005,1.0,0.0,0.0,42.246499926633426,0.5593328773748535,0.0,0.20961098398169337,1,0.0,480.2398697277531,0.0,6.749999999999984,87.11059433460993,0.0,,,,,,,,,,,,,,,,,,,,,,,,,,,,,,,,,,,,,,,,,2.7549970778699496e-05,1.9717674255371094,0.007453278638422489,0.17898039519786835,468599,-26.356708526611328
,,,,,,,,,,,,,,,,,,,,,,13.743416786193848,0.21773892641067505,0.1908688098192215,0.020940903574228287,0.2946012616157532,0.3224114775657654,10.950569152832031,22.292421340942383,0.1750667691230774,24.13368034362793,22.802478790283203,0.3455013036727905,0.18162351846694946,0.3132515549659729,25.750410079956055,0.3189340829849243,2.1609606742858887,0.4202945828437805,1.5845942497253418,0.14471517503261566,0.288812518119812,0.0327427014708519,20.674053192138672,0.3696226477622986,0.39016813039779663,4.4609856605529785,5.440925598144531,0.0719035267829895,1.1464314460754395,21.854387283325195,0.06759249418973923,12.597006797790527,11.554100036621094,2.740490348009949e-05,-8.07296085357666,0.007435675244778395,0.15386861562728882,469999,-26.453277587890625
2003.0333842336684,1.0,0.0,0.0,44.8642910486063,0.6864405017935806,0.0,0.9282786885245902,7,0.0,1817.7319056820124,0.0,2.1500000000000004,455.53092789579944,0.0,,,,,,,,,,,,,,,,,,,,,,,,,,,,,,,,,,,,,,,,,2.7248152996471992e-05,-2.937424659729004,0.007411028258502483,0.18612706661224365,471516,-26.32512664794922
1462.7762946109897,0.0,0.0,0.0,41.86128112529477,0.6359896933091259,0.0,0.684005833738454,5,1.0,1336.7367701518815,0.0,29.400000000000283,362.0132827085767,0.0,,,,,,,,,,,,,,,,,,,,,,,,,,,,,,,,,,,,,,,,,2.7011471945387504e-05,-0.019747614860534668,0.007385377772152424,0.15465900301933289,473815,-25.944313049316406
252.0977535734881,1.0,0.0,0.0,42.941964373834,0.6565045665976252,0.0,0.1391251518833536,0,0.0,228.80940090306103,0.0,3.399999999999996,0.0,0.0,,,,,,,,,,,,,,,,,,,,,,,,,,,,,,,,,,,,,,,,,2.6972144468797997e-05,0.12896442413330078,0.007383895572274923,0.20992973446846008,474198,-25.50695037841797
,,,,,,,,,,,,,,,0.1610446274280548,842.66,708,21,484199,469.71954252999996,22499,,,,,,,,,,,,,,,,,,,,,,,,,,,,,,,,,,,,,,,
0.20942850284242098,1.0,0.0,0.0,29.317074508144326,0.0026509937068660886,0.0,0.018329938900203666,0,0.0,31.893662003800273,0.0,0.0,9.306365956391659,0.0,,,,,,,,,,,,,,,,,,,,,,,,,,,,,,,,,,,,,,,,,2.6964138795512004e-05,1.9613971710205078,0.007381262257695198,0.1759137362241745,474276,-25.865097045898438
96.62023715407616,0.0,0.0,0.0,34.73888862771735,0.28169165351042613,0.0,0.10842586544741999,2,1.0,165.27237600274384,0.0,1.950000000000001,109.07115235181439,0.0,,,,,,,,,,,,,,,,,,,,,,,,,,,,,,,,,,,,,,,,,2.6929051289438e-05,0.3498210608959198,0.0073791611939668655,0.15503928065299988,474618,-27.971498489379883
-12.266818748940992,1.0,0.0,0.0,23.51347379688847,-0.21149687498174125,0.0,0.008767881864328565,0,0.0,18.679130410775542,0.0,0.0,6.760381895441842,0.0,,,,,,,,,,,,,,,,,,,,,,,,,,,,,,,,,,,,,,,,,2.6923205634687507e-05,0.34281617403030396,0.007379502523690462,0.17727839946746826,474675,-25.628324508666992
272.5316234558926,1.0,0.0,0.0,38.76431398044527,0.23154768347994273,0.0,0.26533066132264527,4,0.0,633.3389124684036,0.0,3.099999999999997,288.35246380422365,0.0,,,,,,,,,,,,,,,,,,,,,,,,,,,,,,,,,,,,,,,,,2.6802744822999496e-05,1.574528694152832,0.007378447335213423,0.20012706518173218,475851,-26.04505157470703
,,,,,,,,,,,,,,,0.1609465628862381,848.76,712,21,485852,467.93153757999994,22572,,,,,,,,,,,,,,,,,,,,,,,,,,,,,,,,,,,,,,,
241.5718656457724,1.0,0.0,0.0,40.04621383061191,0.5553376221741894,0.0,0.11808510638297873,1,0.0,241.6450664177537,0.0,0.0,80.01497445669243,0.0,,,,,,,,,,,,,,,,,,,,,,,,,,,,,,,,,,,,,,,,,2.67583585718875e-05,-1.700785517692566,0.007378911133855581,0.18333420157432556,476285,-26.366924285888672
39.94046203617219,1.0,0.0,0.0,33.23044530629293,0.28942363794327675,0.0,0.029072450392247345,0,0.0,63.42188328248449,0.0,4.399999999999992,0.0,0.0,,,,,,,,,,,,,,,,,,,,,,,,,,,,,,,,,,,,,,,,,2.6744355027358e-05,-0.9212321639060974,0.007379048503935337,0.1985185146331787,476422,-26.42978286743164
88.95293683058863,1.0,0.0,0.0,38.31555356132036,0.4297243325149209,0.0,0.045008183306055646,1,0.0,109.83154549170285,0.0,0.0,66.38791993093848,0.0,,,,,,,,,,,,,,,,,,,,,,,,,,,,,,,,,,,,,,,,,2.6723305633207997e-05,1.9842538833618164,0.007378682494163513,0.25106385350227356,476628,-25.265169143676758
-13.114510255036482,1.0,0.0,0.0,23.163897977032384,-0.24286130101919412,0.0,0.007702763932940644,0,0.0,17.135724931024015,0.0,0.0,0.5994804185933985,0.0,,,,,,,,,,,,,,,,,,,,,,,,,,,,,,,,,,,,,,,,,2.6717891378219516e-05,-3.5128750801086426,0.007379917893558741,0.3432416617870331,476681,-25.347919464111328
,,,,,,,,,,,,,,,0.16089798510074615,826.56,716,21,486682,453.50735001999993,22611,,,,,,,,,,,,,,,,,,,,,,,,,,,,,,,,,,,,,,,
758.4260397945777,0.0,0.0,0.0,44.078200592338426,0.6964426444394654,0.0,0.4404309252217998,2,1.0,666.3760276027024,0.0,6.549999999999985,180.59808311908048,0.0,,,,,,,,,,,,,,,,,,,,,,,,,,,,,,,,,,,,,,,,,2.66068694374195e-05,-0.15886211395263672,0.007389686070382595,0.33300989866256714,477769,-25.630521774291992
,,,,,,,,,,,,,,,,,,,,,,14.051128387451172,0.22237491607666016,0.1964881271123886,0.022260338068008423,0.2931665778160095,0.3216433525085449,10.937959671020508,21.81187629699707,0.19062301516532898,23.815773010253906,24.360212326049805,0.37785041332244873,0.1888568103313446,0.3006887137889862,24.338476181030273,0.3201003074645996,2.280003070831299,0.40917742252349854,1.6561905145645142,0.14701369404792786,0.29970821738243103,0.03536504879593849,19.385557174682617,0.3865906596183777,0.37751325964927673,4.678493499755859,5.428493499755859,0.0729626789689064,1.2019233703613281,22.298580169677734,0.07256795465946198,12.667692184448242,12.289565086364746,2.6380051490099495e-05,1.0823283195495605,0.0074038757011294365,0.24776166677474976,479999,-26.305805206298828
1991.8697337848093,0.0,0.0,1.0,42.66799327065011,0.6357707417123554,0.0,1.0,6,0.0,1855.768113267608,0.0,17.95000000000012,409.4890005254378,0.0,,,,,,,,,,,,,,,,,,,,,,,,,,,,,,,,,,,,,,,,,2.6288588284199498e-05,-0.33230140805244446,0.007404457777738571,0.21323785185813904,480901,-24.47688102722168
2553.3143789804158,1.0,0.0,0.0,42.25902747099546,0.6473920839199837,0.0,0.9385858585858586,4,0.0,2314.1465794937685,0.0,38.49999999999995,358.7175124358434,0.0,,,,,,,,,,,,,,,,,,,,,,,,,,,,,,,,,,,,,,,,,2.5890667141432e-05,1.74764883518219,0.007403088267892599,0.21001002192497253,484844,-25.69008445739746
385.36089464881115,1.0,0.0,0.0,45.25302053505922,0.5829968148998655,0.0,0.25678233438485804,1,0.0,415.1646459714975,0.0,0.0,134.19019136126482,0.0,,,,,,,,,,,,,,,,,,,,,,,,,,,,,,,,,,,,,,,,,2.5824363294592006e-05,-1.0337191820144653,0.007393569685518742,0.23745602369308472,485504,-25.80459976196289
,,,,,,,,,,,,,,,0.1603965312242508,890.64,720,21,495505,497.91926355000004,23027,,,,,,,,,,,,,,,,,,,,,,,,,,,,,,,,,,,,,,,
0.00337162036493055,1.0,0.0,0.0,27.087148739456687,4.816600521329357e-05,0.0,0.01435670900055218,0,0.0,26.178954103030264,0.0,0.0,0.0,0.0,,,,,,,,,,,,,,,,,,,,,,,,,,,,,,,,,,,,,,,,,2.5817436533735497e-05,0.7302714586257935,0.007391698192805052,0.19517439603805542,485573,-26.923770904541016
419.4361506506464,1.0,0.0,0.0,30.729358232048185,0.3274286890325109,0.0,0.23921085080147966,0,0.0,546.2587534133345,0.0,39.94999999999987,133.75503108206283,0.0,,,,,,,,,,,,,,,,,,,,,,,,,,,,,,,,,,,,,,,,,2.5689111909095506e-05,2.0138280391693115,0.007383130956441164,0.21559950709342957,486853,-25.405780792236328
186.6083800257651,1.0,0.0,0.0,32.289024754932754,0.4464315311621174,0.0,0.12372982665869695,0,0.0,187.20145122380927,0.0,15.250000000000082,0.0,0.0,,,,,,,,,,,,,,,,,,,,,,,,,,,,,,,,,,,,,,,,,2.5647376563550006e-05,1.5036039352416992,0.007378439884632826,0.22700121998786926,487270,-23.80381965637207
1370.883209952656,1.0,0.0,0.0,41.714349448506844,0.638511043294204,0.0,0.6207741303282704,3,0.0,1243.4444247931242,0.0,31.25000000000031,142.6284908079623,0.0,,,,,,,,,,,,,,,,,,,,,,,,,,,,,,,,,,,,,,,,,2.5433141935071998e-05,1.689849615097046,0.007379572838544846,0.25113680958747864,489416,-25.333023071289062
,,,,,,,,,,,,,,,0.16018636524677277,875.26,724,21,499417,489.1555094500001,23210,,,,,,,,,,,,,,,,,,,,,,,,,,,,,,,,,,,,,,,
,,,,,,,,,,,,,,,,,,,,,,13.82744026184082,0.2195558249950409,0.19047793745994568,0.023440144956111908,0.28851258754730225,0.3176071047782898,10.649374008178711,21.717615127563477,0.1896987110376358,23.89369773864746,24.01175880432129,0.36797159910202026,0.1836937665939331,0.3164617419242859,23.300188064575195,0.3174212574958801,2.3051836490631104,0.40022459626197815,1.764443039894104,0.14147402346134186,0.29797428846359253,0.035326115787029266,20.6505126953125,0.3868142366409302,0.3570670783519745,4.924167633056641,5.717597484588623,0.07595672458410263,1.2179017066955566,22.429838180541992,0.07546110451221466,12.429519653320312,12.378671646118164,2.5375099500099488e-05,1.1230368614196777,0.007377496920526028,0.2483467161655426,489999,-24.501209259033203
557.5335839097747,1.0,0.0,0.0,33.552116888829616,0.4912190166605945,0.0,0.23973799126637554,2,0.0,528.6321711232886,0.0,11.950000000000035,246.5826380087282,0.0,,,,,,,,,,,,,,,,,,,,,,,,,,,,,,,,,,,,,,,,,2.5320305098749997e-05,-4.324447154998779,0.007374725770205259,0.3674889802932739,490550,-25.305927276611328
85.91335733306047,1.0,0.0,0.0,37.173549434563036,0.44514692918684184,0.0,0.051221804511278196,0,0.0,99.40977623988874,0.0,5.449999999999989,0.0,0.0,,,,,,,,,,,,,,,,,,,,,,,,,,,,,,,,,,,,,,,,,2.5301225781117998e-05,0.9168438911437988,0.0073732915334403515,0.22470387816429138,490742,-24.869182586669922
441.9143890616587,1.0,0.0,0.0,31.560564356256222,0.4114659116030342,0.0,0.194275802254987,2,0.0,470.4419168829918,0.0,13.800000000000061,214.50884424405157,0.0,,,,,,,,,,,,,,,,,,,,,,,,,,,,,,,,,,,,,,,,,2.51947352753875e-05,1.96686851978302,0.007383100222796202,0.24842873215675354,491815,-25.122913360595703
223.31489580298938,1.0,0.0,0.0,34.86375407691956,0.5029614770337598,0.0,0.11228406909788867,0,0.0,214.80431056860834,0.0,13.600000000000058,0.0,0.0,,,,,,,,,,,,,,,,,,,,,,,,,,,,,,,,,,,,,,,,,2.5150836307117997e-05,0.5333636999130249,0.007380860857665539,0.1714082956314087,492258,-26.074962615966797
,,,,,,,,,,,,,,,0.16001509130001068,876.3,728,21,502259,489.07400005000005,23349,,,,,,,,,,,,,,,,,,,,,,,,,,,,,,,,,,,,,,,
920.3699728259654,1.0,0.0,0.0,36.080102287032716,0.5280378501583278,0.0,0.454118873826903,1,0.0,873.078107053414,0.0,22.15000000000018,187.21724768387097,0.0,,,,,,,,,,,,,,,,,,,,,,,,,,,,,,,,,,,,,,,,,2.4978591999999996e-05,-1.720794439315796,0.007397113833576441,0.19646555185317993,494000,-24.198801040649414
196.5292390501035,1.0,0.0,0.0,40.15086040049965,0.5663666831415087,0.0,0.10531697341513292,1,0.0,193.2913250317797,0.0,3.699999999999995,69.5343968632058,0.0,,,,,,,,,,,,,,,,,,,,,,,,,,,,,,,,,,,,,,,,,2.4944452327742e-05,0.3757381737232208,0.007395752239972353,0.1850338578224182,494346,-24.769580841064453
-4.759134905716699,1.0,0.0,0.0,24.474964756532724,-0.06897296964806811,0.0,0.010994263862332695,0,0.0,23.290886599570513,0.0,0.0,0.0,0.0,,,,,,,,,,,,,,,,,,,,,,,,,,,,,,,,,,,,,,,,,2.4937745597901997e-05,0.759329080581665,0.007394677028059959,0.2762138247489929,494414,-24.361604690551758
574.2643021374134,1.0,0.0,0.0,44.97342304760842,0.6935559204558134,0.0,0.2887323943661972,2,0.0,516.8997079525143,0.0,11.900000000000034,145.50285056650364,0.0,,,,,,,,,,,,,,,,,,,,,,,,,,,,,,,,,,,,,,,,,2.4856253574059496e-05,0.9516079425811768,0.00739338668063283,0.299325168132782,495241,-24.988567352294922
,,,,,,,,,,,,,,,0.15985937416553497,882.01,732,21,505242,495.27253271999996,23487,,,,,,,,,,,,,,,,,,,,,,,,,,,,,,,,,,,,,,,
178.19020956922853,1.0,0.0,0.0,42.78825768551667,0.6123374899286204,0.0,0.11104020421186982,0,0.0,172.7238123808056,0.0,2.000000000000001,0.0,0.0,,,,,,,,,,,,,,,,,,,,,,,,,,,,,,,,,,,,,,,,,2.4827709400119503e-05,0.7065623998641968,0.007388231344521046,0.37088197469711304,495531,-24.92469024658203
204.20256065403476,1.0,0.0,0.0,41.81934671710794,0.5851076236505294,0.0,0.13654353562005278,1,0.0,202.54716052673757,0.0,4.399999999999992,45.39626451767784,0.0,,,,,,,,,,,,,,,,,,,,,,,,,,,,,,,,,,,,,,,,,2.4793478482779502e-05,-0.53936767578125,0.007390743121504784,0.22548648715019226,495879,-25.3387508392334
-11.744961183752764,1.0,0.0,0.0,21.686296176192545,-0.18642795529766293,0.0,0.008347978910369069,0,0.0,18.80460487306118,0.0,3.099999999999997,0.0,0.0,,,,,,,,,,,,,,,,,,,,,,,,,,,,,,,,,,,,,,,,,2.47873824003595e-05,-2.910518169403076,0.007391592487692833,0.2479112446308136,495941,-26.158809661865234
77.83066579776295,1.0,0.0,0.0,38.50564753909851,0.40749039684692645,0.0,0.043056141831996624,1,0.0,101.92880849726498,0.0,0.0,70.32128349691878,0.0,,,,,,,,,,,,,,,,,,,,,,,,,,,,,,,,,,,,,,,,,2.47687056215195e-05,-0.1133197546005249,0.007393428590148687,0.20916339755058289,496131,-26.08885955810547
,,,,,,,,,,,,,,,0.15981753170490265,882.0,736,21,506132,496.41732814999995,23527,,,,,,,,,,,,,,,,,,,,,,,,,,,,,,,,,,,,,,,
,,,,,,,,,,,,,,,,,,,,,,13.388490676879883,0.206104576587677,0.18436315655708313,0.022645968943834305,0.2829355001449585,0.31306833028793335,11.424751281738281,21.419498443603516,0.18112599849700928,23.765947341918945,23.40809440612793,0.35687845945358276,0.17685192823410034,0.3257693648338318,24.678077697753906,0.31393033266067505,2.027003288269043,0.4296998977661133,1.7144023180007935,0.15091238915920258,0.29998743534088135,0.03090357780456543,21.36760902404785,0.38273149728775024,0.3762405812740326,4.546340465545654,5.576504707336426,0.0736614465713501,1.222517490386963,22.710405349731445,0.06931324303150177,12.092604637145996,11.88027572631836,2.43900475100995e-05,2.2166941165924072,0.007416602689772844,0.27548539638519287,499999,-24.6297607421875
2271.9659186787867,0.0,0.0,0.0,36.849608104011374,0.5118193103579155,0.0,1.0,7,1.0,2270.971331886947,0.0,71.2499999999981,601.1474228969787,0.0,,,,,,,,,,,,,,,,,,,,,,,,,,,,,,,,,,,,,,,,,2.4334499024219497e-05,0.09703822433948517,0.007423512637615204,0.23973610997200012,500569,-24.964702606201172
12.737146824776644,1.0,0.0,0.0,31.241311602272713,0.11474907049348328,0.0,0.02696420269642027,0,0.0,47.92789269401692,0.0,0.0,45.43340427572694,0.0,,,,,,,,,,,,,,,,,,,,,,,,,,,,,,,,,,,,,,,,,2.43237865835795e-05,1.9538977146148682,0.0074262917041778564,0.2119971662759781,500679,-25.91148567199707
581.7440442325001,1.0,0.0,0.0,43.144675835548625,0.6413936540600883,0.0,0.2672147995889003,4,0.0,543.1921163331717,0.0,2.6499999999999986,245.45287573931446,0.0,,,,,,,,,,,,,,,,,,,,,,,,,,,,,,,,,,,,,,,,,2.4235646616387507e-05,0.6579495668411255,0.007431102450937033,0.22830826044082642,501585,-24.082639694213867
457.7985171583083,1.0,0.0,0.0,34.66291432591586,0.4161804701439166,0.0,0.32894736842105265,2,0.0,529.2682719333097,0.0,8.399999999999984,322.47963847180984,0.0,,,,,,,,,,,,,,,,,,,,,,,,,,,,,,,,,,,,,,,,,2.4128949943671996e-05,0.1356711983680725,0.007428887765854597,0.2576858401298523,502684,-25.65306854248047
,,,,,,,,,,,,,,,0.15945859253406525,925.73,740,21,512685,519.03324136,23847,,,,,,,,,,,,,,,,,,,,,,,,,,,,,,,,,,,,,,,
528.5774531776257,1.0,0.0,0.0,42.055845013974,0.5328401745742194,0.0,0.2727272727272727,3,0.0,578.9464295562357,0.0,2.3,189.97745347779343,0.0,,,,,,,,,,,,,,,,,,,,,,,,,,,,,,,,,,,,,,,,,2.40329445596875e-05,1.1644566059112549,0.007432753685861826,0.21097895503044128,503675,-24.300039291381836
-84.70296260630083,1.0,0.0,0.0,26.422752513140985,-0.17286318899245068,0.0,0.08780943484353106,1,0.0,179.54455642728135,0.0,2.25,85.5759630216044,0.0,,,,,,,,,,,,,,,,,,,,,,,,,,,,,,,,,,,,,,,,,2.3985643580152006e-05,1.537482738494873,0.007432796526700258,0.2949579954147339,504164,-24.46957778930664
3.616139872142689,1.0,0.0,0.0,26.811677277674693,0.04304928419217487,0.0,0.017117614577581448,0,0.0,31.090045986697078,0.0,0.0,1.6258146680743497,0.0,,,,,,,,,,,,,,,,,,,,,,,,,,,,,,,,,,,,,,,,,2.39776197123955e-05,-3.235828399658203,0.007435355801135302,0.22876538336277008,504247,-25.064943313598633
75.60697929324778,1.0,0.0,0.0,37.972088721479345,0.4086863745580961,0.0,0.05878824235152969,0,0.0,97.31200303230435,0.0,0.0,35.98406073579236,0.0,,,,,,,,,,,,,,,,,,,,,,,,,,,,,,,,,,,,,,,,,2.3959836749219503e-05,0.6776783466339111,0.007436891086399555,0.3015018701553345,504431,-25.509571075439453
,,,,,,,,,,,,,,,0.15937955677509308,925.48,744,21,514432,514.7330821,23934,,,,,,,,,,,,,,,,,,,,,,,,,,,,,,,,,,,,,,,
158.87569431331738,1.0,0.0,0.0,39.170516150587275,0.54784722177006,0.0,0.11190631099544568,0,0.0,157.62266789563,0.0,6.249999999999986,0.0,0.0,,,,,,,,,,,,,,,,,,,,,,,,,,,,,,,,,,,,,,,,,2.3931919500800006e-05,-2.3140926361083984,0.0074356961995363235,0.2746753692626953,504720,-25.401702880859375
570.6757451660113,1.0,0.0,0.0,31.6764069560403,0.47516714834805274,0.0,0.23367260390161154,2,0.0,528.0263524409384,0.0,37.79999999999999,89.77702745410149,0.0,,,,,,,,,,,,,,,,,,,,,,,,,,,,,,,,,,,,,,,,,2.3816177916799996e-05,-0.8212722539901733,0.007439909968525171,0.2517428398132324,505920,-25.634281158447266
229.71799546886803,1.0,0.0,0.0,41.14582711249424,0.5535373384792001,0.0,0.0966693744922827,1,0.0,236.78372787707485,0.0,4.049999999999994,86.84505708913382,0.0,,,,,,,,,,,,,,,,,,,,,,,,,,,,,,,,,,,,,,,,,2.3776313555822e-05,2.1099233627319336,0.0074430713430047035,0.22878685593605042,506334,-23.96164894104004
1057.6215906213033,1.0,0.0,0.0,44.39725276769959,0.6762286385046696,0.0,0.4867167919799499,1,0.0,964.0191899500787,0.0,4.249999999999993,150.75903994611198,0.0,,,,,,,,,,,,,,,,,,,,,,,,,,,,,,,,,,,,,,,,,2.3626118609595494e-05,-0.20404228568077087,0.007442844100296497,0.2330898642539978,507897,-25.163585662841797
,,,,,,,,,,,,,,,0.15919192135334015,904.37,748,21,517898,503.91786429,24096,,,,,,,,,,,,,,,,,,,,,,,,,,,,,,,,,,,,,,,
22.71452982341075,1.0,0.0,0.0,35.30971590183499,0.2142880172019882,0.0,0.02125919869174162,0,0.0,51.67428924981505,0.0,0.0,25.526888435167344,0.0,,,,,,,,,,,,,,,,,,,,,,,,,,,,,,,,,,,,,,,,,2.3616046164398007e-05,1.0145609378814697,0.007443809416145086,0.29945409297943115,508002,-24.26521873474121
270.40950677676744,1.0,0.0,0.0,28.856999761851498,0.4134701938482683,0.0,0.14895833333333333,0,0.0,261.82365067116916,0.0,24.150000000000208,0.0,0.0,,,,,,,,,,,,,,,,,,,,,,,,,,,,,,,,,,,,,,,,,2.3553454397987502e-05,0.7231073975563049,0.007448407355695963,0.7640542387962341,508655,-24.338863372802734
,,,,,,,,,,,,,,,,,,,,,,13.453083992004395,0.2464698851108551,0.20693403482437134,0.022638600319623947,0.31207388639450073,0.3430108428001404,10.93758487701416,23.139257431030273,0.19746989011764526,23.12323760986328,21.725101470947266,0.3429558575153351,0.18143866956233978,0.33833277225494385,23.65804100036621,0.31185781955718994,1.9085983037948608,0.4385485053062439,1.6785781383514404,0.14751270413398743,0.294562965631485,0.030129432678222656,21.4322452545166,0.3773494362831116,0.3734695315361023,5.658387184143066,5.827383995056152,0.07859259843826294,1.100109338760376,21.84088134765625,0.08932419121265411,13.108575820922852,12.509054183959961,2.34248955200995e-05,1.489998459815979,0.007447903510183096,0.3244037330150604,509999,-24.776809692382812
1002.2232661983289,1.0,0.0,0.0,31.33035827905067,0.4698655725261739,0.0,0.5800477897252091,1,0.0,927.7068370413035,0.0,80.59999999999756,51.60913685782164,0.0,,,,,,,,,,,,,,,,,,,,,,,,,,,,,,,,,,,,,,,,,2.33496873872155e-05,0.7099347710609436,0.007450780365616083,0.24404756724834442,510787,-24.20484161376953
598.836667788488,1.0,0.0,0.0,37.735597874191235,0.5220895098417506,0.0,0.40297542043984474,3,0.0,600.8228735905141,0.0,2.849999999999998,268.0866792347426,0.0,,,,,,,,,,,,,,,,,,,,,,,,,,,,,,,,,,,,,,,,,2.32405316206555e-05,1.1175181865692139,0.0074526527896523476,0.2600956857204437,511933,-24.472213745117188
,,,,,,,,,,,,,,,0.15901018679141998,928.9,752,21,521934,515.40438274,24288,,,,,,,,,,,,,,,,,,,,,,,,,,,,,,,,,,,,,,,
170.38161345353353,1.0,0.0,0.0,43.237293381968556,0.6195695034673947,0.0,0.10512982900569981,0,0.0,164.85926258191466,0.0,0.0,5.6896950800844825,0.0,,,,,,,,,,,,,,,,,,,,,,,,,,,,,,,,,,,,,,,,,2.3214472009475503e-05,-0.8077315092086792,0.007452997844666243,0.22747522592544556,512207,-25.49009132385254
25.818854857124528,1.0,0.0,0.0,33.716721306915986,0.19860657582403482,0.0,0.028773584905660378,0,0.0,60.64696698100306,0.0,1.900000000000001,48.77074907384451,0.0,,,,,,,,,,,,,,,,,,,,,,,,,,,,,,,,,,,,,,,,,2.3202208241152e-05,0.6187531352043152,0.007451882120221853,0.31257349252700806,512336,-24.326549530029297
492.22217893716095,1.0,0.0,0.0,39.288308797208664,0.6106974924778672,0.0,0.20282788883471478,1,0.0,439.57671630755067,0.0,15.600000000000087,54.76361063656693,0.0,,,,,,,,,,,,,,,,,,,,,,,,,,,,,,,,,,,,,,,,,2.31257533351595e-05,-1.8865007162094116,0.007452927064150572,0.24907585978507996,513141,-24.87139892578125
328.3921087950389,1.0,0.0,0.0,38.32651209706821,0.5455018418522241,0.0,0.13255709807433946,1,0.0,320.2350815264508,0.0,11.65000000000003,138.31936292226092,0.0,,,,,,,,,,,,,,,,,,,,,,,,,,,,,,,,,,,,,,,,,2.3068757415117997e-05,0.2499561905860901,0.007451995741575956,0.2674970030784607,513742,-24.18159294128418
,,,,,,,,,,,,,,,0.15890935063362122,922.58,756,21,523743,510.43453371,24368,,,,,,,,,,,,,,,,,,,,,,,,,,,,,,,,,,,,,,,
-2.2437763040550927,1.0,0.0,0.0,27.403378731089596,-0.03451963544700143,0.0,0.009787928221859706,0,0.0,24.48815131187439,0.0,0.0,1.3825314958076569,0.0,,,,,,,,,,,,,,,,,,,,,,,,,,,,,,,,,,,,,,,,,2.3062692200782e-05,1.7146137952804565,0.007452588994055986,0.1861896812915802,513806,-25.05291748046875
126.3426984986508,1.0,0.0,0.0,40.18929794770542,0.5376285042495779,0.0,0.09160794362588084,0,0.0,130.90094634331763,0.0,3.4499999999999957,13.5359062033357,0.0,,,,,,,,,,,,,,,,,,,,,,,,,,,,,,,,,,,,,,,,,2.30405231992e-05,-0.4135812819004059,0.007457377854734659,0.22795137763023376,514040,-25.163822174072266
872.2684102431879,1.0,0.0,0.0,43.95255692321741,0.6862851378781966,0.0,0.4859197124026363,3,0.0,775.5357657475397,0.0,8.549999999999986,191.47685476297985,0.0,,,,,,,,,,,,,,,,,,,,,,,,,,,,,,,,,,,,,,,,,2.292039431194999e-05,-2.4199271202087402,0.007456904277205467,0.2811308801174164,515310,-24.68570327758789
229.27905296901054,1.0,0.0,0.0,44.18919144842744,0.6114108079173615,0.0,0.10032664489034064,1,0.0,229.86797455511987,0.0,3.349999999999996,69.01941852881599,0.0,,,,,,,,,,,,,,,,,,,,,,,,,,,,,,,,,,,,,,,,,2.2885078951671998e-05,-2.114635944366455,0.0074568865820765495,0.4021797180175781,515684,-24.26913833618164
,,,,,,,,,,,,,,,0.15877790749073029,900.4,760,21,525685,498.53997542999997,24458,,,,,,,,,,,,,,,,,,,,,,,,,,,,,,,,,,,,,,,
204.20293859043318,1.0,0.0,0.0,40.67124838856432,0.5752195453251638,0.0,0.09179213210296261,1,0.0,200.2357728611678,0.0,0.0,65.93972467336793,0.0,,,,,,,,,,,,,,,,,,,,,,,,,,,,,,,,,,,,,,,,,2.2851677755677998e-05,-3.3796658515930176,0.007461820263415575,0.38774266839027405,516038,-25.878128051757812
2041.5292932925008,1.0,0.0,0.0,42.088448627823226,0.6658608262532618,0.0,0.9535974973931178,2,0.0,1791.9333885535598,0.0,33.60000000000023,248.92574535930913,0.0,,,,,,,,,,,,,,,,,,,,,,,,,,,,,,,,,,,,,,,,,2.2563526468595502e-05,-0.29979756474494934,0.007467419374734163,0.25080591440200806,519103,-26.129985809326172
72.29094927842773,1.0,0.0,0.0,38.7749171141037,0.457537653660935,0.0,0.046821094135041895,0,0.0,84.86613372270949,0.0,4.199999999999993,0.0,0.0,,,,,,,,,,,,,,,,,,,,,,,,,,,,,,,,,,,,,,,,,2.2548816686200005e-05,0.5440201759338379,0.0074693989008665085,0.2518928647041321,519260,-25.533733367919922
343.5512094177908,1.0,0.0,0.0,41.234683169838114,0.5496819350684653,0.0,0.16017316017316016,1,0.0,357.6383044105023,0.0,4.549999999999992,84.35296642233733,0.0,,,,,,,,,,,,,,,,,,,,,,,,,,,,,,,,,,,,,,,,,2.2490400818871996e-05,-1.0530378818511963,0.007459898944944143,0.22813400626182556,519884,-24.64451789855957
,,,,,,,,,,,,,,,0.1585911363363266,909.63,764,21,529885,506.91339239,24648,,,,,,,,,,,,,,,,,,,,,,,,,,,,,,,,,,,,,,,
,,,,,,,,,,,,,,,,,,,,,,13.656039237976074,0.22948044538497925,0.20306368172168732,0.022567253559827805,0.2768068313598633,0.3042386770248413,11.337729454040527,20.88574981689453,0.19236037135124207,24.221900939941406,20.725839614868164,0.3198860287666321,0.18098871409893036,0.33676183223724365,25.000019073486328,0.321022093296051,2.203437328338623,0.4320108890533447,1.702754259109497,0.15026326477527618,0.30105793476104736,0.0340082161128521,21.819244384765625,0.3899025022983551,0.38585442304611206,4.631412506103516,5.480273723602295,0.07263216376304626,1.2815678119659424,22.71555519104004,0.07148198783397675,13.15676498413086,12.463282585144043,2.24796435300995e-05,2.331881284713745,0.007461923640221357,0.2282262146472931,519999,-24.444900512695312
562.2751240619338,1.0,0.0,0.0,34.548690231361505,0.5254907701513399,0.0,0.2504646840148699,1,0.0,513.1214831443503,0.0,32.65000000000028,56.3729254238447,0.0,,,,,,,,,,,,,,,,,,,,,,,,,,,,,,,,,,,,,,,,,2.2390506276795498e-05,1.8397152423858643,0.007449789438396692,0.21443146467208862,520953,-24.595489501953125
45.11047391407595,1.0,0.0,0.0,27.966452393943186,0.254861434542802,0.0,0.028139437211255777,0,0.0,68.55033117067069,0.0,5.749999999999988,0.0,0.0,,,,,,,,,,,,,,,,,,,,,,,,,,,,,,,,,,,,,,,,,2.2374081456779503e-05,1.3193893432617188,0.007447516545653343,0.20452141761779785,521129,-26.56775665283203
2157.5952402335943,0.0,0.0,1.0,46.18988399029882,0.7321327588169645,0.0,1.0,3,0.0,1889.8094294853508,0.0,3.399999999999996,333.0955641491039,0.0,,,,,,,,,,,,,,,,,,,,,,,,,,,,,,,,,,,,,,,,,2.21000675096875e-05,-1.495898962020874,0.0074427127838134766,0.28659752011299133,524075,-25.630367279052734
245.97804323142088,1.0,0.0,0.0,36.06341035110053,0.43154042672179105,0.0,0.14664051005394801,1,0.0,284.959588305559,0.0,4.499999999999992,160.7443748250312,0.0,,,,,,,,,,,,,,,,,,,,,,,,,,,,,,,,,,,,,,,,,2.2047342570232e-05,2.266277313232422,0.00743889482691884,0.2208138257265091,524644,-25.351879119873047
,,,,,,,,,,,,,,,0.1583610326051712,936.65,768,21,534645,524.90549045,24869,,,,,,,,,,,,,,,,,,,,,,,,,,,,,,,,,,,,,,,
519.5490911949668,0.0,0.0,0.0,39.69884004863506,0.5216356337298863,0.0,0.3048780487804878,1,1.0,548.8258856136817,0.0,20.400000000000155,133.8132725605309,0.0,,,,,,,,,,,,,,,,,,,,,,,,,,,,,,,,,,,,,,,,,2.1955298262939502e-05,1.5687652826309204,0.007435972802340984,0.20923356711864471,525639,-25.23436737060547
578.6915432896018,0.0,0.0,0.0,42.309171280214514,0.6697818788074095,0.0,0.3229357798165138,1,1.0,507.4407559353858,0.0,11.150000000000023,80.10743475740995,0.0,,,,,,,,,,,,,,,,,,,,,,,,,,,,,,,,,,,,,,,,,2.1875624402397998e-05,1.2846479415893555,0.007431127596646547,0.29293519258499146,526502,-25.454544067382812
559.0694453208478,1.0,0.0,0.0,43.74726119929155,0.6703470567396256,0.0,0.19875776397515527,3,0.0,506.4731956105679,0.0,7.7499999999999805,192.70958942992408,0.0,,,,,,,,,,,,,,,,,,,,,,,,,,,,,,,,,,,,,,,,,2.1798860771387497e-05,0.16852013766765594,0.0074307057075202465,0.24526654183864594,527335,-25.017974853515625
551.9324058619546,1.0,0.0,0.0,44.4344662529482,0.681398031928339,0.0,0.25688073394495414,1,0.0,499.53534098900855,0.0,5.299999999999989,124.39648099652447,0.0,,,,,,,,,,,,,,,,,,,,,,,,,,,,,,,,,,,,,,,,,2.1724440991232007e-05,1.572880744934082,0.007419015280902386,0.23633606731891632,528144,-25.257978439331055
,,,,,,,,,,,,,,,0.15818490087985992,932.67,772,21,538145,524.84793208,25027,,,,,,,,,,,,,,,,,,,,,,,,,,,,,,,,,,,,,,,
356.6394268103407,1.0,0.0,0.0,36.88233045456878,0.4607744532433342,0.0,0.2572145545796738,0,0.0,396.23910577222705,0.0,18.300000000000125,0.0,0.0,,,,,,,,,,,,,,,,,,,,,,,,,,,,,,,,,,,,,,,,,2.1653454522455498e-05,-3.8616294860839844,0.007412476930767298,0.2732880115509033,528917,-25.491117477416992
,,,,,,,,,,,,,,,,,,,,,,13.37404727935791,0.21004557609558105,0.19248922169208527,0.02379477024078369,0.284096360206604,0.3108920454978943,11.140205383300781,21.297019958496094,0.1865079700946808,24.387361526489258,22.907272338867188,0.3498285710811615,0.17840608954429626,0.3249155879020691,24.542957305908203,0.32532066106796265,2.3059074878692627,0.42216187715530396,1.7837529182434082,0.1486072540283203,0.30008426308631897,0.035214684903621674,21.27593421936035,0.38713210821151733,0.3748079538345337,4.150657653808594,5.522068023681641,0.07366286218166351,1.2452300786972046,22.49553871154785,0.06338679790496826,12.604467391967773,12.212806701660156,2.15542915400995e-05,2.738806962966919,0.0074086603708565235,0.23628874123096466,529999,-25.11298179626465
973.8400780868303,1.0,0.0,0.0,44.848998368915474,0.6853202519963619,0.0,0.4352517985611511,3,0.0,884.7370857521892,0.0,4.149999999999993,181.23090051067535,0.0,,,,,,,,,,,,,,,,,,,,,,,,,,,,,,,,,,,,,,,,,2.1523362320115507e-05,2.905454635620117,0.007406145334243774,0.24940450489521027,530337,-24.811981201171875
177.94150306058123,1.0,0.0,0.0,39.42897159367463,0.5218225896204728,0.0,0.09012875536480687,1,0.0,186.54720434919,0.0,0.0,73.50822854154326,0.0,,,,,,,,,,,,,,,,,,,,,,,,,,,,,,,,,,,,,,,,,2.1492273023735503e-05,0.06678418070077896,0.007402741815894842,0.2325747013092041,530677,-26.412445068359375
1702.3594638014597,0.0,0.0,1.0,41.0576752038751,0.6505003682848528,0.0,1.0,4,0.0,1491.622138660401,0.0,35.9000000000001,372.98745718088566,0.0,,,,,,,,,,,,,,,,,,,,,,,,,,,,,,,,,,,,,,,,,2.12538377429755e-05,-0.5465144515037537,0.007396112196147442,0.1842702031135559,533293,-26.827762603759766
,,,,,,,,,,,,,,,0.15793661773204803,957.35,776,21,543294,544.2792054,25261,,,,,,,,,,,,,,,,,,,,,,,,,,,,,,,,,,,,,,,
127.99486160986277,1.0,0.0,0.0,42.76503907695993,0.5714056321868873,0.0,0.08266502159161011,0,0.0,132.78445942606777,0.0,0.0,2.5614770456169054,0.0,,,,,,,,,,,,,,,,,,,,,,,,,,,,,,,,,,,,,,,,,2.1233575404472e-05,-1.3160057067871094,0.007397477049380541,0.23203566670417786,533516,-26.259300231933594
611.3657057043735,0.0,0.0,0.0,44.42668823850573,0.5639905034173187,0.0,0.3435953820780649,4,1.0,668.4351501651108,0.0,6.949999999999983,207.64951332164966,0.0,,,,,,,,,,,,,,,,,,,,,,,,,,,,,,,,,,,,,,,,,2.1135312044699494e-05,1.9144364595413208,0.007395600900053978,0.22923621535301208,534599,-25.046422958374023
599.7299538193117,1.0,0.0,0.0,40.68404950598135,0.6064003577546124,0.0,0.2656405163853029,2,0.0,558.5790268694982,0.0,18.350000000000126,142.96067863474013,0.0,,,,,,,,,,,,,,,,,,,,,,,,,,,,,,,,,,,,,,,,,2.104587186961549e-05,0.6312379837036133,0.007396341301500797,0.16400277614593506,535587,-26.31924819946289
78.79422672796476,1.0,0.0,0.0,38.24006926648913,0.4528403834940503,0.0,0.05473808122424956,0,0.0,92.17605502856895,0.0,5.949999999999987,0.0,0.0,,,,,,,,,,,,,,,,,,,,,,,,,,,,,,,,,,,,,,,,,2.1030230771199998e-05,-0.2755770683288574,0.007393601816147566,0.18879026174545288,535760,-24.159255981445312
,,,,,,,,,,,,,,,0.1578264981508255,948.45,780,21,545761,540.6938110200001,25379,,,,,,,,,,,,,,,,,,,,,,,,,,,,,,,,,,,,,,,
539.3280935228921,1.0,0.0,0.0,42.16324479281851,0.6053065022703615,0.0,0.22549833887043189,3,0.0,521.4068875908852,0.0,4.549999999999992,232.79209707201184,0.0,,,,,,,,,,,,,,,,,,,,,,,,,,,,,,,,,,,,,,,,,2.0949859138750003e-05,0.287384569644928,0.007398147601634264,0.20617985725402832,536650,-25.998065948486328
-18.828594491082043,1.0,0.0,0.0,19.43419805848199,-0.3842570304302458,0.0,0.007061379684953829,0,0.0,12.970906043425202,0.0,0.0,1.0478694669196922,0.0,,,,,,,,,,,,,,,,,,,,,,,,,,,,,,,,,,,,,,,,,2.0945528968797997e-05,2.1760971546173096,0.007399742025882006,0.21377623081207275,536698,-25.136661529541016
370.8570960546693,1.0,0.0,0.0,44.506458878737654,0.6792254506495774,0.0,0.2181122448979592,2,0.0,337.3000206882134,0.0,6.799999999999984,92.1569897356411,0.0,,,,,,,,,,,,,,,,,,,,,,,,,,,,,,,,,,,,,,,,,2.0896395654375498e-05,0.33085569739341736,0.0074017890729010105,0.226121187210083,537243,-26.173263549804688
360.77182280860126,1.0,0.0,0.0,37.27198034957808,0.4734538357068258,0.0,0.22826086956521738,1,0.0,394.0607111805584,0.0,21.900000000000176,64.74513009907076,0.0,,,,,,,,,,,,,,,,,,,,,,,,,,,,,,,,,,,,,,,,,2.0827888209591996e-05,1.7560069561004639,0.007400183472782373,0.34055987000465393,538004,-26.149383544921875
,,,,,,,,,,,,,,,0.1577422320842743,923.44,784,21,548005,524.4306930199999,25484,,,,,,,,,,,,,,,,,,,,,,,,,,,,,,,,,,,,,,,
299.3744450324399,1.0,0.0,0.0,46.58020480489811,0.6697414877683219,0.0,0.16395418927064498,0,0.0,288.93902695924044,0.0,1.0500000000000003,0.0,0.0,,,,,,,,,,,,,,,,,,,,,,,,,,,,,,,,,,,,,,,,,2.0787791548750003e-05,-4.882848262786865,0.007398884743452072,0.22855064272880554,538450,-25.045597076416016
398.0990487852641,1.0,0.0,0.0,41.564983243571184,0.6087141418734925,0.0,0.18214936247723132,2,0.0,377.2212482057512,0.0,2.9999999999999973,168.1414560610669,0.0,,,,,,,,,,,,,,,,,,,,,,,,,,,,,,,,,,,,,,,,,2.0729156408595498e-05,-0.7709999680519104,0.007395248394459486,0.17908580601215363,539103,-26.389753341674805
245.09364655070948,1.0,0.0,0.0,41.01106918157935,0.35164081284176396,0.0,0.24441687344913152,2,0.0,396.51428848458454,0.0,3.2499999999999964,175.7488601255007,0.0,,,,,,,,,,,,,,,,,,,,,,,,,,,,,,,,,,,,,,,,,2.0666753569899493e-05,0.49549606442451477,0.007394628133624792,0.41858595609664917,539799,-25.842449188232422
,,,,,,,,,,,,,,,,,,,,,,13.668648719787598,0.22946792840957642,0.20504458248615265,0.022807661443948746,0.2974178194999695,0.33212578296661377,10.810273170471191,21.970321655273438,0.1857874095439911,23.29465103149414,22.674259185791016,0.3589722812175751,0.18503595888614655,0.32502567768096924,24.591272354125977,0.3153455853462219,2.4546024799346924,0.4269059896469116,1.684807300567627,0.14634141325950623,0.31183984875679016,0.03886055201292038,20.53004264831543,0.38414090871810913,0.38932186365127563,5.0631608963012695,5.535610198974609,0.07493695616722107,1.156612753868103,23.035680770874023,0.08015848696231842,12.951512336730957,11.735145568847656,2.0648839550099498e-05,1.3144382238388062,0.007397304754704237,0.256660521030426,539999,-24.896625518798828
411.4740298864609,1.0,0.0,0.0,38.594851547078534,0.48238456024204096,0.0,0.2457757296466974,2,0.0,456.81782070640475,0.0,7.4499999999999815,273.27386208082265,0.0,,,,,,,,,,,,,,,,,,,,,,,,,,,,,,,,,,,,,,,,,2.05904951181995e-05,0.18058718740940094,0.007398076821118593,0.29280203580856323,540651,-26.169710159301758
,,,,,,,,,,,,,,,0.1576453000307083,921.22,788,21,550652,523.78516937,25610,,,,,,,,,,,,,,,,,,,,,,,,,,,,,,,,,,,,,,,
1192.3728117525256,1.0,0.0,0.0,39.0850547794793,0.5553669360747674,0.0,0.5403477485510477,2,0.0,1164.653798186453,0.0,28.300000000000267,311.9429935556293,0.0,,,,,,,,,,,,,,,,,,,,,,,,,,,,,,,,,,,,,,,,,2.03990570592955e-05,0.7476874589920044,0.007396436762064695,0.3498085141181946,542797,-24.90934181213379
1484.5736978384111,1.0,0.0,0.0,43.40238732839578,0.6769601905327912,0.0,0.5515048749470114,7,0.0,1321.5329845175147,0.0,17.85000000000012,475.92935645024943,0.0,,,,,,,,,,,,,,,,,,,,,,,,,,,,,,,,,,,,,,,,,2.0204461617039503e-05,2.3080880641937256,0.007406711112707853,0.23558376729488373,544989,-25.14513397216797
97.20839732239799,1.0,0.0,0.0,37.68781555835043,0.44591007946054123,0.0,0.055780933062880324,0,0.0,113.8826086288318,0.0,0.0,20.677479497002587,0.0,,,,,,,,,,,,,,,,,,,,,,,,,,,,,,,,,,,,,,,,,2.0185249392382e-05,-1.1543948650360107,0.0074042389169335365,0.21224623918533325,545206,-24.75302505493164
127.94530515623572,1.0,0.0,0.0,35.64412467251695,0.4208727143297228,0.0,0.07538691962056915,0,0.0,150.14204507507384,0.0,2.549999999999999,33.45548414088017,0.0,,,,,,,,,,,,,,,,,,,,,,,,,,,,,,,,,,,,,,,,,2.0158438783559497e-05,-3.6287548542022705,0.007401817012578249,0.34202101826667786,545509,-24.921537399291992
,,,,,,,,,,,,,,,0.15743762254714966,919.72,792,21,555510,526.92687538,25835,,,,,,,,,,,,,,,,,,,,,,,,,,,,,,,,,,,,,,,
13.473762480447398,1.0,0.0,0.0,27.981013708670513,0.12030145071828034,0.0,0.02080309627479439,0,0.0,43.32007800042629,0.0,0.35,16.683431794634146,0.0,,,,,,,,,,,,,,,,,,,,,,,,,,,,,,,,,,,,,,,,,2.01486216478e-05,0.22243812680244446,0.007399788126349449,0.2320777326822281,545620,-25.30487823486328
-25.744950493570116,1.0,0.0,0.0,12.213620250737561,-0.6436237623392529,0.0,0.0036150022593764122,0,0.0,6.716402426594868,0.0,0.0,0.0,0.0,,,,,,,,,,,,,,,,,,,,,,,,,,,,,,,,,,,,,,,,,2.0145172965959495e-05,1.3735028505325317,0.007400267757475376,0.4278373718261719,545659,-25.156692504882812
83.86580366257701,1.0,0.0,0.0,25.393507045024414,0.27229157033304224,0.0,0.07021650087770626,0,0.0,108.38254203414544,0.0,15.350000000000083,0.0,0.0,,,,,,,,,,,,,,,,,,,,,,,,,,,,,,,,,,,,,,,,,2.0118036219022003e-05,-1.384087085723877,0.007404514122754335,0.22326135635375977,545966,-25.793832778930664
39.8695933065886,1.0,0.0,0.0,33.51998098201374,0.2953303207895452,0.0,0.03414634146341464,0,0.0,62.653203228488564,0.0,6.699999999999984,0.0,0.0,,,,,,,,,,,,,,,,,,,,,,,,,,,,,,,,,,,,,,,,,2.0106197394999997e-05,1.8626103401184082,0.0074017224833369255,1.017008662223816,546100,-24.67108154296875
,,,,,,,,,,,,,,,0.15740644931793213,862.22,796,21,556101,488.9787407299999,25862,,,,,,,,,,,,,,,,,,,,,,,,,,,,,,,,,,,,,,,
154.72837185748284,1.0,0.0,0.0,41.32144723124784,0.5526013280624387,0.0,0.09515366430260047,1,0.0,160.45632210560143,0.0,2.7499999999999982,54.90728396537551,0.0,,,,,,,,,,,,,,,,,,,,,,,,,,,,,,,,,,,,,,,,,2.0081559368279506e-05,-0.04708033800125122,0.007397311273962259,0.27334460616111755,546379,-25.989713668823242
1982.2404926048885,0.0,0.0,1.0,42.59881985516228,0.6649582330106972,0.0,1.0,7,0.0,1763.117039273493,0.0,13.650000000000059,674.1941501110123,0.0,,,,,,,,,,,,,,,,,,,,,,,,,,,,,,,,,,,,,,,,,1.9819366842659498e-05,1.9503530263900757,0.007391998078674078,0.31195417046546936,549359,-24.87197494506836
24.36101510046003,1.0,0.0,0.0,33.861821923096294,0.21000875086603474,0.0,0.028985507246376812,0,0.0,54.31295406445861,0.0,0.0,43.32696710386328,0.0,,,,,,,,,,,,,,,,,,,,,,,,,,,,,,,,,,,,,,,,,1.9809284089261995e-05,-1.2876131534576416,0.007394345942884684,0.26596155762672424,549474,-25.659996032714844
120.92008280390198,1.0,0.0,0.0,40.217287531647834,0.47984159842818247,0.0,0.09027336300063572,0,0.0,140.5581661099568,0.0,4.599999999999992,53.110930620358026,0.0,,,,,,,,,,,,,,,,,,,,,,,,,,,,,,,,,,,,,,,,,1.9787286524687493e-05,0.9008431434631348,0.007397777400910854,0.3053828477859497,549725,-26.08647918701172
,,,,,,,,,,,,,,,0.15725326538085938,835.08,800,21,559726,473.27765879,26030,,,,,,,,,,,,,,,,,,,,,,,,,,,,,,,,,,,,,,,
,,,,,,,,,,,,,,,,,,,,,,13.655049324035645,0.2215338498353958,0.19277647137641907,0.023710152134299278,0.28249406814575195,0.31006181240081787,10.617952346801758,21.195520401000977,0.1777496337890625,23.79227638244629,21.79823875427246,0.33804887533187866,0.18199461698532104,0.32520395517349243,25.468971252441406,0.31710365414619446,2.5099005699157715,0.42677927017211914,1.7789719104766846,0.14151616394519806,0.3103884160518646,0.03892374411225319,20.969966888427734,0.3908573389053345,0.39497488737106323,5.360473155975342,5.671802997589111,0.07559383660554886,1.2605787515640259,23.28843116760254,0.08313065767288208,12.430709838867188,11.461742401123047,1.9763287560099495e-05,0.030936896800994873,0.007394853513687849,0.3728727698326111,549999,-25.86920928955078
554.3940610661311,1.0,0.0,0.0,42.10785161496825,0.5527358535056143,0.0,0.3807453416149068,3,0.0,586.0381087737624,0.0,5.399999999999989,225.35774980538213,0.0,,,,,,,,,,,,,,,,,,,,,,,,,,,,,,,,,,,,,,,,,1.9699596468635502e-05,-2.8952596187591553,0.007391462102532387,0.23596762120723724,550727,-26.32706642150879
32.43485993797205,0.0,0.0,0.0,29.60054717153637,0.3343799993605366,0.0,0.02147074610842727,0,1.0,39.66236423980445,0.0,4.699999999999991,0.0,0.0,,,,,,,,,,,,,,,,,,,,,,,,,,,,,,,,,,,,,,,,,1.9691205514235504e-05,-1.6898282766342163,0.007389640435576439,0.31342339515686035,550823,-26.44672966003418
1660.8462986351474,0.0,0.0,1.0,41.86346975389478,0.6262618018986227,0.0,1.0,4,0.0,1541.1735794760752,0.0,18.350000000000126,356.4446333477018,0.0,,,,,,,,,,,,,,,,,,,,,,,,,,,,,,,,,,,,,,,,,1.9460217393261995e-05,0.4738011658191681,0.0073792035691440105,0.24989604949951172,553474,-24.591293334960938
1838.1833583119146,0.0,0.0,1.0,42.40925881174385,0.6669750937271098,0.0,1.0,2,0.0,1622.6513843135908,0.0,22.300000000000182,180.319015536285,0.0,,,,,,,,,,,,,,,,,,,,,,,,,,,,,,,,,,,,,,,,,1.92216494038795e-05,-1.6777329444885254,0.0073796468786895275,0.2079453468322754,556229,-25.48431396484375
,,,,,,,,,,,,,,,0.15697693824768066,884.48,804,21,566230,504.89756514999993,26338,,,,,,,,,,,,,,,,,,,,,,,,,,,,,,,,,,,,,,,
207.98471618790865,1.0,0.0,0.0,43.31380719056517,0.6153393970056469,0.0,0.08460918614020951,0,0.0,203.07497669942677,0.0,1.850000000000001,0.0,0.0,,,,,,,,,,,,,,,,,,,,,,,,,,,,,,,,,,,,,,,,,1.9192570719422e-05,2.0151164531707764,0.007380255963653326,0.24999183416366577,556566,-26.375810623168945
92.40734718905588,1.0,0.0,0.0,34.5434922048911,0.23877867490712115,0.0,0.08097747963584093,0,0.0,185.4371202904731,0.0,1.4000000000000006,137.42880712000107,0.0,,,,,,,,,,,,,,,,,,,,,,,,,,,,,,,,,,,,,,,,,1.9159291745247997e-05,1.7745393514633179,0.007377595640718937,0.21406079828739166,556952,-25.12985610961914
1679.4059720442056,0.0,0.0,0.0,44.04838779707102,0.6882811360836908,0.0,0.6840731070496083,5,1.0,1492.088474219665,0.0,6.849999999999984,407.27802342947894,0.0,,,,,,,,,,,,,,,,,,,,,,,,,,,,,,,,,,,,,,,,,1.8949699032659503e-05,-1.6901428699493408,0.007363516371697187,0.298122763633728,559391,-26.07158660888672
96.35504998240982,1.0,0.0,0.0,32.9994084284461,0.24833775768662325,0.0,0.09805924412665985,1,0.0,177.39579906128347,0.0,3.699999999999995,64.10592364358374,0.0,,,,,,,,,,,,,,,,,,,,,,,,,,,,,,,,,,,,,,,,,1.8916551443758e-05,-4.144830703735352,0.007360405754297972,0.24736693501472473,559778,-25.921876907348633
,,,,,,,,,,,,,,,0.15682291984558105,855.8,808,21,569779,483.89908539,26503,,,,,,,,,,,,,,,,,,,,,,,,,,,,,,,,,,,,,,,
,,,,,,,,,,,,,,,,,,,,,,13.599472045898438,0.2177232801914215,0.18803013861179352,0.02479800581932068,0.2845378816127777,0.3168308138847351,11.38748550415039,21.36431121826172,0.18568651378154755,23.244857788085938,22.463706970214844,0.35062700510025024,0.18112285435199738,0.3403695821762085,24.148536682128906,0.30958372354507446,2.719604015350342,0.42664778232574463,1.861939549446106,0.15166279673576355,0.3058294355869293,0.042449209839105606,21.80653953552246,0.37524306774139404,0.3769248425960541,4.918612957000732,5.578950881958008,0.0743025541305542,1.1843641996383667,22.962970733642578,0.07677266001701355,12.046573638916016,11.89642333984375,1.88976355700995e-05,-0.82795649766922,0.007358953356742859,0.22709515690803528,559999,-25.281700134277344
2086.5936008685085,1.0,0.0,0.0,47.1274938142737,0.758209884036522,0.0,0.8236902050113896,4,0.0,1800.7702425746247,0.0,15.350000000000083,290.7404330264545,0.0,,,,,,,,,,,,,,,,,,,,,,,,,,,,,,,,,,,,,,,,,1.86817798561795e-05,2.930734634399414,0.007343491073697805,0.2922535836696625,562529,-24.925281524658203
2162.0438387664185,0.0,0.0,1.0,43.83636288004642,0.6898672108380404,0.0,1.0,5,0.0,1907.3253778712824,0.0,28.50000000000027,309.13501506869665,0.0,,,,,,,,,,,,,,,,,,,,,,,,,,,,,,,,,,,,,,,,,1.8416242455277997e-05,1.1194484233856201,0.0073182350024580956,0.3392932415008545,565662,-25.93442153930664
506.0524339989839,1.0,0.0,0.0,42.19012927543764,0.5891180838172105,0.0,0.23185217773867137,2,0.0,502.8904571002349,0.0,2.499999999999999,185.85630821435868,0.0,,,,,,,,,,,,,,,,,,,,,,,,,,,,,,,,,,,,,,,,,1.8343863384799998e-05,-2.8711366653442383,0.007307864259928465,0.2569707930088043,566520,-27.29583740234375
79.55311303723076,1.0,0.0,0.0,28.944450403114264,0.17219288536197133,0.0,0.08253275109170306,0,0.0,185.31245301867602,0.0,13.600000000000058,16.67980883472272,0.0,,,,,,,,,,,,,,,,,,,,,,,,,,,,,,,,,,,,,,,,,1.83050348989195e-05,0.4557047188282013,0.007302601356059313,0.2141595482826233,566981,-26.07977867126465
,,,,,,,,,,,,,,,0.15653753280639648,911.3,812,21,576982,528.67057056,26835,,,,,,,,,,,,,,,,,,,,,,,,,,,,,,,,,,,,,,,
798.1302287739256,1.0,0.0,0.0,44.41823119810096,0.6740964770050047,0.0,0.43214082907438955,2,0.0,730.1393407937139,0.0,10.15000000000001,107.56552629751874,0.0,,,,,,,,,,,,,,,,,,,,,,,,,,,,,,,,,,,,,,,,,1.8205588284152e-05,2.635190963745117,0.0072991200722754,0.23684537410736084,568164,-27.730609893798828
157.3527027496285,1.0,0.0,0.0,21.29868800109967,0.24282824498399458,0.0,0.10240078392944635,0,0.0,191.44933377206326,0.0,32.3500000000003,0.0,0.0,,,,,,,,,,,,,,,,,,,,,,,,,,,,,,,,,,,,,,,,,1.8151317285239504e-05,0.00523797795176506,0.007297939620912075,0.23160451650619507,568811,-26.291091918945312
40.99862489644003,1.0,0.0,0.0,26.915731741488486,0.20706376210323246,0.0,0.03817463799912242,0,0.0,73.79456285666674,0.0,4.399999999999992,43.330150923298895,0.0,,,,,,,,,,,,,,,,,,,,,,,,,,,,,,,,,,,,,,,,,1.8134809274368e-05,-0.3968997001647949,0.007298747077584267,0.18733838200569153,569008,-27.46693229675293
,,,,,,,,,,,,,,,,,,,,,,13.728425025939941,0.2209061086177826,0.19030526280403137,0.023402387276291847,0.28324970602989197,0.3111670911312103,11.417698860168457,21.39051628112793,0.19370529055595398,23.35363006591797,21.95357322692871,0.3420611023902893,0.1817895472049713,0.3292388319969177,24.96087646484375,0.30924493074417114,2.2576677799224854,0.435827374458313,1.767306923866272,0.15119129419326782,0.3007756173610687,0.03517697751522064,21.130634307861328,0.3836764097213745,0.38891828060150146,5.051347732543945,5.62838077545166,0.07453009486198425,1.233023762702942,22.71404266357422,0.07870562374591827,12.213842391967773,12.432056427001953,1.8051883580099495e-05,2.31306791305542,0.007295654155313969,0.2445841282606125,569999,-25.992759704589844
1017.262394620142,1.0,0.0,0.0,44.2582810452795,0.6696921623569072,0.0,0.443728309370352,5,0.0,933.3617276744917,0.0,1.3500000000000005,405.5919640770125,0.0,,,,,,,,,,,,,,,,,,,,,,,,,,,,,,,,,,,,,,,,,1.8007864449262002e-05,1.4869396686553955,0.00729139382019639,0.2696096897125244,570526,-25.204044342041016
,,,,,,,,,,,,,,,0.15641097724437714,938.45,816,21,580527,545.23450253,27000,,,,,,,,,,,,,,,,,,,,,,,,,,,,,,,,,,,,,,,
282.6560613248053,1.0,0.0,0.0,35.531973874789884,0.33851025308359917,0.0,0.25932721712538226,2,0.0,411.7777006160468,0.0,8.09999999999998,173.1787470833608,0.0,,,,,,,,,,,,,,,,,,,,,,,,,,,,,,,,,,,,,,,,,1.7938315235200004e-05,1.5036042928695679,0.00729107391089201,0.22831469774246216,571360,-25.33023452758789
1787.8873614086588,0.0,0.0,1.0,43.382410282125754,0.6826603136344631,0.0,1.0,0,0.0,1577.477040156722,0.0,22.300000000000182,156.30900482571596,0.0,,,,,,,,,,,,,,,,,,,,,,,,,,,,,,,,,,,,,,,,,1.7720893296157998e-05,0.9832770228385925,0.00727809639647603,0.24721436202526093,573978,-26.20421600341797
787.8552045882991,0.0,0.0,0.0,31.693324845344804,0.4446135466073923,0.0,0.42746515229736703,1,1.0,779.5072384262457,0.0,63.049999999998555,58.734763308987425,0.0,,,,,,,,,,,,,,,,,,,,,,,,,,,,,,,,,,,,,,,,,1.7574587154599502e-05,-2.601029396057129,0.00725374324247241,0.16370731592178345,575749,-26.13945198059082
195.8156762335442,1.0,0.0,0.0,42.77191408383779,0.6357651825764422,0.0,0.09643022716736208,0,0.0,182.72206978034228,0.0,1.1500000000000004,0.0,0.0,,,,,,,,,,,,,,,,,,,,,,,,,,,,,,,,,,,,,,,,,1.7549288696032e-05,1.892884373664856,0.0072467150166630745,0.247366264462471,576056,-26.340221405029297
,,,,,,,,,,,,,,,0.15619896352291107,905.52,820,21,586057,518.88481829,27268,,,,,,,,,,,,,,,,,,,,,,,,,,,,,,,,,,,,,,,
0.12645065217452967,1.0,0.0,0.0,27.927211767586837,0.0017322007147195844,0.0,0.014580191050779286,0,0.0,28.142421931261197,0.0,1.7500000000000009,0.0,0.0,,,,,,,,,,,,,,,,,,,,,,,,,,,,,,,,,,,,,,,,,1.7543358222208e-05,-2.345000982284546,0.0072459448128938675,0.17204967141151428,576128,-27.172420501708984
447.8010891127447,1.0,0.0,0.0,41.512513180052714,0.588437699228311,0.0,0.22912524850894633,3,0.0,438.5177884642035,0.0,4.599999999999992,221.74718917153385,0.0,,,,,,,,,,,,,,,,,,,,,,,,,,,,,,,,,,,,,,,,,1.7480821692128e-05,2.3044681549072266,0.007240314967930317,0.2281145602464676,576888,-24.7880859375
1250.4507396749364,1.0,0.0,0.0,32.32701891265803,0.4706250431595545,0.0,0.5760473588342441,3,0.0,1192.276359778829,0.0,70.29999999999815,330.0835472054859,0.0,,,,,,,,,,,,,,,,,,,,,,,,,,,,,,,,,,,,,,,,,1.7263175729632005e-05,0.7162666320800781,0.007206597365438938,0.18177714943885803,579544,-26.660585403442383
,,,,,,,,,,,,,,,,,,,,,,13.823330879211426,0.22034674882888794,0.18669606745243073,0.022070974111557007,0.28823304176330566,0.3172951340675354,11.678640365600586,21.462169647216797,0.19294795393943787,22.698524475097656,22.447694778442383,0.3496842384338379,0.18564482033252716,0.33663409948349,24.416309356689453,0.30483704805374146,2.1240711212158203,0.4256923198699951,1.6434307098388672,0.15684202313423157,0.31557339429855347,0.033088214695453644,21.609952926635742,0.3725207448005676,0.3803507685661316,5.031030654907227,5.1959357261657715,0.06978046894073486,1.174051284790039,23.49796485900879,0.0783720538020134,11.984803199768066,12.386137962341309,1.7226031590099495e-05,1.896826148033142,0.007201667875051498,0.19251903891563416,579999,-25.094820022583008
981.7974246611574,0.0,0.0,0.0,36.6577536294254,0.5137610804087689,0.0,0.5007320644216691,4,1.0,972.3999932436273,0.0,56.44999999999893,244.80003759958768,0.0,,,,,,,,,,,,,,,,,,,,,,,,,,,,,,,,,,,,,,,,,1.7107528494542e-05,1.2402875423431396,0.007192271761596203,0.25146055221557617,581454,-27.326019287109375
,,,,,,,,,,,,,,,0.15594016015529633,920.38,824,21,591455,525.9172642100001,27533,,,,,,,,,,,,,,,,,,,,,,,,,,,,,,,,,,,,,,,
5.3228254397291295,1.0,0.0,0.0,29.114033520876518,0.06824135179139909,0.0,0.01374113475177305,0,0.0,31.332244153134525,0.0,0.0,0.0,0.0,,,,,,,,,,,,,,,,,,,,,,,,,,,,,,,,,,,,,,,,,1.7101268934119495e-05,-4.560460567474365,0.00719080725684762,0.32380014657974243,581531,-26.26531219482422
7.595392487472552,1.0,0.0,0.0,32.59862445816669,0.08631127826673354,0.0,0.020537124802527645,0,0.0,39.521037524566054,0.0,0.0,21.162661714052017,0.0,,,,,,,,,,,,,,,,,,,,,,,,,,,,,,,,,,,,,,,,,1.7094197863438002e-05,-0.20947664976119995,0.007189658936113119,0.14875607192516327,581618,-27.177860260009766
413.1065108797859,1.0,0.0,0.0,33.853750474395795,0.3662291763118669,0.0,0.30485115766262405,1,0.0,530.0975821418688,0.0,29.600000000000286,124.01821891166237,0.0,,,,,,,,,,,,,,,,,,,,,,,,,,,,,,,,,,,,,,,,,1.7002735184987504e-05,1.780029058456421,0.007189580239355564,0.20070073008537292,582745,-25.34934425354004
-4.805328738852914,1.0,0.0,0.0,20.02880005915428,-0.016570099099492808,0.0,0.03572895277207392,0,0.0,80.41058628587052,0.0,11.500000000000028,0.0,0.0,,,,,,,,,,,,,,,,,,,,,,,,,,,,,,,,,,,,,,,,,1.6979321853022e-05,0.6942373514175415,0.007189683150500059,0.1808459609746933,583034,-26.07906150817871
,,,,,,,,,,,,,,,0.15588699281215668,907.76,828,21,593035,517.0426959600001,27609,,,,,,,,,,,,,,,,,,,,,,,,,,,,,,,,,,,,,,,
2318.671612534097,0.0,0.0,1.0,42.28984006737427,0.6779741557117244,0.0,1.0,3,0.0,2008.1755329500884,0.0,17.400000000000112,479.4296981215946,0.0,,,,,,,,,,,,,,,,,,,,,,,,,,,,,,,,,,,,,,,,,1.67035930302955e-05,2.5804283618927,0.007188057992607355,0.16567111015319824,586453,-25.403736114501953
-4.852570293007435,1.0,0.0,0.0,25.017307688274933,-0.07136132783834463,0.0,0.016645326504481434,0,0.0,23.432612971402705,0.0,3.349999999999996,0.0,0.0,,,,,,,,,,,,,,,,,,,,,,,,,,,,,,,,,,,,,,,,,1.6698212984799995e-05,0.8185567259788513,0.007189360447227955,0.21289697289466858,586520,-25.710556030273438
32.31422306125083,1.0,0.0,0.0,35.67230594879935,0.2411509183675435,0.0,0.031117397454031116,0,0.0,66.10657012369484,0.0,0.0,50.86328087693902,0.0,,,,,,,,,,,,,,,,,,,,,,,,,,,,,,,,,,,,,,,,,1.6687535839695502e-05,-2.323599338531494,0.007187766954302788,0.22519207000732422,586653,-25.398193359375
2062.554890893215,0.0,0.0,1.0,46.0744089313989,0.7151715987840551,0.0,1.0,5,0.0,1844.9439200479537,0.0,4.6499999999999915,341.8627261174325,0.0,,,,,,,,,,,,,,,,,,,,,,,,,,,,,,,,,,,,,,,,,1.6456955821952002e-05,1.8256182670593262,0.0071835145354270935,0.1931326687335968,589536,-24.649600982666016
,,,,,,,,,,,,,,,0.15562106668949127,942.95,832,21,599537,544.26553373,27916,,,,,,,,,,,,,,,,,,,,,,,,,,,,,,,,,,,,,,,
,,,,,,,,,,,,,,,,,,,,,,13.20537281036377,0.21989533305168152,0.1874307096004486,0.025024717673659325,0.29060569405555725,0.31549811363220215,11.705580711364746,20.941415786743164,0.1982182264328003,23.260820388793945,21.483896255493164,0.3451478183269501,0.1832520067691803,0.355771541595459,24.84475326538086,0.32279226183891296,2.4368834495544434,0.4482436180114746,1.80331289768219,0.1624392718076706,0.32790738344192505,0.039149556308984756,22.14517593383789,0.3893060088157654,0.3991413712501526,5.084385395050049,5.454082012176514,0.0756867304444313,1.233940839767456,23.629423141479492,0.08168278634548187,11.666716575622559,12.338191986083984,1.6420079600099504e-05,0.8696315884590149,0.0071816821582615376,0.1787029355764389,589999,-26.124013900756836
1817.7319160979716,1.0,0.0,0.0,40.39870559850026,0.6155543230944706,0.0,0.7034482758620689,4,0.0,1656.2577925967053,0.0,37.65,446.46507944509085,0.0,,,,,,,,,,,,,,,,,,,,,,,,,,,,,,,,,,,,,,,,,1.6222571119327996e-05,1.287132740020752,0.007165564224123955,0.18500873446464539,592488,-26.66695785522461
179.44206740884292,1.0,0.0,0.0,42.03551764724947,0.594179031155109,0.0,0.08093070308548306,1,0.0,176.06151948031038,0.0,3.349999999999996,59.587288920876794,0.0,,,,,,,,,,,,,,,,,,,,,,,,,,,,,,,,,,,,,,,,,1.6198769562839495e-05,1.7947449684143066,0.007164190988987684,0.20596250891685486,592789,-26.54856300354004
105.90771456021307,1.0,0.0,0.0,35.32431949276569,0.4358342162971731,0.0,0.04924086992203529,0,0.0,119.02171394787729,0.0,7.94999999999998,0.0,0.0,,,,,,,,,,,,,,,,,,,,,,,,,,,,,,,,,,,,,,,,,1.6179646502619497e-05,-0.11300168931484222,0.007163305766880512,0.212665855884552,593031,-25.920074462890625
33.08284965977093,1.0,0.0,0.0,35.357457742700774,0.2625622988870709,0.0,0.029397110114598904,0,0.0,61.551497124135494,0.0,0.0,31.107210606695322,0.0,,,,,,,,,,,,,,,,,,,,,,,,,,,,,,,,,,,,,,,,,1.6169773453431995e-05,1.648672103881836,0.0071617248468101025,0.177278071641922,593156,-25.99760627746582
,,,,,,,,,,,,,,,0.15548478066921234,970.25,836,21,603157,561.14239445,28081,,,,,,,,,,,,,,,,,,,,,,,,,,,,,,,,,,,,,,,
432.80257508417026,1.0,0.0,0.0,32.43587981628164,0.44344526135673185,0.0,0.26868225898459785,1,0.0,439.36128271673806,0.0,31.600000000000314,170.4915729560392,0.0,,,,,,,,,,,,,,,,,,,,,,,,,,,,,,,,,,,,,,,,,1.6092870383519504e-05,-3.379072904586792,0.007157832849770784,0.2886483371257782,594131,-27.279193878173828
2131.6270013551116,0.0,0.0,1.0,42.96107849151352,0.6860724175587742,0.0,1.0,2,0.0,1853.1503008380532,0.0,32.950000000000266,345.24872501720404,0.0,,,,,,,,,,,,,,,,,,,,,,,,,,,,,,,,,,,,,,,,,1.58491460298155e-05,0.38314008712768555,0.0071289618499577045,0.1617734581232071,597237,-26.537818908691406
1445.3535435725175,1.0,0.0,0.0,44.376321789679245,0.6685261533637916,0.0,0.6927899686520376,4,0.0,1332.1571412077174,0.0,3.349999999999996,323.81159381509383,0.0,,,,,,,,,,,,,,,,,,,,,,,,,,,,,,,,,,,,,,,,,1.5680707279198e-05,1.3887443542480469,0.007103566080331802,0.14730983972549438,599398,-26.045047760009766
281.08654147243874,1.0,0.0,0.0,43.87637064032675,0.6446939024597219,0.0,0.17547055251973284,1,0.0,265.4135719621554,0.0,2.9999999999999973,53.54243262803941,0.0,,,,,,,,,,,,,,,,,,,,,,,,,,,,,,,,,,,,,,,,,1.5646913644955504e-05,2.1020264625549316,0.0071013448759913445,0.1955501288175583,599833,-26.293807983398438
,,,,,,,,,,,,,,,0.1552470624446869,971.49,840,21,609834,570.8107516,28388,,,,,,,,,,,,,,,,,,,,,,,,,,,,,,,,,,,,,,,
,,,,,,,,,,,,,,,,,,,,,,13.88343334197998,0.21659433841705322,0.18469619750976562,0.021166199818253517,0.28097331523895264,0.3096963167190552,11.200078010559082,20.762479782104492,0.19120341539382935,23.564048767089844,22.004117965698242,0.34959676861763,0.18788093328475952,0.3481902778148651,24.9060115814209,0.3188862204551697,2.303007125854492,0.4459838569164276,1.5640732049942017,0.15156778693199158,0.32160666584968567,0.036589693278074265,21.91558837890625,0.39511770009994507,0.39570146799087524,5.2116217613220215,5.260806083679199,0.0711931437253952,1.2758229970932007,23.76507568359375,0.08280115574598312,11.625040054321289,12.034614562988281,1.5634027610099502e-05,0.7078244686126709,0.007098412606865168,0.26996278762817383,599999,-27.052637100219727
263.2586824273324,1.0,0.0,0.0,38.70269400113512,0.44695871379852703,0.0,0.17796610169491525,1,0.0,316.31551158614457,0.0,5.899999999999987,154.72353674009034,0.0,,,,,,,,,,,,,,,,,,,,,,,,,,,,,,,,,,,,,,,,,1.5601293825479503e-05,1.7995264530181885,0.00709159579128027,0.2017286717891693,600421,-25.78453826904297
1509.0365725651025,1.0,0.0,0.0,42.75532261966623,0.5969290239577146,0.0,0.790241448692153,7,0.0,1500.5335184577852,0.0,7.89999999999998,637.0992717140023,0.0,,,,,,,,,,,,,,,,,,,,,,,,,,,,,,,,,,,,,,,,,1.5406020445047996e-05,1.1367309093475342,0.007067896891385317,0.2505396902561188,602948,-26.366703033447266
1055.9423293319487,1.0,0.0,0.0,47.438009281612466,0.775288053841372,0.0,0.48863636363636365,1,0.0,897.0727499723434,0.0,2.9999999999999973,42.41215139978548,0.0,,,,,,,,,,,,,,,,,,,,,,,,,,,,,,,,,,,,,,,,,1.53013759743595e-05,-1.576568365097046,0.007050110958516598,0.20909646153450012,604309,-27.061227798461914
346.42526537452676,0.0,0.0,0.0,29.603352810351527,0.42874414031500835,0.0,0.21148825065274152,0,1.0,331.87115406803787,0.0,30.300000000000296,0.0,0.0,,,,,,,,,,,,,,,,,,,,,,,,,,,,,,,,,,,,,,,,,1.5239501498872e-05,0.5439811944961548,0.0070350561290979385,0.19249075651168823,605116,-26.510093688964844
,,,,,,,,,,,,,,,0.15501917898654938,1006.85,844,21,615117,597.3264040100001,28630,,,,,,,,,,,,,,,,,,,,,,,,,,,,,,,,,,,,,,,
722.590637924558,1.0,0.0,0.0,45.0259942500651,0.687526772525745,0.0,0.25071109305160505,3,0.0,656.9425670728087,0.0,10.500000000000014,209.44872603632365,0.0,,,,,,,,,,,,,,,,,,,,,,,,,,,,,,,,,,,,,,,,,1.5159189685822002e-05,0.37148725986480713,0.007018266711384058,0.41865938901901245,606166,-27.770732879638672
41.35999552528874,1.0,0.0,0.0,34.831566714775036,0.28328764058416944,0.0,0.042715038033937974,0,0.0,70.34564243722707,0.0,0.44999999999999996,26.246218742419966,0.0,,,,,,,,,,,,,,,,,,,,,,,,,,,,,,,,,,,,,,,,,1.5148116247739499e-05,1.7953511476516724,0.007013586349785328,0.2155476212501526,606311,-26.222808837890625
217.18737281554826,0.0,0.0,0.0,28.234973737407763,0.38645440002766596,0.0,0.14635603345280765,0,1.0,220.0512422171887,0.0,21.40000000000017,0.0,0.0,,,,,,,,,,,,,,,,,,,,,,,,,,,,,,,,,,,,,,,,,1.5105312906208003e-05,0.804224967956543,0.007003596983850002,0.27764666080474854,606872,-25.307796478271484
,,,,,,,,,,,,,,,,,,,,,,13.867425918579102,0.20538154244422913,0.1723584234714508,0.02308288775384426,0.276323139667511,0.3032332956790924,11.264057159423828,21.000770568847656,0.1958734393119812,23.461244583129883,24.35417366027832,0.3773343861103058,0.18246428668498993,0.3097569942474365,24.117971420288086,0.3086974620819092,2.684478521347046,0.3942860960960388,1.7543171644210815,0.14820978045463562,0.3057493567466736,0.041592299938201904,19.99254608154297,0.37183886766433716,0.37367478013038635,5.0841593742370605,5.415002822875977,0.07124932110309601,1.2262468338012695,23.237184524536133,0.07877205312252045,11.124473571777344,12.642195701599121,1.4867875620099504e-05,0.44244223833084106,0.006962053012102842,0.21103307604789734,609999,-26.69086265563965
2558.2837599090076,0.0,0.0,1.0,44.49048994350738,0.7112270669749813,0.0,1.0,4,0.0,2222.0011184159666,0.0,23.050000000000193,346.9434166509612,0.0,,,,,,,,,,,,,,,,,,,,,,,,,,,,,,,,,,,,,,,,,1.4832431632887997e-05,1.3376706838607788,0.006954982411116362,0.15881696343421936,610468,-28.59545135498047
,,,,,,,,,,,,,,,0.15481601655483246,1025.71,848,21,620469,612.55382821,28878,,,,,,,,,,,,,,,,,,,,,,,,,,,,,,,,,,,,,,,
1423.1878826252146,1.0,0.0,0.0,46.3176276830403,0.7730515386340112,0.0,0.6163682864450127,1,0.0,1183.9508869005367,0.0,10.85000000000002,77.43417298501731,0.0,,,,,,,,,,,,,,,,,,,,,,,,,,,,,,,,,,,,,,,,,1.4693799062968003e-05,1.1076955795288086,0.006922154687345028,0.21431264281272888,612308,-26.928955078125
1428.7689236775288,0.0,0.0,0.0,41.17099734086059,0.6432998305616969,0.0,0.8033498759305211,2,1.0,1269.5204355474561,0.0,36.25000000000008,120.82447988945262,0.0,,,,,,,,,,,,,,,,,,,,,,,,,,,,,,,,,,,,,,,,,1.4527432667008005e-05,0.1792549341917038,0.006880496628582478,0.2566639184951782,614528,-29.144628524780273
436.1562214549253,0.0,0.0,0.0,38.5075171649008,0.6100087013355598,0.0,0.18106617647058823,1,1.0,382.1011723084375,0.0,17.600000000000115,37.66670680563055,0.0,,,,,,,,,,,,,,,,,,,,,,,,,,,,,,,,,,,,,,,,,1.4474134077118005e-05,1.7103266716003418,0.006870480719953775,0.21035271883010864,615242,-27.4024715423584
274.4145557142896,1.0,0.0,0.0,43.96163390422905,0.6411555040053495,0.0,0.15411973918197985,2,0.0,260.9881965657696,0.0,2.6499999999999986,85.00465891834118,0.0,,,,,,,,,,,,,,,,,,,,,,,,,,,,,,,,,,,,,,,,,1.4442307907319497e-05,2.1832923889160156,0.006859416142106056,0.20939719676971436,615669,-28.039573669433594
,,,,,,,,,,,,,,,0.1546144187450409,1037.36,852,21,625670,629.23726434,29113,,,,,,,,,,,,,,,,,,,,,,,,,,,,,,,,,,,,,,,
6.977921722170457,1.0,0.0,0.0,31.59940605676503,0.08614718175519083,0.0,0.014970059880239521,0,0.0,35.261424268595874,0.0,0.0,3.8893111690863567,0.0,,,,,,,,,,,,,,,,,,,,,,,,,,,,,,,,,,,,,,,,,1.4436349194599502e-05,0.3333648443222046,0.006859092507511377,0.18622168898582458,615749,-28.35230255126953
1489.4510247004812,1.0,0.0,0.0,38.33278270202082,0.5336621371194845,0.0,0.6851195748449955,3,0.0,1485.0782993307803,0.0,33.75000000000022,507.7463468712998,0.0,,,,,,,,,,,,,,,,,,,,,,,,,,,,,,,,,,,,,,,,,1.4229335814839505e-05,-2.2339253425598145,0.006813250947743654,0.23583534359931946,618539,-26.876008987426758
,,,,,,,,,,,,,,,,,,,,,,13.956597328186035,0.22199353575706482,0.1845223307609558,0.02176974155008793,0.28592145442962646,0.31452929973602295,11.036853790283203,20.84080696105957,0.2114843875169754,23.542312622070312,22.92721939086914,0.36835744976997375,0.19147485494613647,0.3329913318157196,23.492080688476562,0.3229842185974121,2.6701149940490723,0.41701918840408325,1.5867958068847656,0.15141800045967102,0.31951072812080383,0.04289909079670906,20.725969314575195,0.3956184983253479,0.37743276357650757,5.536457538604736,5.7475175857543945,0.07885196805000305,1.2578113079071045,23.289127349853516,0.08895084261894226,11.48499584197998,13.163162231445312,1.4121623630099502e-05,0.5588947534561157,0.006794479209929705,0.25264668464660645,619999,-27.216310501098633
1234.6828927851466,1.0,0.0,0.0,45.5550121571212,0.7533147606986861,0.0,0.4725872224739465,2,0.0,1036.6812755707651,0.0,14.250000000000068,150.5763169076174,0.0,,,,,,,,,,,,,,,,,,,,,,,,,,,,,,,,,,,,,,,,,1.4108520607235501e-05,-0.5179672241210938,0.006790803279727697,0.2396136373281479,620177,-26.99169158935547
1109.6680837802242,1.0,0.0,0.0,45.78921002741201,0.7584880955435572,0.0,0.46405552801189887,0,0.0,930.0716720651835,0.0,8.74999999999999,36.100387723749954,0.0,,,,,,,,,,,,,,,,,,,,,,,,,,,,,,,,,,,,,,,,,1.4001137718939506e-05,-0.8618850708007812,0.006770046427845955,0.23783892393112183,621639,-27.434194564819336
,,,,,,,,,,,,,,,0.15439975261688232,1078.97,856,21,631640,657.4769160200001,29393,,,,,,,,,,,,,,,,,,,,,,,,,,,,,,,,,,,,,,,
1643.3993654272779,1.0,0.0,0.0,41.72088713098245,0.6377180308216057,0.0,0.9583333333333334,6,0.0,1492.866435852833,0.0,31.25000000000031,427.2315635891349,0.0,,,,,,,,,,,,,,,,,,,,,,,,,,,,,,,,,,,,,,,,,1.3812967289387501e-05,1.4790639877319336,0.006739881355315447,0.15918783843517303,624215,-27.673843383789062
1818.8848005589293,0.0,0.0,0.0,46.188798556119345,0.7503650167322315,0.0,0.6296747967479674,1,1.0,1554.647647595033,0.0,9.149999999999995,204.24083765271558,0.0,,,,,,,,,,,,,,,,,,,,,,,,,,,,,,,,,,,,,,,,,1.3637178332877999e-05,-1.583593726158142,0.006706316489726305,0.24368375539779663,626638,-27.292797088623047
,,,,,,,,,,,,,,,,,,,,,,14.783143043518066,0.2181987762451172,0.18395622074604034,0.023169465363025665,0.27620869874954224,0.3008670508861542,11.177207946777344,21.042552947998047,0.2107219398021698,22.94313621520996,23.48188591003418,0.37489503622055054,0.19404645264148712,0.3382340669631958,22.970809936523438,0.3011561334133148,2.6839380264282227,0.40086129307746887,1.7651314735412598,0.1467142403125763,0.29814088344573975,0.042849838733673096,21.18559455871582,0.36427587270736694,0.3667355179786682,4.956743240356445,5.57540225982666,0.07318383455276489,1.2107536792755127,22.713422775268555,0.07913582026958466,11.522263526916504,13.19875717163086,1.3395271640099503e-05,0.5286483764648438,0.006650603376328945,0.19130626320838928,629999,-26.9686222076416
2578.98614859339,0.0,0.0,0.0,44.264763811694785,0.6875462939465183,1.0,0.9698870765370138,2,0.0,2305.431979368441,0.0,22.650000000000187,164.24850276917545,0.0,,,,,,,,,,,,,,,,,,,,,,,,,,,,,,,,,,,,,,,,,1.3367418659128005e-05,2.3064379692077637,0.006643750239163637,0.1888759434223175,630388,-28.102825164794922
500.132513216396,1.0,0.0,0.0,41.70961764402852,0.5932770026291767,0.0,0.32549268912905277,1,0.0,488.06750814430416,0.0,6.299999999999986,91.42980426341353,0.0,,,,,,,,,,,,,,,,,,,,,,,,,,,,,,,,,,,,,,,,,1.3307233333550001e-05,1.6787667274475098,0.006630897521972656,0.22423526644706726,631230,-27.426799774169922
,,,,,,,,,,,,,,,0.15404179692268372,1155.46,860,21,641231,710.63448045,29836,,,,,,,,,,,,,,,,,,,,,,,,,,,,,,,,,,,,,,,
500.4110161509452,1.0,0.0,0.0,42.58079648284108,0.5667168925831769,0.0,0.24,2,0.0,521.9086964447051,0.0,5.449999999999989,278.15191878473206,0.0,,,,,,,,,,,,,,,,,,,,,,,,,,,,,,,,,,,,,,,,,1.3244340144128001e-05,0.3736211657524109,0.006620386615395546,0.1723487377166748,632112,-28.92058563232422
643.0372738083612,0.0,0.0,0.0,43.27498271172294,0.6335342599097155,0.0,0.36156907333712335,2,1.0,609.78434439376,0.0,4.549999999999992,224.70698552873043,0.0,,,,,,,,,,,,,,,,,,,,,,,,,,,,,,,,,,,,,,,,,1.3172225661662007e-05,0.6353952884674072,0.0066080582328140736,0.25284552574157715,633126,-28.47213363647461
10.788421979537546,1.0,0.0,0.0,32.742464292682435,0.11600453741438221,0.0,0.022245762711864406,0,0.0,41.98278321418911,0.0,0.0,23.977501901766253,0.0,,,,,,,,,,,,,,,,,,,,,,,,,,,,,,,,,,,,,,,,,1.3165692854638005e-05,1.0350608825683594,0.006604656111449003,0.22523975372314453,633218,-27.471149444580078
224.16115544324356,1.0,0.0,0.0,42.88930007334949,0.63143987448801,0.0,0.1382699868938401,1,0.0,211.2014081608504,0.0,3.599999999999995,52.24357863680973,0.0,,,,,,,,,,,,,,,,,,,,,,,,,,,,,,,,,,,,,,,,,1.3140571458808003e-05,0.907142698764801,0.006597626954317093,0.21663174033164978,633572,-27.697959899902344
,,,,,,,,,,,,,,,0.15396127104759216,1136.88,864,21,643573,697.8005984199999,29947,,,,,,,,,,,,,,,,,,,,,,,,,,,,,,,,,,,,,,,
503.4754510557532,1.0,0.0,0.0,37.29466718923655,0.4552219268135201,0.0,0.26900844819919967,3,0.0,572.5065387245268,0.0,2.8999999999999977,367.7711483810117,0.0,,,,,,,,,,,,,,,,,,,,,,,,,,,,,,,,,,,,,,,,,1.3062316215735508e-05,-0.21199634671211243,0.0065831150859594345,0.16466620564460754,634677,-27.379703521728516
169.7242708597957,1.0,0.0,0.0,41.032462746094076,0.5733928069587693,0.0,0.08307210031347963,1,0.0,168.46959303040057,0.0,4.749999999999991,43.408425198868116,0.0,,,,,,,,,,,,,,,,,,,,,,,,,,,,,,,,,,,,,,,,,1.3041465638008e-05,0.40141841769218445,0.006579493172466755,0.26022201776504517,634972,-28.431644439697266
94.05342961961566,1.0,0.0,0.0,36.43762431614598,0.3854648754902281,0.0,0.053316540722082285,1,0.0,123.150894719176,0.0,0.39999999999999997,76.98067384564176,0.0,,,,,,,,,,,,,,,,,,,,,,,,,,,,,,,,,,,,,,,,,1.3024303424387503e-05,-2.9221725463867188,0.006579377222806215,0.21938388049602509,635215,-26.972450256347656
1700.0925021175644,1.0,0.0,0.0,43.96542065377137,0.6919383403001891,0.0,0.7796964939822083,3,0.0,1499.8429701551795,0.0,4.399999999999992,329.3706055159481,0.0,,,,,,,,,,,,,,,,,,,,,,,,,,,,,,,,,,,,,,,,,1.28515045619795e-05,0.35214343667030334,0.006558738183230162,0.32257938385009766,637671,-26.978132247924805
,,,,,,,,,,,,,,,0.15381228923797607,1130.27,868,21,647672,692.3623493499998,30129,,,,,,,,,,,,,,,,,,,,,,,,,,,,,,,,,,,,,,,
16.902387170225765,1.0,0.0,0.0,32.9417570622686,0.1742514141260388,0.0,0.0196078431372549,0,0.0,44.1290451111272,0.0,1.5000000000000007,0.9892330637897129,0.0,,,,,,,,,,,,,,,,,,,,,,,,,,,,,,,,,,,,,,,,,1.28447745857555e-05,-1.1238430738449097,0.006558071821928024,0.24578337371349335,637767,-26.700531005859375
465.9508017991684,1.0,0.0,0.0,37.84088342296634,0.4094471017567385,0.0,0.3123425692695214,4,0.0,597.6208675671369,0.0,12.750000000000046,301.14538146361946,0.0,,,,,,,,,,,,,,,,,,,,,,,,,,,,,,,,,,,,,,,,,1.2765205920992e-05,-0.05722654610872269,0.006552604958415031,0.18128220736980438,638904,-28.652318954467773
2.5163977702297657,1.0,0.0,0.0,31.54658206736808,0.027352149676410496,0.0,0.028067885117493474,0,0.0,39.92141196457669,0.0,0.9000000000000002,18.42225286277904,0.0,,,,,,,,,,,,,,,,,,,,,,,,,,,,,,,,,,,,,,,,,1.2758848747487501e-05,-2.8348608016967773,0.0065510026179254055,0.29034119844436646,638995,-27.379898071289062
67.74286585088821,1.0,0.0,0.0,37.33109876127873,0.40808955331860364,0.0,0.05660377358490566,0,0.0,85.85062499716878,0.0,4.799999999999991,0.0,0.0,,,,,,,,,,,,,,,,,,,,,,,,,,,,,,,,,,,,,,,,,1.2747326207200004e-05,2.0950331687927246,0.006549181416630745,0.31221461296081543,639160,-26.03179168701172
,,,,,,,,,,,,,,,0.1537657529115677,1110.16,872,21,649161,675.8031658100001,30198,,,,,,,,,,,,,,,,,,,,,,,,,,,,,,,,,,,,,,,
172.9655129849876,1.0,0.0,0.0,33.3013270479372,0.45043102339840524,0.0,0.12663185378590078,0,0.0,177.5168922515586,0.0,12.750000000000046,0.0,0.0,,,,,,,,,,,,,,,,,,,,,,,,,,,,,,,,,,,,,,,,,1.2720600830475503e-05,0.19175133109092712,0.006546624470502138,0.3399994969367981,639543,-26.941082000732422
,,,,,,,,,,,,,,,,,,,,,,14.738893508911133,0.21497464179992676,0.1797979772090912,0.02301863580942154,0.2834492623806,0.3122624158859253,11.046683311462402,21.357816696166992,0.21379134058952332,22.790239334106445,24.053865432739258,0.38051876425743103,0.195606529712677,0.31808823347091675,22.746858596801758,0.30245959758758545,3.1215193271636963,0.3942015469074249,1.7344473600387573,0.14660553634166718,0.29754695296287537,0.049380697309970856,20.107421875,0.36596956849098206,0.3598426580429077,5.090231418609619,5.91184139251709,0.07845872640609741,1.171993613243103,22.420072555541992,0.08052462339401245,11.365632057189941,13.514466285705566,1.2688819650099501e-05,1.3162732124328613,0.0065427543595433235,0.2404688596725464,639999,-26.377727508544922
1525.1560722502495,0.0,0.0,0.0,44.61584916581518,0.6894918952306733,0.0,0.778563656147987,3,1.0,1370.0867103151977,0.0,9.349999999999998,390.36721324087705,0.0,,,,,,,,,,,,,,,,,,,,,,,,,,,,,,,,,,,,,,,,,1.2566890013342003e-05,0.24747450649738312,0.006534084212034941,0.22838708758354187,641754,-27.122718811035156
141.68642989885063,1.0,0.0,0.0,25.529729837665627,0.29395524875280216,0.0,0.08546617915904936,0,0.0,170.67636923771352,0.0,24.050000000000207,0.0,0.0,,,,,,,,,,,,,,,,,,,,,,,,,,,,,,,,,,,,,,,,,1.25335792748875e-05,-8.500223159790039,0.006531934719532728,0.3155672550201416,642235,-27.065509796142578
542.1813714842814,1.0,0.0,0.0,45.323514589149326,0.6863055335244068,0.0,0.2126514131897712,4,0.0,496.9110952615738,0.0,2.7499999999999982,185.26992757046864,0.0,,,,,,,,,,,,,,,,,,,,,,,,,,,,,,,,,,,,,,,,,1.2479038285311997e-05,2.3254432678222656,0.006530598271638155,0.2953413724899292,643024,-26.32862663269043
,,,,,,,,,,,,,,,0.1536123901605606,1097.31,876,21,653025,667.51525495,30376,,,,,,,,,,,,,,,,,,,,,,,,,,,,,,,,,,,,,,,
539.2208941195732,1.0,0.0,0.0,41.07080814474945,0.5053616627175007,0.0,0.3026386645126548,1,0.0,608.3597132861614,0.0,22.000000000000178,118.97280775309284,0.0,,,,,,,,,,,,,,,,,,,,,,,,,,,,,,,,,,,,,,,,,1.2405545945950007e-05,1.0369375944137573,0.006526252720504999,6.699806213378906,644090,-28.34912872314453
-18.57097458847081,1.0,0.0,0.0,19.094209201748907,-0.38689530392647525,0.0,0.0063850687622789785,0,0.0,12.714990128297359,0.0,1.7500000000000009,0.0,0.0,,,,,,,,,,,,,,,,,,,,,,,,,,,,,,,,,,,,,,,,,1.2402310869515504e-05,1.6070482730865479,0.006526296492666006,0.22252345085144043,644137,-27.467714309692383
220.49075735017635,1.0,0.0,0.0,39.762437754202004,0.32282687752588046,0.0,0.1895810955961332,0,0.0,376.88271034974605,0.0,1.2000000000000004,0.0,0.0,,,,,,,,,,,,,,,,,,,,,,,,,,,,,,,,,,,,,,,,,1.2355417314719498e-05,-0.2463715672492981,0.006526498589664698,0.3499894142150879,644819,-26.980968475341797
274.6329130375957,1.0,0.0,0.0,28.891065925077605,0.38626288753529636,0.0,0.12464589235127478,0,0.0,284.9069272754714,0.0,27.70000000000026,59.637098066009266,0.0,,,,,,,,,,,,,,,,,,,,,,,,,,,,,,,,,,,,,,,,,1.2306696849179497e-05,1.2093256711959839,0.006528185680508614,0.23665466904640198,645529,-26.782527923583984
,,,,,,,,,,,,,,,0.15352730453014374,1097.69,880,21,655530,663.4962601599999,30491,,,,,,,,,,,,,,,,,,,,,,,,,,,,,,,,,,,,,,,
2227.0824268549663,1.0,0.0,0.0,47.03531212304433,0.759577908204286,0.0,0.9630723781388478,2,0.0,1914.8538779849187,0.0,14.000000000000064,157.45179278907622,0.0,,,,,,,,,,,,,,,,,,,,,,,,,,,,,,,,,,,,,,,,,1.2106632374199996e-05,-0.21729539334774017,0.00651807663962245,0.18030349910259247,648460,-27.287750244140625
183.98574496200928,1.0,0.0,0.0,42.15571786863131,0.5643734508037095,0.0,0.11692307692307692,1,0.0,190.6512175789103,0.0,1.0000000000000002,74.68487465024378,0.0,,,,,,,,,,,,,,,,,,,,,,,,,,,,,,,,,,,,,,,,,1.2084553784387504e-05,-0.12839072942733765,0.006517862435430288,0.2354220151901245,648785,-27.598552703857422
280.08025904462977,1.0,0.0,0.0,43.438338006316,0.6528677367007687,0.0,0.11182401466544455,1,0.0,258.62433749530464,0.0,5.749999999999988,60.64524630721954,0.0,,,,,,,,,,,,,,,,,,,,,,,,,,,,,,,,,,,,,,,,,1.20555100472155e-05,0.8394374847412109,0.006515186745673418,0.418888658285141,649213,-27.95325469970703
253.77569426991772,1.0,0.0,0.0,43.94550112572536,0.6591576474543317,0.0,0.1120162932790224,1,0.0,234.79476290382445,0.0,4.749999999999991,46.798262194029434,0.0,,,,,,,,,,,,,,,,,,,,,,,,,,,,,,,,,,,,,,,,,1.2029483139695505e-05,1.9790045022964478,0.006515528541058302,0.2162386178970337,649597,-26.781593322753906
,,,,,,,,,,,,,,,0.15340787172317505,1115.93,884,21,659598,680.4242172300001,30684,,,,,,,,,,,,,,,,,,,,,,,,,,,,,,,,,,,,,,,
,,,,,,,,,,,,,,,,,,,,,,14.520120620727539,0.2251705825328827,0.18405064940452576,0.022610636427998543,0.2842429280281067,0.3120054602622986,11.522805213928223,21.296110153198242,0.20762987434864044,23.47924041748047,22.632043838500977,0.36028265953063965,0.193802610039711,0.33178043365478516,23.487464904785156,0.313381552696228,2.842864751815796,0.4057396948337555,1.6940388679504395,0.15379691123962402,0.2880912125110626,0.04525596275925636,20.84160614013672,0.36373454332351685,0.37390023469924927,5.591643333435059,5.903254508972168,0.0787917822599411,1.1657954454421997,21.58443260192871,0.08901415020227432,11.561595916748047,13.0427827835083,1.20022676600995e-05,1.790405035018921,0.006516668945550919,0.2304697334766388,649999,-27.112747192382812
302.85787529232124,0.0,0.0,0.0,30.402556344198548,0.37069507379721084,0.0,0.18310571573090542,1,1.0,344.60703932191245,0.0,28.750000000000274,42.84382626308749,0.0,,,,,,,,,,,,,,,,,,,,,,,,,,,,,,,,,,,,,,,,,1.1974273391615501e-05,1.8581916093826294,0.0065160347148776054,0.2297387570142746,650413,-26.771944046020508
520.6137334276643,1.0,0.0,0.0,41.66316362948526,0.46733728314871126,0.0,0.40512507626601585,1,0.0,644.2903403453529,0.0,1.950000000000001,270.2230667815709,0.0,,,,,,,,,,,,,,,,,,,,,,,,,,,,,,,,,,,,,,,,,1.1899182543262004e-05,0.800114631652832,0.0065063852816820145,0.3146345019340515,651526,-26.708778381347656
218.7855908660138,0.0,0.0,0.0,40.68219058396035,0.6077377524055939,0.0,0.1056701030927835,0,1.0,203.19219505228102,0.0,2.3499999999999996,72.66644858666133,0.0,,,,,,,,,,,,,,,,,,,,,,,,,,,,,,,,,,,,,,,,,1.1875014445887505e-05,1.365889310836792,0.006501726806163788,0.27902141213417053,651885,-27.611053466796875
592.0277487004151,1.0,0.0,0.0,35.037638810557134,0.52671507891496,0.0,0.29069767441860467,0,0.0,546.5731054991484,0.0,29.700000000000287,69.57714612210124,0.0,,,,,,,,,,,,,,,,,,,,,,,,,,,,,,,,,,,,,,,,,1.1799579002368e-05,-2.303163766860962,0.006494736298918724,0.2344464659690857,653008,-26.406494140625
,,,,,,,,,,,,,,,0.15329930186271667,1123.57,888,21,663009,683.226655,30854,,,,,,,,,,,,,,,,,,,,,,,,,,,,,,,,,,,,,,,
2449.998465857929,1.0,0.0,0.0,43.36304047504014,0.6526367783318938,0.0,0.945822994210091,8,0.0,2260.283579548821,0.0,6.699999999999984,745.5525656285773,0.0,,,,,,,,,,,,,,,,,,,,,,,,,,,,,,,,,,,,,,,,,1.1549298996539498e-05,-0.10986706614494324,0.006486525293439627,0.31330758333206177,656761,-27.81818962097168
54.08663754184121,1.0,0.0,0.0,37.50262159549218,0.325823117721935,0.0,0.04374364191251272,0,0.0,86.17932515405118,0.0,0.0,77.18334812163262,0.0,,,,,,,,,,,,,,,,,,,,,,,,,,,,,,,,,,,,,,,,,1.1538359802862e-05,-3.847738265991211,0.006485718302428722,0.2343163788318634,656926,-27.278457641601562
247.5716571689033,1.0,0.0,0.0,40.321692547705375,0.5501592381531184,0.0,0.13037109375,2,0.0,251.60029343375936,0.0,3.149999999999997,87.40367455497463,0.0,,,,,,,,,,,,,,,,,,,,,,,,,,,,,,,,,,,,,,,,,1.1508619367187499e-05,2.3497772216796875,0.006484444718807936,0.24713914096355438,657375,-26.42034339904785
652.4481484574595,1.0,0.0,0.0,38.12645580855521,0.5925959568187643,0.0,0.28287955699123213,1,0.0,582.7377371995244,0.0,29.25000000000028,124.63342993609095,0.0,,,,,,,,,,,,,,,,,,,,,,,,,,,,,,,,,,,,,,,,,1.1435928149687501e-05,1.7617895603179932,0.00647724699229002,0.6822960376739502,658475,-26.232135772705078
,,,,,,,,,,,,,,,0.15312154591083527,1129.66,892,21,668476,688.2467019700001,31104,,,,,,,,,,,,,,,,,,,,,,,,,,,,,,,,,,,,,,,
418.1630827336977,1.0,0.0,0.0,36.613660357450854,0.45951987113593157,0.0,0.254326166754064,3,0.0,462.4490717565641,0.0,9.700000000000003,247.37727698483934,0.0,,,,,,,,,,,,,,,,,,,,,,,,,,,,,,,,,,,,,,,,,1.1376040475872002e-05,1.3216054439544678,0.006477642338722944,0.2512320876121521,659384,-26.65705108642578
31.000756969926368,0.0,0.0,0.0,29.648756962535053,0.3039289899012389,1.0,0.02062374245472837,0,0.0,41.83284758683294,0.0,1.7500000000000009,17.601194259523734,0.0,,,,,,,,,,,,,,,,,,,,,,,,,,,,,,,,,,,,,,,,,1.1369396439887502e-05,2.944455623626709,0.0064760674722492695,0.2660704255104065,659485,-25.518020629882812
14.876268690667331,1.0,0.0,0.0,32.126091720398065,0.13282382759524403,0.0,0.0254323499491353,0,0.0,49.77864378551021,0.0,1.1500000000000004,35.826815526711044,0.0,,,,,,,,,,,,,,,,,,,,,,,,,,,,,,,,,,,,,,,,,1.1362096919992003e-05,2.160046100616455,0.006475894711911678,0.33358171582221985,659596,-26.199310302734375
,,,,,,,,,,,,,,,,,,,,,,14.459381103515625,0.2286512702703476,0.1909460574388504,0.021954618394374847,0.2789488136768341,0.30312660336494446,11.8998384475708,21.234195709228516,0.21605628728866577,22.61815643310547,22.466840744018555,0.36598870158195496,0.1899496167898178,0.33938097953796387,23.850635528564453,0.2971296012401581,2.855111598968506,0.4280070662498474,1.6712336540222168,0.15632547438144684,0.30107825994491577,0.046510256826877594,20.83348274230957,0.35858890414237976,0.3885309100151062,5.009399890899658,5.19846248626709,0.06829102337360382,1.1829674243927002,22.918737411499023,0.0816039890050888,11.721550941467285,13.262984275817871,1.13356156700995e-05,1.4593727588653564,0.006475267466157675,0.237483412027359,659999,-27.94629669189453
337.9418299690455,1.0,0.0,0.0,43.50865500009827,0.6731908963526803,0.0,0.11998327759197325,2,0.0,303.0798402298242,0.0,6.849999999999984,96.12790245495584,0.0,,,,,,,,,,,,,,,,,,,,,,,,,,,,,,,,,,,,,,,,,1.1329180946195498e-05,0.16814884543418884,0.0064758420921862125,0.417047917842865,660097,-27.0439510345459
,,,,,,,,,,,,,,,0.15306702256202698,1139.97,896,21,670098,695.1539960500002,31187,,,,,,,,,,,,,,,,,,,,,,,,,,,,,,,,,,,,,,,
141.9730834189809,1.0,0.0,0.0,22.56109653074258,0.2567325197449926,0.0,0.08742402992052362,0,0.0,173.08398655802011,0.0,27.600000000000257,0.0,0.0,,,,,,,,,,,,,,,,,,,,,,,,,,,,,,,,,,,,,,,,,1.1292972079499497e-05,-0.9385482668876648,0.006477799732238054,0.30877459049224854,660649,-25.862869262695312
247.106821443917,1.0,0.0,0.0,42.92828370278356,0.651996890353343,0.0,0.14440203562340967,1,0.0,225.79763970151544,0.0,1.6500000000000008,47.88012616356882,0.0,,,,,,,,,,,,,,,,,,,,,,,,,,,,,,,,,,,,,,,,,1.1268211855535498e-05,2.6100258827209473,0.006479690317064524,0.26138558983802795,661027,-25.19967269897461
246.80148223565737,1.0,0.0,0.0,43.069997711814594,0.5876225767515652,0.0,0.14162028447742733,3,0.0,250.97431502491236,0.0,3.8499999999999943,151.55118045901918,0.0,,,,,,,,,,,,,,,,,,,,,,,,,,,,,,,,,,,,,,,,,1.1240799226142001e-05,1.0755219459533691,0.006481102667748928,0.2779363691806793,661446,-25.851058959960938
258.62418287658187,0.0,0.0,0.0,29.512478182080375,0.4310403047943031,0.0,0.17436564736499674,0,1.0,245.70723440032452,0.0,22.15000000000018,0.0,0.0,,,,,,,,,,,,,,,,,,,,,,,,,,,,,,,,,,,,,,,,,1.1201670961487503e-05,1.7464282512664795,0.006483541335910559,0.35652077198028564,662045,-25.37009048461914
,,,,,,,,,,,,,,,0.15300865471363068,1123.2,900,21,672046,681.2765521000001,31276,,,,,,,,,,,,,,,,,,,,,,,,,,,,,,,,,,,,,,,
1084.7880700223795,1.0,0.0,0.0,41.054090078362954,0.5230414995286304,0.0,0.49918367346938775,1,0.0,1181.965982313268,0.0,18.05000000000012,128.30763852385783,0.0,,,,,,,,,,,,,,,,,,,,,,,,,,,,,,,,,,,,,,,,,1.1066808253438005e-05,1.039648413658142,0.006498264614492655,0.335750937461853,664118,-24.61705207824707
78.80704184740051,1.0,0.0,0.0,39.746121288179836,0.47474121594819585,0.0,0.040280210157618214,0,0.0,91.40068435668945,0.0,3.5499999999999954,0.0,0.0,,,,,,,,,,,,,,,,,,,,,,,,,,,,,,,,,,,,,,,,,1.1056110626855503e-05,1.603528380393982,0.0064986273646354675,0.31682896614074707,664283,-26.1862850189209
147.4426079339515,1.0,0.0,0.0,36.10507957729616,0.294885215867903,0.0,0.1317635270541082,2,0.0,250.29188848659396,0.0,4.3499999999999925,90.95630117541754,0.0,,,,,,,,,,,,,,,,,,,,,,,,,,,,,,,,,,,,,,,,,1.1023791378638001e-05,-1.1962461471557617,0.006504309829324484,0.306323379278183,664782,-24.96446990966797
686.5855932186139,1.0,0.0,0.0,40.61679185637385,0.5177870235434494,0.0,0.39263803680981596,3,0.0,747.5109922289848,0.0,5.249999999999989,393.9864065306217,0.0,,,,,,,,,,,,,,,,,,,,,,,,,,,,,,,,,,,,,,,,,1.09382142071755e-05,1.7652370929718018,0.006516898982226849,0.37912195920944214,666107,-25.60150146484375
,,,,,,,,,,,,,,,0.15289472043514252,1098.78,904,21,676108,660.39419945,31465,,,,,,,,,,,,,,,,,,,,,,,,,,,,,,,,,,,,,,,
2104.2793941849036,0.0,0.0,1.0,46.951695758232155,0.747523763475987,0.0,1.0,4,0.0,1835.1441908413544,0.0,8.899999999999991,359.154589957296,0.0,,,,,,,,,,,,,,,,,,,,,,,,,,,,,,,,,,,,,,,,,1.0757626561979502e-05,2.605348825454712,0.006536127999424934,0.26622605323791504,668921,-25.92209815979004
218.47970395808755,0.0,0.0,0.0,23.52277991690994,0.3189484729315147,0.0,0.12299196787148595,0,1.0,223.46337651251815,0.0,31.050000000000306,0.0,0.0,,,,,,,,,,,,,,,,,,,,,,,,,,,,,,,,,,,,,,,,,1.07139691244875e-05,-0.74875807762146,0.006536268629133701,0.2946467995643616,669605,-27.376262664794922
91.58878161804316,1.0,0.0,0.0,40.47569333597615,0.5233644663888181,0.0,0.046218487394957986,0,0.0,98.18421844672412,0.0,3.4499999999999957,0.0,0.0,,,,,,,,,,,,,,,,,,,,,,,,,,,,,,,,,,,,,,,,,1.0702878139679501e-05,1.249065637588501,0.00653650239109993,0.27970385551452637,669779,-24.427024841308594
,,,,,,,,,,,,,,,,,,,,,,14.639254570007324,0.22490495443344116,0.18492913246154785,0.024021342396736145,0.2879728674888611,0.3084574043750763,12.235812187194824,21.822486877441406,0.21220248937606812,22.604022979736328,24.20110511779785,0.38821855187416077,0.1931818425655365,0.32115066051483154,22.869583129882812,0.2982861399650574,3.1928911209106445,0.39669376611709595,1.820329189300537,0.16146564483642578,0.28498411178588867,0.05121830105781555,20.020170211791992,0.35484862327575684,0.36685910820961,4.959510803222656,5.282087802886963,0.06970323622226715,1.150397539138794,21.59600067138672,0.07955726981163025,11.52827262878418,13.228464126586914,1.0688863680099502e-05,0.5470603704452515,0.006536327768117189,0.30985236167907715,669999,-25.51066780090332
986.806590622683,1.0,0.0,0.0,45.70997769926599,0.7380752360678257,0.0,0.33500627352572143,4,0.0,848.4586309716105,0.0,7.249999999999982,211.41968222824903,0.0,,,,,,,,,,,,,,,,,,,,,,,,,,,,,,,,,,,,,,,,,1.0617920500887497e-05,-2.6995913982391357,0.006539239082485437,0.2627595365047455,671115,-24.776527404785156
,,,,,,,,,,,,,,,0.15274399518966675,1113.37,908,21,681116,673.64633011,31700,,,,,,,,,,,,,,,,,,,,,,,,,,,,,,,,,,,,,,,
2.4009882099257,1.0,0.0,0.0,31.358993327501846,0.03118166506397013,0.0,0.021331609566903685,0,0.0,33.227703211829066,0.0,0.0,2.8914547950352842,0.0,,,,,,,,,,,,,,,,,,,,,,,,,,,,,,,,,,,,,,,,,1.06130982588595e-05,1.2408028841018677,0.006539355032145977,0.3152531683444977,671191,-27.007347106933594
2662.716352880627,0.0,0.0,1.0,42.47455886417064,0.6744468978927626,0.0,1.0,5,0.0,2328.3176305554807,0.0,37.45000000000001,386.0329131462926,0.0,,,,,,,,,,,,,,,,,,,,,,,,,,,,,,,,,,,,,,,,,1.0364238864877999e-05,2.3569321632385254,0.0065429010428488255,0.40962299704551697,675138,-26.67764663696289
204.8978147417013,1.0,0.0,0.0,38.07790580731535,0.5449409966534609,0.0,0.13130699088145897,0,0.0,198.73699364997447,0.0,9.950000000000006,0.0,0.0,,,,,,,,,,,,,,,,,,,,,,,,,,,,,,,,,,,,,,,,,1.0340756280315499e-05,1.2496389150619507,0.00654333783313632,0.4319688677787781,675513,-27.26107406616211
5.69186212008384,1.0,0.0,0.0,28.2054167971414,0.07297259128312615,0.0,0.019350811485642945,0,0.0,30.371852201409638,0.0,3.8499999999999943,0.0,0.0,,,,,,,,,,,,,,,,,,,,,,,,,,,,,,,,,,,,,,,,,1.0335937985949998e-05,0.8230831623077393,0.006543328519910574,0.48246216773986816,675590,-26.381620407104492
,,,,,,,,,,,,,,,0.15261393785476685,1086.09,912,21,685591,654.06097042,31906,,,,,,,,,,,,,,,,,,,,,,,,,,,,,,,,,,,,,,,
65.64174147721127,1.0,0.0,0.0,34.10429843199966,0.3884126714627886,0.0,0.04845548152634767,0,0.0,79.84510517679155,0.0,6.699999999999984,0.0,0.0,,,,,,,,,,,,,,,,,,,,,,,,,,,,,,,,,,,,,,,,,1.0325429439118001e-05,-1.4620718955993652,0.006544424220919609,0.21807166934013367,675758,-26.932619094848633
565.5683403657446,1.0,0.0,0.0,34.31300316822026,0.5188700370327932,0.0,0.29301075268817206,1,0.0,519.1714970981702,0.0,32.70000000000028,48.7611347925025,0.0,,,,,,,,,,,,,,,,,,,,,,,,,,,,,,,,,,,,,,,,,1.0257447740195502e-05,1.9125701189041138,0.006546521093696356,0.3243422508239746,676847,-26.572311401367188
-15.425391640735759,1.0,0.0,0.0,19.827422889039145,-0.28046166619519564,0.0,0.010618363522798251,0,0.0,15.039228283800185,0.0,2.6999999999999984,0.0,0.0,,,,,,,,,,,,,,,,,,,,,,,,,,,,,,,,,,,,,,,,,1.0254082888199502e-05,-0.049973830580711365,0.006545984651893377,0.23748554289340973,676901,-26.85569190979004
1082.4768985780513,0.0,0.0,0.0,40.78810034026284,0.5568296803385038,0.0,0.520017793594306,4,1.0,1100.8747114986181,0.0,15.600000000000087,343.2751595653138,0.0,,,,,,,,,,,,,,,,,,,,,,,,,,,,,,,,,,,,,,,,,1.0133396605432004e-05,1.2348511219024658,0.006551043130457401,0.36175477504730225,678844,-26.43743133544922
,,,,,,,,,,,,,,,0.1525365263223648,1083.18,916,21,688845,650.90826358,32057,,,,,,,,,,,,,,,,,,,,,,,,,,,,,,,,,,,,,,,
209.96767444087158,1.0,0.0,0.0,43.28484852515497,0.5411538001053391,0.0,0.13558243157224698,2,0.0,233.0229956023395,0.0,2.4499999999999993,87.50669019278095,0.0,,,,,,,,,,,,,,,,,,,,,,,,,,,,,,,,,,,,,,,,,1.0109448450419497e-05,-0.566848874092102,0.006553292740136385,0.2920554578304291,679231,-27.4167537689209
,,,,,,,,,,,,,,,,,,,,,,14.450126647949219,0.22895388305187225,0.19262950122356415,0.023885682225227356,0.27541935443878174,0.30244284868240356,11.77428150177002,21.14828872680664,0.21858049929141998,22.97433853149414,22.875818252563477,0.3668062686920166,0.18818753957748413,0.32757866382598877,23.2179012298584,0.2992004454135895,3.0330564975738525,0.40895456075668335,1.8340805768966675,0.15333935618400574,0.2883979082107544,0.04863406717777252,20.42939567565918,0.3662604093551636,0.3722914457321167,4.798779487609863,5.674037456512451,0.07389438152313232,1.211006999015808,22.14485740661621,0.07694685459136963,12.013311386108398,13.63174057006836,1.0062011690099502e-05,2.2755093574523926,0.0065541863441467285,0.5400200486183167,679999,-24.61235809326172
654.2108118620645,1.0,0.0,0.0,35.41321679667571,0.4703169028483569,0.0,0.3302454840203798,5,0.0,683.8561225011945,0.0,8.74999999999999,484.991165130867,0.0,,,,,,,,,,,,,,,,,,,,,,,,,,,,,,,,,,,,,,,,,1.0023678881279497e-05,-3.227059841156006,0.006556033622473478,0.656949520111084,680621,-25.550209045410156
183.49636116794937,1.0,0.0,0.0,42.93773099391068,0.6284121957806486,0.0,0.1071863580998782,0,0.0,173.9381663221866,0.0,3.049999999999997,0.0,0.0,,,,,,,,,,,,,,,,,,,,,,,,,,,,,,,,,,,,,,,,,1.0005771478528e-05,2.115163564682007,0.006556233856827021,0.27638548612594604,680912,-25.899892807006836
1241.325926149338,1.0,0.0,0.0,43.3591453611124,0.5434877084716891,0.0,0.7107072691552063,2,0.0,1374.9850794821978,0.0,22.20000000000018,103.88478140764904,0.0,,,,,,,,,,,,,,,,,,,,,,,,,,,,,,,,,,,,,,,,,9.865866148487498e-06,-0.05360589921474457,0.006567347329109907,0.28510552644729614,683195,-26.83498191833496
,,,,,,,,,,,,,,,0.1524282544851303,1071.39,920,21,693196,643.2561282900001,32267,,,,,,,,,,,,,,,,,,,,,,,,,,,,,,,,,,,,,,,
420.3232319725522,1.0,0.0,0.0,43.78240629187212,0.5718683428197989,0.0,0.2583380440927077,2,0.0,446.74128493480384,0.0,7.349999999999982,108.32004087922985,0.0,,,,,,,,,,,,,,,,,,,,,,,,,,,,,,,,,,,,,,,,,9.821105975579498e-06,1.0523860454559326,0.006569750141352415,0.41643691062927246,683929,-25.665281295776367
51.42320777895834,1.0,0.0,0.0,32.616426995345996,0.2706484619945176,0.0,0.04502617801047121,0,0.0,85.83796941512264,0.0,1.850000000000001,70.40752187204795,0.0,,,,,,,,,,,,,,,,,,,,,,,,,,,,,,,,,,,,,,,,,9.809597893438e-06,1.3482311964035034,0.006569624412804842,0.2514580190181732,684118,-27.16826629638672
679.2581202594798,1.0,0.0,0.0,41.523202364452004,0.5491173162970734,0.0,0.34830940250115794,2,0.0,713.1060259304941,0.0,9.900000000000006,172.67152149392138,0.0,,,,,,,,,,,,,,,,,,,,,,,,,,,,,,,,,,,,,,,,,9.734513938942e-06,0.1719469130039215,0.006568042561411858,0.29848092794418335,685354,-27.20001983642578
28.265723490783422,1.0,0.0,0.0,26.949161343696762,0.06309313279192728,0.0,0.08801141769743102,1,0.0,167.4665217017755,0.0,0.0,103.51425646477354,0.0,,,,,,,,,,,,,,,,,,,,,,,,,,,,,,,,,,,,,,,,,9.7074346442995e-06,-7.279458522796631,0.006570369936525822,0.4021627902984619,685801,-26.799001693725586
,,,,,,,,,,,,,,,0.15235133469104767,1043.47,924,21,695802,628.24495728,32384,,,,,,,,,,,,,,,,,,,,,,,,,,,,,,,,,,,,,,,
1751.480979971978,0.0,0.0,1.0,41.68627237737521,0.6754650906178087,0.0,1.0,6,0.0,1500.666291007772,0.0,31.450000000000312,383.7804243414966,0.0,,,,,,,,,,,,,,,,,,,,,,,,,,,,,,,,,,,,,,,,,9.551194853675496e-06,1.4567936658859253,0.006584919989109039,0.30991131067276,688393,-26.89171600341797
1.3719337762869799,1.0,0.0,0.0,24.256633783662668,0.014912323655293259,0.0,0.012550607287449392,0,0.0,30.837995739653707,0.0,0.0,3.5002599215762733,0.0,,,,,,,,,,,,,,,,,,,,,,,,,,,,,,,,,,,,,,,,,9.545733876472002e-06,-4.830060005187988,0.006585501134395599,0.3948941230773926,688484,-26.200828552246094
87.09123382430091,1.0,0.0,0.0,38.94191839356145,0.4608001789645551,0.0,0.06435331230283911,1,0.0,102.06699789967388,0.0,2.2,45.07616461054149,0.0,,,,,,,,,,,,,,,,,,,,,,,,,,,,,,,,,,,,,,,,,9.534457076608002e-06,-6.917332172393799,0.006586863659322262,0.2559879720211029,688672,-27.345800399780273
365.8015346138266,1.0,0.0,0.0,36.39353887783844,0.30382187260284604,0.0,0.319755600814664,2,0.0,608.323241174221,0.0,16.400000000000098,179.64248713178446,0.0,,,,,,,,,,,,,,,,,,,,,,,,,,,,,,,,,,,,,,,,,9.4624640546875e-06,-0.7494171857833862,0.006597132887691259,0.44207173585891724,689875,-25.08897590637207
,,,,,,,,,,,,,,,0.15223874151706696,1068.41,928,21,699876,646.0902200999999,32578,,,,,,,,,,,,,,,,,,,,,,,,,,,,,,,,,,,,,,,
,,,,,,,,,,,,,,,,,,,,,,14.885387420654297,0.22995758056640625,0.18980802595615387,0.02461066097021103,0.2689031660556793,0.2935749888420105,11.42484188079834,21.398805618286133,0.20732271671295166,22.6312255859375,22.975780487060547,0.3684321641921997,0.18705379962921143,0.3326047360897064,23.43853759765625,0.28439009189605713,3.1172056198120117,0.4094904959201813,1.9584698677062988,0.14356765151023865,0.283463716506958,0.049986496567726135,20.74155044555664,0.3596488833427429,0.3758527636528015,4.961476802825928,5.143767356872559,0.06463796645402908,1.2250665426254272,22.557506561279297,0.07956063002347946,11.836609840393066,12.928842544555664,9.4550597000995e-06,0.5838655829429626,0.0065976837649941444,0.38375696539878845,689999,-24.418033599853516
247.7569627797308,1.0,0.0,0.0,43.486039167740174,0.6209447688715057,0.0,0.1437125748502994,0,0.0,240.70044272206724,0.0,0.9000000000000002,35.11018911374145,0.0,,,,,,,,,,,,,,,,,,,,,,,,,,,,,,,,,,,,,,,,,9.438709315635497e-06,0.9339327216148376,0.006600761320441961,0.37320005893707275,690273,-26.200754165649414
413.050502182224,1.0,0.0,0.0,38.44108346201571,0.5012748812891068,0.0,0.3048302872062663,4,0.0,439.45267558889464,0.0,6.8999999999999835,279.8025857897857,0.0,,,,,,,,,,,,,,,,,,,,,,,,,,,,,,,,,,,,,,,,,9.389688320991997e-06,1.5813663005828857,0.006606435403227806,0.36956050992012024,691096,-25.802635192871094
507.9599400934603,1.0,0.0,0.0,41.5041678470953,0.6554321807657553,0.0,0.21765913757700206,0,0.0,446.5154853146523,0.0,3.399999999999996,72.41761242849833,0.0,,,,,,,,,,,,,,,,,,,,,,,,,,,,,,,,,,,,,,,,,9.34370894155e-06,1.0569134950637817,0.006615129765123129,0.38032469153404236,691870,-24.684511184692383
148.828542951564,1.0,0.0,0.0,41.37169594942703,0.541194701642051,0.0,0.08377518557794274,1,0.0,157.78983286581933,0.0,2.5999999999999988,49.9358629544907,0.0,,,,,,,,,,,,,,,,,,,,,,,,,,,,,,,,,,,,,,,,,9.327460575232003e-06,-4.08398962020874,0.006619092542678118,0.7300891876220703,692144,-23.810258865356445
,,,,,,,,,,,,,,,0.15218175947666168,1026.08,932,21,702145,615.17929801,32681,,,,,,,,,,,,,,,,,,,,,,,,,,,,,,,,,,,,,,,
558.5287426153176,1.0,0.0,0.0,46.258706757337976,0.7746584502292893,0.0,0.3038216560509554,0,0.0,463.03486911579967,0.0,6.949999999999983,0.0,0.0,,,,,,,,,,,,,,,,,,,,,,,,,,,,,,,,,,,,,,,,,9.284835348351997e-06,0.0833413153886795,0.006627177353948355,0.7147704362869263,692864,-23.923999786376953
782.2379833907188,1.0,0.0,0.0,40.735230610285626,0.5930538160657459,0.0,0.4650180940892642,3,0.0,745.9782033078372,0.0,19.30000000000014,177.33756137926204,0.0,,,,,,,,,,,,,,,,,,,,,,,,,,,,,,,,,,,,,,,,,9.207074767838e-06,0.8990049958229065,0.006639241240918636,0.5297673940658569,694182,-25.547531127929688
26.19787212710166,1.0,0.0,0.0,34.76328100558135,0.23816247388274236,0.0,0.029168959823885527,0,0.0,52.86888844333589,0.0,0.7000000000000001,28.715610845883365,0.0,,,,,,,,,,,,,,,,,,,,,,,,,,,,,,,,,,,,,,,,,9.200659361759502e-06,-0.6431866884231567,0.006640646606683731,0.36764466762542725,694291,-26.079204559326172
247.42012305910043,1.0,0.0,0.0,31.125497342965502,0.4418216483198222,0.0,0.1396588486140725,0,0.0,241.884987690486,0.0,19.35000000000014,0.0,0.0,,,,,,,,,,,,,,,,,,,,,,,,,,,,,,,,,,,,,,,,,9.167795488750005e-06,1.874415636062622,0.006645372603088617,0.3931748867034912,694850,-24.407400131225586
,,,,,,,,,,,,,,,0.1521099954843521,1016.94,936,21,704851,609.96149974,32804,,,,,,,,,,,,,,,,,,,,,,,,,,,,,,,,,,,,,,,
1923.8351127479955,0.0,0.0,0.0,47.11710061526868,0.7782504501407749,0.0,0.8091265947006869,5,1.0,1617.27479881607,0.0,8.999999999999993,327.3907597953142,0.0,,,,,,,,,,,,,,,,,,,,,,,,,,,,,,,,,,,,,,,,,9.0232692055795e-06,1.3396679162979126,0.006668739020824432,0.34207823872566223,697321,-26.087387084960938
483.66850259130194,1.0,0.0,0.0,32.47359993100122,0.45715359413166534,0.0,0.28375,2,0.0,476.79219016619027,0.0,3.149999999999997,191.0202161138831,0.0,,,,,,,,,,,,,,,,,,,,,,,,,,,,,,,,,,,,,,,,,8.961817392958004e-06,1.1525051593780518,0.006679033860564232,0.36522942781448364,698378,-26.2142333984375
484.04401904273556,1.0,0.0,0.0,38.33660297788796,0.5342649216807236,0.0,0.2986156888595913,1,0.0,482.15307621099055,0.0,19.30000000000014,76.5318665772507,0.0,,,,,,,,,,,,,,,,,,,,,,,,,,,,,,,,,,,,,,,,,8.909379221855502e-06,2.1741766929626465,0.00668863020837307,0.5050460696220398,699283,-25.148569107055664
,,,,,,,,,,,,,,,,,,,,,,14.26570987701416,0.22641417384147644,0.19713225960731506,0.02347099781036377,0.2783896327018738,0.3006852865219116,11.327108383178711,21.998828887939453,0.20419731736183167,22.0645751953125,21.393903732299805,0.3422625660896301,0.18052896857261658,0.3493865132331848,23.883792877197266,0.27922165393829346,2.7233803272247314,0.43066829442977905,1.8547186851501465,0.14334170520305634,0.29356926679611206,0.04356900602579117,21.839202880859375,0.358633816242218,0.38209617137908936,5.07370138168335,5.290707111358643,0.06695256382226944,1.1927214860916138,23.198348999023438,0.08116976916790009,12.3222017288208,12.763818740844727,8.868007710099497e-06,-0.8729605078697205,0.006697004660964012,0.3836376667022705,699999,-25.76151466369629
567.2913526567208,1.0,0.0,0.0,43.205655030103955,0.5377169219494984,0.0,0.2557544757033248,2,0.0,632.8393685761839,0.0,7.94999999999998,192.16236857476972,0.0,,,,,,,,,,,,,,,,,,,,,,,,,,,,,,,,,,,,,,,,,8.848513030115502e-06,-1.824331283569336,0.006700655911117792,0.3994969129562378,700337,-24.819904327392578
,,,,,,,,,,,,,,,0.15196426212787628,1005.04,940,21,710338,601.6390761999999,33057,,,,,,,,,,,,,,,,,,,,,,,,,,,,,,,,,,,,,,,
198.57047673432962,0.0,0.0,0.0,22.382074919065367,0.300409193244069,0.0,0.10781932977173385,0,1.0,205.1690382938832,0.0,32.65000000000028,0.0,0.0,,,,,,,,,,,,,,,,,,,,,,,,,,,,,,,,,,,,,,,,,8.8105120338955e-06,1.6921390295028687,0.0067090257070958614,0.3392918109893799,700997,-24.643949508666992
332.98172697408967,1.0,0.0,0.0,44.21918128587414,0.5319196916519005,0.0,0.26181353767560667,0,0.0,384.1746907969937,0.0,5.09999999999999,53.076322877650696,0.0,,,,,,,,,,,,,,,,,,,,,,,,,,,,,,,,,,,,,,,,,8.774606152958001e-06,-0.523301362991333,0.006718604359775782,0.3966333866119385,701622,-26.316734313964844
10.696839539034087,1.0,0.0,0.0,33.181289411663414,0.11379616530887326,0.0,0.025309005297233667,0,0.0,43.032790906727314,0.0,0.0,21.61562888971892,0.0,,,,,,,,,,,,,,,,,,,,,,,,,,,,,,,,,,,,,,,,,8.7692700018875e-06,0.6011478900909424,0.006718828342854977,0.3630426526069641,701715,-24.461524963378906
55.31101948614591,1.0,0.0,0.0,23.95080216519427,0.23337982905546797,0.0,0.04097189137684612,0,0.0,78.70154034160078,0.0,11.800000000000033,0.0,0.0,,,,,,,,,,,,,,,,,,,,,,,,,,,,,,,,,,,,,,,,,8.755736526899501e-06,-8.795042037963867,0.006721824407577515,0.4031752049922943,701951,-25.03586769104004
,,,,,,,,,,,,,,,0.1519225537776947,968.35,944,21,711952,575.86804833,33132,,,,,,,,,,,,,,,,,,,,,,,,,,,,,,,,,,,,,,,
12.311788936420648,0.0,0.0,0.0,28.377944369358552,0.1734054779777556,0.0,0.014925373134328358,0,1.0,27.68718579225242,0.0,3.2499999999999964,0.0,0.0,,,,,,,,,,,,,,,,,,,,,,,,,,,,,,,,,,,,,,,,,8.751724491879498e-06,1.863905668258667,0.006723007652908564,0.3118494153022766,702021,-25.45615005493164
221.47975396450178,1.0,0.0,0.0,42.21215032652114,0.63827018433574,0.0,0.11421052631578947,0,0.0,203.23383229970932,0.0,3.1999999999999966,0.0,0.0,,,,,,,,,,,,,,,,,,,,,,,,,,,,,,,,,,,,,,,,,8.731907897555502e-06,1.148258924484253,0.006727015599608421,0.5359010100364685,702367,-25.435585021972656
69.84179936943356,1.0,0.0,0.0,36.80440921015556,0.38586629485874896,0.0,0.044547563805104405,0,0.0,92.33253709040582,0.0,0.35,43.75664494685817,0.0,,,,,,,,,,,,,,,,,,,,,,,,,,,,,,,,,,,,,,,,,8.721608107295498e-06,-2.4066944122314453,0.006730882450938225,0.5309073328971863,702547,-24.900253295898438
551.0782096102214,0.0,0.0,0.0,43.261069203553,0.6016137659500234,0.0,0.2611060743427017,2,1.0,550.0305726672523,0.0,5.599999999999988,253.9054198120438,0.0,,,,,,,,,,,,,,,,,,,,,,,,,,,,,,,,,,,,,,,,,8.669350531677997e-06,2.6099982261657715,0.006747801788151264,0.3487291634082794,703462,-25.24907684326172
,,,,,,,,,,,,,,,0.1518874168395996,929.94,948,21,713463,549.01882941,33201,,,,,,,,,,,,,,,,,,,,,,,,,,,,,,,,,,,,,,,
2000.4464215573907,1.0,0.0,0.0,43.51947102949311,0.6595603104376494,0.0,0.8517377914650242,4,0.0,1832.7446761261672,0.0,29.050000000000278,398.78077991326984,0.0,,,,,,,,,,,,,,,,,,,,,,,,,,,,,,,,,,,,,,,,,8.497377377582004e-06,-0.987058162689209,0.0067955488339066505,0.3159962594509125,706494,-26.49709701538086
34.790054712184585,1.0,0.0,0.0,34.006167388144625,0.15462246538748703,0.0,0.06591448931116389,0,0.0,105.98548042215407,0.0,6.0499999999999865,0.0,0.0,,,,,,,,,,,,,,,,,,,,,,,,,,,,,,,,,,,,,,,,,8.484744806638e-06,-1.8764309883117676,0.006798796355724335,0.6286842226982117,706718,-24.861501693725586
633.1485580147603,1.0,0.0,0.0,44.00544746488266,0.6912102161733191,0.0,0.26703132769766286,2,0.0,559.5524289207533,0.0,2.25,186.34530866804462,0.0,,,,,,,,,,,,,,,,,,,,,,,,,,,,,,,,,,,,,,,,,8.433246707555501e-06,-2.3446149826049805,0.006811266299337149,0.990403413772583,707633,-24.01654815673828
211.22939011739157,1.0,0.0,0.0,30.41516040895322,0.39044249559591787,0.0,0.15042630937880633,0,0.0,228.32457595155574,0.0,19.30000000000014,0.0,0.0,,,,,,,,,,,,,,,,,,,,,,,,,,,,,,,,,,,,,,,,,8.402932563935501e-06,2.176703453063965,0.0068185096606612206,0.3914044201374054,708173,-23.143218994140625
,,,,,,,,,,,,,,,0.15178057551383972,925.04,952,21,718174,542.1896978199999,33420,,,,,,,,,,,,,,,,,,,,,,,,,,,,,,,,,,,,,,,
442.4315815257177,1.0,0.0,0.0,45.87182917845798,0.7147521510916279,0.0,0.26413881748071977,1,0.0,394.28987311571836,0.0,4.499999999999992,91.28486596105795,0.0,,,,,,,,,,,,,,,,,,,,,,,,,,,,,,,,,,,,,,,,,8.368310917259502e-06,1.9558249711990356,0.006824403535574675,0.34445106983184814,708791,-25.63043975830078
178.7210905579939,0.0,0.0,0.0,42.04609376140821,0.6619299650296071,0.0,0.07426199261992619,0,1.0,157.40188301261514,0.0,5.14999999999999,0.0,0.0,,,,,,,,,,,,,,,,,,,,,,,,,,,,,,,,,,,,,,,,,8.3532647182e-06,-2.0098743438720703,0.006829468999058008,0.3345569372177124,709060,-25.86181640625
481.232887515853,1.0,0.0,0.0,45.4330723860154,0.6185512693005822,0.0,0.20087527352297593,1,0.0,490.5755523843691,0.0,5.399999999999989,57.05154193809871,0.0,,,,,,,,,,,,,,,,,,,,,,,,,,,,,,,,,,,,,,,,,8.309885003615501e-06,1.4101672172546387,0.006840054411441088,0.4135400652885437,709837,-24.51207733154297
,,,,,,,,,,,,,,,,,,,,,,14.333261489868164,0.23401618003845215,0.20178648829460144,0.022359095513820648,0.2829846739768982,0.3065935969352722,12.008227348327637,21.873462677001953,0.21501784026622772,22.389986038208008,21.313209533691406,0.3490190804004669,0.18543444573879242,0.3472824692726135,23.523345947265625,0.28966712951660156,2.8484010696411133,0.43199747800827026,1.7282590866088867,0.15535464882850647,0.29061758518218994,0.04664461314678192,21.207162857055664,0.35928815603256226,0.38521164655685425,5.655300140380859,5.203348636627197,0.06731755286455154,1.1718710660934448,22.46345329284668,0.09260959923267365,12.322299003601074,13.130285263061523,8.300855720099504e-06,-3.592360734939575,0.006842318456619978,0.521521806716919,709999,-23.854522705078125
524.5101105308681,1.0,0.0,0.0,46.395042212840096,0.760159580479519,0.0,0.17468879668049792,1,0.0,444.3740220358595,0.0,5.699999999999988,51.74434013395024,0.0,,,,,,,,,,,,,,,,,,,,,,,,,,,,,,,,,,,,,,,,,8.271518809262003e-06,-1.3666573762893677,0.006851192098110914,0.45110464096069336,710526,-24.899662017822266
,,,,,,,,,,,,,,,0.15172158181667328,888.87,956,21,720527,520.0508553000001,33526,,,,,,,,,,,,,,,,,,,,,,,,,,,,,,,,,,,,,,,
129.49923281381461,1.0,0.0,0.0,39.23243575832678,0.507840128681626,0.0,0.09467084639498433,0,0.0,138.68668158724904,0.0,2.2,44.223855895477946,0.0,,,,,,,,,,,,,,,,,,,,,,,,,,,,,,,,,,,,,,,,,8.2573989358e-06,0.29153740406036377,0.006854302249848843,0.4429919123649597,710780,-23.57806968688965
22.515407601538314,1.0,0.0,0.0,31.69412255078837,0.2104243701078347,0.0,0.034597471723220224,0,0.0,47.028105875477195,0.0,0.49999999999999994,0.0,0.0,,,,,,,,,,,,,,,,,,,,,,,,,,,,,,,,,,,,,,,,,8.251510187102e-06,2.0725133419036865,0.00685484241694212,0.29066580533981323,710886,-26.023479461669922
1615.6472765344972,1.0,0.0,0.0,37.22634429087288,0.5883639025981418,0.0,0.6951276102088167,5,0.0,1419.2840700121596,0.0,67.94999999999828,332.80652032819154,0.0,,,,,,,,,,,,,,,,,,,,,,,,,,,,,,,,,,,,,,,,,8.099792504019501e-06,2.8704609870910645,0.006900314707309008,0.3497459888458252,713631,-25.159507751464844
1007.3396892179186,0.0,0.0,0.0,28.569994534827487,0.41729067490386024,0.0,0.5100200400801603,2,1.0,957.3423318867572,0.0,92.1999999999969,225.28952189716387,0.0,,,,,,,,,,,,,,,,,,,,,,,,,,,,,,,,,,,,,,,,,7.967663048632e-06,-1.1311533451080322,0.0069412956945598125,0.28497546911239624,716044,-24.926883697509766
,,,,,,,,,,,,,,,0.15160740911960602,848.14,960,21,726045,482.38684307999995,33784,,,,,,,,,,,,,,,,,,,,,,,,,,,,,,,,,,,,,,,
4.344123588912666,1.0,0.0,0.0,31.273914971461846,0.058704372823144134,0.0,0.014448336252189142,0,0.0,31.831637624651194,0.0,0.0,2.267228533718761,0.0,,,,,,,,,,,,,,,,,,,,,,,,,,,,,,,,,,,,,,,,,7.963683820055502e-06,-0.45701202750205994,0.0069427224807441235,0.4567963480949402,716117,-23.956092834472656
343.8348048778379,1.0,0.0,0.0,43.79281172261833,0.656173291751599,0.0,0.1931613677264547,1,0.0,318.4936663256958,0.0,4.399999999999992,102.28330275023157,0.0,,,,,,,,,,,,,,,,,,,,,,,,,,,,,,,,,,,,,,,,,7.935206115200004e-06,1.2267014980316162,0.006949267350137234,0.4368290603160858,716640,-25.23349380493164
2351.9037894417575,0.0,0.0,0.0,44.98508496339288,0.74380258995628,0.0,0.8675120244862266,3,1.0,1975.1877556592226,0.0,29.350000000000282,250.4900722720926,0.0,,,,,,,,,,,,,,,,,,,,,,,,,,,,,,,,,,,,,,,,,7.764246210299497e-06,2.291658878326416,0.006997131276875734,0.3373737037181854,719801,-24.63030242919922
,,,,,,,,,,,,,,,,,,,,,,13.648070335388184,0.2276921421289444,0.20103245973587036,0.020174354314804077,0.2764638066291809,0.2962671220302582,13.311504364013672,21.165483474731445,0.21647909283638,22.23927116394043,22.04611587524414,0.36506515741348267,0.17827124893665314,0.35780006647109985,23.532888412475586,0.29048964381217957,2.5566797256469727,0.4312978982925415,1.5445059537887573,0.17387501895427704,0.3018430769443512,0.042336467653512955,21.607379913330078,0.3697154223918915,0.38968485593795776,5.043606281280518,4.982694625854492,0.06508401781320572,1.2479124069213867,23.10846710205078,0.083517886698246,12.140257835388184,13.07307243347168,7.753603730099503e-06,1.9886122941970825,0.006999073550105095,0.37437373399734497,719999,-23.20443344116211
1571.37086186608,0.0,0.0,0.0,45.31512184449598,0.7408632069147006,0.0,0.683049147442327,1,1.0,1334.5602032272145,0.0,15.900000000000091,116.07867495269255,0.0,,,,,,,,,,,,,,,,,,,,,,,,,,,,,,,,,,,,,,,,,7.6507018489795e-06,0.22748683393001556,0.0070219486951828,0.4284815788269043,721921,-24.833419799804688
,,,,,,,,,,,,,,,0.15149620175361633,883.49,964,21,731922,511.3174002100001,34056,,,,,,,,,,,,,,,,,,,,,,,,,,,,,,,,,,,,,,,
864.9403009367799,0.0,0.0,0.0,43.57491975796977,0.6567504183270918,0.0,0.5146053449347421,4,1.0,796.7659598849714,0.0,10.600000000000016,329.5039008317917,0.0,,,,,,,,,,,,,,,,,,,,,,,,,,,,,,,,,,,,,,,,,7.580668567815498e-06,-1.0976873636245728,0.007040026132017374,0.33504199981689453,723237,-23.72600555419922
1412.5299779288464,1.0,0.0,0.0,44.88447231741128,0.731501801102458,0.0,0.5809069212410501,6,0.0,1203.3720089308918,0.0,23.4500000000002,374.8571499058227,0.0,,,,,,,,,,,,,,,,,,,,,,,,,,,,,,,,,,,,,,,,,7.478583529955499e-06,1.446537971496582,0.007063146214932203,0.3394268751144409,725167,-24.53966522216797
953.0928846123204,1.0,0.0,0.0,37.633950674192235,0.5626286213768125,0.0,0.5192414947016174,1,0.0,885.1132546067238,0.0,40.79999999999982,35.47695348139498,0.0,,,,,,,,,,,,,,,,,,,,,,,,,,,,,,,,,,,,,,,,,7.389644630200004e-06,0.9705228805541992,0.007080032955855131,0.5301923751831055,726860,-24.711322784423828
434.22197550303883,1.0,0.0,0.0,38.08243038357473,0.44581311653289407,0.0,0.2792607802874743,3,0.0,514.8842414850369,0.0,3.1999999999999966,374.58647245616083,0.0,,,,,,,,,,,,,,,,,,,,,,,,,,,,,,,,,,,,,,,,,7.338787820955502e-06,1.5293498039245605,0.007091297768056393,0.33426135778427124,727833,-23.11608123779297
,,,,,,,,,,,,,,,0.15139175951480865,901.62,968,21,737834,523.29179507,34335,,,,,,,,,,,,,,,,,,,,,,,,,,,,,,,,,,,,,,,
162.33267016210516,0.0,0.0,0.0,25.20611379666291,0.23698200023664986,0.0,0.10309278350515463,0,1.0,239.5946567216888,0.0,32.00000000000032,0.0,0.0,,,,,,,,,,,,,,,,,,,,,,,,,,,,,,,,,,,,,,,,,7.303149249255503e-06,0.7917815446853638,0.0071004843339324,0.28704458475112915,728517,-24.13327407836914
,,,,,,,,,,,,,,,,,,,,,,13.739266395568848,0.2420109063386917,0.21500851213932037,0.025211680680513382,0.2849828898906708,0.3094516694545746,12.641040802001953,21.62253189086914,0.20495225489139557,21.555572509765625,21.75543785095215,0.3614378571510315,0.18108221888542175,0.35865843296051025,23.990495681762695,0.28410038352012634,2.5524868965148926,0.4360782504081726,1.9128879308700562,0.16660770773887634,0.304199755191803,0.042406197637319565,21.5881404876709,0.3673839569091797,0.39857038855552673,4.8354339599609375,5.44812536239624,0.07180576771497726,1.1872094869613647,23.08057403564453,0.08033435046672821,12.941655158996582,12.336356163024902,7.226251740099502e-06,1.962271809577942,0.007122003007680178,0.2882399559020996,729999,-24.44017219543457
1760.5329820354955,0.0,0.0,1.0,40.67691574034972,0.6332852453365092,0.0,1.0,6,0.0,1569.9841361679137,0.0,8.09999999999998,423.2881120706253,0.0,,,,,,,,,,,,,,,,,,,,,,,,,,,,,,,,,,,,,,,,,7.159312081792004e-06,2.1082284450531006,0.007138833869248629,0.3920956254005432,731296,-23.936826705932617
377.24150294376506,1.0,0.0,0.0,43.20790885019621,0.6470694733169212,0.0,0.1989824759751272,1,0.0,349.67192840762436,0.0,3.949999999999994,99.63131524966836,0.0,,,,,,,,,,,,,,,,,,,,,,,,,,,,,,,,,,,,,,,,,7.129383204957999e-06,1.0010144710540771,0.007146588992327452,0.33983951807022095,731878,-24.712890625
229.91336948724165,1.0,0.0,0.0,34.01766368275023,0.43054938106225027,0.0,0.10933211344922232,1,0.0,252.05727014318109,0.0,3.099999999999997,188.4382592854937,0.0,,,,,,,,,,,,,,,,,,,,,,,,,,,,,,,,,,,,,,,,,7.102033245639498e-06,-5.235075950622559,0.0071527487598359585,0.31555578112602234,732411,-23.76134490966797
,,,,,,,,,,,,,,,0.15131650865077972,932.51,972,21,742412,543.06087579,34551,,,,,,,,,,,,,,,,,,,,,,,,,,,,,,,,,,,,,,,
87.20591006082702,1.0,0.0,0.0,39.32864291818483,0.45184409357941463,0.0,0.0435142975549109,0,0.0,105.12765999138355,0.0,2.0500000000000007,40.791435410045494,0.0,,,,,,,,,,,,,,,,,,,,,,,,,,,,,,,,,,,,,,,,,7.092194953095497e-06,1.8788464069366455,0.0071554300375282764,0.32788965106010437,732603,-24.021608352661133
161.86502585442557,1.0,0.0,0.0,28.37201113016736,0.3799648494235342,0.0,0.06521739130434782,0,0.0,167.6752057755366,0.0,18.100000000000122,0.0,0.0,,,,,,,,,,,,,,,,,,,,,,,,,,,,,,,,,,,,,,,,,7.070443574007998e-06,0.04861212521791458,0.007161509245634079,0.3317909240722656,733028,-24.2984676361084
133.80646717141707,1.0,0.0,0.0,41.285753171081794,0.5973502998723976,0.0,0.08531746031746032,0,0.0,128.1926401173696,0.0,2.499999999999999,0.0,0.0,,,,,,,,,,,,,,,,,,,,,,,,,,,,,,,,,,,,,,,,,7.059044875599501e-06,1.0761698484420776,0.007164956536144018,0.4104457199573517,733251,-24.38288116455078
16.18859498131696,1.0,0.0,0.0,28.16258849935346,0.1420052191343593,0.0,0.02929427430093209,0,0.0,44.373115353286266,0.0,0.0,13.313171554994383,0.0,,,,,,,,,,,,,,,,,,,,,,,,,,,,,,,,,,,,,,,,,7.053272631352001e-06,1.233424186706543,0.007167119532823563,0.31954583525657654,733364,-23.970645904541016
,,,,,,,,,,,,,,,0.15130344033241272,903.4,976,21,743365,523.23164193,34593,,,,,,,,,,,,,,,,,,,,,,,,,,,,,,,,,,,,,,,
1280.0565619553731,1.0,0.0,0.0,43.74265678314299,0.6277864452944449,0.0,0.6074941451990632,4,0.0,1238.3384674317203,0.0,14.000000000000064,436.1819010915874,0.0,,,,,,,,,,,,,,,,,,,,,,,,,,,,,,,,,,,,,,,,,6.949604089598002e-06,1.2513492107391357,0.007196065969765186,0.4178285598754883,735402,-24.842796325683594
2375.9361347519634,0.0,0.0,1.0,41.32888614410512,0.6182503603309819,0.0,1.0,4,0.0,2205.167032159865,0.0,45.19999999999957,430.15542693653225,0.0,,,,,,,,,,,,,,,,,,,,,,,,,,,,,,,,,,,,,,,,,6.756417867832002e-06,-0.7998009920120239,0.00724378926679492,0.33561739325523376,739244,-24.656553268432617
,,,,,,,,,,,,,,,,,,,,,,14.209667205810547,0.2253088653087616,0.19393113255500793,0.022773008793592453,0.2739499807357788,0.30269530415534973,12.359122276306152,20.956571578979492,0.21838106215000153,22.084102630615234,22.416685104370117,0.37608516216278076,0.18575261533260345,0.3621993660926819,23.65512466430664,0.28868937492370605,2.713385581970215,0.441428542137146,1.7420849800109863,0.1615617871284485,0.3003535866737366,0.04552252218127251,21.589017868041992,0.37227511405944824,0.3968625068664551,5.04977560043335,5.672064304351807,0.07414676249027252,1.2298674583435059,22.976388931274414,0.084720179438591,11.559331893920898,13.016677856445312,6.718799750099501e-06,-1.1753687858581543,0.007250952534377575,0.30597740411758423,739999,-24.289093017578125
957.5061110239477,1.0,0.0,0.0,38.09442707657427,0.6098765038369094,0.0,0.5244922341696535,3,0.0,830.3854930372909,0.0,34.30000000000019,139.38811722024602,0.0,,,,,,,,,,,,,,,,,,,,,,,,,,,,,,,,,,,,,,,,,6.678369016415502e-06,-1.3479770421981812,0.007259155157953501,0.645919144153595,740813,-24.5133056640625
221.90912778914193,1.0,0.0,0.0,39.69658827371205,0.5221391242097457,0.0,0.10350448247758762,1,0.0,234.13143586553633,0.0,6.449999999999985,118.84964829164136,0.0,,,,,,,,,,,,,,,,,,,,,,,,,,,,,,,,,,,,,,,,,6.657361501815499e-06,-1.1885693073272705,0.0072609554044902325,0.3374118208885193,741237,-24.186573028564453
,,,,,,,,,,,,,,,0.1511813998222351,957.08,980,21,751238,561.42375179,34962,,,,,,,,,,,,,,,,,,,,,,,,,,,,,,,,,,,,,,,
206.77551690632063,1.0,0.0,0.0,42.38756575711388,0.6585207544787282,0.0,0.13324873096446702,0,0.0,184.71700560860336,0.0,2.0500000000000007,0.0,0.0,,,,,,,,,,,,,,,,,,,,,,,,,,,,,,,,,,,,,,,,,6.6418765487499985e-06,-0.560238778591156,0.007264615967869759,0.4232885539531708,741550,-23.640823364257812
1589.2408909783323,1.0,0.0,0.0,44.45693393643016,0.6157461801543326,0.0,0.7669811320754717,3,0.0,1593.2063482962549,0.0,27.450000000000255,186.86990820123563,0.0,,,,,,,,,,,,,,,,,,,,,,,,,,,,,,,,,,,,,,,,,6.514979661550001e-06,1.1554337739944458,0.007284849416464567,0.4784887135028839,744130,-23.47747802734375
387.93084779408673,1.0,0.0,0.0,35.45425120845033,0.34330163521600593,0.0,0.28677932405566603,2,0.0,556.1307894829661,0.0,20.05000000000015,185.52995440543393,0.0,,,,,,,,,,,,,,,,,,,,,,,,,,,,,,,,,,,,,,,,,6.4598666295595006e-06,0.3593501150608063,0.0072950697503983974,0.5769257545471191,745259,-24.53636932373047
18.546130469214383,1.0,0.0,0.0,33.68213126536213,0.16268535499310863,0.0,0.02326530612244898,0,0.0,53.08979578036815,0.0,2.3,0.0,0.0,,,,,,,,,,,,,,,,,,,,,,,,,,,,,,,,,,,,,,,,,6.454364409207997e-06,-0.6302084922790527,0.007295073010027409,0.3632262349128723,745372,-23.34481430053711
,,,,,,,,,,,,,,,0.15112008154392242,957.75,984,21,755373,553.9994443999999,35168,,,,,,,,,,,,,,,,,,,,,,,,,,,,,,,,,,,,,,,
268.3329426480397,1.0,0.0,0.0,38.734976974641484,0.48965865446722573,0.0,0.1353525792711784,0,0.0,294.5163121102378,0.0,2.7499999999999982,85.05296835152458,0.0,,,,,,,,,,,,,,,,,,,,,,,,,,,,,,,,,,,,,,,,,6.4277656888195016e-06,1.8375945091247559,0.007299996912479401,0.4489288926124573,745919,-24.79671859741211
302.6003554881224,1.0,0.0,0.0,45.45175613552975,0.6784761333814403,0.0,0.14589003810560697,1,0.0,281.2063833642751,0.0,2.3999999999999995,65.32990297007268,0.0,,,,,,,,,,,,,,,,,,,,,,,,,,,,,,,,,,,,,,,,,6.406170799352e-06,1.5048655271530151,0.007303168531507254,0.5087553858757019,746364,-25.3195743560791
414.01066042150853,1.0,0.0,0.0,43.35444195428939,0.6207056378133561,0.0,0.24849215922798554,3,0.0,401.43321799952537,0.0,4.199999999999993,225.96958854968213,0.0,,,,,,,,,,,,,,,,,,,,,,,,,,,,,,,,,,,,,,,,,6.373924879550001e-06,1.9933903217315674,0.0073099033907055855,0.43895354866981506,747030,-24.205894470214844
1743.2088788093206,0.0,0.0,1.0,45.124174151815104,0.6573185817531375,0.0,1.0,3,0.0,1661.4627908486873,0.0,10.600000000000016,354.3790221286496,0.0,,,,,,,,,,,,,,,,,,,,,,,,,,,,,,,,,,,,,,,,,6.246445565219497e-06,1.1419987678527832,0.007336470298469067,0.3313843011856079,749681,-24.232666015625
,,,,,,,,,,,,,,,0.15105319023132324,966.73,988,21,759682,564.9381233,35368,,,,,,,,,,,,,,,,,,,,,,,,,,,,,,,,,,,,,,,
158.61109887651583,1.0,0.0,0.0,42.54438634701703,0.636992364965927,0.0,0.05957271980279376,0,0.0,146.82814927119762,0.0,0.0,4.276765282760214,0.0,,,,,,,,,,,,,,,,,,,,,,,,,,,,,,,,,,,,,,,,,6.2345914615795025e-06,-1.2849628925323486,0.007338331546634436,0.544624924659729,749929,-24.575698852539062
-20.324767887503338,1.0,0.0,0.0,17.91130086535727,-0.4234326643229862,0.0,0.005639913232104121,0,0.0,11.861203414970078,0.0,2.3499999999999996,0.0,0.0,,,,,,,,,,,,,,,,,,,,,,,,,,,,,,,,,,,,,,,,,6.232346297312001e-06,1.87640380859375,0.007338919676840305,0.4593690037727356,749976,-22.547035217285156
,,,,,,,,,,,,,,,,,,,,,,13.656975746154785,0.23403947055339813,0.2032681107521057,0.02235570177435875,0.2659361958503723,0.2895941138267517,13.297405242919922,20.080238342285156,0.20847424864768982,22.107370376586914,22.359447479248047,0.370461106300354,0.18086859583854675,0.3556143045425415,23.227645874023438,0.29278290271759033,2.585838556289673,0.4313158690929413,1.6880282163619995,0.1761065423488617,0.31233131885528564,0.042843304574489594,21.46335792541504,0.3802180290222168,0.3848457932472229,5.512704849243164,5.586550712585449,0.0739864781498909,1.3129342794418335,23.58342742919922,0.09133690595626831,12.268393516540527,12.582613945007324,6.231247760099501e-06,-5.966338157653809,0.007339076604694128,0.4131835699081421,749999,-25.641456604003906
1822.1903796427139,0.0,0.0,1.0,40.22114811685154,0.6723949740379018,0.0,1.0,3,0.0,1513.2989098378457,0.0,42.099999999999746,222.21687185396058,0.0,,,,,,,,,,,,,,,,,,,,,,,,,,,,,,,,,,,,,,,,,6.1036817178875035e-06,-3.7635436058044434,0.007363165263086557,0.4235963225364685,752685,-24.113962173461914
2035.6871289097742,0.0,0.0,1.0,35.699791167801955,0.578648984908975,0.0,1.0,5,0.0,1743.878435303457,0.0,54.64999999999903,404.76113983889337,0.0,,,,,,,,,,,,,,,,,,,,,,,,,,,,,,,,,,,,,,,,,5.938819727997999e-06,1.0641831159591675,0.007387660443782806,0.3933594524860382,756202,-23.87952423095703
,,,,,,,,,,,,,,,0.15096665918827057,977.27,992,21,766203,570.85871261,35660,,,,,,,,,,,,,,,,,,,,,,,,,,,,,,,,,,,,,,,
844.991659990147,0.0,0.0,0.0,41.60147553195745,0.6658720724902656,0.0,0.4554159186116098,2,1.0,732.966848121956,0.0,12.800000000000047,165.20976918647128,0.0,,,,,,,,,,,,,,,,,,,,,,,,,,,,,,,,,,,,,,,,,5.8799849895500015e-06,-0.36826467514038086,0.007394313812255859,0.4186442494392395,757470,-24.2291259765625
997.7920779333043,0.0,0.0,0.0,34.49267545580786,0.5408087143269942,0.0,0.5729230769230769,2,1.0,883.4795701559633,0.0,50.049999999999294,168.22215958285753,0.0,,,,,,,,,,,,,,,,,,,,,,,,,,,,,,,,,,,,,,,,,5.794995044301997e-06,1.5175120830535889,0.007402915041893721,0.37130090594291687,759314,-24.661211013793945
106.9796358287644,1.0,0.0,0.0,40.89429640555922,0.560102805386201,0.0,0.07677293428757319,0,0.0,108.26450284477323,0.0,4.299999999999993,0.0,0.0,,,,,,,,,,,,,,,,,,,,,,,,,,,,,,,,,,,,,,,,,5.786276398592002e-06,-2.80424427986145,0.007404521573334932,0.48930153250694275,759504,-23.937301635742188
279.64202178937603,1.0,0.0,0.0,42.17280089163196,0.6145978500865408,0.0,0.12932410856838744,1,0.0,266.2976359911263,0.0,6.249999999999986,94.46319965794795,0.0,,,,,,,,,,,,,,,,,,,,,,,,,,,,,,,,,,,,,,,,,5.765472515518001e-06,1.2467799186706543,0.007406431715935469,0.5128533244132996,759958,-22.783336639404297
,,,,,,,,,,,,,,,0.15091237425804138,998.61,996,21,769959,585.1308303900001,35828,,,,,,,,,,,,,,,,,,,,,,,,,,,,,,,,,,,,,,,
,,,,,,,,,,,,,,,,,,,,,,12.789352416992188,0.22222521901130676,0.18689662218093872,0.021551158279180527,0.26245802640914917,0.2907522916793823,12.982182502746582,20.384777069091797,0.20671775937080383,23.099193572998047,23.656949996948242,0.3900062143802643,0.16466543078422546,0.35460421442985535,23.42466926574707,0.2974066734313965,2.511456251144409,0.43618881702423096,1.6738507747650146,0.1671481430530548,0.30389082431793213,0.041403628885746,21.509540557861328,0.3719664216041565,0.38617685437202454,5.021571636199951,5.467838287353516,0.07039949297904968,1.2793241739273071,23.60280990600586,0.08278514444828033,11.336752891540527,12.539060592651367,5.763595770099501e-06,-0.94090735912323,0.007406813092529774,0.39842289686203003,759999,-24.120346069335938
366.3749116493342,1.0,0.0,0.0,34.451225698141684,0.5138498059597955,0.0,0.1876850207223209,1,0.0,340.818898008205,0.0,12.400000000000041,84.57911055384368,0.0,,,,,,,,,,,,,,,,,,,,,,,,,,,,,,,,,,,,,,,,,5.732928765550001e-06,0.685576856136322,0.007411077152937651,0.396232545375824,760670,-22.82442855834961
81.5472635521531,1.0,0.0,0.0,26.113595123704076,0.27831830563874776,0.0,0.04938271604938271,0,0.0,106.01816388871521,0.0,11.750000000000032,0.0,0.0,,,,,,,,,,,,,,,,,,,,,,,,,,,,,,,,,,,,,,,,,5.719611341677998e-06,-0.49528518319129944,0.007411992643028498,0.36027801036834717,760962,-24.402965545654297
378.4916758498722,1.0,0.0,0.0,25.545340835305517,0.37474423351472497,0.0,0.2430379746835443,0,0.0,358.1377464234829,0.0,36.55000000000006,0.0,0.0,,,,,,,,,,,,,,,,,,,,,,,,,,,,,,,,,,,,,,,,,5.673723871679501e-06,1.2182590961456299,0.007417455315589905,0.37321627140045166,761971,-22.915019989013672
2441.1547270937945,0.0,0.0,1.0,41.7731899746313,0.6767825691970597,0.0,1.0,5,0.0,2091.968051861506,0.0,32.600000000000286,526.9132833703128,0.0,,,,,,,,,,,,,,,,,,,,,,,,,,,,,,,,,,,,,,,,,5.511385451435502e-06,-1.85072660446167,0.00743287755176425,0.3517959415912628,765577,-23.500812530517578
,,,,,,,,,,,,,,,0.15084299445152283,1035.32,1000,21,775578,608.8614605,36096,,,,,,,,,,,,,,,,,,,,,,,,,,,,,,,,,,,,,,,
2191.5500016491483,1.0,0.0,0.0,41.90144710550822,0.6795503881082631,0.0,0.8280445969125214,1,0.0,1876.2609247816727,0.0,37.05000000000003,220.46722985994117,0.0,,,,,,,,,,,,,,,,,,,,,,,,,,,,,,,,,,,,,,,,,5.3684352612995016e-06,1.0684329271316528,0.0074362922459840775,0.3198392391204834,768801,-24.290237426757812
,,,,,,,,,,,,,,,,,,,,,,13.81990909576416,0.230679452419281,0.2016945779323578,0.019752120599150658,0.26178592443466187,0.2869780659675598,12.948184967041016,20.242355346679688,0.2254519760608673,22.182369232177734,23.087345123291016,0.3876543343067169,0.17872712016105652,0.35123956203460693,22.399524688720703,0.28687530755996704,2.448568820953369,0.42977267503738403,1.52731454372406,0.16745345294475555,0.3044913411140442,0.04111335799098015,20.918607711791992,0.3689025044441223,0.37610530853271484,5.706586837768555,5.735345840454102,0.07417283207178116,1.2854728698730469,23.544513702392578,0.09581799805164337,12.012228965759277,13.427136421203613,5.315843780099501e-06,-6.060969352722168,0.0074392035603523254,0.43177250027656555,769999,-22.45488739013672
940.8857773490909,1.0,0.0,0.0,38.669694872513,0.6141552071469262,0.0,0.4116161616161616,3,0.0,822.5106783946976,0.0,28.350000000000268,180.3403090510153,0.0,,,,,,,,,,,,,,,,,,,,,,,,,,,,,,,,,,,,,,,,,5.301276007287998e-06,0.21760188043117523,0.007438586093485355,0.3096669614315033,770332,-23.055835723876953
-21.87301889876129,0.0,0.0,0.0,20.011000689695713,-0.07033125047833212,0.0,0.03518029903254178,0,1.0,86.10889466106892,0.0,0.39999999999999997,12.622355628584781,0.0,,,,,,,,,,,,,,,,,,,,,,,,,,,,,,,,,,,,,,,,,5.287734250318004e-06,-1.9412847757339478,0.00743978563696146,0.48337045311927795,770642,-23.719982147216797
179.25042347042537,0.0,0.0,0.0,39.303805011436964,0.5448341138918704,1.0,0.08848245180425111,1,0.0,179.38854199228808,0.0,1.900000000000001,73.09735394251835,0.0,,,,,,,,,,,,,,,,,,,,,,,,,,,,,,,,,,,,,,,,,5.273427019549998e-06,-0.5980103015899658,0.007440026383846998,0.6989401578903198,770970,-22.568927764892578
,,,,,,,,,,,,,,,0.1507771760225296,1048.63,1004,21,780971,621.7812424,36348,,,,,,,,,,,,,,,,,,,,,,,,,,,,,,,,,,,,,,,
832.7950262504229,1.0,0.0,0.0,42.509386193573654,0.6614734124308362,0.0,0.4540094339622642,2,0.0,743.0761262699962,0.0,21.900000000000176,94.88660793190674,0.0,,,,,,,,,,,,,,,,,,,,,,,,,,,,,,,,,,,,,,,,,5.218752076408e-06,1.7933112382888794,0.007444004528224468,0.3593134880065918,772228,-24.9569091796875
781.8142250599518,1.0,0.0,0.0,44.12509109342087,0.6131876274980014,0.0,0.47818396226415094,1,0.0,781.0941990315914,0.0,4.249999999999993,195.9782431986026,0.0,,,,,,,,,,,,,,,,,,,,,,,,,,,,,,,,,,,,,,,,,5.163702708398e-06,1.726194143295288,0.0074483612552285194,0.3669455051422119,773502,-23.026029586791992
1092.7476322039042,1.0,0.0,0.0,46.17524184501735,0.7009285645951919,0.0,0.47582116788321166,2,0.0,999.340274824528,0.0,6.999999999999983,255.07724526817373,0.0,,,,,,,,,,,,,,,,,,,,,,,,,,,,,,,,,,,,,,,,,5.096820758200001e-06,-2.1097679138183594,0.007449981290847063,0.3981935679912567,775060,-25.10162353515625
1844.2157292073507,1.0,0.0,0.0,45.32754120388178,0.7252126343717462,0.0,0.8073122529644269,0,0.0,1600.5223968839273,0.0,0.39999999999999997,156.7929192787484,0.0,,,,,,,,,,,,,,,,,,,,,,,,,,,,,,,,,,,,,,,,,4.988734585197999e-06,1.226877212524414,0.007453776430338621,0.4457339644432068,777602,-25.08526039123535
,,,,,,,,,,,,,,,0.15070228278636932,1064.87,1008,21,787603,633.2833070199999,36663,,,,,,,,,,,,,,,,,,,,,,,,,,,,,,,,,,,,,,,
1530.76029809335,1.0,0.0,0.0,46.46548591896552,0.7384275437015678,0.0,0.7136729222520107,1,0.0,1337.5236571915448,0.0,9.45,82.14250933674215,0.0,,,,,,,,,,,,,,,,,,,,,,,,,,,,,,,,,,,,,,,,,4.901584114462001e-06,-0.5240539312362671,0.007453566417098045,0.6711522340774536,779674,-24.38399887084961
,,,,,,,,,,,,,,,,,,,,,,13.618093490600586,0.22447481751441956,0.18588009476661682,0.021064680069684982,0.27262407541275024,0.3007788360118866,13.603636741638184,20.572092056274414,0.21936339139938354,21.67571258544922,23.75059700012207,0.3935120701789856,0.18046876788139343,0.3532126545906067,22.724075317382812,0.2872493863105774,2.2800817489624023,0.4212544560432434,1.589531421661377,0.18027719855308533,0.3082626163959503,0.03777756541967392,21.318307876586914,0.3755190968513489,0.376504123210907,5.468294143676758,5.679566860198975,0.07526636868715286,1.2484891414642334,23.26136016845703,0.09060150384902954,11.218875885009766,13.239774703979492,4.887991790099501e-06,0.15030625462532043,0.007453808560967445,0.4733257591724396,779999,-23.978092193603516
742.9435474246018,1.0,0.0,0.0,32.98551947157743,0.4891004262176444,0.0,0.43860720830788025,3,0.0,695.5835302672349,0.0,26.750000000000245,331.4772672587644,0.0,,,,,,,,,,,,,,,,,,,,,,,,,,,,,,,,,,,,,,,,,4.838277695967999e-06,-4.447788238525391,0.00745470030233264,0.3897736668586731,781192,-25.21898651123047
49.23561615355986,0.0,0.0,0.0,34.66007717013571,0.4644869448449043,0.0,0.031384615384615386,0,1.0,50.75685653020628,0.0,5.14999999999999,0.0,0.0,,,,,,,,,,,,,,,,,,,,,,,,,,,,,,,,,,,,,,,,,4.8339157497955e-06,0.8132619857788086,0.007454057224094868,0.3833962380886078,781297,-25.78501319885254
1323.3595797355729,0.0,0.0,0.0,45.59717999678106,0.7103379386664374,0.0,0.4892795883361921,4,1.0,1179.4569904189557,0.0,14.800000000000075,263.0132611379763,0.0,,,,,,,,,,,,,,,,,,,,,,,,,,,,,,,,,,,,,,,,,4.756928328459502e-06,-1.1292037963867188,0.007451874669641256,0.35550346970558167,783159,-24.452831268310547
,,,,,,,,,,,,,,,0.1506481021642685,1075.69,1012,21,793160,640.9892272499999,36924,,,,,,,,,,,,,,,,,,,,,,,,,,,,,,,,,,,,,,,
338.1001391367827,1.0,0.0,0.0,37.7979706353444,0.5890246326424785,0.0,0.16484149855907781,1,0.0,301.0809118412435,0.0,11.750000000000032,44.20633274022871,0.0,,,,,,,,,,,,,,,,,,,,,,,,,,,,,,,,,,,,,,,,,4.7333755384880005e-06,1.7981038093566895,0.0074518537148833275,0.717322826385498,783732,-23.302080154418945
69.27793844193872,1.0,0.0,0.0,39.36840833422065,0.42764159532060936,0.0,0.04679284963196635,0,0.0,88.27696059388109,0.0,3.899999999999994,31.22663161995245,0.0,,,,,,,,,,,,,,,,,,,,,,,,,,,,,,,,,,,,,,,,,4.726769497175501e-06,1.5438661575317383,0.007451295852661133,0.41810426115989685,783893,-23.46592903137207
70.75358296314093,1.0,0.0,0.0,38.51335394383012,0.4478074871084869,0.0,0.05434782608695652,0,0.0,84.31263854820281,0.0,3.949999999999994,0.0,0.0,,,,,,,,,,,,,,,,,,,,,,,,,,,,,,,,,,,,,,,,,4.720332548749999e-06,1.4297176599502563,0.007451203651726246,0.4345734119415283,784050,-24.935382843017578
761.5262462031179,1.0,0.0,0.0,31.000165583581143,0.46209116881257156,0.0,0.4956810631229236,1,0.0,709.1741700023413,0.0,51.6999999999992,162.65604924705426,0.0,,,,,,,,,,,,,,,,,,,,,,,,,,,,,,,,,,,,,,,,,4.653101722995501e-06,-4.093540668487549,0.007450766395777464,0.5390797853469849,785697,-23.752948760986328
,,,,,,,,,,,,,,,0.15062396228313446,1068.53,1016,21,795698,636.40319044,37040,,,,,,,,,,,,,,,,,,,,,,,,,,,,,,,,,,,,,,,
1641.4522734807288,1.0,0.0,0.0,46.75323216115504,0.6920119196799025,0.0,0.8172377985462098,2,0.0,1539.9609212037176,0.0,11.050000000000022,193.57006195229906,0.0,,,,,,,,,,,,,,,,,,,,,,,,,,,,,,,,,,,,,,,,,4.557264996088002e-06,2.0328369140625,0.007451512385159731,0.3388737440109253,788068,-23.84505844116211
90.06238044576016,1.0,0.0,0.0,41.58920908001952,0.5146421739757723,0.0,0.06754333532576211,0,0.0,100.79843455390073,0.0,3.949999999999994,0.0,0.0,,,,,,,,,,,,,,,,,,,,,,,,,,,,,,,,,,,,,,,,,4.550275911118e-06,-0.7750763297080994,0.007450826466083527,0.3556211590766907,788242,-25.05906105041504
74.93963556818197,0.0,0.0,0.0,27.514621141218473,0.3360521774357936,0.0,0.04560085836909871,0,1.0,85.05899319238961,0.0,10.500000000000014,0.0,0.0,,,,,,,,,,,,,,,,,,,,,,,,,,,,,,,,,,,,,,,,,4.5413675499520025e-06,1.190019965171814,0.007451135665178299,0.42608964443206787,788464,-23.771392822265625
,,,,,,,,,,,,,,,,,,,,,,13.349653244018555,0.23401615023612976,0.20441675186157227,0.021484598517417908,0.2799805998802185,0.30080318450927734,13.384719848632812,20.75423812866211,0.21030138432979584,21.900842666625977,21.830272674560547,0.36634156107902527,0.18009063601493835,0.36568355560302734,24.079748153686523,0.2954486310482025,2.2199721336364746,0.4494182765483856,1.5925977230072021,0.18056368827819824,0.316966712474823,0.03725414350628853,21.791061401367188,0.38380056619644165,0.4040908217430115,5.365910053253174,5.522030830383301,0.07449377328157425,1.2759191989898682,23.495922088623047,0.09004724025726318,12.181182861328125,12.53184700012207,4.4800398000995e-06,1.0798503160476685,0.007451164070516825,0.5553866624832153,789999,-25.353130340576172
1792.416066015702,0.0,0.0,1.0,46.89822920742062,0.7806690182995217,0.0,1.0,2,0.0,1495.1348866131157,0.0,3.4999999999999956,110.17923222915981,0.0,,,,,,,,,,,,,,,,,,,,,,,,,,,,,,,,,,,,,,,,,4.449849120059501e-06,-0.7476245164871216,0.007451434154063463,0.34690678119659424,790759,-24.572608947753906
,,,,,,,,,,,,,,,0.15058571100234985,1075.64,1020,21,800760,649.50400305,37264,,,,,,,,,,,,,,,,,,,,,,,,,,,,,,,,,,,,,,,
185.23944845094906,1.0,0.0,0.0,33.498540912081985,0.4573813541998742,0.0,0.12374779021803183,0,0.0,188.23769337148406,0.0,15.300000000000082,0.0,0.0,,,,,,,,,,,,,,,,,,,,,,,,,,,,,,,,,,,,,,,,,4.433847180615503e-06,3.195554733276367,0.00745093310251832,0.43779125809669495,791163,-23.82185935974121
980.0190596811317,1.0,0.0,0.0,42.515424995516945,0.689183586273651,0.0,0.4281361097003555,2,0.0,839.3557891468517,0.0,23.6500000000002,123.85162060398548,0.0,,,,,,,,,,,,,,,,,,,,,,,,,,,,,,,,,,,,,,,,,4.377821167072002e-06,-0.2730565071105957,0.007448752410709858,0.41646361351013184,792584,-25.210880279541016
938.8724644447706,0.0,0.0,0.0,31.936404183439613,0.4854562897853002,0.0,0.5959129861568886,2,1.0,857.3771612821147,0.0,51.249999999999226,216.36213333229324,0.0,,,,,,,,,,,,,,,,,,,,,,,,,,,,,,,,,,,,,,,,,4.302253527255499e-06,-0.981721818447113,0.007442893926054239,0.5455939769744873,794517,-24.658132553100586
134.1609224648844,0.0,0.0,0.0,39.47797890312194,0.5302803259481597,1.0,0.07979033197437391,0,0.0,138.6479263752699,0.0,0.39999999999999997,82.85842402335258,0.0,,,,,,,,,,,,,,,,,,,,,,,,,,,,,,,,,,,,,,,,,4.292456764419503e-06,1.336105227470398,0.007442354690283537,0.33485376834869385,794769,-24.458606719970703
,,,,,,,,,,,,,,,0.15055876970291138,1089.68,1024,21,804770,660.09633595,37447,,,,,,,,,,,,,,,,,,,,,,,,,,,,,,,,,,,,,,,
1320.2246031464701,1.0,0.0,0.0,39.927252875129405,0.6143436962058958,0.0,0.6711448598130841,4,0.0,1191.3062206665054,0.0,18.55000000000013,374.4018327007531,0.0,,,,,,,,,,,,,,,,,,,,,,,,,,,,,,,,,,,,,,,,,4.209463966455501e-06,1.853867769241333,0.007439303211867809,0.47093209624290466,796917,-23.8316593170166
692.9233643711182,1.0,0.0,0.0,39.94032227635781,0.6197883402246137,0.0,0.4209844559585492,1,0.0,619.9803864080459,0.0,21.950000000000177,110.20604140789182,0.0,,,,,,,,,,,,,,,,,,,,,,,,,,,,,,,,,,,,,,,,,4.166669043021998e-06,-3.0368731021881104,0.0074381218291819096,0.43495815992355347,798034,-24.256813049316406
384.5326195924429,1.0,0.0,0.0,43.179310022042415,0.6152521913479087,0.0,0.19727117680500283,1,0.0,374.5520068882033,0.0,0.9000000000000002,162.32731125996415,0.0,,,,,,,,,,,,,,,,,,,,,,,,,,,,,,,,,,,,,,,,,4.1428702159180006e-06,-4.277966499328613,0.007437501102685928,0.47946393489837646,798658,-24.717641830444336
168.9452287512622,1.0,0.0,0.0,39.836678412042936,0.5214358912075994,0.0,0.07316053511705686,1,0.0,179.05382931604981,0.0,1.950000000000001,100.05601593700284,0.0,,,,,,,,,,,,,,,,,,,,,,,,,,,,,,,,,,,,,,,,,4.130581706919503e-06,-1.8832166194915771,0.0074371290393173695,0.43683695793151855,798981,-24.133338928222656
,,,,,,,,,,,,,,,0.1505245715379715,1091.06,1028,21,808982,663.70513729,37645,,,,,,,,,,,,,,,,,,,,,,,,,,,,,,,,,,,,,,,
,,,,,,,,,,,,,,,,,,,,,,13.882174491882324,0.24120356142520905,0.20222382247447968,0.021855520084500313,0.2675027847290039,0.2950701415538788,13.456690788269043,19.90435791015625,0.19876140356063843,22.21417236328125,21.171863555908203,0.36125344038009644,0.18656820058822632,0.38176748156547546,24.643375396728516,0.29854530096054077,2.349669933319092,0.4558047354221344,1.626226544380188,0.18084995448589325,0.31075340509414673,0.04009218513965607,22.374122619628906,0.3705095946788788,0.42048752307891846,5.96055269241333,5.793821334838867,0.07786552608013153,1.2556661367416382,23.1225528717041,0.10170432925224304,11.851665496826172,11.6487455368042,4.091987810099499e-06,-6.314684867858887,0.007434877101331949,0.46810096502304077,799999,-23.79952049255371
745.1985674556101,1.0,0.0,0.0,33.54947506692653,0.5193021375997283,0.0,0.4152186938286399,2,0.0,668.2255986658856,0.0,40.699999999999825,90.2549923846795,0.0,,,,,,,,,,,,,,,,,,,,,,,,,,,,,,,,,,,,,,,,,4.076275986387501e-06,1.3257043361663818,0.0074346610344946384,0.6150511503219604,800415,-23.173213958740234
657.4901659781839,1.0,0.0,0.0,41.95537276797612,0.6315947799982554,0.0,0.2362660057827344,1,0.0,606.3398357648402,0.0,13.300000000000054,100.76511067469436,0.0,,,,,,,,,,,,,,,,,,,,,,,,,,,,,,,,,,,,,,,,,4.037147093987499e-06,2.054579257965088,0.0074326228350400925,0.6330745220184326,801455,-23.713172912597656
590.8240667251334,1.0,0.0,0.0,43.960318148815915,0.6959058500884964,0.0,0.20769881556683586,1,0.0,518.1450909925625,0.0,2.1000000000000005,142.96827180747312,0.0,,,,,,,,,,,,,,,,,,,,,,,,,,,,,,,,,,,,,,,,,4.0054012989955e-06,-1.4335002899169922,0.007430351339280605,0.4790630340576172,802303,-24.05693817138672
1048.1521397992121,1.0,0.0,0.0,45.32727761214433,0.6680383300186183,0.0,0.4650844363304427,4,0.0,987.2115765826311,0.0,4.249999999999993,342.7857077211885,0.0,,,,,,,,,,,,,,,,,,,,,,,,,,,,,,,,,,,,,,,,,3.9470784617795e-06,1.4122364521026611,0.007425633259117603,0.4386301636695862,803871,-23.36192512512207
,,,,,,,,,,,,,,,0.1504846215248108,1117.27,1032,21,813872,680.9458272200001,37869,,,,,,,,,,,,,,,,,,,,,,,,,,,,,,,,,,,,,,,
214.04984044242352,1.0,0.0,0.0,34.86451089543993,0.4023493241398938,0.0,0.11840796019900497,0,0.0,257.3846323378384,0.0,14.500000000000071,32.80608023227274,0.0,,,,,,,,,,,,,,,,,,,,,,,,,,,,,,,,,,,,,,,,,3.927438451598002e-06,0.5894031524658203,0.007424765732139349,0.41858792304992676,804402,-24.484535217285156
77.89213750229058,1.0,0.0,0.0,24.071455916864057,0.25877786545611486,0.0,0.04916553901668922,0,0.0,100.45662447530776,0.0,15.000000000000078,0.0,0.0,,,,,,,,,,,,,,,,,,,,,,,,,,,,,,,,,,,,,,,,,3.916367205997999e-06,2.2652697563171387,0.007424295414239168,0.4493762254714966,804702,-23.178218841552734
144.30331681978814,1.0,0.0,0.0,33.20365680275398,0.4386119052273196,0.0,0.09911504424778761,0,0.0,151.49739664420485,0.0,11.65000000000003,0.0,0.0,,,,,,,,,,,,,,,,,,,,,,,,,,,,,,,,,,,,,,,,,3.904283139549999e-06,1.259420394897461,0.0074234348721802235,0.688336968421936,805030,-23.136098861694336
27.503412638982226,1.0,0.0,0.0,33.91891939345236,0.21828105269033513,0.0,0.03099946552645644,0,0.0,59.14855649275705,0.0,0.0,39.69005657682835,0.0,,,,,,,,,,,,,,,,,,,,,,,,,,,,,,,,,,,,,,,,,3.899683565487501e-06,1.3695721626281738,0.007423094939440489,0.8694372177124023,805155,-24.81618309020996
,,,,,,,,,,,,,,,0.15047577023506165,1103.05,1036,21,815156,669.4415838900001,37931,,,,,,,,,,,,,,,,,,,,,,,,,,,,,,,,,,,,,,,
49.41079679392428,1.0,0.0,0.0,37.49584178812379,0.40500653109774,0.0,0.03584672435105068,0,0.0,63.25911073945463,0.0,4.99999999999999,0.0,0.0,,,,,,,,,,,,,,,,,,,,,,,,,,,,,,,,,,,,,,,,,3.895234139512002e-06,0.8888716697692871,0.007422896567732096,0.5855927467346191,805276,-23.907787322998047
776.7748393281282,0.0,0.0,0.0,43.77901635318012,0.7010603243033648,0.0,0.4560723514211886,2,1.0,673.4306924222037,0.0,10.400000000000013,196.57691807842033,0.0,,,,,,,,,,,,,,,,,,,,,,,,,,,,,,,,,,,,,,,,,3.854662667555501e-06,0.8415474891662598,0.007420893758535385,0.5625191926956177,806383,-23.709421157836914
866.1049705600377,1.0,0.0,0.0,46.202652698646126,0.7518272313889216,0.0,0.47022713321055865,2,0.0,738.9637432890013,0.0,4.749999999999991,185.8546916169695,0.0,,,,,,,,,,,,,,,,,,,,,,,,,,,,,,,,,,,,,,,,,3.8127371950220003e-06,-0.6818523406982422,0.0074185836128890514,0.4666694700717926,807534,-23.73124122619629
477.86779241622656,1.0,0.0,0.0,44.21789621811101,0.6711626297980711,0.0,0.1688470973017171,3,0.0,436.92727915011346,0.0,6.449999999999985,141.3566310541356,0.0,,,,,,,,,,,,,,,,,,,,,,,,,,,,,,,,,,,,,,,,,3.7869705624875014e-06,0.9367675185203552,0.007418261840939522,0.5471948981285095,808245,-23.726978302001953
,,,,,,,,,,,,,,,0.1504570096731186,1079.08,1040,21,818246,656.5547779999999,38068,,,,,,,,,,,,,,,,,,,,,,,,,,,,,,,,,,,,,,,
267.77051995514387,1.0,0.0,0.0,40.14969698340665,0.40266243602277274,0.0,0.14490311710193765,2,0.0,370.52015291526914,0.0,3.5499999999999954,201.58983042381917,0.0,,,,,,,,,,,,,,,,,,,,,,,,,,,,,,,,,,,,,,,,,3.7629980529595e-06,-5.197112083435059,0.0074166348204016685,0.8421528339385986,808909,-23.77234649658203
194.99706287693155,1.0,0.0,0.0,43.1909171499597,0.6499902095897718,0.0,0.07433318758198514,0,0.0,179.73990593664348,0.0,0.39999999999999997,0.0,0.0,,,,,,,,,,,,,,,,,,,,,,,,,,,,,,,,,,,,,,,,,3.752231852767998e-06,-0.87633216381073,0.007416754961013794,0.5051753520965576,809208,-23.44784927368164
,,,,,,,,,,,,,,,,,,,,,,14.185491561889648,0.2142658829689026,0.1830528974533081,0.0222019013017416,0.26635313034057617,0.29128503799438477,12.569633483886719,20.109424591064453,0.2087211310863495,21.970680236816406,23.207069396972656,0.38387301564216614,0.18788951635360718,0.3702135384082794,23.35987091064453,0.29100582003593445,2.43247652053833,0.4340851902961731,1.6762237548828125,0.1664871871471405,0.31384581327438354,0.040236108005046844,22.381284713745117,0.3698873519897461,0.3864005208015442,4.934573173522949,5.793476581573486,0.07673569023609161,1.2698466777801514,23.695079803466797,0.08162380754947662,11.066475868225098,12.618249893188477,3.7238358200994994e-06,-0.4884238839149475,0.007415626663714647,0.4868505001068115,809999,-23.986846923828125
2263.345978413081,0.0,0.0,1.0,42.936621812203285,0.702030390326638,0.0,1.0,4,0.0,1921.9426655136049,0.0,25.10000000000022,428.964322198579,0.0,,,,,,,,,,,,,,,,,,,,,,,,,,,,,,,,,,,,,,,,,3.637309601219499e-06,-1.2517058849334717,0.0074156904593110085,0.5012266635894775,812431,-22.67769432067871
1377.6230937780313,0.0,0.0,0.0,43.14356591190991,0.6968250347890902,0.0,0.660137638962414,1,1.0,1184.0772804403678,0.0,21.650000000000173,95.80651264160699,0.0,,,,,,,,,,,,,,,,,,,,,,,,,,,,,,,,,,,,,,,,,3.567873714075501e-06,0.3104665279388428,0.00741448812186718,0.6417078971862793,814407,-22.75115203857422
,,,,,,,,,,,,,,,0.15041358768939972,1124.56,1044,21,824408,691.6165439200001,38358,,,,,,,,,,,,,,,,,,,,,,,,,,,,,,,,,,,,,,,
684.8598111041962,1.0,0.0,0.0,44.57768594772588,0.6248720904235366,0.0,0.26897133220910624,3,0.0,678.2561599677429,0.0,14.200000000000067,185.30730479704195,0.0,,,,,,,,,,,,,,,,,,,,,,,,,,,,,,,,,,,,,,,,,3.5297304243980014e-06,1.489384412765503,0.007412911392748356,0.697420597076416,815502,-23.237239837646484
111.9615764928991,1.0,0.0,0.0,40.017885790930386,0.508916256785905,0.0,0.05379746835443038,0,0.0,122.04448391217738,0.0,0.0,42.417305919929255,0.0,,,,,,,,,,,,,,,,,,,,,,,,,,,,,,,,,,,,,,,,,3.522130399179499e-06,1.20601487159729,0.007411953993141651,0.4460681080818176,815721,-24.315532684326172
2028.7582602741545,1.0,0.0,0.0,47.564483156729146,0.7909388928944072,0.0,0.8791264601320468,3,0.0,1694.1959830392152,0.0,3.999999999999994,239.70364838664656,0.0,,,,,,,,,,,,,,,,,,,,,,,,,,,,,,,,,,,,,,,,,3.433861101887498e-06,0.8899528980255127,0.007407367695122957,0.39258134365081787,818285,-24.664915084838867
796.3897929039026,1.0,0.0,0.0,45.50986288836912,0.6305540719745863,0.0,0.36108676599474143,2,0.0,797.805572303012,0.0,3.399999999999996,306.948247835028,0.0,,,,,,,,,,,,,,,,,,,,,,,,,,,,,,,,,,,,,,,,,3.390895408295498e-06,-1.9612672328948975,0.00740377651527524,0.42265480756759644,819547,-24.598041534423828
,,,,,,,,,,,,,,,0.15037569403648376,1160.85,1048,21,829548,719.2891227800001,38596,,,,,,,,,,,,,,,,,,,,,,,,,,,,,,,,,,,,,,,
175.94321506124655,1.0,0.0,0.0,40.048939200450626,0.5299494429555619,0.0,0.07809013833110219,2,0.0,184.36916436813772,0.0,0.0,115.42975096708601,0.0,,,,,,,,,,,,,,,,,,,,,,,,,,,,,,,,,,,,,,,,,3.3796787409580006e-06,1.4504374265670776,0.007403677795082331,0.6591668128967285,819878,-23.802038192749023
,,,,,,,,,,,,,,,,,,,,,,14.509187698364258,0.2193782925605774,0.19680076837539673,0.02322877198457718,0.2852230668067932,0.31025058031082153,12.545090675354004,21.047983169555664,0.20383921265602112,21.45395278930664,21.196794509887695,0.3514910340309143,0.1966152787208557,0.37610292434692383,24.9705867767334,0.29072439670562744,2.2662179470062256,0.45983654260635376,1.7141629457473755,0.1699996143579483,0.31319355964660645,0.037579044699668884,22.68102264404297,0.3732733726501465,0.41406911611557007,4.724636077880859,5.617559909820557,0.07612404972314835,1.2031351327896118,23.112060546875,0.07834520936012268,11.868141174316406,12.292596817016602,3.3755838300994983e-06,2.0357120037078857,0.007403652649372816,0.6507854461669922,819999,-23.887651443481445
1043.0608409103818,1.0,0.0,0.0,45.73681186160047,0.7268716661396388,0.0,0.3650190114068441,4,0.0,911.1863678926602,0.0,11.450000000000028,272.7626126262154,0.0,,,,,,,,,,,,,,,,,,,,,,,,,,,,,,,,,,,,,,,,,3.331336313727999e-06,-0.5675967931747437,0.0074017965234816074,0.49913889169692993,821312,-23.855609893798828
811.9918163295802,0.0,0.0,0.0,27.472253445016072,0.38907130633904174,0.0,0.38024357239512857,2,1.0,795.9405000237748,0.0,74.6499999999979,252.56614965312772,0.0,,,,,,,,,,,,,,,,,,,,,,,,,,,,,,,,,,,,,,,,,3.2617445271980015e-06,-1.721140742301941,0.007398584857583046,0.3721112608909607,823398,-23.277603149414062
2173.899911163028,0.0,0.0,1.0,46.59882409508535,0.7452519407483812,0.0,1.0,6,0.0,1887.3993726130575,0.0,8.199999999999982,523.2194778462758,0.0,,,,,,,,,,,,,,,,,,,,,,,,,,,,,,,,,,,,,,,,,3.165914106302001e-06,-0.2549552917480469,0.00739123672246933,0.5134055614471436,826314,-22.315187454223633
,,,,,,,,,,,,,,,0.15033170580863953,1181.41,1052,21,836315,732.5419363599999,38913,,,,,,,,,,,,,,,,,,,,,,,,,,,,,,,,,,,,,,,
79.93399273984485,1.0,0.0,0.0,22.354564281110996,0.24519629674799034,0.0,0.0649502633118783,0,0.0,101.02475842786953,0.0,16.250000000000096,0.0,0.0,,,,,,,,,,,,,,,,,,,,,,,,,,,,,,,,,,,,,,,,,3.1553382239394997e-06,0.4368462562561035,0.007390182930976152,0.5580593347549438,826639,-23.375747680664062
487.8533167193653,1.0,0.0,0.0,35.112920580599365,0.46639896435885786,0.0,0.28004235044997355,1,0.0,509.8040494751185,0.0,9.349999999999998,121.64007501738455,0.0,,,,,,,,,,,,,,,,,,,,,,,,,,,,,,,,,,,,,,,,,3.121475143672e-06,1.3316633701324463,0.007387660443782806,0.500796377658844,827684,-22.702661514282227
277.36391213479254,1.0,0.0,0.0,42.104369749069235,0.59520152818625,0.0,0.14500288850375506,3,0.0,272.254243590869,0.0,2.8999999999999977,166.50509216996275,0.0,,,,,,,,,,,,,,,,,,,,,,,,,,,,,,,,,,,,,,,,,3.1064767469994993e-06,-0.3903120756149292,0.007385884877294302,0.5014584064483643,828149,-24.366371154785156
84.76075023811659,1.0,0.0,0.0,37.33491480190707,0.4259334182819929,0.0,0.04701627486437613,1,0.0,103.01371051091701,0.0,1.6000000000000008,50.80087022473269,0.0,,,,,,,,,,,,,,,,,,,,,,,,,,,,,,,,,,,,,,,,,3.1001033946955017e-06,1.4918222427368164,0.007384694647043943,0.42486780881881714,828347,-25.24771499633789
,,,,,,,,,,,,,,,0.1503189206123352,1178.21,1056,21,838348,725.5720993699999,39008,,,,,,,,,,,,,,,,,,,,,,,,,,,,,,,,,,,,,,,
278.374340258961,1.0,0.0,0.0,38.31157808490397,0.4694339633372024,0.0,0.1568627450980392,0,0.0,315.23435277864337,0.0,10.20000000000001,0.0,0.0,,,,,,,,,,,,,,,,,,,,,,,,,,,,,,,,,,,,,,,,,3.0810942492395005e-06,0.6198264956474304,0.007382631301879883,0.771871030330658,828939,-24.042644500732422
672.8243634541911,1.0,0.0,0.0,42.934559228487416,0.6395668854127292,0.0,0.3200883002207506,3,0.0,627.059487688588,0.0,6.999999999999983,248.3048168452095,0.0,,,,,,,,,,,,,,,,,,,,,,,,,,,,,,,,,,,,,,,,,3.0475184099499993e-06,0.12265799939632416,0.007377708330750465,0.4664221405982971,829990,-24.032747268676758
,,,,,,,,,,,,,,,,,,,,,,14.275882720947266,0.21547122299671173,0.17955566942691803,0.022387873381376266,0.28186360001564026,0.306447297334671,12.683099746704102,21.260927200317383,0.21227577328681946,21.729042053222656,22.683448791503906,0.3766123950481415,0.18926040828227997,0.3653026223182678,24.137441635131836,0.28806954622268677,2.526500701904297,0.44522371888160706,1.6887139081954956,0.1681443303823471,0.30216866731643677,0.041947394609451294,22.00225830078125,0.3589867651462555,0.400752991437912,5.050265312194824,5.569803237915039,0.07384084165096283,1.1714470386505127,22.79253578186035,0.08384935557842255,10.814677238464355,12.785416603088379,3.0472318400994985e-06,-2.4793624877929688,0.0073776692152023315,0.5928583145141602,829999,-24.4986572265625
15.726516328590428,1.0,0.0,0.0,31.51674163679814,0.17281886075374098,0.0,0.016174686615446826,0,0.0,39.555247941985726,0.0,0.0,6.078523312076365,0.0,,,,,,,,,,,,,,,,,,,,,,,,,,,,,,,,,,,,,,,,,3.044653436799999e-06,0.12433001399040222,0.007377265486866236,0.3994765877723694,830080,-24.37805938720703
1778.155704362615,0.0,0.0,1.0,42.076216094141586,0.6405460030124694,0.0,1.0,5,0.0,1621.684127420187,0.0,39.999999999999865,405.1453831012706,0.0,,,,,,,,,,,,,,,,,,,,,,,,,,,,,,,,,,,,,,,,,2.9571078269874992e-06,-0.08573561906814575,0.007369270082563162,0.6226794719696045,832855,-23.406097412109375
,,,,,,,,,,,,,,,0.15028859674930573,1168.11,1060,21,842856,725.2728925499999,39220,,,,,,,,,,,,,,,,,,,,,,,,,,,,,,,,,,,,,,,
-16.602127743423523,1.0,0.0,0.0,19.577441072543333,-0.3458776613213234,0.0,0.007902735562310031,0,0.0,12.832843703217804,0.0,0.0,0.0,0.0,,,,,,,,,,,,,,,,,,,,,,,,,,,,,,,,,,,,,,,,,2.9556382695979993e-06,1.030578851699829,0.007369041908532381,0.6491953134536743,832902,-23.09136962890625
335.20397162658537,1.0,0.0,0.0,41.79417338435331,0.550417030585526,0.0,0.17987971569163477,1,0.0,353.26114738406613,0.0,0.05,234.5830690238586,0.0,,,,,,,,,,,,,,,,,,,,,,,,,,,,,,,,,,,,,,,,,2.936667449950001e-06,0.04986929893493652,0.00736669497564435,0.5674291849136353,833510,-24.467041015625
-15.999032536395841,1.0,0.0,0.0,19.013518470218585,-0.326510868089711,0.0,0.00581135449262405,0,0.0,12.692642032168806,0.0,0.0,0.0,0.0,,,,,,,,,,,,,,,,,,,,,,,,,,,,,,,,,,,,,,,,,2.935172886717999e-06,2.5710630416870117,0.007366764824837446,0.4906703531742096,833558,-23.19482421875
108.43282361709714,1.0,0.0,0.0,39.51288201188948,0.5213116520052747,0.0,0.07171314741035857,0,0.0,113.87927590939216,0.0,5.1999999999999895,0.0,0.0,,,,,,,,,,,,,,,,,,,,,,,,,,,,,,,,,,,,,,,,,2.9287328348875007e-06,-4.173126220703125,0.0073655215092003345,0.7054145336151123,833765,-22.785104751586914
,,,,,,,,,,,,,,,0.1502828449010849,1118.44,1064,21,843766,686.66871309,39264,,,,,,,,,,,,,,,,,,,,,,,,,,,,,,,,,,,,,,,
279.267436711672,1.0,0.0,0.0,44.22493759331754,0.585466324343128,0.0,0.15039281705948374,0,0.0,292.7387236971408,0.0,3.599999999999995,1.122870877958956,0.0,,,,,,,,,,,,,,,,,,,,,,,,,,,,,,,,,,,,,,,,,2.913956175059499e-06,-0.361265629529953,0.007363730575889349,0.556414783000946,834241,-23.154069900512695
53.06045897753823,1.0,0.0,0.0,34.65683513306291,0.37366520406717063,0.0,0.0362087326943557,0,0.0,68.15237867366523,0.0,2.9999999999999973,0.0,0.0,,,,,,,,,,,,,,,,,,,,,,,,,,,,,,,,,,,,,,,,,2.9095877114380016e-06,-1.4115689992904663,0.007363779935985804,0.9080137610435486,834382,-22.02338409423828
856.7161505923747,1.0,0.0,0.0,44.39383762607648,0.7028024205023582,0.0,0.28768233387358183,5,0.0,751.2948226816952,0.0,5.14999999999999,317.92887558208565,0.0,,,,,,,,,,,,,,,,,,,,,,,,,,,,,,,,,,,,,,,,,2.8720163199999993e-06,1.068699836730957,0.007359763607382774,0.6740801334381104,835600,-22.708900451660156
960.0984016066983,1.0,0.0,0.0,42.17290378575078,0.6852950760932893,0.0,0.39565217391304347,1,0.0,820.3987631415948,0.0,18.850000000000133,113.50619086239908,0.0,,,,,,,,,,,,,,,,,,,,,,,,,,,,,,,,,,,,,,,,,2.8291955000000006e-06,-2.6004509925842285,0.00735583808273077,0.5339391827583313,837000,-23.43374252319336
,,,,,,,,,,,,,,,0.15026500821113586,1091.67,1068,21,847001,671.5122861799999,39414,,,,,,,,,,,,,,,,,,,,,,,,,,,,,,,,,,,,,,,
598.3122445487468,1.0,0.0,0.0,41.761528878363805,0.534684758309872,0.0,0.3158869847151459,5,0.0,648.7050661016256,0.0,2.499999999999999,375.62088137878794,0.0,,,,,,,,,,,,,,,,,,,,,,,,,,,,,,,,,,,,,,,,,2.7952801214379986e-06,1.1571438312530518,0.007351539097726345,0.508490800857544,838118,-22.841392517089844
213.58095940013584,1.0,0.0,0.0,43.07116621400692,0.503728677830509,0.0,0.15042735042735042,1,0.0,253.44210878689773,0.0,2.9499999999999975,55.94907061419525,0.0,,,,,,,,,,,,,,,,,,,,,,,,,,,,,,,,,,,,,,,,,2.7825129537595e-06,-0.39717864990234375,0.007350003346800804,0.5786960124969482,838541,-23.36831283569336
529.6389129803064,1.0,0.0,0.0,44.11766968827559,0.7090213025171438,0.0,0.18090452261306533,0,0.0,457.46026721503586,0.0,4.199999999999993,75.51293781111177,0.0,,,,,,,,,,,,,,,,,,,,,,,,,,,,,,,,,,,,,,,,,2.7600836327154997e-06,-4.622053146362305,0.007348055485635996,8.332508087158203,839287,-21.38863754272461
,,,,,,,,,,,,,,,,,,,,,,14.755367279052734,0.21726983785629272,0.18989211320877075,0.02244693785905838,0.2794671356678009,0.3014799952507019,12.856037139892578,20.67515754699707,0.22077791392803192,22.1030330657959,22.415433883666992,0.37507152557373047,0.19944904744625092,0.36625784635543823,23.66903305053711,0.2987678050994873,2.7201151847839355,0.442709743976593,1.660638689994812,0.17377570271492004,0.30554696917533875,0.045514971017837524,21.888702392578125,0.3643406629562378,0.3960476517677307,4.763809680938721,5.345206260681152,0.07225142419338226,1.2085069417953491,22.60455894470215,0.07971157133579254,11.348540306091309,13.19437026977539,2.7387798500995017e-06,0.11425576359033585,0.007346524391323328,1.0510963201522827,839999,-21.597787857055664
404.235524019099,1.0,0.0,0.0,30.497969581892594,0.36286851348213556,0.0,0.2902391725921138,3,0.0,471.5779132787138,0.0,8.899999999999991,307.74990722971586,0.0,,,,,,,,,,,,,,,,,,,,,,,,,,,,,,,,,,,,,,,,,2.726825919999999e-06,0.5865082144737244,0.007345414254814386,0.6522374153137207,840400,-22.781158447265625
,,,,,,,,,,,,,,,0.15024444460868835,1079.89,1072,21,850401,663.66764056,39567,,,,,,,,,,,,,,,,,,,,,,,,,,,,,,,,,,,,,,,
363.0372616085317,1.0,0.0,0.0,34.37677113577334,0.42213635070759503,0.0,0.19628286491387126,2,0.0,410.3726234715432,0.0,1.6000000000000008,178.9409583139424,0.0,,,,,,,,,,,,,,,,,,,,,,,,,,,,,,,,,,,,,,,,,2.7013265655595004e-06,1.846114158630371,0.007341789547353983,0.6893347501754761,841259,-20.845623016357422
215.64028582804335,1.0,0.0,0.0,42.31387523730642,0.579678187709794,0.0,0.08921611087050671,1,0.0,218.3432613350451,0.0,0.0,113.26110704158143,0.0,,,,,,,,,,,,,,,,,,,,,,,,,,,,,,,,,,,,,,,,,2.690358861550001e-06,1.3059356212615967,0.007341054733842611,0.5838199853897095,841630,-21.423625946044922
906.6163387246373,1.0,0.0,0.0,34.04732437275194,0.5183626865206618,0.0,0.4218590398365679,2,0.0,826.7793391533196,0.0,47.199999999999456,139.149169348195,0.0,,,,,,,,,,,,,,,,,,,,,,,,,,,,,,,,,,,,,,,,,2.6390520829580013e-06,1.5237958431243896,0.007335885893553495,0.6265382766723633,843378,-22.31249237060547
401.38371035167785,0.0,0.0,0.0,29.77051600643757,0.4358129319779347,0.0,0.19486185167232187,1,1.0,380.55321747949347,0.0,32.55000000000029,162.25703813884286,0.0,,,,,,,,,,,,,,,,,,,,,,,,,,,,,,,,,,,,,,,,,2.6122927439979996e-06,0.40811586380004883,0.007333805318921804,0.7220195531845093,844298,-21.157499313354492
,,,,,,,,,,,,,,,0.15022097527980804,1109.34,1076,21,854299,678.54375653,39744,,,,,,,,,,,,,,,,,,,,,,,,,,,,,,,,,,,,,,,
821.3748811112505,1.0,0.0,0.0,40.225305343400606,0.4498219502252193,0.0,0.6216389244558259,3,0.0,1019.8186850966886,0.0,9.700000000000003,354.5166462148656,0.0,,,,,,,,,,,,,,,,,,,,,,,,,,,,,,,,,,,,,,,,,2.559708817335501e-06,0.6587393283843994,0.007329892832785845,0.5641096234321594,846123,-20.62203598022461
428.01551063271677,1.0,0.0,0.0,38.957731834985246,0.5194362993115494,0.0,0.23686868686868687,0,0.0,445.48510312568396,0.0,14.500000000000071,72.1062777260238,0.0,,,,,,,,,,,,,,,,,,,,,,,,,,,,,,,,,,,,,,,,,2.5362124681420007e-06,-1.989328145980835,0.0073273032903671265,0.6192554235458374,846946,-21.074487686157227
553.489184451508,1.0,0.0,0.0,46.14361921730308,0.7282752426993526,0.0,0.29161816065192087,3,0.0,486.8888603011146,0.0,8.649999999999988,127.75864620170735,0.0,,,,,,,,,,,,,,,,,,,,,,,,,,,,,,,,,,,,,,,,,2.5146627689874984e-06,2.1092019081115723,0.007324355188757181,0.7285014390945435,847705,-20.47953224182129
545.8151731178206,1.0,0.0,0.0,41.198945625519535,0.5409466532386725,0.0,0.3058103975535168,2,0.0,576.8873232752085,0.0,7.049999999999983,213.7767977893061,0.0,,,,,,,,,,,,,,,,,,,,,,,,,,,,,,,,,,,,,,,,,2.486220628715501e-06,0.25504565238952637,0.007322455290704966,0.6245647668838501,848713,-23.159168243408203
,,,,,,,,,,,,,,,0.15019750595092773,1074.76,1080,21,858714,653.6766246599999,39956,,,,,,,,,,,,,,,,,,,,,,,,,,,,,,,,,,,,,,,
,,,,,,,,,,,,,,,,,,,,,,14.41744327545166,0.23869842290878296,0.20622211694717407,0.025101004168391228,0.28848227858543396,0.3126484453678131,12.604968070983887,20.899524688720703,0.20669952034950256,22.026874542236328,19.258766174316406,0.3231154978275299,0.19900819659233093,0.3950991630554199,25.682559967041016,0.30404341220855713,2.466365337371826,0.4849938750267029,1.818479299545288,0.17399007081985474,0.32232317328453064,0.041379641741514206,23.54923439025879,0.38621944189071655,0.430891215801239,4.431564807891846,4.881530284881592,0.06738119572401047,1.2353154420852661,23.351179122924805,0.07435093820095062,12.291528701782227,12.31998348236084,2.4502278600995007e-06,3.2274813652038574,0.007321021053940058,1.5684274435043335,849999,-20.103435516357422
2546.66786658894,0.0,0.0,1.0,39.673907310813334,0.5679455545470428,0.0,1.0,3,0.0,2470.07862313278,0.0,28.950000000000276,506.97697549180657,0.0,,,,,,,,,,,,,,,,,,,,,,,,,,,,,,,,,,,,,,,,,2.3621757743920014e-06,1.6781299114227295,0.007316951174288988,0.8072627782821655,853196,-19.88348960876465
1144.4771633891824,0.0,0.0,0.0,41.6444191472058,0.6657807814945796,0.0,0.5591334894613583,4,1.0,993.9410032574087,0.0,29.500000000000284,232.59976462789407,0.0,,,,,,,,,,,,,,,,,,,,,,,,,,,,,,,,,,,,,,,,,2.3156986259020013e-06,-0.2138577550649643,0.007315144408494234,1.6529834270477295,854914,-19.81121063232422
12.798802133179251,1.0,0.0,0.0,28.1203573963483,0.1153045237223356,0.0,0.019888991674375578,0,0.0,43.16620613168925,0.0,0.3,22.61633547499819,0.0,,,,,,,,,,,,,,,,,,,,,,,,,,,,,,,,,,,,,,,,,2.3127427973119995e-06,-0.8223974108695984,0.007315011229366064,0.6964750289916992,855024,-21.250652313232422
415.83811667769635,1.0,0.0,0.0,30.464969013992164,0.4029439115093957,0.0,0.20034692107545535,1,0.0,436.35435887239873,0.0,17.550000000000114,148.44652729094773,0.0,,,,,,,,,,,,,,,,,,,,,,,,,,,,,,,,,,,,,,,,,2.2851556709874995e-06,1.7462619543075562,0.007312845904380083,1.0341278314590454,856055,-20.716976165771484
,,,,,,,,,,,,,,,0.15015091001987457,1106.83,1084,21,866056,672.8495102899999,40293,,,,,,,,,,,,,,,,,,,,,,,,,,,,,,,,,,,,,,,
653.0186204265709,1.0,0.0,0.0,41.156453283399536,0.6377134965103232,0.0,0.39676375404530745,2,0.0,585.1076880795881,0.0,11.050000000000022,156.55561180249202,0.0,,,,,,,,,,,,,,,,,,,,,,,,,,,,,,,,,,,,,,,,,2.257991679358e-06,-7.88265323638916,0.007311904337257147,0.6923313736915588,857078,-19.795494079589844
29.53957016315119,1.0,0.0,0.0,22.946113112569744,0.15071209266913874,0.0,0.03248031496062992,0,0.0,62.27370943292044,0.0,1.850000000000001,11.857083916740658,0.0,,,,,,,,,,,,,,,,,,,,,,,,,,,,,,,,,,,,,,,,,2.2528374246355005e-06,-1.3054497241973877,0.00731141259893775,0.8454748392105103,857273,-21.306800842285156
155.46475714010717,1.0,0.0,0.0,43.546788686786414,0.6072842075785436,0.0,0.0744858254585881,0,0.0,154.75330383819528,0.0,1.2000000000000004,0.0,0.0,,,,,,,,,,,,,,,,,,,,,,,,,,,,,,,,,,,,,,,,,2.2461086630080012e-06,-6.421450614929199,0.007310820277780294,0.6774966716766357,857528,-22.041919708251953
333.6452509663591,1.0,0.0,0.0,44.364980515473874,0.6379450305284112,0.0,0.16063879755753874,1,0.0,322.0402021887712,0.0,5.399999999999989,81.15985714043492,0.0,,,,,,,,,,,,,,,,,,,,,,,,,,,,,,,,,,,,,,,,,2.23237484875e-06,-2.4323153495788574,0.007309753447771072,0.8560795187950134,858050,-19.826099395751953
,,,,,,,,,,,,,,,0.15013961493968964,1083.69,1088,21,868051,657.2867806999999,40386,,,,,,,,,,,,,,,,,,,,,,,,,,,,,,,,,,,,,,,
66.90865829986573,1.0,0.0,0.0,36.92918862280445,0.2764820590903543,0.0,0.06253151790216843,0,0.0,123.87562057748437,0.0,0.0,101.53377346806612,0.0,,,,,,,,,,,,,,,,,,,,,,,,,,,,,,,,,,,,,,,,,2.226052437759499e-06,0.9393243193626404,0.007309198845177889,0.7196375131607056,858291,-20.17382049560547
-13.717196912405363,1.0,0.0,0.0,20.699593199730185,-0.24940358022555206,0.0,0.00974025974025974,0,0.0,15.625474573113024,0.0,2.6999999999999984,0.0,0.0,,,,,,,,,,,,,,,,,,,,,,,,,,,,,,,,,,,,,,,,,2.224637382987499e-06,1.5526602268218994,0.007309289649128914,1.1399235725402832,858345,-21.301898956298828
239.14886129011137,1.0,0.0,0.0,42.71673451784543,0.6100736257400801,0.0,0.09330628803245436,1,0.0,232.35969529114664,0.0,6.8999999999999835,51.73201956364788,0.0,,,,,,,,,,,,,,,,,,,,,,,,,,,,,,,,,,,,,,,,,2.2144086507520007e-06,0.8125787973403931,0.007309060078114271,0.6306393146514893,858736,-21.43623161315918
353.01129745803473,1.0,0.0,0.0,31.366396249399166,0.42480300536466276,0.0,0.1785345717234262,0,0.0,361.6970655955374,0.0,15.900000000000091,179.4001320058954,0.0,,,,,,,,,,,,,,,,,,,,,,,,,,,,,,,,,,,,,,,,,2.1927963214220017e-06,0.9726196527481079,0.0073079513385891914,1.0905307531356812,859566,-20.272510528564453
,,,,,,,,,,,,,,,0.15012992918491364,1033.64,1092,21,869567,623.7786584999999,40453,,,,,,,,,,,,,,,,,,,,,,,,,,,,,,,,,,,,,,,
,,,,,,,,,,,,,,,,,,,,,,14.136173248291016,0.23791810870170593,0.1972023844718933,0.023721061646938324,0.28493189811706543,0.3129364252090454,12.628830909729004,20.46497344970703,0.21162554621696472,22.231456756591797,19.251279830932617,0.321458101272583,0.19681662321090698,0.3913823962211609,25.0639591217041,0.3095264732837677,2.590304374694824,0.46964210271835327,1.703743577003479,0.17583002150058746,0.32783395051956177,0.04325293004512787,23.43886375427246,0.40034207701683044,0.4185182750225067,5.171962738037109,5.288454055786133,0.07363064587116241,1.2793079614639282,23.54637336730957,0.08636149019002914,11.809931755065918,12.673697471618652,2.181575870099501e-06,1.053179383277893,0.007307704538106918,0.6157455444335938,859999,-21.096099853515625
287.9019660900467,1.0,0.0,0.0,45.69869599919905,0.6603256102982722,0.0,0.12254667304930589,1,0.0,276.452962459065,0.0,1.7000000000000008,52.52879779769492,0.0,,,,,,,,,,,,,,,,,,,,,,,,,,,,,,,,,,,,,,,,,2.181524130099499e-06,-0.4382600784301758,0.00730770081281662,0.6800227165222168,860001,-21.08496856689453
2457.879906776185,0.0,0.0,1.0,47.37949170942206,0.7493536301146906,0.0,1.0,5,0.0,2157.893382913433,0.0,4.699999999999991,378.1067704931097,0.0,,,,,,,,,,,,,,,,,,,,,,,,,,,,,,,,,,,,,,,,,2.0977668608000016e-06,-1.1220630407333374,0.00730480533093214,0.8608599901199341,863280,-20.181303024291992
169.6390157285088,1.0,0.0,0.0,32.144632837841435,0.24764819814380848,0.0,0.1281109751121991,0,0.0,305.5133878160268,0.0,20.65000000000016,49.32414301141425,0.0,,,,,,,,,,,,,,,,,,,,,,,,,,,,,,,,,,,,,,,,,2.080564792952001e-06,1.117031455039978,0.007303307764232159,0.6841455698013306,863964,-20.463939666748047
1117.9347843345865,0.0,0.0,0.0,37.92862066758594,0.5905624851212818,0.0,0.4952290076335878,4,1.0,996.8774763066322,0.0,43.19999999999968,215.39015626129716,0.0,,,,,,,,,,,,,,,,,,,,,,,,,,,,,,,,,,,,,,,,,2.0334674072320008e-06,-0.20354041457176208,0.0072995759546756744,1.2495405673980713,865856,-20.577877044677734
,,,,,,,,,,,,,,,0.1500905454158783,1058.98,1096,21,875857,641.8181612799999,40751,,,,,,,,,,,,,,,,,,,,,,,,,,,,,,,,,,,,,,,
225.29383421237975,0.0,0.0,0.0,25.4307482092099,0.3657367438512658,0.0,0.13787185354691076,0,1.0,217.3248167594429,0.0,27.75000000000026,0.0,0.0,,,,,,,,,,,,,,,,,,,,,,,,,,,,,,,,,,,,,,,,,2.0183116771794995e-06,0.5462231636047363,0.007298249751329422,0.8752791881561279,866471,-20.025001525878906
1354.1121190643626,1.0,0.0,0.0,45.00474054176458,0.6979959376620426,0.0,0.47686688311688313,6,0.0,1212.3283829782158,0.0,23.250000000000195,303.7992750739108,0.0,,,,,,,,,,,,,,,,,,,,,,,,,,,,,,,,,,,,,,,,,1.971020745949999e-06,1.8991252183914185,0.007294903043657541,0.7175701260566711,868410,-19.365657806396484
238.97569598412036,1.0,0.0,0.0,45.02653349422652,0.661982537352134,0.0,0.10520939734422881,0,0.0,225.5490427222103,0.0,1.950000000000001,0.0,0.0,,,,,,,,,,,,,,,,,,,,,,,,,,,,,,,,,,,,,,,,,1.9623229335499987e-06,0.2303716093301773,0.007294172421097755,1.0030827522277832,868770,-20.158123016357422
435.4145064678705,1.0,0.0,0.0,46.10337689686307,0.7507146663239147,0.0,0.23862928348909657,1,0.0,371.1076309494674,0.0,6.8999999999999835,31.262890569759577,0.0,,,,,,,,,,,,,,,,,,,,,,,,,,,,,,,,,,,,,,,,,1.948388048199499e-06,1.2757335901260376,0.0072930241003632545,0.7634668946266174,869349,-21.27545928955078
,,,,,,,,,,,,,,,0.15007083117961884,1037.72,1100,21,879350,631.6825538299998,40911,,,,,,,,,,,,,,,,,,,,,,,,,,,,,,,,,,,,,,,
,,,,,,,,,,,,,,,,,,,,,,14.725818634033203,0.2166682630777359,0.19341591000556946,0.02480282634496689,0.2978511452674866,0.3144199252128601,13.406839370727539,21.36171531677246,0.22279515862464905,21.072969436645508,21.70576286315918,0.3630768060684204,0.20532536506652832,0.3871992230415344,23.78052520751953,0.29382508993148804,2.591148614883423,0.45961737632751465,1.7788447141647339,0.18693453073501587,0.32322725653648376,0.04334268346428871,23.14786720275879,0.3964081406593323,0.3977818489074707,3.8924167156219482,4.472128868103027,0.0623558834195137,1.2607601881027222,23.181678771972656,0.0651092678308487,11.562952041625977,13.319326400756836,1.9328238800995007e-06,-0.45528465509414673,0.007292183116078377,2.456403970718384,869999,-19.864917755126953
435.6840244382465,1.0,0.0,0.0,36.86375463580541,0.32635507448557793,0.0,0.4372670807453416,2,0.0,682.9831670823041,0.0,3.699999999999995,345.3024773716241,0.0,,,,,,,,,,,,,,,,,,,,,,,,,,,,,,,,,,,,,,,,,1.9165363756555e-06,-9.1124267578125,0.007291838992387056,0.6912660598754883,870683,-21.073572158813477
190.42026827015394,1.0,0.0,0.0,39.21655071506014,0.4034327717588007,0.0,0.15982028241335045,0,0.0,256.79876461438835,0.0,8.84999999999999,0.0,0.0,,,,,,,,,,,,,,,,,,,,,,,,,,,,,,,,,,,,,,,,,1.9053749857420002e-06,1.6759419441223145,0.007291755173355341,1.1942299604415894,871154,-19.08733367919922
155.69358953552333,1.0,0.0,0.0,22.623963292928625,0.2810353601724248,0.0,0.11972704714640199,0,0.0,173.8667778861709,0.0,27.650000000000258,0.0,0.0,,,,,,,,,,,,,,,,,,,,,,,,,,,,,,,,,,,,,,,,,1.8923267679754993e-06,-5.513034820556641,0.007291762623935938,0.7026451826095581,871707,-20.161535263061523
181.31053563734145,0.0,0.0,0.0,38.34278982946208,0.3308586416739807,1.0,0.12166809974204643,2,0.0,291.62936032842845,0.0,3.899999999999994,217.77189710817757,0.0,,,,,,,,,,,,,,,,,,,,,,,,,,,,,,,,,,,,,,,,,1.8794799913420005e-06,-2.154057025909424,0.00729141803458333,1.1576480865478516,872254,-19.99746322631836
,,,,,,,,,,,,,,,0.150057852268219,1012.84,1104,21,882255,608.41762298,41046,,,,,,,,,,,,,,,,,,,,,,,,,,,,,,,,,,,,,,,
1385.8985754082298,1.0,0.0,0.0,37.39140464396352,0.5636025113494224,0.0,0.5884146341463414,4,0.0,1276.480407224968,0.0,47.69999999999943,323.1881326332071,0.0,,,,,,,,,,,,,,,,,,,,,,,,,,,,,,,,,,,,,,,,,1.8224866329279988e-06,1.5313197374343872,0.007290659938007593,0.763495922088623,874712,-21.177135467529297
1133.2349058965117,0.0,0.0,0.0,33.42440030477676,0.5288077022382229,0.0,0.5872235872235873,3,1.0,994.4977704631165,0.0,74.7999999999979,199.11641834064577,0.0,,,,,,,,,,,,,,,,,,,,,,,,,,,,,,,,,,,,,,,,,1.7738007229419995e-06,-1.527785062789917,0.007292704191058874,0.976046085357666,876854,-19.447086334228516
627.8811713847238,1.0,0.0,0.0,37.8770962671088,0.4837297160128842,0.0,0.4502551020408163,1,0.0,682.4691604413092,0.0,14.950000000000077,133.50042660575417,0.0,,,,,,,,,,,,,,,,,,,,,,,,,,,,,,,,,,,,,,,,,1.7447647806994992e-06,-1.246168851852417,0.0072926245629787445,0.6295101046562195,878151,-20.018386840820312
71.08554763028465,1.0,0.0,0.0,38.82208077273144,0.24942297414134965,0.0,0.06364801366937206,0,0.0,153.36776456423104,0.0,0.0,113.98836160315707,0.0,,,,,,,,,,,,,,,,,,,,,,,,,,,,,,,,,,,,,,,,,1.7384515478875004e-06,-4.876123905181885,0.007292589638382196,0.7551051378250122,878435,-17.951305389404297
,,,,,,,,,,,,,,,0.1500287503004074,1008.33,1108,21,888436,595.0828988600001,41349,,,,,,,,,,,,,,,,,,,,,,,,,,,,,,,,,,,,,,,
292.3142675019308,1.0,0.0,0.0,43.953347448225394,0.6510340033450573,0.0,0.18040233614536016,1,0.0,273.84980301652104,0.0,2.6999999999999984,90.9438621501368,0.0,,,,,,,,,,,,,,,,,,,,,,,,,,,,,,,,,,,,,,,,,1.7285252750555005e-06,-2.083951950073242,0.0072931391187012196,0.7316584587097168,878883,-19.842498779296875
205.0548961072355,1.0,0.0,0.0,19.930647990740347,0.2537808120139053,0.0,0.11439287388654477,0,0.0,223.41278261318803,0.0,39.89999999999987,3.7139669433259543,0.0,,,,,,,,,,,,,,,,,,,,,,,,,,,,,,,,,,,,,,,,,1.7107454619500004e-06,-0.40923982858657837,0.007294415961951017,1.266472339630127,879690,-17.378936767578125
,,,,,,,,,,,,,,,,,,,,,,13.749320983886719,0.2175397425889969,0.19386526942253113,0.023258620873093605,0.29304900765419006,0.31822121143341064,14.172056198120117,20.7025203704834,0.22816967964172363,21.840856552124023,23.04969596862793,0.3881039023399353,0.1946248710155487,0.36926788091659546,23.184598922729492,0.309162437915802,2.7581286430358887,0.43301892280578613,1.6431111097335815,0.2006087601184845,0.33418065309524536,0.046440549194812775,21.931015014648438,0.40370821952819824,0.39037537574768066,4.011690139770508,4.283860206604004,0.060639042407274246,1.268640160560608,23.608274459838867,0.06754764169454575,11.513760566711426,13.551116943359375,1.703971890099501e-06,-1.8615412712097168,0.007294220384210348,1.4566071033477783,879999,-18.213214874267578
972.868306144683,1.0,0.0,0.0,41.44864465424007,0.6309132984077062,0.0,0.4350808427241548,1,0.0,887.4468555646017,0.0,25.75000000000023,152.3032324083313,0.0,,,,,,,,,,,,,,,,,,,,,,,,,,,,,,,,,,,,,,,,,1.6771541884195003e-06,1.8986387252807617,0.007294690702110529,0.789591372013092,881231,-18.38702392578125
1801.2396937681735,0.0,0.0,1.0,46.428065523276516,0.7403369066042637,0.0,1.0,4,0.0,1568.4225476644933,0.0,8.699999999999989,336.07216178963836,0.0,,,,,,,,,,,,,,,,,,,,,,,,,,,,,,,,,,,,,,,,,1.6251019781155007e-06,0.26980382204055786,0.007296433672308922,0.9668353796005249,883663,-18.412185668945312
,,,,,,,,,,,,,,,0.1500086486339569,1005.04,1112,21,893664,591.3346800899999,41584,,,,,,,,,,,,,,,,,,,,,,,,,,,,,,,,,,,,,,,
1885.2555888247305,1.0,0.0,0.0,45.1840240232235,0.7270557612127769,0.0,0.7974801679888007,4,0.0,1626.7709276657552,0.0,17.400000000000112,341.23348824976074,0.0,,,,,,,,,,,,,,,,,,,,,,,,,,,,,,,,,,,,,,,,,1.5709209899874993e-06,0.4744851589202881,0.007295296061784029,0.8065640926361084,886255,-19.076435089111328
51.171791298324905,1.0,0.0,0.0,33.29372252064991,0.30101053704897,0.0,0.03469750889679715,0,0.0,78.3351009907201,0.0,0.1,34.53708261471073,0.0,,,,,,,,,,,,,,,,,,,,,,,,,,,,,,,,,,,,,,,,,1.567434783712e-06,0.41810694336891174,0.007295142859220505,0.963613748550415,886424,-19.42149543762207
317.27142111078984,1.0,0.0,0.0,38.506164452542826,0.5527376674404004,0.0,0.12262592898431049,2,0.0,306.7042837170884,0.0,8.649999999999988,146.44522381692758,0.0,,,,,,,,,,,,,,,,,,,,,,,,,,,,,,,,,,,,,,,,,1.555656991895499e-06,1.152519941329956,0.0072948504239320755,1.0031200647354126,886997,-19.149248123168945
,,,,,,,,,,,,,,,,,,,,,,13.51250171661377,0.2518819570541382,0.22210854291915894,0.02264218032360077,0.3046734929084778,0.3260061740875244,14.76043701171875,21.09811019897461,0.23780590295791626,21.53072166442871,21.84124755859375,0.37883758544921875,0.19513128697872162,0.3739258944988251,22.695030212402344,0.310920774936676,2.852189779281616,0.44531160593032837,1.5679316520690918,0.2131524682044983,0.33227837085723877,0.049471378326416016,21.558073043823242,0.39971432089805603,0.3936464786529541,4.537848472595215,4.52059268951416,0.0652809590101242,1.226094365119934,23.00969886779785,0.07870921492576599,12.805296897888184,13.710302352905273,1.4950199000995e-06,-1.3946653604507446,0.0072939214296638966,0.9160420298576355,889999,-18.77629852294922
2659.5802730854025,0.0,0.0,1.0,46.73457633462028,0.7408301596338168,0.0,1.0,4,0.0,2329.7109982967377,0.0,5.04999999999999,420.7298726713565,0.0,,,,,,,,,,,,,,,,,,,,,,,,,,,,,,,,,,,,,,,,,1.4833727679019995e-06,-0.7865481376647949,0.007293779402971268,1.421791434288025,890586,-17.421350479125977
,,,,,,,,,,,,,,,0.14998583495616913,1048.89,1116,21,900587,628.0687749599999,41905,,,,,,,,,,,,,,,,,,,,,,,,,,,,,,,,,,,,,,,
137.01626627311077,1.0,0.0,0.0,30.687755100731202,0.3615204914857804,0.0,0.06727430555555555,0,0.0,161.23095357231796,0.0,3.5499999999999954,80.4352587375668,0.0,,,,,,,,,,,,,,,,,,,,,,,,,,,,,,,,,,,,,,,,,1.475908864952e-06,-0.9636750221252441,0.007294008508324623,1.273508071899414,890964,-19.856523513793945
118.35273803394657,0.0,0.0,0.0,37.33791789277816,0.5530501777287222,0.0,0.06133625410733844,0,1.0,110.76885167323053,0.0,5.849999999999987,0.0,0.0,,,,,,,,,,,,,,,,,,,,,,,,,,,,,,,,,,,,,,,,,1.4717155402355e-06,-0.414113849401474,0.007293838541954756,1.1633648872375488,891177,-18.316238403320312
541.8497259810579,1.0,0.0,0.0,32.47083737467483,0.4930388771438197,0.0,0.325625,2,0.0,495.3882992612198,0.0,32.85000000000027,160.98312582398376,0.0,,,,,,,,,,,,,,,,,,,,,,,,,,,,,,,,,,,,,,,,,1.4502424746874994e-06,0.23283427953720093,0.0072935218922793865,1.2697393894195557,892275,-17.817955017089844
458.13365114861006,1.0,0.0,0.0,34.717808250567224,0.4531490120164293,0.0,0.3122699386503067,2,0.0,487.14525276236236,0.0,17.15000000000011,360.6272696657654,0.0,,,,,,,,,,,,,,,,,,,,,,,,,,,,,,,,,,,,,,,,,1.4307022268875005e-06,-0.36780455708503723,0.007292760536074638,0.7237159609794617,893285,-19.01055145263672
,,,,,,,,,,,,,,,0.14997555315494537,1025.26,1120,21,903286,604.6314784299999,42034,,,,,,,,,,,,,,,,,,,,,,,,,,,,,,,,,,,,,,,
286.75855912640765,1.0,0.0,0.0,44.485309755667146,0.7011211714582094,0.0,0.1256572029442692,0,0.0,252.49219849985093,0.0,3.999999999999994,0.0,0.0,,,,,,,,,,,,,,,,,,,,,,,,,,,,,,,,,,,,,,,,,1.4228663057755008e-06,-7.515775203704834,0.007292228285223246,0.8862800598144531,893693,-17.213775634765625
54.43950709106002,0.0,0.0,0.0,34.63556787113912,0.4286575361500789,0.0,0.02806699864191942,0,1.0,60.88316167704761,0.0,6.0499999999999865,0.0,0.0,,,,,,,,,,,,,,,,,,,,,,,,,,,,,,,,,,,,,,,,,1.420453083719499e-06,-0.3292508125305176,0.007292172871530056,0.9318899512290955,893819,-18.1422176361084
904.3940481057435,1.0,0.0,0.0,44.811279359867,0.7328963112688359,0.0,0.3879753340184995,2,0.0,767.780326044187,0.0,7.4499999999999815,144.77256487531784,0.0,,,,,,,,,,,,,,,,,,,,,,,,,,,,,,,,,,,,,,,,,1.3970047090480007e-06,0.8648959398269653,0.007291601970791817,1.0398277044296265,895052,-17.705001831054688
209.79797152269097,1.0,0.0,0.0,44.61978264066812,0.6319216009719607,0.0,0.09347442680776014,1,0.0,205.5247517572716,0.0,4.3499999999999925,40.01058068446665,0.0,,,,,,,,,,,,,,,,,,,,,,,,,,,,,,,,,,,,,,,,,1.3907614805554996e-06,1.452151894569397,0.007291696034371853,1.0093239545822144,895383,-18.503921508789062
,,,,,,,,,,,,,,,0.14996856451034546,1006.14,1124,21,905384,596.8003435499999,42131,,,,,,,,,,,,,,,,,,,,,,,,,,,,,,,,,,,,,,,
299.6545563882675,1.0,0.0,0.0,26.981524020241164,0.3846656693045796,0.0,0.18753674309229865,0,0.0,291.6795161161572,0.0,29.550000000000285,0.0,0.0,,,,,,,,,,,,,,,,,,,,,,,,,,,,,,,,,,,,,,,,,1.3761729131395001e-06,-1.9916824102401733,0.007290597073733807,1.083059310913086,896161,-19.359283447265625
172.47993027069109,1.0,0.0,0.0,22.556127039323194,0.27954607823450744,0.0,0.09862385321100918,0,0.0,192.99929292313755,0.0,30.800000000000303,0.0,0.0,,,,,,,,,,,,,,,,,,,,,,,,,,,,,,,,,,,,,,,,,1.364707509035499e-06,-1.941643238067627,0.007290225476026535,0.6953308582305908,896777,-20.556507110595703
310.38054859527506,1.0,0.0,0.0,43.6452747307004,0.5945987520982281,0.0,0.12473572938689217,2,0.0,316.12390528433025,0.0,0.0,201.16612717506004,0.0,,,,,,,,,,,,,,,,,,,,,,,,,,,,,,,,,,,,,,,,,1.3550692499979993e-06,-0.9716760516166687,0.007290235720574856,1.0481590032577515,897298,-17.89118194580078
324.166860042167,1.0,0.0,0.0,39.72735687177367,0.38868928062609953,0.0,0.20664365832614323,2,0.0,459.7135084923357,0.0,4.549999999999992,192.72849005678702,0.0,,,,,,,,,,,,,,,,,,,,,,,,,,,,,,,,,,,,,,,,,1.3397713595194993e-06,0.45695987343788147,0.0072899023070931435,0.8893565535545349,898131,-18.74142074584961
,,,,,,,,,,,,,,,0.1499590128660202,991.5,1128,21,908132,582.20090433,42260,,,,,,,,,,,,,,,,,,,,,,,,,,,,,,,,,,,,,,,
-23.87660311169897,1.0,0.0,0.0,35.82119621477105,-0.18949685009284897,0.0,0.03383458646616541,0,0.0,62.40421672188677,0.0,0.0,27.961221708413884,0.0,,,,,,,,,,,,,,,,,,,,,,,,,,,,,,,,,,,,,,,,,1.337487672832001e-06,2.3557262420654297,0.007289964705705643,1.058767557144165,898256,-18.30215072631836
-16.021445096776894,1.0,0.0,0.0,21.56024971341091,-0.32696826728116113,0.0,0.011689070718877849,0,0.0,14.43982576369308,0.0,0.0,0.0,0.0,,,,,,,,,,,,,,,,,,,,,,,,,,,,,,,,,,,,,,,,,1.3366115633920002e-06,1.5557153224945068,0.007289968430995941,0.832573652267456,898304,-18.138870239257812
593.2689915087318,1.0,0.0,0.0,33.482521480441875,0.5105585124859998,0.0,0.2569444444444444,0,0.0,540.1106397015974,0.0,37.40000000000001,42.67301333864151,0.0,,,,,,,,,,,,,,,,,,,,,,,,,,,,,,,,,,,,,,,,,1.3155603293875004e-06,0.2614884376525879,0.0072897388599812984,1.115889549255371,899465,-17.41345977783203
,,,,,,,,,,,,,,,,,,,,,,13.396690368652344,0.24660234153270721,0.22180089354515076,0.024321362376213074,0.307927668094635,0.32706522941589355,14.525569915771484,20.83793830871582,0.23303505778312683,21.314037322998047,23.14282989501953,0.3960462212562561,0.19796639680862427,0.36680829524993896,21.81557846069336,0.31496310234069824,2.5761687755584717,0.42967933416366577,1.6458638906478882,0.21464814245700836,0.3468989133834839,0.04408630356192589,21.434322357177734,0.4101864695549011,0.37333279848098755,4.452901363372803,4.804728984832764,0.07100073993206024,1.2541426420211792,23.475181579589844,0.07620307058095932,12.96086311340332,13.617326736450195,1.3059679100995002e-06,1.7795659303665161,0.0072898222133517265,0.8743793964385986,899999,-18.56647491455078
1161.3135847115009,1.0,0.0,0.0,39.64403455554203,0.6216882145136514,0.0,0.6911764705882353,1,0.0,1028.0744378268719,0.0,33.650000000000226,250.57437458659086,0.0,,,,,,,,,,,,,,,,,,,,,,,,,,,,,,,,,,,,,,,,,1.2822704152879996e-06,1.5417520999908447,0.0072902292013168335,1.0754268169403076,901332,-17.874263763427734
,,,,,,,,,,,,,,,0.14995022118091583,974.61,1132,21,911333,568.93110021,42407,,,,,,,,,,,,,,,,,,,,,,,,,,,,,,,,,,,,,,,
2140.0021032433447,0.0,0.0,1.0,35.137855329794775,0.5769754929208263,0.0,1.0,4,0.0,1809.5427331849933,0.0,77.69999999999773,285.06906130804083,0.0,,,,,,,,,,,,,,,,,,,,,,,,,,,,,,,,,,,,,,,,,1.2182110592000006e-06,-4.511567115783691,0.007289443165063858,0.712119460105896,905040,-18.676633834838867
20.646067186392287,0.0,0.0,0.0,25.375902087919247,0.22441377376513355,0.0,0.016467065868263474,0,1.0,32.239870755933225,0.0,4.249999999999993,0.0,0.0,,,,,,,,,,,,,,,,,,,,,,,,,,,,,,,,,,,,,,,,,1.2166733425194995e-06,-0.33530446887016296,0.007289523258805275,1.3199231624603271,905131,-17.016616821289062
917.6651260382562,1.0,0.0,0.0,34.14232476738714,0.5267882468646706,0.0,0.5722733245729303,4,0.0,825.785390490666,0.0,54.14999999999906,173.6520466837071,0.0,,,,,,,,,,,,,,,,,,,,,,,,,,,,,,,,,,,,,,,,,1.187571306208e-06,-1.0739719867706299,0.0072892457246780396,1.1727714538574219,906872,-17.177532196044922
1846.4417632662562,0.0,0.0,0.0,38.07186425523159,0.610393971327688,0.0,0.8401849948612539,3,1.0,1599.0531127834693,0.0,51.099999999999234,259.3050376191551,0.0,,,,,,,,,,,,,,,,,,,,,,,,,,,,,,,,,,,,,,,,,1.1384567561919995e-06,1.4411144256591797,0.007288699503988028,0.9505589008331299,909896,-16.572124481201172
,,,,,,,,,,,,,,,0.14992669224739075,1047.41,1136,21,919897,613.53904694,42798,,,,,,,,,,,,,,,,,,,,,,,,,,,,,,,,,,,,,,,
,,,,,,,,,,,,,,,,,,,,,,13.697340965270996,0.23735632002353668,0.21356184780597687,0.024133343249559402,0.2976810038089752,0.3168831467628479,15.127335548400879,20.456695556640625,0.24393415451049805,21.599008560180664,23.575851440429688,0.4059537649154663,0.1993204802274704,0.35656625032424927,21.856082916259766,0.3143036961555481,2.940145969390869,0.4260982871055603,1.6584478616714478,0.22012943029403687,0.33683884143829346,0.050626520067453384,20.707660675048828,0.39638179540634155,0.37634098529815674,4.351079940795898,4.313547611236572,0.06276972591876984,1.2508769035339355,23.147628784179688,0.07492145895957947,12.402649879455566,14.16652774810791,1.1368159200994997e-06,0.5804930329322815,0.007288710214197636,0.9179500937461853,909999,-17.918872833251953
620.2942608393777,1.0,0.0,0.0,40.437681528529126,0.5489329741941396,0.0,0.30877522290004694,3,0.0,634.0037952354178,0.0,0.39999999999999997,216.72585583387527,0.0,,,,,,,,,,,,,,,,,,,,,,,,,,,,,,,,,,,,,,,,,1.1205865371875e-06,-1.042992115020752,0.0072882999666035175,0.9506662487983704,911025,-17.422590255737305
2371.464474731898,0.0,0.0,1.0,44.292696516567105,0.7459781298307323,0.0,1.0,3,0.0,1955.0611397335306,0.0,24.600000000000215,231.9619603613193,0.0,,,,,,,,,,,,,,,,,,,,,,,,,,,,,,,,,,,,,,,,,1.0716459282955e-06,1.9512813091278076,0.007287952583283186,0.8914040327072144,914203,-17.58293342590332
1915.042583728472,0.0,0.0,1.0,44.50889986535307,0.7140352661179985,0.0,1.0,4,0.0,1657.2715713444632,0.0,9.55,404.3726748329351,0.0,,,,,,,,,,,,,,,,,,,,,,,,,,,,,,,,,,,,,,,,,1.0319219708719991e-06,1.2627713680267334,0.007286562118679285,0.6816871166229248,916884,-16.9571475982666
,,,,,,,,,,,,,,,,,,,,,,13.97885799407959,0.23703217506408691,0.20999681949615479,0.023561760783195496,0.30147841572761536,0.3259406089782715,14.928454399108887,19.84944725036621,0.24422183632850647,20.897626876831055,22.158794403076172,0.3861059248447418,0.2123144268989563,0.3759075105190277,22.571985244750977,0.31739842891693115,2.9181034564971924,0.447022408246994,1.5513148307800293,0.2267371416091919,0.3569614589214325,0.05084649473428726,21.573503494262695,0.419606477022171,0.39330554008483887,4.709802150726318,5.291827201843262,0.0803736075758934,1.2873709201812744,23.50246810913086,0.08206594735383987,12.051813125610352,14.016002655029297,9.875639300994998e-07,0.4592616558074951,0.00728622218593955,1.3156380653381348,919999,-16.78792953491211
2351.1867642587567,0.0,0.0,1.0,37.55431443475941,0.5660054800815495,0.0,1.0,4,0.0,2165.7845469817985,0.0,64.99999999999845,538.5405983620617,0.0,,,,,,,,,,,,,,,,,,,,,,,,,,,,,,,,,,,,,,,,,9.732115892154999e-07,-0.03442166745662689,0.007285770494490862,1.012251377105713,921037,-16.157020568847656
,,,,,,,,,,,,,,,0.14990079402923584,1127.92,1140,21,931038,664.41946059,43320,,,,,,,,,,,,,,,,,,,,,,,,,,,,,,,,,,,,,,,
279.090564339408,0.0,0.0,0.0,41.0315145930735,0.667680775931598,0.0,0.15081351689612016,0,1.0,238.02975657768548,0.0,3.149999999999997,29.311536841683132,0.0,,,,,,,,,,,,,,,,,,,,,,,,,,,,,,,,,,,,,,,,,9.675061345419997e-07,0.8620076179504395,0.007285349536687136,0.7001867890357971,921454,-17.780532836914062
1468.2165771675739,1.0,0.0,0.0,41.496617000072405,0.6583930839316474,0.0,0.7130872483221476,5,0.0,1284.946180771105,0.0,9.750000000000004,418.8453425345293,0.0,,,,,,,,,,,,,,,,,,,,,,,,,,,,,,,,,,,,,,,,,9.375954766554992e-07,-2.8910632133483887,0.007284030318260193,0.8225088119506836,923683,-19.217788696289062
385.6222213711941,1.0,0.0,0.0,40.40875292125112,0.615027466301745,0.0,0.1429197720298115,1,0.0,351.5900852140039,0.0,2.9499999999999975,125.43255165671334,0.0,,,,,,,,,,,,,,,,,,,,,,,,,,,,,,,,,,,,,,,,,9.293730943595007e-07,-1.7019222974777222,0.007283838931471109,0.9841204881668091,924309,-15.618490219116211
1278.881008970755,0.0,0.0,0.0,35.786455377215105,0.4835088880796805,0.0,0.7970183486238532,4,1.0,1314.1748475625645,0.0,71.34999999999809,244.54221727462195,0.0,,,,,,,,,,,,,,,,,,,,,,,,,,,,,,,,,,,,,,,,,8.955049587954993e-07,-0.3573833703994751,0.007282311096787453,0.8226976990699768,926953,-17.93738555908203
,,,,,,,,,,,,,,,0.14988945424556732,1125.46,1144,21,936954,657.50231455,43586,,,,,,,,,,,,,,,,,,,,,,,,,,,,,,,,,,,,,,,
153.1541573047553,0.0,0.0,0.0,38.52312075265972,0.5105138576825177,1.0,0.07953976988494248,0,0.0,160.2015238068998,0.0,1.7000000000000008,109.55721465244825,0.0,,,,,,,,,,,,,,,,,,,,,,,,,,,,,,,,,,,,,,,,,8.917624946480002e-07,0.07046374678611755,0.007282213307917118,1.0063509941101074,927252,-17.136394500732422
164.3337969458535,1.0,0.0,0.0,28.046694473521054,0.3717959206919762,0.0,0.11321873147599289,0,0.0,171.96379080065526,0.0,18.55000000000013,0.0,0.0,,,,,,,,,,,,,,,,,,,,,,,,,,,,,,,,,,,,,,,,,8.862751437755001e-07,1.5840383768081665,0.007281901314854622,0.8533353805541992,927693,-16.912445068359375
6.155087498269097,1.0,0.0,0.0,26.531429602847364,0.07157078486359415,0.0,0.014827018121911038,0,0.0,31.471509931143373,0.0,4.249999999999993,0.0,0.0,,,,,,,,,,,,,,,,,,,,,,,,,,,,,,,,,,,,,,,,,8.852219397579999e-07,2.4246864318847656,0.007281859405338764,0.8331655263900757,927778,-17.118061065673828
220.53097150961824,0.0,0.0,0.0,26.20437532713302,0.37001840857318496,0.0,0.14659367396593673,0,1.0,216.64487484120764,0.0,25.850000000000232,0.0,0.0,,,,,,,,,,,,,,,,,,,,,,,,,,,,,,,,,,,,,,,,,8.778897693354998e-07,0.5113052725791931,0.007281699683517218,1.4177565574645996,928373,-17.200653076171875
,,,,,,,,,,,,,,,0.14988726377487183,1088.26,1148,21,938374,626.73071068,43654,,,,,,,,,,,,,,,,,,,,,,,,,,,,,,,,,,,,,,,
42.03993358784139,1.0,0.0,0.0,35.54251252995545,0.2765785104463249,0.0,0.04043545878693624,0,0.0,74.79209733195603,0.0,0.25,32.44378798024557,0.0,,,,,,,,,,,,,,,,,,,,,,,,,,,,,,,,,,,,,,,,,8.760402083119997e-07,-1.594031810760498,0.007281620055437088,1.2728271484375,928524,-17.856409072875977
553.3910525057022,1.0,0.0,0.0,38.00303292053586,0.6253006243002285,0.0,0.23649010165864098,1,0.0,466.9245111886412,0.0,17.050000000000107,50.43247770813411,0.0,,,,,,,,,,,,,,,,,,,,,,,,,,,,,,,,,,,,,,,,,8.653033511679999e-07,-0.9283878207206726,0.007281269412487745,0.8218948841094971,929408,-15.827474594116211
,,,,,,,,,,,,,,,,,,,,,,13.837735176086426,0.23067402839660645,0.19945935904979706,0.022410240024328232,0.3025028705596924,0.31905901432037354,14.750045776367188,20.708219528198242,0.23426777124404907,21.566648483276367,22.409893035888672,0.3818586468696594,0.20213976502418518,0.3641185164451599,23.269287109375,0.3150426745414734,2.8638434410095215,0.4470406174659729,1.5341215133666992,0.2154666781425476,0.3348105251789093,0.04879913479089737,21.36878776550293,0.39880216121673584,0.3965024948120117,4.634324550628662,4.683352470397949,0.06841377913951874,1.2499322891235352,22.91988182067871,0.07896766811609268,11.705543518066406,13.748322486877441,8.582119400994995e-07,1.8767255544662476,0.0072812167927622795,1.2023987770080566,929999,-16.23172950744629
796.0928440435396,1.0,0.0,0.0,44.04136647174209,0.7197946148675765,0.0,0.3294663573085847,0,0.0,676.2644261317328,0.0,8.949999999999992,47.975873513883926,0.0,,,,,,,,,,,,,,,,,,,,,,,,,,,,,,,,,,,,,,,,,8.521009653154995e-07,-0.006646551191806793,0.007280974183231592,1.4122943878173828,930513,-17.519180297851562
-14.766267124734219,1.0,0.0,0.0,20.368614838009186,-0.28396667547565807,0.0,0.007407407407407408,0,0.0,14.516927274875343,0.0,0.0,0.0,0.0,,,,,,,,,,,,,,,,,,,,,,,,,,,,,,,,,,,,,,,,,8.514974905520006e-07,2.1728296279907227,0.007280974183231592,0.9709697961807251,930564,-16.688217163085938
,,,,,,,,,,,,,,,0.14988355338573456,1042.5,1152,21,940565,598.4493285000001,43755,,,,,,,,,,,,,,,,,,,,,,,,,,,,,,,,,,,,,,,
153.90214712813562,0.0,0.0,0.0,40.32929758847134,0.5496505254576273,1.0,0.07349454717875771,0,0.0,156.50874380697496,0.0,0.6,89.0141723843793,0.0,,,,,,,,,,,,,,,,,,,,,,,,,,,,,,,,,,,,,,,,,8.482052895755003e-07,-2.4332988262176514,0.007280717138200998,0.9230127334594727,930843,-16.362136840820312
1269.389745106975,1.0,0.0,0.0,44.86034956430634,0.6990031636051625,0.0,0.44847485572959606,7,0.0,1131.1925028394908,0.0,11.050000000000022,438.72925441739966,0.0,,,,,,,,,,,,,,,,,,,,,,,,,,,,,,,,,,,,,,,,,8.271664439180001e-07,0.24445834755897522,0.007280529942363501,1.4418079853057861,932658,-15.815707206726074
165.8485737459787,1.0,0.0,0.0,41.66364303865964,0.6075039331354531,0.0,0.07894736842105263,0,0.0,157.78258251957595,0.0,1.3500000000000005,0.0,0.0,,,,,,,,,,,,,,,,,,,,,,,,,,,,,,,,,,,,,,,,,8.240699975499994e-07,2.3110880851745605,0.007280467543751001,1.2496628761291504,932930,-16.86719512939453
387.79624060913034,1.0,0.0,0.0,42.43624178928232,0.5736630778241573,0.0,0.15774058577405858,1,0.0,398.1263689091429,0.0,1.2500000000000004,217.72533121094244,0.0,,,,,,,,,,,,,,,,,,,,,,,,,,,,,,,,,,,,,,,,,8.164494044874995e-07,2.308253288269043,0.007280300837010145,1.188678503036499,933605,-16.994537353515625
,,,,,,,,,,,,,,,0.14987780153751373,1052.58,1156,21,943606,608.91957584,43892,,,,,,,,,,,,,,,,,,,,,,,,,,,,,,,,,,,,,,,
181.40313631548585,0.0,0.0,0.0,23.917792200556896,0.319371718865292,0.0,0.12869458128078817,0,1.0,188.41306745400652,0.0,28.100000000000264,0.0,0.0,,,,,,,,,,,,,,,,,,,,,,,,,,,,,,,,,,,,,,,,,8.10118175608e-07,1.760429859161377,0.007280026562511921,1.0031652450561523,934172,-14.834234237670898
2842.2287064524107,0.0,0.0,1.0,40.45393881281446,0.6739930534627486,0.0,1.0,6,0.0,2368.7489914260805,0.0,70.19999999999816,396.4534763422641,0.0,,,,,,,,,,,,,,,,,,,,,,,,,,,,,,,,,,,,,,,,,7.650479551279998e-07,1.0405067205429077,0.007279905024915934,5.608654022216797,938388,-16.300798416137695
,,,,,,,,,,,,,,,,,,,,,,13.439498901367188,0.23433178663253784,0.20469439029693604,0.023902490735054016,0.3015861511230469,0.32340434193611145,14.796907424926758,20.269424438476562,0.2272382527589798,21.443920135498047,21.099695205688477,0.364802747964859,0.19996458292007446,0.39590567350387573,23.329853057861328,0.3190613389015198,2.9113571643829346,0.45989730954170227,1.6064720153808594,0.2201612889766693,0.34814926981925964,0.0503358468413353,22.89864730834961,0.4089217185974121,0.4033610224723816,4.778042316436768,5.044880390167236,0.07506212592124939,1.2644286155700684,23.398902893066406,0.0826098620891571,11.839245796203613,13.143152236938477,7.487599500994996e-07,0.1385737955570221,0.007279623299837112,1.2666573524475098,939999,-16.44583511352539
2162.201495606649,1.0,0.0,0.0,44.881845046063304,0.7270348001367347,0.0,0.8031021111589832,2,0.0,1853.4252507966012,0.0,13.450000000000056,277.6386150053879,0.0,,,,,,,,,,,,,,,,,,,,,,,,,,,,,,,,,,,,,,,,,7.353923559394998e-07,2.042440414428711,0.007279158569872379,3.1425225734710693,941361,-16.477108001708984
997.5133608962894,1.0,0.0,0.0,33.74996451658266,0.5208947054288717,0.0,0.40660334690185435,3,0.0,897.2836169358343,0.0,48.799999999999365,158.2304321302992,0.0,,,,,,,,,,,,,,,,,,,,,,,,,,,,,,,,,,,,,,,,,7.172309496875001e-07,1.706099510192871,0.007278162520378828,1.1905980110168457,943275,-15.480796813964844
,,,,,,,,,,,,,,,0.14986532926559448,1104.2,1160,21,953276,643.30223358,44341,,,,,,,,,,,,,,,,,,,,,,,,,,,,,,,,,,,,,,,
1964.876207307302,0.0,0.0,1.0,45.911587627059355,0.7840687179997214,0.0,1.0,3,0.0,1597.6117081949487,0.0,1.6500000000000008,213.29161743019222,0.0,,,,,,,,,,,,,,,,,,,,,,,,,,,,,,,,,,,,,,,,,6.945631358000003e-07,1.7964110374450684,0.007277072872966528,0.9596757292747498,945780,-16.713212966918945
1683.907039453059,0.0,0.0,1.0,38.68246636916721,0.5828684802537415,0.0,1.0,4,0.0,1551.5654208837077,0.0,48.1999999999994,382.3521602520371,0.0,,,,,,,,,,,,,,,,,,,,,,,,,,,,,,,,,,,,,,,,,6.699792552880003e-07,-0.11807066202163696,0.007275879383087158,1.0910766124725342,948668,-17.816265106201172
,,,,,,,,,,,,,,,,,,,,,,14.438687324523926,0.22129413485527039,0.1886155605316162,0.021621521562337875,0.29641416668891907,0.3142254054546356,14.827106475830078,20.01471519470215,0.23694047331809998,20.879756927490234,21.593544006347656,0.3719026446342468,0.2138342559337616,0.3944184184074402,23.574386596679688,0.30922529101371765,2.636021375656128,0.4623308479785919,1.459945559501648,0.21958665549755096,0.35025814175605774,0.04539983719587326,22.900861740112305,0.40372204780578613,0.40601846575737,4.586398124694824,4.7293806076049805,0.0700412392616272,1.2848167419433594,23.650409698486328,0.07899090647697449,10.95146369934082,13.757322311401367,6.592079600994996e-07,-4.84312629699707,0.007275143638253212,1.3255581855773926,949999,-16.350221633911133
1388.7116591344345,1.0,0.0,0.0,36.5325013725881,0.5647465063580458,0.0,0.6209882832399388,4,0.0,1247.4020189791918,0.0,63.34999999999854,256.88197847818213,0.0,,,,,,,,,,,,,,,,,,,,,,,,,,,,,,,,,,,,,,,,,6.503631936619996e-07,1.8622148036956787,0.007274567615240812,1.377998948097229,951126,-17.861297607421875
1720.5338750619194,0.0,0.0,1.0,41.24588317175283,0.6739263122060005,0.0,1.0,5,0.0,1461.8841761564836,0.0,37.899999999999984,287.597675143135,0.0,,,,,,,,,,,,,,,,,,,,,,,,,,,,,,,,,,,,,,,,,6.312691245579997e-07,0.21546024084091187,0.007272722665220499,0.7070913314819336,953678,-17.18939971923828
,,,,,,,,,,,,,,,0.14985641837120056,1199.13,1164,21,963679,706.77216503,44838,,,,,,,,,,,,,,,,,,,,,,,,,,,,,,,,,,,,,,,
2568.8235805711693,0.0,0.0,0.0,40.712085114857224,0.6477114424032197,0.0,0.9348837209302325,5,1.0,2242.1397884767503,0.0,59.199999999998774,312.6296947520886,0.0,,,,,,,,,,,,,,,,,,,,,,,,,,,,,,,,,,,,,,,,,6.041740571754998e-07,1.1832250356674194,0.00726965069770813,1.0752336978912354,957643,-17.52023696899414
175.48619336617654,0.0,0.0,0.0,40.47861047723502,0.49854032206300153,1.0,0.0845749342681858,0,0.0,197.59298561699688,0.0,0.8000000000000002,95.35463631715982,0.0,,,,,,,,,,,,,,,,,,,,,,,,,,,,,,,,,,,,,,,,,6.019262115819998e-07,-0.7476340532302856,0.007269346155226231,0.8442055583000183,957994,-17.574981689453125
276.03800649313564,1.0,0.0,0.0,43.473334402750616,0.5811326452487066,0.0,0.12167952013710369,1,0.0,286.57781054242514,0.0,3.649999999999995,163.17482412264292,0.0,,,,,,,,,,,,,,,,,,,,,,,,,,,,,,,,,,,,,,,,,5.98929568888e-07,-0.3483838438987732,0.007268697489053011,0.8594269156455994,958468,-17.818666458129883
151.4998798579677,1.0,0.0,0.0,34.72328358836219,0.41966725722428727,0.0,0.07557354925775979,0,0.0,173.79168949183077,0.0,0.0,110.77146191706952,0.0,,,,,,,,,,,,,,,,,,,,,,,,,,,,,,,,,,,,,,,,,5.966835116079999e-07,0.6913446187973022,0.007268486078828573,0.8045521974563599,958828,-17.93329429626465
,,,,,,,,,,,,,,,0.14985264837741852,1218.28,1168,21,968829,716.99921715,45071,,,,,,,,,,,,,,,,,,,,,,,,,,,,,,,,,,,,,,,
,,,,,,,,,,,,,,,,,,,,,,13.997149467468262,0.22380711138248444,0.17912250757217407,0.022996269166469574,0.2947502136230469,0.3197130262851715,14.481793403625488,20.164052963256836,0.24495398998260498,20.61214256286621,20.854808807373047,0.3637360632419586,0.204604834318161,0.4074094891548157,23.489486694335938,0.3013002276420593,2.823951244354248,0.46747034788131714,1.573189616203308,0.21168917417526245,0.3475111126899719,0.04925353080034256,23.358823776245117,0.3965894281864166,0.40968841314315796,5.158505916595459,5.398205280303955,0.07890884578227997,1.2404544353485107,23.77345848083496,0.08997132629156113,10.269989013671875,14.044438362121582,5.895559700995003e-07,1.4241085052490234,0.0072674741968512535,1.6100151538848877,959999,-16.692546844482422
2423.1173679095396,0.0,0.0,1.0,41.49277242270324,0.6893648272857865,0.0,1.0,5,0.0,2025.1054638307542,0.0,36.25000000000008,398.0523646753587,0.0,,,,,,,,,,,,,,,,,,,,,,,,,,,,,,,,,,,,,,,,,5.761140139179998e-07,0.9684560298919678,0.007265055552124977,1.0376808643341064,962342,-16.175384521484375
2269.636212124222,1.0,0.0,0.0,44.057528646447494,0.6503255622132441,0.0,0.9516778523489933,7,0.0,2135.2145661395043,0.0,2.499999999999999,470.4100496215153,0.0,,,,,,,,,,,,,,,,,,,,,,,,,,,,,,,,,,,,,,,,,5.581219858195e-07,0.27771997451782227,0.007260757964104414,0.9012552499771118,965831,-17.697887420654297
272.1913683884048,1.0,0.0,0.0,24.483384136160176,0.31001294805057494,0.0,0.19137625516834023,0,0.0,298.16215337999165,0.0,35.950000000000095,54.59761705512974,0.0,,,,,,,,,,,,,,,,,,,,,,,,,,,,,,,,,,,,,,,,,5.539804677679999e-07,-2.0034971237182617,0.007259837351739407,0.8469511270523071,966708,-18.164813995361328
,,,,,,,,,,,,,,,,,,,,,,14.028026580810547,0.23801679909229279,0.20197580754756927,0.021546445786952972,0.2970748543739319,0.31491464376449585,15.047834396362305,19.97016143798828,0.23218603432178497,20.852073669433594,19.72581672668457,0.3471794128417969,0.20868003368377686,0.41507428884506226,24.1763858795166,0.31019410490989685,2.781223773956299,0.4855960011482239,1.4484093189239502,0.22385062277317047,0.3540855050086975,0.048950254917144775,23.58342170715332,0.40329480171203613,0.42551061511039734,5.065219402313232,4.8509297370910645,0.07216212153434753,1.2806479930877686,23.802568435668945,0.08914916217327118,11.475730895996094,13.192195892333984,5.398039800995002e-07,-0.3802168667316437,0.00725590530782938,0.8997435569763184,969999,-18.623428344726562
2449.2416197046996,0.0,0.0,1.0,41.45613489898414,0.6431831984518643,0.0,1.0,3,0.0,2191.9858659245074,0.0,50.59999999999926,335.71412157163667,0.0,,,,,,,,,,,,,,,,,,,,,,,,,,,,,,,,,,,,,,,,,5.377766898874999e-07,-1.0055354833602905,0.007255078759044409,0.7557871341705322,970515,-18.756336212158203
,,,,,,,,,,,,,,,0.14984634518623352,1301.15,1172,21,980516,773.6834064099999,45605,,,,,,,,,,,,,,,,,,,,,,,,,,,,,,,,,,,,,,,
450.55238464701256,1.0,0.0,0.0,38.508481682483904,0.4924069777562979,0.0,0.27340823970037453,1,0.0,489.003387815319,0.0,2.4499999999999993,208.41239958155813,0.0,,,,,,,,,,,,,,,,,,,,,,,,,,,,,,,,,,,,,,,,,5.343157630795e-07,-1.6396286487579346,0.007253868039697409,0.8771908283233643,971429,-17.019813537597656
31.748185406897168,0.0,0.0,0.0,29.020676432168802,0.28346594113301044,1.0,0.022066198595787363,0,0.0,44.907360398210585,0.0,0.9000000000000002,14.750329951318225,0.0,,,,,,,,,,,,,,,,,,,,,,,,,,,,,,,,,,,,,,,,,5.339067742000001e-07,-2.23150897026062,0.007253746967762709,1.142430305480957,971540,-17.822010040283203
180.6871786068331,1.0,0.0,0.0,30.018645132110503,0.3031664070584448,0.0,0.17410714285714285,0,0.0,248.22960091847926,0.0,12.650000000000045,40.187994569576674,0.0,,,,,,,,,,,,,,,,,,,,,,,,,,,,,,,,,,,,,,,,,5.317562433875e-07,-1.362175703048706,0.007253103889524937,0.9487289190292358,972135,-18.514923095703125
524.9933063393659,1.0,0.0,0.0,40.70138308182413,0.5972620094873332,0.0,0.25998003992015967,2,0.0,496.4258891735226,0.0,4.499999999999992,173.80266510849302,0.0,,,,,,,,,,,,,,,,,,,,,,,,,,,,,,,,,,,,,,,,,5.287115378154999e-07,-1.2811070680618286,0.007251976523548365,14.037689208984375,973013,-16.928035736083984
,,,,,,,,,,,,,,,0.14984460175037384,1287.15,1176,21,983014,766.6985577899999,45731,,,,,,,,,,,,,,,,,,,,,,,,,,,,,,,,,,,,,,,
68.04103967215084,1.0,0.0,0.0,34.717250474819025,0.36978825908777635,0.0,0.0380057212913772,0,0.0,88.51146559882909,0.0,0.5499999999999999,3.779714170374383,0.0,,,,,,,,,,,,,,,,,,,,,,,,,,,,,,,,,,,,,,,,,5.280962543920001e-07,1.393556833267212,0.007251654751598835,0.8093112707138062,973196,-16.971782684326172
952.5037898169244,1.0,0.0,0.0,43.47107792685398,0.6637657071894943,0.0,0.39902135231316727,3,0.0,865.9413687596098,0.0,4.149999999999993,244.47656852522726,0.0,,,,,,,,,,,,,,,,,,,,,,,,,,,,,,,,,,,,,,,,,5.235055715499999e-07,-2.952667474746704,0.0072496007196605206,1.1656444072723389,974630,-17.347904205322266
164.99320851606643,1.0,0.0,0.0,32.87954018427566,0.28496236358560695,0.0,0.13013382556529765,1,0.0,264.11336218751967,0.0,0.0,248.97771052446885,0.0,,,,,,,,,,,,,,,,,,,,,,,,,,,,,,,,,,,,,,,,,5.21770924768e-07,0.7912180423736572,0.007248629815876484,1.3694871664047241,975208,-16.3115291595459
12.238206482977226,1.0,0.0,0.0,22.659830248582743,0.09949761368274168,0.0,0.019766397124887692,0,0.0,38.50849109282717,0.0,6.099999999999986,0.0,0.0,,,,,,,,,,,,,,,,,,,,,,,,,,,,,,,,,,,,,,,,,5.214132855499999e-07,-1.4093549251556396,0.007248353213071823,1.0290000438690186,975330,-17.25741195678711
,,,,,,,,,,,,,,,0.14984217286109924,1266.17,1180,21,985331,755.1893727600001,45844,,,,,,,,,,,,,,,,,,,,,,,,,,,,,,,,,,,,,,,
579.3069879730753,1.0,0.0,0.0,28.156745676139224,0.4167676172468167,0.0,0.314396028681743,1,0.0,543.3027879968286,0.0,49.849999999999305,50.91364454537554,0.0,,,,,,,,,,,,,,,,,,,,,,,,,,,,,,,,,,,,,,,,,5.175503036195e-07,-1.3738337755203247,0.007246728986501694,1.156000018119812,976719,-17.02896499633789
673.530284850924,0.0,0.0,0.0,43.769596874837646,0.666202062167086,0.0,0.32142857142857145,2,1.0,614.4007016215473,0.0,10.90000000000002,130.54839890425444,0.0,,,,,,,,,,,,,,,,,,,,,,,,,,,,,,,,,,,,,,,,,5.149824553795e-07,-0.26273787021636963,0.007245765067636967,1.0523983240127563,977729,-16.374618530273438
222.91634086161588,1.0,0.0,0.0,34.78217935250289,0.48250290229786985,0.0,0.15569620253164557,0,0.0,222.97036152891815,0.0,0.9000000000000002,77.99132531640669,0.0,,,,,,,,,,,,,,,,,,,,,,,,,,,,,,,,,,,,,,,,,5.138778719499999e-07,-1.8038811683654785,0.007245084270834923,0.8282595872879028,978190,-17.584108352661133
70.28549740514833,0.0,0.0,0.0,34.596612558001304,0.204913986603931,1.0,0.06846473029045644,1,0.0,164.62135197035968,0.0,2.6999999999999984,118.95438354328792,0.0,,,,,,,,,,,,,,,,,,,,,,,,,,,,,,,,,,,,,,,,,5.130857448880001e-07,-0.7947816848754883,0.0072447978891432285,1.3744585514068604,978532,-16.356473922729492
,,,,,,,,,,,,,,,0.14983955025672913,1224.77,1184,21,988533,729.4519443899999,45990,,,,,,,,,,,,,,,,,,,,,,,,,,,,,,,,,,,,,,,
151.79175256654545,1.0,0.0,0.0,27.77440820630011,0.29246965812436504,0.0,0.11169931180518793,0,0.0,199.84808264113963,0.0,16.200000000000095,66.78546378360883,0.0,,,,,,,,,,,,,,,,,,,,,,,,,,,,,,,,,,,,,,,,,5.119302987500001e-07,-0.7228797674179077,0.007244120817631483,1.2865697145462036,979050,-15.901779174804688
,,,,,,,,,,,,,,,,,,,,,,13.860445022583008,0.23504823446273804,0.20028194785118103,0.02370767667889595,0.31175893545150757,0.3308808207511902,14.237792015075684,20.93793487548828,0.2324715554714203,20.64368438720703,18.858556747436523,0.3344591557979584,0.20637744665145874,0.42616796493530273,24.70961570739746,0.3073776364326477,3.0573065280914307,0.49628376960754395,1.5922231674194336,0.21199601888656616,0.3522295355796814,0.054221756756305695,24.02958106994629,0.39579588174819946,0.4382284879684448,4.94403076171875,5.0719451904296875,0.07551958411931992,1.1961886882781982,23.655967712402344,0.08768307417631149,11.292943954467773,13.107962608337402,5.099519900995e-07,1.314275860786438,0.007243139669299126,1.115226149559021,979999,-16.509498596191406
1145.6597024207354,1.0,0.0,0.0,34.546361693446215,0.43694115271576484,0.0,0.5596745027124774,3,0.0,1257.6695208717138,0.0,50.79999999999925,303.72308901477777,0.0,,,,,,,,,,,,,,,,,,,,,,,,,,,,,,,,,,,,,,,,,5.069025379795001e-07,0.0037995725870132446,0.0072412192821502686,1.3782155513763428,981671,-15.678215026855469
2364.671638178624,0.0,0.0,1.0,39.732763577473996,0.6053946846335443,0.0,1.0,7,0.0,2154.8074343288317,0.0,73.09999999999799,589.056203591703,0.0,,,,,,,,,,,,,,,,,,,,,,,,,,,,,,,,,,,,,,,,,5.01947391712e-07,-0.10374123603105545,0.007237584795802832,1.175295114517212,985576,-14.050793647766113
854.9438547182206,1.0,0.0,0.0,39.92798610257633,0.6111106895769982,0.0,0.4630459126539754,3,0.0,775.4331793519668,0.0,33.35000000000024,168.93170048428976,0.0,,,,,,,,,,,,,,,,,,,,,,,,,,,,,,,,,,,,,,,,,5.009110892619999e-07,-8.082090377807617,0.007236638572067022,1.180963397026062,986974,-14.805505752563477
,,,,,,,,,,,,,,,0.1498301923274994,1289.24,1188,21,996975,762.90381508,46388,,,,,,,,,,,,,,,,,,,,,,,,,,,,,,,,,,,,,,,
,,,,,,,,,,,,,,,,,,,,,,13.946964263916016,0.21415722370147705,0.1866254210472107,0.022517964243888855,0.29960501194000244,0.3196122348308563,15.74756908416748,20.44300651550293,0.2235824465751648,20.201683044433594,19.641361236572266,0.34224778413772583,0.20440144836902618,0.4323791265487671,24.427387237548828,0.2960682511329651,2.899482250213623,0.49870795011520386,1.5364726781845093,0.23079043626785278,0.33653807640075684,0.05052304267883301,24.813936233520508,0.38895609974861145,0.42564356327056885,4.676284313201904,5.161227703094482,0.07564100623130798,1.216962456703186,22.96306800842285,0.08148355036973953,10.710302352905273,12.831239700317383,5.000000000995e-07,1.5144835710525513,0.007234327495098114,1.7635703086853027,989999,-12.28696346282959
