train/actor_loss,train/ent_coef,train/critic_loss,custom/overtake_reward,train/n_updates,custom/blocked_time,terminal/off_track,custom/total_distance,custom/mean_reward,terminal/solid_line,custom/overtakes,train/ent_coef_loss,terminal/route_done,terminal/stopped,custom/avg_speed,train/learning_rate,custom/total_reward,terminal/collision_vehicle,terminal/collision_other,custom/routes_completed,terminal/too_fast,time/time_elapsed,time/fps,train/std,time/episodes,rollout/ep_len_mean,rollout/ep_rew_mean,time/total_timesteps,attention/throttle/waypoints,attention/steer/prev_action,attention/steer_share/next_angle,attention/steer_share/prev_action,attention/throttle/cam,attention/steer/cam,attention/steer/speed,attention/throttle_share/waypoints,attention/steer_share/maneuver,attention/throttle_share/cam,attention/throttle_share/next_angle,attention/steer/route,attention/throttle_share/lidar,attention/throttle_share/prev_action,attention/throttle/sensors,attention/throttle/next_angle,attention/throttle_share/speed,attention/steer_share/cam,attention/throttle/maneuver,attention/steer_share/speed,attention/throttle/lidar,attention/steer_share/waypoints,attention/steer_share/lidar,attention/steer/waypoints,attention/steer_sensors_vs_route,attention/throttle_share/maneuver,attention/steer/lidar,attention/steer/next_angle,attention/steer/maneuver,attention/steer/sensors,attention/throttle/route,attention/throttle/speed,attention/throttle/prev_action
-25.345216751098633,0.010199390351772308,0.14586424827575684,70.40882664874675,203019,0.0,0.0,97.72512871120125,0.32721244059535975,0.0,0,5.250781536102295,0.0,0.0,39.94787966603936,9.957744212222425e-05,57.916601985378676,0.0,0.0,0.048167539267015703,1.0,,,,,,,,,,,,,,,,,,,,,,,,,,,,,,,,,,,,,,,,
-23.123977661132812,0.010257430374622345,0.45633625984191895,0.0,203076,0.0,0.0,19.9656805829145,-0.21237320943167398,0.0,0,5.4459428787231445,0.0,0.0,25.08576433354058,9.957732917377476e-05,-12.317646147037092,1.0,0.0,0.012832263978001834,0.0,,,,,,,,,,,,,,,,,,,,,,,,,,,,,,,,,,,,,,,,
-20.124713897705078,0.010334090329706669,0.33342719078063965,0.0,203132,0.0,0.0,15.036617619916797,-0.4224264228689023,0.0,0,4.784187316894531,0.0,0.0,19.14455339498681,9.95772182069397e-05,-24.07830610352743,1.0,0.0,0.007045171985080812,0.0,,,,,,,,,,,,,,,,,,,,,,,,,,,,,,,,,,,,,,,,
-17.19476890563965,0.010436702519655228,0.6779778599739075,0.0,203208,0.0,1.0,22.64682173077017,0.06427528922607743,0.0,0,4.17150354385376,0.0,0.0,21.381978245294455,9.957706760919155e-05,4.9491972704079625,0.0,0.0,0.011381272633212623,0.0,,,,,,,,,,,,,,,,,,,,,,,,,,,,,,,,,,,,,,,,
,,,,,,,,,,,,,,,,,,,,,20,17,0.18432892858982086,508,784.34,227.66985461000002,213209,,,,,,,,,,,,,,,,,,,,,,,,,,,,,,,,,
-16.564746856689453,0.010744164697825909,0.04596434906125069,26.14230354169837,203531,3.649999999999995,1.0,161.99496724177152,0.15170056413202104,0.0,0,3.5342397689819336,0.0,0.0,36.05399933083854,9.95764275700387e-05,49.15098277877482,0.0,0.0,0.07108591365023986,0.0,,,,,,,,,,,,,,,,,,,,,,,,,,,,,,,,,,,,,,,,
-16.036502838134766,0.011123132891952991,0.09258511662483215,148.3512557429022,204403,5.299999999999989,0.0,477.3032252420671,0.22377817430597877,0.0,1,0.6757307052612305,0.0,0.0,39.3956479109438,9.95746996728049e-05,195.35834616911947,1.0,0.0,0.2789267747344885,0.0,,,,,,,,,,,,,,,,,,,,,,,,,,,,,,,,,,,,,,,,
-18.960067749023438,0.010973459109663963,0.04254447668790817,376.7029712678449,208491,71.94999999999806,0.0,1925.3403607504442,0.3802233487872671,0.0,4,1.7832050323486328,1.0,0.0,33.91788233572502,9.956659936464952e-05,1554.7332731911351,0.0,0.0,1.0,0.0,,,,,,,,,,,,,,,,,,,,,,,,,,,,,,,,,,,,,,,,
-19.977317810058594,0.010536380112171173,0.026311293244361877,399.21038305010615,209681,9.950000000000006,0.0,675.687409395352,0.4832797620141482,0.0,3,0.2416042685508728,0.0,0.0,40.869010435254715,9.956424146046341e-05,575.5861965588505,1.0,0.0,0.26869455006337134,0.0,,,,,,,,,,,,,,,,,,,,,,,,,,,,,,,,,,,,,,,,
,,,,,,,,,,,,,,,,,,,,,356,19,0.18399886786937714,512,799.57,238.64232314,219682,,,,,,,,,,,,,,,,,,,,,,,,,,,,,,,,,
-19.605728149414062,0.010427708737552166,0.06100385636091232,,209999,,,,,,,-1.8267158269882202,,,,9.956361136981025e-05,,,,,,,,,,,,,0.053055405616760254,0.3224649727344513,1.0571690797805786,16.26786231994629,0.4224882125854492,0.604017972946167,0.147054523229599,4.844843864440918,6.711896896362305,38.580223083496094,0.49467918276786804,0.4321019649505615,19.845684051513672,11.674832344055176,0.4651550054550171,0.005417183041572571,18.765108108520508,30.471776962280273,0.06345649063587189,7.418674468994141,0.21732813119888306,19.955381393432617,18.117237091064453,0.39555978775024414,1.6028250455856323,5.794636249542236,0.35912367701530457,0.02095542661845684,0.13304463028907776,0.6925838589668274,0.10123036056756973,0.20549483597278595,0.12784993648529053
-20.98095703125,0.010257723741233349,0.027447812259197235,14.850531400342938,210472,29.80000000000029,0.0,271.6216115585994,0.389984441135077,0.0,0,-0.10707226395606995,0.0,0.0,24.72535234345484,9.956267416320609e-05,308.867677378981,1.0,0.0,0.1684567552289429,0.0,,,,,,,,,,,,,,,,,,,,,,,,,,,,,,,,,,,,,,,,
-20.62462615966797,0.010164433158934116,0.11469873785972595,62.99989606917355,210685,2.000000000000001,0.0,116.63599273189902,0.20438000927815514,0.0,0,-2.9454152584075928,0.0,0.0,39.30906379392603,9.956225212447049e-05,43.7373219855252,1.0,0.0,0.0762656147271532,0.0,,,,,,,,,,,,,,,,,,,,,,,,,,,,,,,,,,,,,,,,
-19.082138061523438,0.010131065733730793,0.053183719515800476,3.5015406229097303,210807,1.1500000000000004,1.0,46.787089911522344,0.299563806653887,0.0,0,1.639617919921875,0.0,0.0,27.582033674509105,9.956201039376867e-05,36.8463482184281,0.0,0.0,0.02494802494802495,0.0,,,,,,,,,,,,,,,,,,,,,,,,,,,,,,,,,,,,,,,,
-19.431785583496094,0.01011766865849495,0.2364187389612198,14.959792393205987,210887,0.0,1.0,32.07015814539045,0.22969490910905097,0.0,0,0.7586092352867126,0.0,0.0,28.761995219129364,9.956185188199315e-05,18.60528763783313,0.0,0.0,0.018422567645365574,0.0,,,,,,,,,,,,,,,,,,,,,,,,,,,,,,,,,,,,,,,,
,,,,,,,,,,,,,,,,,,,,,419,19,0.1839132457971573,516,785.72,235.26488095000002,220888,,,,,,,,,,,,,,,,,,,,,,,,,,,,,,,,,
-17.664949417114258,0.010083102621138096,0.09187041223049164,2.6567755089229164,211015,0.8000000000000002,0.0,68.86315755639225,0.05001948051430298,0.0,0,0.4885406196117401,0.0,0.0,38.544411929157384,9.95615982634161e-05,6.452512986345084,1.0,0.0,0.028918692372170998,0.0,,,,,,,,,,,,,,,,,,,,,,,,,,,,,,,,,,,,,,,,
-20.687103271484375,0.00928995106369257,0.043617621064186096,258.906948487335,213846,50.84999999999925,1.0,1357.0392147633247,0.4241324903296263,0.0,3,-1.3843021392822266,0.0,0.0,34.520556469350566,9.955598901679089e-05,1201.1432126135016,0.0,0.0,0.787828947368421,0.0,,,,,,,,,,,,,,,,,,,,,,,,,,,,,,,,,,,,,,,,
-21.367238998413086,0.009280958212912083,0.056788504123687744,19.243987214573973,213919,0.0,1.0,25.594555486924946,0.16270458805213966,0.0,0,1.3065320253372192,0.0,0.0,25.17568681733927,9.95558443791867e-05,12.040139515858336,0.0,0.0,0.01157943492357573,0.0,,,,,,,,,,,,,,,,,,,,,,,,,,,,,,,,,,,,,,,,
-20.886816024780273,0.00919201411306858,0.043540894985198975,41.77047548605902,214475,1.850000000000001,0.0,294.7028985610232,0.11640906963977918,1.0,0,-2.1813602447509766,0.0,0.0,38.13478778287025,9.95547427592553e-05,64.839851789357,0.0,0.0,0.13172804532577903,0.0,,,,,,,,,,,,,,,,,,,,,,,,,,,,,,,,,,,,,,,,
,,,,,,,,,,,,,,,,,,,,,605,19,0.18313656747341156,520,771.87,234.65287129,224476,,,,,,,,,,,,,,,,,,,,,,,,,,,,,,,,,
-20.282703399658203,0.009132430888712406,0.050868913531303406,72.67442096700293,214921,2.1500000000000004,1.0,243.10513402987272,0.25166445866560294,0.0,1,-4.512619495391846,0.0,0.0,39.210434488909264,9.955385909014093e-05,112.49401302352452,0.0,0.0,0.1201281366791244,0.0,,,,,,,,,,,,,,,,,,,,,,,,,,,,,,,,,,,,,,,,
-20.205806732177734,0.009122111834585667,0.056996144354343414,207.49411004260946,215971,7.649999999999981,0.0,525.8306569028646,0.3553021638088549,0.0,2,0.607977032661438,0.0,0.0,36.049798388394294,9.955177871877558e-05,373.42257416310645,1.0,0.0,0.2526077097505669,0.0,,,,,,,,,,,,,,,,,,,,,,,,,,,,,,,,,,,,,,,,
-20.673599243164062,0.009122281335294247,0.1100820004940033,0.0,216031,2.9999999999999973,0.0,18.103249419480562,-0.24650362917118387,1.0,0,-0.33855095505714417,0.0,0.0,21.67631879406502,9.955165984107172e-05,-15.036721379442216,0.0,0.0,0.007940008822232024,0.0,,,,,,,,,,,,,,,,,,,,,,,,,,,,,,,,,,,,,,,,
-20.52766227722168,0.009166176430881023,0.07707788795232773,117.61359045041968,216926,22.10000000000018,1.0,378.15974377654493,0.43456478252297215,0.0,0,2.611346483230591,0.0,0.0,30.409913184979775,9.954988659045735e-05,389.37004514058304,0.0,0.0,0.23387096774193547,0.0,,,,,,,,,,,,,,,,,,,,,,,,,,,,,,,,,,,,,,,,
,,,,,,,,,,,,,,,,,,,,,726,19,0.1824749857187271,524,787.36,241.1813934,226927,,,,,,,,,,,,,,,,,,,,,,,,,,,,,,,,,
-21.499271392822266,0.009268412366509438,0.07819291204214096,195.26653317015314,217785,4.049999999999994,0.0,453.811756846495,0.3606863663676281,0.0,0,0.3981828987598419,0.0,0.0,38.02995085435051,9.954818468105254e-05,310.19027507616016,1.0,0.0,0.1868227134807109,0.0,,,,,,,,,,,,,,,,,,,,,,,,,,,,,,,,,,,,,,,,
-20.047740936279297,0.009319726377725601,0.1507624387741089,174.29884265757642,218340,5.599999999999988,0.0,301.94259955058806,0.42284761876161386,0.0,2,0.36232396960258484,0.0,0.0,39.139868033383266,9.954708508496334e-05,235.1032760314573,1.0,0.0,0.1400987876066457,0.0,,,,,,,,,,,,,,,,,,,,,,,,,,,,,,,,,,,,,,,,
-19.062414169311523,0.009488925337791443,0.1193092092871666,110.79451036372943,219476,22.15000000000018,0.0,541.7139141894877,0.34384152559925013,0.0,1,0.4641169309616089,0.0,0.0,34.32281503539696,9.95448343992079e-05,390.9478146063474,1.0,0.0,0.24038906901343216,0.0,,,,,,,,,,,,,,,,,,,,,,,,,,,,,,,,,,,,,,,,
-20.513004302978516,0.009582459926605225,0.06834375113248825,,219999,,,,,,,0.49467045068740845,,,,9.95437982206125e-05,,,,,,,,,,,,,0.0603455975651741,0.32708293199539185,1.0286335945129395,15.847529411315918,0.4120747148990631,0.6322769522666931,0.13240593671798706,5.319466590881348,7.605546474456787,36.32440185546875,0.6691498160362244,0.44190502166748047,18.303081512451172,12.41066837310791,0.44965454936027527,0.007591032423079014,21.10199546813965,30.6345157623291,0.06660514324903488,6.4152140617370605,0.2076355516910553,18.63004493713379,19.838518142700195,0.3845122754573822,1.6846541166305542,5.871245861053467,0.40945443511009216,0.021230343729257584,0.15697364509105682,0.7444571256637573,0.1094140112400055,0.23938724398612976,0.14079028367996216
-20.75615119934082,0.009618069976568222,0.06013859063386917,269.9328696279663,220762,1.3500000000000005,0.0,545.0521080251783,0.3574347497697586,0.0,3,0.1151825487613678,0.0,0.0,30.512063387893082,9.954228655869304e-05,460.0185229536793,1.0,0.0,0.3375074537865236,0.0,,,,,,,,,,,,,,,,,,,,,,,,,,,,,,,,,,,,,,,,
,,,,,,,,,,,,,,,,,,,,,929,19,0.18172810971736908,528,794.4,245.76338504,230763,,,,,,,,,,,,,,,,,,,,,,,,,,,,,,,,,
-21.165569305419922,0.009619680233299732,0.06146993860602379,32.33489881646769,221200,2.25,0.0,250.40652938722633,0.31405138764586593,0.0,0,0.26035934686660767,0.0,0.0,41.12883888942336,9.954141879467724e-05,137.86855917653514,1.0,0.0,0.16005121638924455,0.0,,,,,,,,,,,,,,,,,,,,,,,,,,,,,,,,,,,,,,,,
-21.47536849975586,0.009618336334824562,0.11359992623329163,15.794019888361055,221272,1.3000000000000005,1.0,24.66043019015342,0.15403128116834386,0.0,0,0.6219469308853149,0.0,0.0,24.603781841008537,9.954127614890146e-05,11.244283525289102,0.0,0.0,0.010950503723171266,0.0,,,,,,,,,,,,,,,,,,,,,,,,,,,,,,,,,,,,,,,,
-20.774141311645508,0.00953021552413702,0.10007501393556595,403.4951706811737,225326,113.89999999999567,0.0,1696.8407001411542,0.4729209905471257,0.0,5,0.5830644369125366,1.0,0.0,30.14357679843055,9.953324456497454e-05,1917.6946166685948,0.0,0.0,1.0,0.0,,,,,,,,,,,,,,,,,,,,,,,,,,,,,,,,,,,,,,,,
-22.61740493774414,0.009376694448292255,0.054525308310985565,128.4938777885135,226909,47.399999999999444,0.0,621.7184524871409,0.4521020278152441,0.0,1,-2.0561110973358154,0.0,0.0,28.282199343724344,9.953010849222195e-05,716.1296120593466,1.0,0.0,0.4316069057104914,0.0,,,,,,,,,,,,,,,,,,,,,,,,,,,,,,,,,,,,,,,,
,,,,,,,,,,,,,,,,,,,,,1245,19,0.1806255429983139,532,836.58,267.82737419,236910,,,,,,,,,,,,,,,,,,,,,,,,,,,,,,,,,
-21.617183685302734,0.009318295866250992,0.06712508201599121,201.1712364971804,227514,4.149999999999993,0.0,344.2842145813629,0.4359191641931172,0.0,1,0.4575958251953125,0.0,0.0,40.94951329795655,9.952890994310397e-05,264.16701350102903,1.0,0.0,0.13767803193785066,0.0,,,,,,,,,,,,,,,,,,,,,,,,,,,,,,,,,,,,,,,,
-22.839643478393555,0.009309409186244011,0.09541307389736176,14.743580721323946,227604,1.800000000000001,1.0,35.514549870276824,0.18148428729839403,0.0,0,1.2361797094345093,0.0,0.0,28.301650824171286,9.952873164716069e-05,16.515070144153857,0.0,0.0,0.016047684548372305,0.0,,,,,,,,,,,,,,,,,,,,,,,,,,,,,,,,,,,,,,,,
-21.98774528503418,0.009302690625190735,0.13261927664279938,5.224699162908086,227650,0.0,1.0,11.184102785773575,-0.03769181903767458,0.0,0,0.35997647047042847,0.0,0.0,17.5050861042033,9.952864051818501e-05,-1.7715154947707052,0.0,0.0,0.0048672566371681415,0.0,,,,,,,,,,,,,,,,,,,,,,,,,,,,,,,,,,,,,,,,
-21.81388282775879,0.00928326416760683,0.11218680441379547,21.192331888362165,227800,1.850000000000001,1.0,53.39453241485171,0.26863211419627,0.0,0,0.2659071683883667,0.0,0.0,25.562440193444278,9.952834335877295e-05,40.56344924363677,0.0,0.0,0.026328620185275476,0.0,,,,,,,,,,,,,,,,,,,,,,,,,,,,,,,,,,,,,,,,
,,,,,,,,,,,,,,,,,,,,,1290,19,0.1804826855659485,536,809.53,260.91760466,237801,,,,,,,,,,,,,,,,,,,,,,,,,,,,,,,,,
-22.071231842041016,0.009268535301089287,0.0895598828792572,131.70115620670558,228446,10.85000000000002,0.0,336.70519697573036,0.3878279436340724,0.0,2,0.412217378616333,0.0,0.0,37.499290606819365,9.952706359733314e-05,250.92467953124486,1.0,0.0,0.21173020527859238,0.0,,,,,,,,,,,,,,,,,,,,,,,,,,,,,,,,,,,,,,,,
-21.367887496948242,0.009242266416549683,0.10164543986320496,22.65457605131262,228542,2.000000000000001,1.0,31.188372731907293,0.10855656012468753,0.0,0,1.2906233072280884,0.0,0.0,23.388260886114058,9.952687341677228e-05,10.52998633209469,0.0,0.0,0.013568521031207599,0.0,,,,,,,,,,,,,,,,,,,,,,,,,,,,,,,,,,,,,,,,
-20.90041732788086,0.009224594570696354,0.13838359713554382,13.431621439871064,228702,0.9000000000000002,1.0,78.21937290392816,0.23946972462895225,0.0,0,1.6372923851013184,0.0,0.0,35.09890064671651,9.95265564495767e-05,38.55462566526131,0.0,0.0,0.037231503579952266,0.0,,,,,,,,,,,,,,,,,,,,,,,,,,,,,,,,,,,,,,,,
-22.07036781311035,0.009228426031768322,0.12057521939277649,0.0,229139,0.0,0.0,249.97446312662214,0.2835454606386908,0.0,0,-0.7517423629760742,0.0,0.0,41.141141405408256,9.952569073550858e-05,124.19291175974658,1.0,0.0,0.14654161781946073,0.0,,,,,,,,,,,,,,,,,,,,,,,,,,,,,,,,,,,,,,,,
,,,,,,,,,,,,,,,,,,,,,1363,19,0.18004250526428223,540,795.73,255.59548576,239140,,,,,,,,,,,,,,,,,,,,,,,,,,,,,,,,,
-21.530284881591797,0.009230961091816425,0.1332891881465912,60.502550204128596,229336,0.0,0.0,98.03688498586416,0.3912765499777601,0.0,1,1.4739466905593872,0.0,0.0,35.765088164773594,9.95253004720517e-05,77.4727568955965,1.0,0.0,0.04911392405063291,0.0,,,,,,,,,,,,,,,,,,,,,,,,,,,,,,,,,,,,,,,,
-21.906238555908203,0.009224898181855679,0.18523505330085754,22.95808798454637,229412,0.0,0.0,30.29636261239648,-0.041927230666972695,0.0,0,-3.4217138290405273,0.0,0.0,28.51050468079285,9.95251499137663e-05,-3.2283967613568976,1.0,0.0,0.011051985264019648,0.0,,,,,,,,,,,,,,,,,,,,,,,,,,,,,,,,,,,,,,,,
-20.658855438232422,0.009226441383361816,0.12870407104492188,29.72071466107233,229630,3.349999999999996,0.0,110.03970021381974,0.17777902825529096,0.0,0,-1.6764655113220215,0.0,0.0,36.28531681575907,9.95247180498458e-05,38.93360718790872,1.0,0.0,0.0565410199556541,0.0,,,,,,,,,,,,,,,,,,,,,,,,,,,,,,,,,,,,,,,,
-20.983776092529297,0.00924160610884428,0.11074958741664886,47.338839886698544,229939,5.449999999999989,0.0,161.78470467962325,0.2660075497714075,0.0,1,0.3484008312225342,0.0,0.0,37.64397662864901,9.952410591406733e-05,82.46234042913632,1.0,0.0,0.11768617021276596,0.0,,,,,,,,,,,,,,,,,,,,,,,,,,,,,,,,,,,,,,,,
,,,,,,,,,,,,,,,,,,,,,1405,19,0.17988736927509308,544,791.3,255.02643850999996,239940,,,,,,,,,,,,,,,,,,,,,,,,,,,,,,,,,
-22.062278747558594,0.009243854321539402,0.1684960424900055,,229999,,,,,,,0.95613032579422,,,,9.952398705297047e-05,,,,,,,,,,,,,0.05912603437900543,0.36070799827575684,1.3630683422088623,16.761749267578125,0.42397910356521606,0.6495290994644165,0.16557234525680542,5.120244026184082,6.3233962059021,36.71608352661133,0.677394688129425,0.43504416942596436,18.120752334594727,12.535388946533203,0.4484935998916626,0.007822217419743538,21.83049964904785,30.182985305786133,0.05773334950208664,7.6939849853515625,0.20924945175647736,18.46424674987793,19.21056365966797,0.39734524488449097,1.748369574546814,4.99963903427124,0.41340577602386475,0.029332835227251053,0.1360776573419571,0.7606179714202881,0.09750734269618988,0.2520877718925476,0.14475244283676147
-20.898134231567383,0.009261307306587696,0.14898128807544708,0.0,230497,20.600000000000158,1.0,221.3597282273695,0.4257133032316418,0.0,0,2.83589243888855,0.0,0.0,28.545473539763325,9.95230005086198e-05,237.97373650648777,0.0,0.0,0.11162361623616236,0.0,,,,,,,,,,,,,,,,,,,,,,,,,,,,,,,,,,,,,,,,
-20.99172592163086,0.00927753746509552,0.11345229297876358,10.834421248756989,230589,0.0,1.0,22.385497252456844,0.07111784800785022,0.0,0,0.8163563013076782,0.0,0.0,17.48821035863272,9.952281825598439e-05,6.61395986473007,0.0,0.0,0.010194624652455977,0.0,,,,,,,,,,,,,,,,,,,,,,,,,,,,,,,,,,,,,,,,
-20.106185913085938,0.009297839365899563,0.11395978927612305,9.60113635116264,230791,0.0,0.0,83.71841945219785,0.1746645420563273,0.0,0,-0.21945244073867798,0.0,0.0,29.789162372334808,9.952241809317762e-05,35.456902037434446,1.0,0.0,0.05214723926380368,0.0,,,,,,,,,,,,,,,,,,,,,,,,,,,,,,,,,,,,,,,,
-22.13153839111328,0.009426918812096119,0.09474083036184311,248.53683103732826,234272,77.04999999999777,1.0,1556.0635500932112,0.455629947808976,0.0,2,-1.2279587984085083,0.0,0.0,32.18951352411227,9.95155223452979e-05,1586.5034782708544,0.0,0.0,0.7446140035906643,0.0,,,,,,,,,,,,,,,,,,,,,,,,,,,,,,,,,,,,,,,,
,,,,,,,,,,,,,,,,,,,,,1625,19,0.17875082790851593,548,794.61,261.06526699,244273,,,,,,,,,,,,,,,,,,,,,,,,,,,,,,,,,
-22.3349609375,0.009518408216536045,0.17769865691661835,134.07174428719603,235776,49.09999999999935,1.0,574.1146246064454,0.4121892280030068,0.0,2,1.3147729635238647,0.0,0.0,27.491860607983917,9.95125430444556e-05,620.3447881445252,0.0,0.0,0.3557919621749409,0.0,,,,,,,,,,,,,,,,,,,,,,,,,,,,,,,,,,,,,,,,
-21.659265518188477,0.009536617435514927,0.08867548406124115,4.937764001207768,235865,2.1000000000000005,1.0,29.903214478632435,0.18327451476472845,0.0,0,-0.13685564696788788,0.0,0.0,24.12380298363121,9.951236674414821e-05,16.49470632882556,0.0,0.0,0.013869625520110958,0.0,,,,,,,,,,,,,,,,,,,,,,,,,,,,,,,,,,,,,,,,
-23.026142120361328,0.009577453136444092,0.10578691959381104,142.1737732014339,236573,5.999999999999987,1.0,392.3638166487217,0.41147735379255873,0.0,2,1.1210700273513794,0.0,0.0,39.88108405475346,9.951096427088918e-05,291.73744383892415,0.0,0.0,0.18091809180918092,0.0,,,,,,,,,,,,,,,,,,,,,,,,,,,,,,,,,,,,,,,,
-19.895784378051758,0.009598974138498306,0.8384212255477905,0.0,236830,0.0,0.0,139.87828068155795,0.2736930058779406,0.0,0,1.0504467487335205,0.0,0.0,39.11409835767651,9.951045518347692e-05,70.61279551650867,1.0,0.0,0.08362989323843416,0.0,,,,,,,,,,,,,,,,,,,,,,,,,,,,,,,,,,,,,,,,
,,,,,,,,,,,,,,,,,,,,,1757,19,0.17817801237106323,552,801.17,267.93344626000004,246831,,,,,,,,,,,,,,,,,,,,,,,,,,,,,,,,,
-21.60062026977539,0.009610665962100029,0.10050441324710846,0.0,236983,1.0500000000000003,0.0,64.96699352003634,0.03138486896664901,0.0,0,0.7084348201751709,0.0,0.0,30.485413847550777,9.951015210871293e-05,4.833269820863947,1.0,0.0,0.03451725862931466,0.0,,,,,,,,,,,,,,,,,,,,,,,,,,,,,,,,,,,,,,,,
-23.09807586669922,0.009821041487157345,0.10052807629108429,288.21298258520517,238609,23.900000000000205,1.0,734.1076940568164,0.35875296488628555,0.0,2,2.438523769378662,0.0,0.0,32.50819595237587,9.95069312251749e-05,583.6910738699866,0.0,0.0,0.4541641701617735,0.0,,,,,,,,,,,,,,,,,,,,,,,,,,,,,,,,,,,,,,,,
-20.55780792236328,0.009991686791181564,0.10766783356666565,172.91840435717003,239739,5.599999999999988,0.0,620.1044774521142,0.30373837298058654,0.0,2,0.6376855373382568,0.0,0.0,39.512272374236815,9.950469288063201e-05,343.5280998410434,1.0,0.0,0.31903353057199213,0.0,,,,,,,,,,,,,,,,,,,,,,,,,,,,,,,,,,,,,,,,
-22.727020263671875,0.010054109618067741,0.08571740239858627,,239999,,,,,,,1.204813838005066,,,,9.950417786688424e-05,,,,,,,,,,,,,0.06128089129924774,0.36100125312805176,1.4016069173812866,16.712600708007812,0.424927294254303,0.6543081998825073,0.1888202428817749,5.2227864265441895,5.623175621032715,36.21527862548828,0.7051783800125122,0.4331164062023163,19.410629272460938,10.379864692687988,0.46527808904647827,0.008274119347333908,22.328638076782227,30.291284561157227,0.06732162833213806,8.741458892822266,0.22775211930274963,18.114013671875,19.115861892700195,0.39127251505851746,1.7074013948440552,5.7376203536987305,0.4129129648208618,0.03027546964585781,0.12146364152431488,0.7395035624504089,0.1139126867055893,0.26199018955230713,0.1217907965183258
-21.32474136352539,0.01008797436952591,0.11505299806594849,199.14438706941607,243269,87.0999999999972,0.0,1509.5732851121575,0.48787183215356145,0.0,3,0.7641099095344543,1.0,0.0,30.79559412352224,9.94977006929613e-05,1722.6754393342255,0.0,0.0,1.0,0.0,,,,,,,,,,,,,,,,,,,,,,,,,,,,,,,,,,,,,,,,
,,,,,,,,,,,,,,,,,,,,,2092,19,0.17689372599124908,556,813.88,281.85599643,253270,,,,,,,,,,,,,,,,,,,,,,,,,,,,,,,,,
-23.224702835083008,0.010073342360556126,0.08363233506679535,10.95729750916962,244106,39.14999999999991,0.0,235.735677621793,0.458159515873751,0.0,0,0.6001291275024414,0.0,0.0,20.2788873117743,9.949604280819005e-05,383.93767430220333,1.0,0.0,0.15046838407494145,0.0,,,,,,,,,,,,,,,,,,,,,,,,,,,,,,,,,,,,,,,,
-22.344528198242188,0.010070806369185448,0.12663748860359192,27.110633565931582,244326,0.0,0.0,108.51894497685134,0.2767482745027673,0.0,0,1.5941715240478516,0.0,0.0,35.444364131227495,9.949560704627696e-05,61.16136866511157,1.0,0.0,0.05731119442956615,0.0,,,,,,,,,,,,,,,,,,,,,,,,,,,,,,,,,,,,,,,,
-22.704689025878906,0.010050216689705849,8.71556282043457,10.366337963552985,244560,0.9500000000000003,0.0,121.2529062833637,0.33089884251482116,0.0,0,-1.2607531547546387,0.0,0.0,37.21381390190177,9.949514355511285e-05,77.76122799098297,1.0,0.0,0.052907739396589416,0.0,,,,,,,,,,,,,,,,,,,,,,,,,,,,,,,,,,,,,,,,
-22.221134185791016,0.010046479292213917,3.7303571701049805,2.406612830219884,244664,0.0,1.0,23.912930071353912,0.09838686195616174,0.0,0,-0.8752349615097046,0.0,0.0,16.523204042077488,9.94949375593882e-05,10.330620505396983,0.0,0.0,0.010999521759923482,0.0,,,,,,,,,,,,,,,,,,,,,,,,,,,,,,,,,,,,,,,,
,,,,,,,,,,,,,,,,,,,,,2160,19,0.17665116488933563,560,810.99,283.29652181,254665,,,,,,,,,,,,,,,,,,,,,,,,,,,,,,,,,
-22.51865577697754,0.010032768361270428,0.07982657104730606,307.1740074765292,246766,21.250000000000167,1.0,1087.7951558772475,0.48480327047271865,0.0,5,-0.4608871340751648,0.0,0.0,37.264171216739264,9.949077411481896e-05,1019.5412778041273,0.0,0.0,0.5303545410393394,0.0,,,,,,,,,,,,,,,,,,,,,,,,,,,,,,,,,,,,,,,,
-22.455135345458984,0.010034514591097832,0.11503949761390686,9.985943635413248,246868,0.9500000000000003,0.0,38.764284294331446,-0.04750698614683664,0.0,0,-0.954710066318512,0.0,0.0,27.325454431413714,9.949057208500725e-05,-4.893219573124174,1.0,0.0,0.017219655606887863,0.0,,,,,,,,,,,,,,,,,,,,,,,,,,,,,,,,,,,,,,,,
-22.268218994140625,0.009983847849071026,0.09052561223506927,41.694083800171896,247935,0.0,1.0,573.5775665277615,0.4128743552168894,0.0,0,0.17935845255851746,0.0,0.0,38.697091773532414,9.948845870708041e-05,440.9498113716379,0.0,0.0,0.37298636926889717,0.0,,,,,,,,,,,,,,,,,,,,,,,,,,,,,,,,,,,,,,,,
-22.174081802368164,0.009906942024827003,0.12031536549329758,,249999,,,,,,,-0.39633652567863464,,,,9.948437066235378e-05,,,,,,,,,,,,,0.05772778019309044,0.34110838174819946,1.176080584526062,16.016094207763672,0.413971483707428,0.6479441523551941,0.19165003299713135,4.838218688964844,6.02400541305542,34.695335388183594,0.6748728156089783,0.4252697229385376,19.19017219543457,9.909516334533691,0.4434364438056946,0.008052324876189232,24.734375,30.422985076904297,0.07108275592327118,8.99856185913086,0.22896981239318848,17.38819694519043,19.974079132080078,0.3703312277793884,1.765030860900879,5.9575114250183105,0.42540496587753296,0.025047987699508667,0.12829837203025818,0.7506141662597656,0.11178261041641235,0.29512113332748413,0.11823657155036926
-22.86949920654297,0.009812134318053722,0.10955523699522018,236.11340796188455,251026,31.500000000000313,1.0,1582.737446822226,0.40478643151527566,0.0,3,1.0054032802581787,0.0,0.0,36.88226917637691,9.94823365746514e-05,1251.5996462452324,0.0,0.0,0.8899284534947716,0.0,,,,,,,,,,,,,,,,,,,,,,,,,,,,,,,,,,,,,,,,
,,,,,,,,,,,,,,,,,,,,,2490,19,0.1753140091896057,564,861.17,307.37833729,261027,,,,,,,,,,,,,,,,,,,,,,,,,,,,,,,,,
-20.976858139038086,0.009761574678122997,0.3537744879722595,110.27048677186617,252052,1.900000000000001,0.0,569.2076107002795,0.43466128412096283,0.0,1,0.45861876010894775,0.0,0.0,39.93410239407471,9.948030448842978e-05,446.3971387922288,1.0,0.0,0.2903397027600849,0.0,,,,,,,,,,,,,,,,,,,,,,,,,,,,,,,,,,,,,,,,
-22.784679412841797,0.009766481816768646,0.1257013976573944,45.58111008096278,252250,1.4500000000000006,0.0,97.03754080366343,0.16281701234766355,0.0,1,-0.16204315423965454,0.0,0.0,35.224141554862506,9.94799123338408e-05,32.400585457185045,1.0,0.0,0.049238578680203045,0.0,,,,,,,,,,,,,,,,,,,,,,,,,,,,,,,,,,,,,,,,
-22.12679672241211,0.00972962100058794,0.10599415004253387,70.24957649823178,253445,10.90000000000002,0.0,471.0212071305141,0.2087423560039541,0.0,1,-0.5210422277450562,0.0,0.0,28.371648414980932,9.94775455587487e-05,249.6558577807291,1.0,0.0,0.2867902665121669,0.0,,,,,,,,,,,,,,,,,,,,,,,,,,,,,,,,,,,,,,,,
-21.13901710510254,0.009735135361552238,0.12321096658706665,66.43621714643776,254832,0.0,0.0,743.9561123978347,0.29002401815594214,0.0,1,0.7556421756744385,0.0,0.0,38.61532999778897,9.947479855067196e-05,402.5533372004477,1.0,0.0,0.476592977893368,0.0,,,,,,,,,,,,,,,,,,,,,,,,,,,,,,,,,,,,,,,,
,,,,,,,,,,,,,,,,,,,,,2694,19,0.1743975728750229,568,863.12,306.8160674,264833,,,,,,,,,,,,,,,,,,,,,,,,,,,,,,,,,
-20.836322784423828,0.009666766040027142,0.11731183528900146,193.47095381543207,257609,9.349999999999998,1.0,1589.2768002729863,0.42070410650504814,0.0,3,0.3163798451423645,0.0,0.0,41.2142817806633,9.946929870746837e-05,1168.7160078710237,0.0,0.0,0.8130325814536341,0.0,,,,,,,,,,,,,,,,,,,,,,,,,,,,,,,,,,,,,,,,
-21.458148956298828,0.00952786672860384,0.0962323546409607,226.6358339553588,259545,27.15000000000025,1.0,1007.6134149925783,0.45336785899985693,0.0,3,0.9334057569503784,0.0,0.0,37.480010305904656,9.946546455356299e-05,878.1735428827229,0.0,0.0,0.49007263922518157,0.0,,,,,,,,,,,,,,,,,,,,,,,,,,,,,,,,,,,,,,,,
-21.983917236328125,0.00952526368200779,0.13581541180610657,122.76759860899807,259945,2.3999999999999995,0.0,213.21482863277197,0.43458270975408414,0.0,2,-0.6289191246032715,0.0,0.0,38.34200803551468,9.946467238226187e-05,174.26766661138774,1.0,0.0,0.13523809523809524,0.0,,,,,,,,,,,,,,,,,,,,,,,,,,,,,,,,,,,,,,,,
-21.596284866333008,0.009520205669105053,0.13169227540493011,,259999,,,,,,,0.5449965596199036,,,,9.94645654393791e-05,,,,,,,,,,,,,0.06615768373012543,0.35770803689956665,1.1695427894592285,16.365583419799805,0.4209985136985779,0.6275917291641235,0.19495940208435059,5.446701526641846,6.472397327423096,34.66041946411133,0.6259210109710693,0.4788441061973572,19.755632400512695,9.575374603271484,0.45803534984588623,0.007602672092616558,23.476245880126953,28.71309471130371,0.07846207916736603,8.919632911682129,0.23995932936668396,19.661035537719727,18.698720932006836,0.4297378659248352,1.5085110664367676,6.459711074829102,0.4087042212486267,0.025563089177012444,0.14146935939788818,0.7223416566848755,0.1250443011522293,0.28515133261680603,0.11630610376596451
-20.897029876708984,0.00938708707690239,0.1297968029975891,185.48782898094436,261990,76.94999999999777,0.0,778.9046560744755,0.4803791069881692,0.0,1,1.2226448059082031,0.0,0.0,27.425694171635904,9.946062245602397e-05,982.8556528977942,1.0,0.0,0.38073394495412843,0.0,,,,,,,,,,,,,,,,,,,,,,,,,,,,,,,,,,,,,,,,
,,,,,,,,,,,,,,,,,,,,,3065,19,0.1724051535129547,572,847.93,317.42933818999995,271991,,,,,,,,,,,,,,,,,,,,,,,,,,,,,,,,,
-20.420089721679688,0.009374427609145641,0.1398308277130127,120.07117726565318,262307,0.0,0.0,138.2777734203264,0.3814925089898021,0.0,1,0.13463041186332703,0.0,0.0,31.36906887972375,9.945999467536548e-05,121.31461785875706,1.0,0.0,0.08190370780298838,0.0,,,,,,,,,,,,,,,,,,,,,,,,,,,,,,,,,,,,,,,,
-21.028255462646484,0.00936073251068592,0.12029004842042923,9.742806909106935,262610,0.7500000000000001,1.0,157.64131817221642,0.22578990169549557,0.0,0,0.7678717970848083,0.0,0.0,37.38948570193371,9.945939462189703e-05,68.64013011543065,0.0,0.0,0.06463414634146342,0.0,,,,,,,,,,,,,,,,,,,,,,,,,,,,,,,,,,,,,,,,
-20.940921783447266,0.00940537080168724,0.11017806828022003,78.75716277726131,263743,43.74999999999965,1.0,381.83050867542624,0.5456993453827745,0.0,1,1.3349013328552246,0.0,0.0,24.270743428666012,9.945715087372727e-05,618.8230576640664,0.0,0.0,0.18511713367018834,0.0,,,,,,,,,,,,,,,,,,,,,,,,,,,,,,,,,,,,,,,,
-21.386842727661133,0.00953130703419447,0.11720201373100281,149.11080520833835,265675,0.0,0.0,1047.4103252217174,0.3871735507262155,0.0,2,-0.4954220950603485,0.0,0.0,39.03242984970627,9.945332487638289e-05,748.4064735537746,1.0,0.0,0.6737179487179488,0.0,,,,,,,,,,,,,,,,,,,,,,,,,,,,,,,,,,,,,,,,
,,,,,,,,,,,,,,,,,,,,,3259,19,0.17142248153686523,576,856.36,326.20034239,275676,,,,,,,,,,,,,,,,,,,,,,,,,,,,,,,,,
-21.654773712158203,0.00957292877137661,0.11797238141298294,76.6731788967264,266059,0.0,0.0,212.203098077327,0.442055178861978,0.0,0,-4.277512550354004,0.0,0.0,39.72991310933561,9.945256443851716e-05,170.19124386186152,1.0,0.0,0.08950617283950617,0.0,,,,,,,,,,,,,,,,,,,,,,,,,,,,,,,,,,,,,,,,
-21.124221801757812,0.009608792141079903,0.3514811396598816,30.01586103973651,266413,1.6000000000000008,0.0,194.37513743992895,0.4288832260207157,0.0,0,-0.6815943121910095,0.0,0.0,39.479766706107775,9.945186341244813e-05,152.25354523735407,1.0,0.0,0.09303507880020336,0.0,,,,,,,,,,,,,,,,,,,,,,,,,,,,,,,,,,,,,,,,
-20.18461799621582,0.00967965368181467,0.19215594232082367,268.01792806989096,267294,7.249999999999982,0.0,498.5380136212334,0.41251402660323194,0.0,2,0.25049376487731934,0.0,0.0,40.72571456898702,9.945011877925407e-05,363.8373714640506,1.0,0.0,0.2075306479859895,0.0,,,,,,,,,,,,,,,,,,,,,,,,,,,,,,,,,,,,,,,,
-21.398956298828125,0.009693524800240993,0.21557439863681793,49.8809200682165,267410,0.2,0.0,51.934997838921845,0.2154440339292156,0.0,0,0.4760679006576538,0.0,0.0,32.056883669159824,9.944988906706223e-05,25.206951969718226,1.0,0.0,0.028276237085372486,0.0,,,,,,,,,,,,,,,,,,,,,,,,,,,,,,,,,,,,,,,,
,,,,,,,,,,,,,,,,,,,,,3346,19,0.17111894488334656,580,815.01,310.31110509,277411,,,,,,,,,,,,,,,,,,,,,,,,,,,,,,,,,
-21.81631851196289,0.009768527001142502,0.12532833218574524,58.55836986567597,267914,2.549999999999999,1.0,268.3179825041443,0.3070885167008456,0.0,1,0.8551469445228577,0.0,0.0,38.30583367686264,9.944889101029021e-05,155.07970093392703,0.0,0.0,0.13075060532687652,0.0,,,,,,,,,,,,,,,,,,,,,,,,,,,,,,,,,,,,,,,,
-20.751174926757812,0.009842650033533573,0.15661218762397766,123.02626166222356,268399,5.749999999999988,0.0,263.8177542798221,0.3905619678285057,1.0,1,-1.4113497734069824,0.0,0.0,39.144379379603926,9.944793058342667e-05,189.81311636465378,0.0,0.0,0.12455516014234876,0.0,,,,,,,,,,,,,,,,,,,,,,,,,,,,,,,,,,,,,,,,
-22.400310516357422,0.009857594966888428,0.1283271461725235,26.270197738136385,268509,0.7000000000000001,0.0,48.10771848983131,0.09931758946562502,0.0,0,-1.5840235948562622,0.0,0.0,31.385300429392178,9.944771275530196e-05,11.024252430684378,1.0,0.0,0.026967528893780957,0.0,,,,,,,,,,,,,,,,,,,,,,,,,,,,,,,,,,,,,,,,
-21.006216049194336,0.009947333484888077,0.13130684196949005,143.2779173000027,269017,4.549999999999992,1.0,289.5160580165684,0.4654952195117932,0.0,1,0.7221518754959106,0.0,0.0,40.99959164390253,9.944670678852745e-05,236.93706673150274,0.0,0.0,0.1569048898441698,0.0,,,,,,,,,,,,,,,,,,,,,,,,,,,,,,,,,,,,,,,,
,,,,,,,,,,,,,,,,,,,,,3429,19,0.1708330512046814,584,791.84,303.90755717999997,279018,,,,,,,,,,,,,,,,,,,,,,,,,,,,,,,,,
-20.110748291015625,0.009988238103687763,0.1705695539712906,156.55548253793458,269661,2.549999999999999,0.0,325.59327776916325,0.43272228621057296,1.0,1,-3.427492141723633,0.0,0.0,36.39095203266171,9.944543151516378e-05,279.10587460581957,0.0,0.0,0.1562021439509954,0.0,,,,,,,,,,,,,,,,,,,,,,,,,,,,,,,,,,,,,,,,
-19.854427337646484,0.009986571967601776,0.28960418701171875,,269999,,,,,,,-0.324823796749115,,,,9.94447621979602e-05,,,,,,,,,,,,,0.05731971934437752,0.3655935227870941,1.3141239881515503,16.10153579711914,0.4267500042915344,0.6677210927009583,0.21068041026592255,4.841556549072266,6.503654956817627,36.04578399658203,0.8641825318336487,0.4810129702091217,19.27374267578125,9.840526580810547,0.46228140592575073,0.010231152176856995,22.88877296447754,29.40789222717285,0.07394040375947952,9.278823852539062,0.22818395495414734,18.63785171508789,18.756118774414062,0.4231818616390228,1.5269747972488403,6.245436191558838,0.4258671998977661,0.029837850481271744,0.1476687788963318,0.734494686126709,0.11533302068710327,0.2709827125072479,0.11650307476520538
-21.64955711364746,0.010049013420939445,0.15055954456329346,116.04105814885513,271791,52.54999999999915,0.0,979.7469669897109,0.45005146181364303,0.0,2,-6.008513450622559,0.0,0.0,33.12373106520213,9.944121366646184e-05,959.0596651248733,1.0,0.0,0.5771812080536913,0.0,,,,,,,,,,,,,,,,,,,,,,,,,,,,,,,,,,,,,,,,
-21.813945770263672,0.010168345645070076,0.16151371598243713,201.27982633763642,273225,2.3499999999999996,0.0,787.6817386068869,0.433673122761438,0.0,2,1.122239112854004,0.0,0.0,39.540196296661925,9.943837409501443e-05,622.3209311626636,1.0,0.0,0.330781627719581,0.0,,,,,,,,,,,,,,,,,,,,,,,,,,,,,,,,,,,,,,,,
-20.926437377929688,0.010220037773251534,0.17579278349876404,174.70776501676647,274214,15.750000000000089,0.0,498.15458734706044,0.25678125703913846,0.0,0,1.024045705795288,0.0,0.0,36.25874863829895,9.943641572533884e-05,254.21344446874707,1.0,0.0,0.26920980926430516,0.0,,,,,,,,,,,,,,,,,,,,,,,,,,,,,,,,,,,,,,,,
,,,,,,,,,,,,,,,,,,,,,3691,19,0.16977709531784058,588,822.96,318.66217194999996,284215,,,,,,,,,,,,,,,,,,,,,,,,,,,,,,,,,
-20.930496215820312,0.010219842195510864,0.21525055170059204,92.08537822016567,276257,42.19999999999974,1.0,918.3179961927235,0.43124313715619667,0.0,1,0.5188358426094055,0.0,0.0,32.365263046969986,9.943237033752308e-05,881.460972347266,0.0,0.0,0.4019079220240564,0.0,,,,,,,,,,,,,,,,,,,,,,,,,,,,,,,,,,,,,,,,
-21.06835174560547,0.010246827267110348,0.18095391988754272,218.16506512151582,276975,3.1999999999999966,0.0,402.7471334943548,0.43551675747943575,0.0,2,0.9046140313148499,0.0,0.0,40.37712494069054,9.943094863007089e-05,313.1365486277143,1.0,0.0,0.1598326359832636,0.0,,,,,,,,,,,,,,,,,,,,,,,,,,,,,,,,,,,,,,,,
-21.964191436767578,0.0102565698325634,0.1669207066297531,0.0,277090,1.950000000000001,0.0,50.00033017620444,-0.006868930358889113,0.0,0,-0.23567575216293335,0.0,0.0,31.20384204367666,9.943072092021639e-05,-0.7967959216311371,1.0,0.0,0.028428093645484948,0.0,,,,,,,,,,,,,,,,,,,,,,,,,,,,,,,,,,,,,,,,
-21.9416561126709,0.01026730053126812,0.15389180183410645,87.79162308282768,277523,2.1500000000000004,0.0,180.60688813589513,0.2112836963046581,0.0,0,1.1191036701202393,0.0,0.0,30.011149463936913,9.942986354546297e-05,91.69712419622161,1.0,0.0,0.1178909952606635,0.0,,,,,,,,,,,,,,,,,,,,,,,,,,,,,,,,,,,,,,,,
,,,,,,,,,,,,,,,,,,,,,3863,19,0.16901589930057526,592,836.38,324.45158075999996,287524,,,,,,,,,,,,,,,,,,,,,,,,,,,,,,,,,
-20.73204803466797,0.01025832537561655,0.13765133917331696,,279999,,,,,,,1.0577961206436157,,,,9.942496093809708e-05,,,,,,,,,,,,,0.06793028861284256,0.366852343082428,1.2350045442581177,15.762223243713379,0.42274942994117737,0.6781564950942993,0.22867709398269653,5.5953369140625,6.793783187866211,34.82136535644531,0.822561502456665,0.478107750415802,19.250873565673828,9.617982864379883,0.4541913866996765,0.009986323304474354,23.58414649963379,29.13775634765625,0.07657915353775024,9.825368881225586,0.23371559381484985,17.474897384643555,19.770967483520508,0.4067133665084839,1.5931166410446167,6.307733058929443,0.4601524770259857,0.028743678703904152,0.15811952948570251,0.7616814374923706,0.12512467801570892,0.28632378578186035,0.11676730215549469
-20.731369018554688,0.010224862955510616,0.14776936173439026,250.97088031435405,280575,86.09999999999725,1.0,1375.762686509639,0.5225673736534708,0.0,4,0.1714124083518982,0.0,0.0,32.46315690269745,9.942382044588494e-05,1595.3981917640465,0.0,0.0,0.8029115341545353,0.0,,,,,,,,,,,,,,,,,,,,,,,,,,,,,,,,,,,,,,,,
-21.065475463867188,0.01019352301955223,0.19267535209655762,99.64114141036625,280919,7.149999999999983,0.0,182.05889077857137,0.24004199069177806,0.0,0,-0.05029841512441635,0.0,0.0,38.06193187076385,9.942313932172718e-05,82.81448678866343,1.0,0.0,0.10350584307178631,0.0,,,,,,,,,,,,,,,,,,,,,,,,,,,,,,,,,,,,,,,,
-21.734188079833984,0.009938088245689869,0.13912436366081238,521.6577540403433,284855,105.74999999999613,0.0,1743.8266828195192,0.5397525134310388,1.0,6,-2.6047422885894775,0.0,0.0,31.910620185800216,9.941534616106202e-05,2125.005645378,0.0,0.0,0.8321964529331515,0.0,,,,,,,,,,,,,,,,,,,,,,,,,,,,,,,,,,,,,,,,
-20.734830856323242,0.009934799745678902,0.17266640067100525,0.0,284915,0.6,1.0,15.796087252907455,-0.07175406064969148,0.0,0,-1.2892518043518066,0.0,0.0,18.921225616028813,9.941522736525664e-05,-4.37699769963118,0.0,0.0,0.010403120936280884,0.0,,,,,,,,,,,,,,,,,,,,,,,,,,,,,,,,,,,,,,,,
,,,,,,,,,,,,,,,,,,,,,4246,19,0.16750772297382355,596,879.88,350.09660509,294916,,,,,,,,,,,,,,,,,,,,,,,,,,,,,,,,,
-21.41783905029297,0.009934468194842339,0.13760842382907867,33.83642320210017,285053,2.549999999999999,0.0,67.70212178304791,0.03724526052782086,0.0,0,-0.5586832761764526,0.0,0.0,35.23627791497787,9.941495413517497e-05,5.177091213367099,1.0,0.0,0.029297716501507972,0.0,,,,,,,,,,,,,,,,,,,,,,,,,,,,,,,,,,,,,,,,
-20.39626693725586,0.00975604634732008,0.2160235047340393,192.00788501342817,287194,77.79999999999772,1.0,782.1770429960452,0.4954338695049267,0.0,1,-0.7459334135055542,0.0,0.0,26.31636544328148,9.941071515739641e-05,1061.219348479553,0.0,0.0,0.4483870967741935,0.0,,,,,,,,,,,,,,,,,,,,,,,,,,,,,,,,,,,,,,,,
-21.370330810546875,0.009615309536457062,0.19125238060951233,105.48782353948825,288945,68.69999999999824,0.0,590.0441949691158,0.44860930758577394,0.0,1,0.7908617258071899,0.0,0.0,24.26814730164269,9.940724841030206e-05,785.963506890276,1.0,0.0,0.37992831541218636,0.0,,,,,,,,,,,,,,,,,,,,,,,,,,,,,,,,,,,,,,,,
-21.02667236328125,0.009610615670681,0.16068974137306213,131.44489225653922,289785,6.249999999999986,0.0,455.30709959287196,0.3998741719750494,0.0,1,-1.9330085515975952,0.0,0.0,39.01394504030519,9.940558534359662e-05,336.2941786310165,1.0,0.0,0.1848341232227488,0.0,,,,,,,,,,,,,,,,,,,,,,,,,,,,,,,,,,,,,,,,
,,,,,,,,,,,,,,,,,,,,,4494,19,0.16645924746990204,600,891.61,360.47648961,299786,,,,,,,,,,,,,,,,,,,,,,,,,,,,,,,,,
-21.81059455871582,0.00960566382855177,0.25134825706481934,,289999,,,,,,,0.528649091720581,,,,9.940516165978972e-05,,,,,,,,,,,,,0.06979566812515259,0.367204487323761,1.3728073835372925,15.794242858886719,0.41419389843940735,0.6764629483222961,0.23786930739879608,5.708768367767334,6.565143585205078,33.877994537353516,0.8660654425621033,0.48024699091911316,19.82137680053711,8.966140747070312,0.4479420781135559,0.01058855652809143,23.732606887817383,29.09610366821289,0.08591300249099731,10.231263160705566,0.24233707785606384,18.21283531188965,18.72760581970215,0.4234349727630615,1.5363452434539795,7.0270466804504395,0.4354029893875122,0.03191675618290901,0.15263473987579346,0.7378251552581787,0.13239051401615143,0.29015594720840454,0.10962045192718506
-20.162199020385742,0.009617258794605732,0.18140994012355804,80.07298330612029,290266,7.299999999999982,0.0,252.34010754246265,0.269098313664565,0.0,0,-0.34616297483444214,0.0,0.0,37.74263860509813,9.940463304621903e-05,129.70538718632034,1.0,0.0,0.09836065573770492,0.0,,,,,,,,,,,,,,,,,,,,,,,,,,,,,,,,,,,,,,,,
-20.199623107910156,0.009625658392906189,0.23410838842391968,73.87878665865423,290640,3.149999999999997,0.0,201.59994058217853,0.3633165132083108,0.0,0,1.4104499816894531,0.0,0.0,38.755202798571695,9.940389259363003e-05,136.24369245311655,1.0,0.0,0.08828911253430924,0.0,,,,,,,,,,,,,,,,,,,,,,,,,,,,,,,,,,,,,,,,
-20.941787719726562,0.009630447253584862,0.2777613699436188,5.548804540499975,290804,3.4499999999999957,0.0,81.45383933372796,0.20031083702091837,0.0,0,-0.0844251960515976,0.0,0.0,35.68117921506968,9.940356790406409e-05,33.05128810845153,1.0,0.0,0.04237726098191214,0.0,,,,,,,,,,,,,,,,,,,,,,,,,,,,,,,,,,,,,,,,
-20.70855712890625,0.00963157694786787,0.18837383389472961,0.0,290840,0.35,1.0,4.769795446307398,-0.26189813687020486,0.0,0,0.8026612997055054,0.0,0.0,9.743907330662422,9.94034966308161e-05,-9.69023106419758,0.0,0.0,0.0017833259028087382,0.0,,,,,,,,,,,,,,,,,,,,,,,,,,,,,,,,,,,,,,,,
,,,,,,,,,,,,,,,,,,,,,4545,19,0.16620603203773499,604,879.97,357.09382372000005,300841,,,,,,,,,,,,,,,,,,,,,,,,,,,,,,,,,
-20.61186408996582,0.009649201296269894,0.21740710735321045,0.0,291227,4.6499999999999915,0.0,226.81702197436243,0.2955511423445124,0.0,0,0.6005499958992004,0.0,0.0,42.13536068050508,9.940273044502189e-05,114.67384322967081,1.0,0.0,0.1027592768791627,0.0,,,,,,,,,,,,,,,,,,,,,,,,,,,,,,,,,,,,,,,,
-20.383869171142578,0.009710043668746948,0.2241913080215454,134.59604078441984,292120,16.5500000000001,0.0,465.6080871587619,0.3431592574838381,0.0,2,-1.2487363815307617,0.0,0.0,37.52818463151706,9.940096248757628e-05,306.78437619055126,1.0,0.0,0.3133848133848134,0.0,,,,,,,,,,,,,,,,,,,,,,,,,,,,,,,,,,,,,,,,
-20.717208862304688,0.009692974388599396,0.20068301260471344,25.883303133465343,292286,0.7000000000000001,1.0,65.75315232016146,0.24058288837459724,0.0,0,0.24689985811710358,0.0,0.0,28.47832224742708,9.940063384325309e-05,40.17734235855774,0.0,0.0,0.02875924404272802,0.0,,,,,,,,,,,,,,,,,,,,,,,,,,,,,,,,,,,,,,,,
-20.826831817626953,0.009745649993419647,0.16315308213233948,0.0,293218,13.950000000000063,0.0,485.52393758203834,0.15362129204138553,0.0,0,-0.021088838577270508,0.0,0.0,37.490049383740185,9.939878869369802e-05,143.3286654746127,1.0,0.0,0.2639344262295082,0.0,,,,,,,,,,,,,,,,,,,,,,,,,,,,,,,,,,,,,,,,
,,,,,,,,,,,,,,,,,,,,,4677,19,0.16579559445381165,608,900.1,362.87534683999996,303219,,,,,,,,,,,,,,,,,,,,,,,,,,,,,,,,,
-20.60150718688965,0.00975450687110424,0.19446051120758057,153.40424798895847,293658,2.000000000000001,0.0,238.00330063980073,0.5130848899864572,1.0,1,0.14616788923740387,0.0,0.0,38.89751630180371,9.939791759903084e-05,226.2704364840276,0.0,0.0,0.13214285714285715,0.0,,,,,,,,,,,,,,,,,,,,,,,,,,,,,,,,,,,,,,,,
-21.014991760253906,0.009747499600052834,0.2235085666179657,0.0,293731,1.4000000000000006,1.0,19.800002708099782,0.00037731320049473415,0.0,0,-1.7036845684051514,0.0,0.0,19.540255623732406,9.939777307687755e-05,0.02792117683661033,0.0,0.0,0.00942507068803016,0.0,,,,,,,,,,,,,,,,,,,,,,,,,,,,,,,,,,,,,,,,
-21.912349700927734,0.009752688929438591,0.1556730568408966,227.90382779946174,295814,63.399999999998535,0.0,883.3443849962205,0.5159108039029418,0.0,2,0.1688903272151947,0.0,0.0,30.545013315807275,9.939364929061521e-05,1075.1581153337306,1.0,0.0,0.4508670520231214,0.0,,,,,,,,,,,,,,,,,,,,,,,,,,,,,,,,,,,,,,,,
-20.57611846923828,0.009747764095664024,0.21596211194992065,119.46166610282349,296941,42.04999999999975,0.0,381.052752234973,0.537452964055589,0.0,2,-3.0012402534484863,0.0,0.0,24.347606523064865,9.939141816605617e-05,606.2469434547044,1.0,0.0,0.19040835707502374,0.0,,,,,,,,,,,,,,,,,,,,,,,,,,,,,,,,,,,,,,,,
,,,,,,,,,,,,,,,,,,,,,4868,19,0.16503629088401794,612,872.6,358.20765202999996,306942,,,,,,,,,,,,,,,,,,,,,,,,,,,,,,,,,
-20.7845401763916,0.009740464389324188,0.18757304549217224,7.3005893585169135,297946,37.10000000000003,1.0,401.1268128983211,0.49301458685900335,0.0,0,-5.018465042114258,0.0,0.0,28.742686359703207,9.938942858641396e-05,495.97267438015734,0.0,0.0,0.23333333333333334,0.0,,,,,,,,,,,,,,,,,,,,,,,,,,,,,,,,,,,,,,,,
-20.156505584716797,0.009744962677359581,0.18844488263130188,134.18442746147494,298415,2.1500000000000004,0.0,262.86430401634425,0.4881614689327768,0.0,1,0.5855693221092224,0.0,0.0,40.329892325029576,9.938850012276356e-05,229.4358903984051,1.0,0.0,0.16031941031941033,0.0,,,,,,,,,,,,,,,,,,,,,,,,,,,,,,,,,,,,,,,,
-20.437942504882812,0.00973111018538475,0.18320289254188538,0.0,298638,6.699999999999984,1.0,109.94533186173066,0.13825900426816934,0.0,0,1.2248566150665283,0.0,0.0,35.43417046702431,9.938805865863359e-05,30.970016956069934,0.0,0.0,0.07402912621359223,0.0,,,,,,,,,,,,,,,,,,,,,,,,,,,,,,,,,,,,,,,,
-21.650043487548828,0.00973460916429758,0.17795132100582123,0.0,298737,0.0,0.0,37.074487945530564,-0.3280720193869843,0.0,0,-0.44240015745162964,0.0,0.0,26.929308476466886,9.938786267263161e-05,-32.807201938698434,1.0,0.0,0.022222222222222223,0.0,,,,,,,,,,,,,,,,,,,,,,,,,,,,,,,,,,,,,,,,
,,,,,,,,,,,,,,,,,,,,,4962,19,0.1646641045808792,616,878.5,361.36165924999995,308738,,,,,,,,,,,,,,,,,,,,,,,,,,,,,,,,,
-21.039262771606445,0.00976544339209795,0.22606340050697327,,299999,,,,,,,-1.156664252281189,,,,9.938536436303819e-05,,,,,,,,,,,,,0.07600189745426178,0.3586571216583252,1.203117847442627,15.390871047973633,0.434696763753891,0.6792151927947998,0.24226203560829163,5.958211421966553,5.859440803527832,34.07829666137695,0.8920391798019409,0.45204877853393555,19.44578742980957,9.619722366333008,0.46430718898773193,0.011378694325685501,23.9005069732666,29.14681625366211,0.07787983119487762,10.396068572998047,0.24804703891277313,17.248104095458984,20.755586624145508,0.4019366502761841,1.6985772848129272,6.105432987213135,0.4836723804473877,0.028036540374159813,0.13654392957687378,0.767839789390564,0.12753906846046448,0.3048706650733948,0.12270749360322952
-21.089622497558594,0.009770763106644154,0.18145152926445007,405.3522326099382,300840,24.30000000000021,1.0,1066.067449722439,0.48983723472671137,0.0,4,1.6138657331466675,0.0,0.0,36.49668263937445,9.938369950071337e-05,1030.6175418650007,0.0,0.0,0.568119139547711,0.0,,,,,,,,,,,,,,,,,,,,,,,,,,,,,,,,,,,,,,,,
-20.664152145385742,0.009764223359525204,0.20020833611488342,43.996487421825975,301052,1.0000000000000002,1.0,79.54172300826758,0.32910143276576664,0.0,0,-0.5222195982933044,0.0,0.0,26.996453903464747,9.9383279823005e-05,70.09860517910829,0.0,0.0,0.03509551310528654,0.0,,,,,,,,,,,,,,,,,,,,,,,,,,,,,,,,,,,,,,,,
-19.964088439941406,0.009760689921677113,0.1885252445936203,33.578472222450074,301177,0.0,0.0,53.024774584919214,0.1451989437568799,0.0,0,-1.9030098915100098,0.0,0.0,30.463810443090935,9.938303237194334e-05,18.295066913366867,1.0,0.0,0.022953659592897357,0.0,,,,,,,,,,,,,,,,,,,,,,,,,,,,,,,,,,,,,,,,
-19.579505920410156,0.0097719831392169,0.22302599251270294,21.72398029605865,301408,3.649999999999995,0.0,118.8342110849917,0.2611583323166098,0.0,0,-0.24089407920837402,0.0,0.0,36.97512438216184,9.938257508319621e-05,60.58873309745347,1.0,0.0,0.06029684601113173,0.0,,,,,,,,,,,,,,,,,,,,,,,,,,,,,,,,,,,,,,,,
,,,,,,,,,,,,,,,,,,,,,5102,19,0.1640520542860031,620,869.33,360.31390396999996,311409,,,,,,,,,,,,,,,,,,,,,,,,,,,,,,,,,
-20.426450729370117,0.009767538867890835,0.19879692792892456,13.857923620864751,301598,1.1000000000000003,1.0,86.09510052297264,0.3240612329626564,0.0,0,0.8874325156211853,0.0,0.0,32.549201794128585,9.93821989590452e-05,61.89569549586737,0.0,0.0,0.043859649122807015,0.0,,,,,,,,,,,,,,,,,,,,,,,,,,,,,,,,,,,,,,,,
-21.40557861328125,0.009753595106303692,0.2079675942659378,6.78121908309766,302530,44.199999999999626,1.0,237.2072255546227,0.449529206963244,0.0,0,1.9399919509887695,0.0,0.0,18.32840692300752,9.938035398146507e-05,419.41075009670664,0.0,0.0,0.11913523459061638,0.0,,,,,,,,,,,,,,,,,,,,,,,,,,,,,,,,,,,,,,,,
-19.647937774658203,0.009768735617399216,0.21266597509384155,192.56997891222613,303653,15.050000000000079,0.0,592.3789098598063,0.512171231844104,0.0,2,-1.0960564613342285,0.0,0.0,37.97614726471987,9.937813092512125e-05,575.6804645927729,1.0,0.0,0.31058705469141995,0.0,,,,,,,,,,,,,,,,,,,,,,,,,,,,,,,,,,,,,,,,
-20.674396514892578,0.009718691930174828,0.18351592123508453,173.7434258505883,304334,3.049999999999997,0.0,380.95322165451944,0.4858811026476207,0.0,2,-0.3047279715538025,0.0,0.0,40.26266098833387,9.93767828505878e-05,331.3709120056773,1.0,0.0,0.1545138888888889,0.0,,,,,,,,,,,,,,,,,,,,,,,,,,,,,,,,,,,,,,,,
,,,,,,,,,,,,,,,,,,,,,5251,19,0.16341565549373627,624,874.08,365.59370140000004,314335,,,,,,,,,,,,,,,,,,,,,,,,,,,,,,,,,
-20.453044891357422,0.009715092368423939,0.22213175892829895,12.133548566955238,304413,1.6500000000000008,1.0,29.762882247567177,0.19000880937578057,0.0,0,0.27089378237724304,0.0,0.0,27.054432166309926,9.937662646661858e-05,15.200704750062446,0.0,0.0,0.013526119402985074,0.0,,,,,,,,,,,,,,,,,,,,,,,,,,,,,,,,,,,,,,,,
-20.171188354492188,0.009685679338872433,0.17589810490608215,0.0,304942,19.650000000000144,1.0,193.6737832026556,0.4902167626558388,0.0,0,-0.40350472927093506,0.0,0.0,26.34902430337993,9.937557929107463e-05,259.81488420759456,0.0,0.0,0.13092269326683292,0.0,,,,,,,,,,,,,,,,,,,,,,,,,,,,,,,,,,,,,,,,
-20.440797805786133,0.00963418185710907,0.22660215198993683,111.3439969873351,305812,26.000000000000234,1.0,360.27881736075506,0.4811356486748426,0.0,0,-0.12786254286766052,0.0,0.0,29.82943406117029,9.937385710516912e-05,419.0691499957879,0.0,0.0,0.22235023041474655,0.0,,,,,,,,,,,,,,,,,,,,,,,,,,,,,,,,,,,,,,,,
-21.372997283935547,0.00962021667510271,0.1882641464471817,19.475945571568076,305991,2.2,0.0,95.48016885947436,0.2825410596439517,0.0,0,0.9561543464660645,0.0,0.0,38.344509231719876,9.937350277222828e-05,50.85739073591131,1.0,0.0,0.05114544485881726,0.0,,,,,,,,,,,,,,,,,,,,,,,,,,,,,,,,,,,,,,,,
,,,,,,,,,,,,,,,,,,,,,5336,19,0.16300474107265472,628,852.29,359.07966346000006,315992,,,,,,,,,,,,,,,,,,,,,,,,,,,,,,,,,
-21.59398078918457,0.009614727459847927,0.17829029262065887,0.0,306042,2.549999999999999,0.0,10.973492799326777,-0.5389384388760899,0.0,0,0.7426988482475281,0.0,0.0,15.415650116918066,9.937340181714906e-05,-28.024798821556676,1.0,0.0,0.007138607971445568,0.0,,,,,,,,,,,,,,,,,,,,,,,,,,,,,,,,,,,,,,,,
-20.156944274902344,0.009599381126463413,0.16756227612495422,30.24790431903075,306468,2.6999999999999984,0.0,224.3811029633507,0.23407675995036434,1.0,0,-3.271683692932129,0.0,0.0,37.912389098615684,9.937255854732415e-05,99.95077649880557,0.0,0.0,0.11455727863931967,0.0,,,,,,,,,,,,,,,,,,,,,,,,,,,,,,,,,,,,,,,,
-20.793193817138672,0.009580549784004688,0.2846086919307709,109.08712926330313,306895,2.849999999999998,0.0,210.72707499284297,0.3936785462486871,0.0,1,-2.5996222496032715,0.0,0.0,35.51487065236419,9.937171330160135e-05,168.49441779443808,1.0,0.0,0.10670731707317073,0.0,,,,,,,,,,,,,,,,,,,,,,,,,,,,,,,,,,,,,,,,
-19.779857635498047,0.00958736427128315,0.20029427111148834,79.23719605223194,307243,0.0,0.0,142.5282515194267,0.18653830505863112,0.0,0,1.9309003353118896,0.0,0.0,29.466653255599187,9.937102443890685e-05,65.10186846546226,1.0,0.0,0.06566604127579738,0.0,,,,,,,,,,,,,,,,,,,,,,,,,,,,,,,,,,,,,,,,
,,,,,,,,,,,,,,,,,,,,,5399,19,0.16261905431747437,632,803.34,334.30651593999994,317244,,,,,,,,,,,,,,,,,,,,,,,,,,,,,,,,,
-21.741744995117188,0.009600580669939518,0.29279112815856934,68.88836208593908,307542,2.3499999999999996,0.0,139.14875588659197,0.35398831682350534,0.0,0,-0.4973786175251007,0.0,0.0,33.44979454838012,9.937043257316361e-05,106.1964950470516,1.0,0.0,0.06645851917930419,0.0,,,,,,,,,,,,,,,,,,,,,,,,,,,,,,,,,,,,,,,,
-20.066043853759766,0.00958742294460535,0.2041487693786621,166.47644246045874,309278,27.20000000000025,0.0,672.2016636682674,0.29865017503177027,0.0,1,1.0828229188919067,0.0,0.0,27.880645125470227,9.936699622378338e-05,518.755354030185,1.0,0.0,0.44387755102040816,0.0,,,,,,,,,,,,,,,,,,,,,,,,,,,,,,,,,,,,,,,,
-19.858104705810547,0.009583725593984127,0.2467658370733261,0.0,309785,7.349999999999982,0.0,258.8759942250326,0.27133553947394656,1.0,0,1.2938041687011719,0.0,0.0,36.74041563857366,9.936599264683868e-05,137.83845405276486,0.0,0.0,0.1235383833248602,0.0,,,,,,,,,,,,,,,,,,,,,,,,,,,,,,,,,,,,,,,,
-20.79898452758789,0.009594411589205265,0.2072562277317047,,309999,,,,,,,0.20697854459285736,,,,9.93655690478424e-05,,,,,,,,,,,,,0.07742446660995483,0.3649365305900574,1.3486769199371338,15.796065330505371,0.4219912886619568,0.6814521551132202,0.21790635585784912,6.111661434173584,5.88934326171875,33.310760498046875,1.0090745687484741,0.4741251468658447,20.080459594726562,10.581378936767578,0.4606471061706543,0.012783276848495007,22.780277252197266,29.496261596679688,0.07761107385158539,9.431950569152832,0.25438565015792847,18.282737731933594,19.754955291748047,0.42238613963127136,1.5724495649337769,6.126391410827637,0.45639878511428833,0.031158482655882835,0.13606150448322296,0.7455378770828247,0.1298111379146576,0.2885877788066864,0.13404826819896698
-20.309860229492188,0.009489110670983791,0.2038482427597046,265.4835479939582,313683,63.949999999998504,0.0,1858.2861751487944,0.4668422672759232,0.0,3,-2.958527088165283,1.0,0.0,34.340279026968894,9.935827695319378e-05,1820.2180001088245,0.0,0.0,1.0,0.0,,,,,,,,,,,,,,,,,,,,,,,,,,,,,,,,,,,,,,,,
,,,,,,,,,,,,,,,,,,,,,5744,19,0.1611199975013733,636,858.83,356.94157888,323684,,,,,,,,,,,,,,,,,,,,,,,,,,,,,,,,,
-20.780689239501953,0.009471620433032513,0.1946415901184082,42.24296480724711,313825,0.0,0.0,67.55445372126997,0.2711254538301676,0.0,0,-0.8969971537590027,0.0,0.0,34.14682614987581,9.935799588435289e-05,38.77093989771397,1.0,0.0,0.043225806451612905,0.0,,,,,,,,,,,,,,,,,,,,,,,,,,,,,,,,,,,,,,,,
-21.172496795654297,0.009399336762726307,0.19321122765541077,229.55033921168808,314951,9.800000000000004,0.0,561.8342837374657,0.24830367398605446,0.0,1,0.3255977928638458,0.0,0.0,35.922129529524824,9.93557671413522e-05,279.8382405822834,1.0,0.0,0.2829190904283448,0.0,,,,,,,,,,,,,,,,,,,,,,,,,,,,,,,,,,,,,,,,
-20.23692512512207,0.009243646636605263,0.19726891815662384,309.59405657411344,318305,47.049999999999464,0.0,1671.0014114528894,0.4765348217941641,0.0,4,1.5329186916351318,1.0,0.0,35.88267317279284,9.934912856551494e-05,1598.7743271194206,0.0,0.0,1.0,0.0,,,,,,,,,,,,,,,,,,,,,,,,,,,,,,,,,,,,,,,,
-20.311134338378906,0.009234570898115635,0.179501473903656,42.25268820532712,318453,0.0,0.0,63.68930235039443,0.23738289652163339,0.0,0,1.1784205436706543,0.0,0.0,30.910440340289664,9.934883563408959e-05,35.370051581723374,1.0,0.0,0.04113110539845758,0.0,,,,,,,,,,,,,,,,,,,,,,,,,,,,,,,,,,,,,,,,
,,,,,,,,,,,,,,,,,,,,,5990,19,0.1599244475364685,640,893.14,372.22923427000006,328454,,,,,,,,,,,,,,,,,,,,,,,,,,,,,,,,,
-21.123859405517578,0.009229565039277077,0.18376578390598297,5.77189195078104,318556,1.950000000000001,1.0,31.395877718226984,0.14735131421829825,0.0,0,0.23014849424362183,0.0,0.0,21.860850699282615,9.934863176990784e-05,15.32453667870302,0.0,0.0,0.014643363249881908,0.0,,,,,,,,,,,,,,,,,,,,,,,,,,,,,,,,,,,,,,,,
-22.050153732299805,0.009233945980668068,0.14867524802684784,109.22480814154339,318959,3.2999999999999963,0.0,192.4314650874585,0.3979789711498958,0.0,0,1.863255500793457,0.0,0.0,34.33076204898714,9.934783412857629e-05,160.78350434455788,1.0,0.0,0.07740585774058577,0.0,,,,,,,,,,,,,,,,,,,,,,,,,,,,,,,,,,,,,,,,
-20.14687728881836,0.009234249591827393,0.1670209914445877,3.666243887807778,319090,0.7000000000000001,1.0,52.10250686854124,0.2099551591371469,0.0,0,1.7824804782867432,0.0,0.0,28.556512143391156,9.934757484635515e-05,27.71408100610339,0.0,0.0,0.028773346794548207,0.0,,,,,,,,,,,,,,,,,,,,,,,,,,,,,,,,,,,,,,,,
-21.13322639465332,0.009207798168063164,0.2658534646034241,288.4546031700699,319866,8.84999999999999,0.0,442.6113486653194,0.49690309377182773,0.0,2,0.6882936954498291,0.0,0.0,41.048477989335446,9.93460389525377e-05,386.09370386071015,1.0,0.0,0.17502088554720133,0.0,,,,,,,,,,,,,,,,,,,,,,,,,,,,,,,,,,,,,,,,
,,,,,,,,,,,,,,,,,,,,,6060,19,0.15963420271873474,644,899.27,376.17212901,329867,,,,,,,,,,,,,,,,,,,,,,,,,,,,,,,,,
-20.544326782226562,0.009200407192111015,0.2543238401412964,,319999,,,,,,,-0.22521063685417175,,,,9.934577571420238e-05,,,,,,,,,,,,,0.08005073666572571,0.3823474049568176,1.3717188835144043,16.185203552246094,0.409559965133667,0.6701601147651672,0.24182681739330292,6.427917957305908,6.269341468811035,32.88686752319336,1.0238804817199707,0.47354477643966675,19.070690155029297,10.270219802856445,0.44741278886795044,0.012751000002026558,23.95511245727539,28.3686466217041,0.07927113771438599,10.23680591583252,0.23749880492687225,17.297666549682617,20.2706241607666,0.408627450466156,1.5996551513671875,6.3653178215026855,0.47885841131210327,0.03240448236465454,0.14810234308242798,0.7575083374977112,0.1384536623954773,0.2983274459838867,0.12790122628211975
-19.771984100341797,0.009159195236861706,0.31059956550598145,159.17460799491448,320542,2.849999999999998,0.0,315.99788186047226,0.3493072242715673,0.0,1,1.3754574060440063,0.0,0.0,33.639857044459234,9.934470099290626e-05,236.48099083185105,1.0,0.0,0.20387174833635813,0.0,,,,,,,,,,,,,,,,,,,,,,,,,,,,,,,,,,,,,,,,
-20.39671516418457,0.009192338213324547,0.18533867597579956,191.89868627551,321842,9.149999999999995,0.0,488.763418789953,0.25271698734586917,0.0,2,0.3735687732696533,0.0,0.0,27.08675299257796,9.934212801906613e-05,328.7848005369758,1.0,0.0,0.22857142857142856,0.0,,,,,,,,,,,,,,,,,,,,,,,,,,,,,,,,,,,,,,,,
-19.472640991210938,0.00924023985862732,0.24554753303527832,192.18930175317257,323404,23.250000000000195,1.0,644.7143684383482,0.2929507881294733,0.0,0,-4.568206787109375,0.0,0.0,29.722074721558453,9.933903653632886e-05,457.88208184636676,0.0,0.0,0.35127314814814814,0.0,,,,,,,,,,,,,,,,,,,,,,,,,,,,,,,,,,,,,,,,
-20.895505905151367,0.009352969005703926,0.24444405734539032,388.47397101681736,325812,35.15000000000014,0.0,1089.7214078851976,0.4600173188690955,0.0,4,-1.66587495803833,0.0,0.0,32.59181223908853,9.933427076009008e-05,1108.181721155651,1.0,0.0,0.5655206776283009,0.0,,,,,,,,,,,,,,,,,,,,,,,,,,,,,,,,,,,,,,,,
,,,,,,,,,,,,,,,,,,,,,6381,19,0.1581161469221115,648,915.4,378.82122416,335813,,,,,,,,,,,,,,,,,,,,,,,,,,,,,,,,,
-20.94436264038086,0.009383801370859146,0.18017107248306274,95.91992295915162,327274,51.949999999999186,1.0,520.9561396734789,0.5194781417533351,0.0,1,0.4361196756362915,0.0,0.0,25.659804728035798,9.933137730914556e-05,759.9965213851292,0.0,0.0,0.3561197916666667,0.0,,,,,,,,,,,,,,,,,,,,,,,,,,,,,,,,,,,,,,,,
-22.402118682861328,0.009392830543220043,0.16720795631408691,,329999,,,,,,,-1.5009825229644775,,,,9.932598436211815e-05,,,,,,,,,,,,,0.0810546725988388,0.38534659147262573,1.395821213722229,16.273059844970703,0.439265638589859,0.6640348434448242,0.23648715019226074,6.426492214202881,6.217918872833252,34.82756805419922,1.0110613107681274,0.4642811715602875,20.2965030670166,8.950353622436523,0.4836658835411072,0.012752095237374306,21.629865646362305,28.041973114013672,0.08649899810552597,9.986774444580078,0.2559913396835327,17.084177017211914,21.000282287597656,0.40455392003059387,1.6225323677062988,6.858150482177734,0.497287392616272,0.033053092658519745,0.1472405195236206,0.7533112168312073,0.1420120745897293,0.2728084921836853,0.11288708448410034
-20.561195373535156,0.00935626495629549,0.19898533821105957,325.0451282641935,331610,161.00000000000236,0.0,1585.8719317070208,0.5604130644398521,0.0,4,-0.16848111152648926,1.0,0.0,26.34504121664006,9.932279616062555e-05,2430.5114604756386,0.0,0.0,1.0,0.0,,,,,,,,,,,,,,,,,,,,,,,,,,,,,,,,,,,,,,,,
-20.299636840820312,0.009345871396362782,0.16673994064331055,0.0,331655,2.25,0.0,12.1406209487468,-0.19758674659859085,1.0,0,-1.1317427158355713,0.0,0.0,19.43500859139752,9.932270710545627e-05,-9.08899034353518,0.0,0.0,0.007080610021786492,0.0,,,,,,,,,,,,,,,,,,,,,,,,,,,,,,,,,,,,,,,,
-21.273090362548828,0.00934359896928072,0.1500382274389267,51.040464635062655,332065,0.05,0.0,218.9097068561241,0.3431434840861816,0.0,0,-0.09034036844968796,0.0,0.0,38.40061702865307,9.932189571576219e-05,141.03197195942064,1.0,0.0,0.12044198895027625,0.0,,,,,,,,,,,,,,,,,,,,,,,,,,,,,,,,,,,,,,,,
,,,,,,,,,,,,,,,,,,,,,6705,19,0.156734436750412,652,952.35,402.05397401000005,342066,,,,,,,,,,,,,,,,,,,,,,,,,,,,,,,,,
-21.100709915161133,0.009385905228555202,0.1580139547586441,0.0,333992,61.34999999999865,1.0,601.3256622739136,0.28804821597875085,0.0,0,1.6046085357666016,0.0,0.0,22.46987490310748,9.931808222881862e-05,555.3569604070317,0.0,0.0,0.38006230529595014,0.0,,,,,,,,,,,,,,,,,,,,,,,,,,,,,,,,,,,,,,,,
-22.078826904296875,0.009424027986824512,0.1493554264307022,91.07837142847167,334970,19.000000000000135,0.0,498.14981982763857,0.28710416143157724,0.0,1,-1.4424030780792236,0.0,0.0,36.65504139761954,9.931614681834231e-05,281.0749740415141,1.0,0.0,0.19140308191403083,0.0,,,,,,,,,,,,,,,,,,,,,,,,,,,,,,,,,,,,,,,,
-20.932247161865234,0.009484703652560711,0.14514650404453278,259.1148280718708,338370,75.04999999999788,1.0,1555.0053573315963,0.47277543243872544,0.0,4,1.5928962230682373,0.0,0.0,32.9397748130749,9.930941854494274e-05,1607.9092457241052,0.0,0.0,0.8563714902807775,0.0,,,,,,,,,,,,,,,,,,,,,,,,,,,,,,,,,,,,,,,,
-20.96369743347168,0.009410669095814228,0.1863357424736023,,339999,,,,,,,1.299120306968689,,,,9.93061949915897e-05,,,,,,,,,,,,,0.09006699919700623,0.3996717929840088,1.4036387205123901,17.368711471557617,0.43898338079452515,0.6370025873184204,0.2448052018880844,6.809203147888184,5.896661281585693,33.18781661987305,1.0155974626541138,0.44999247789382935,21.0465030670166,9.485897064208984,0.4783931374549866,0.013433557003736496,21.92650604248047,27.682498931884766,0.08635362982749939,10.638606071472168,0.27838724851608276,17.501760482788086,19.508121490478516,0.40273338556289673,1.609700083732605,6.528466701507568,0.44890183210372925,0.032299160957336426,0.1356882005929947,0.7243529558181763,0.1495313197374344,0.2900272607803345,0.1254722774028778
-21.626712799072266,0.009280586615204811,0.13915550708770752,554.5192185983094,342765,55.499999999998984,0.0,2281.9141772303265,0.5131269885000453,0.0,5,1.125910997390747,1.0,0.0,37.390296514829615,9.93007216015527e-05,2255.7062414461993,0.0,0.0,1.0,0.0,,,,,,,,,,,,,,,,,,,,,,,,,,,,,,,,,,,,,,,,
,,,,,,,,,,,,,,,,,,,,,7261,19,0.15489508211612701,656,994.96,422.5071705600001,352766,,,,,,,,,,,,,,,,,,,,,,,,,,,,,,,,,
-20.534378051757812,0.009249722585082054,0.1957540065050125,74.38487725985124,343338,4.94999999999999,0.0,296.1383179621771,0.30118079835353384,0.0,0,0.658123254776001,0.0,0.0,37.1975067448392,9.929958776205203e-05,172.87777825492842,1.0,0.0,0.12494279176201373,0.0,,,,,,,,,,,,,,,,,,,,,,,,,,,,,,,,,,,,,,,,
-21.651512145996094,0.009236539714038372,0.21437475085258484,42.702075796133194,343694,2.7499999999999982,0.0,199.978135317564,0.36395691546668996,0.0,0,-1.5376574993133545,0.0,0.0,40.393315197895944,9.929888332054301e-05,129.93261882160832,1.0,0.0,0.0847682119205298,0.0,,,,,,,,,,,,,,,,,,,,,,,,,,,,,,,,,,,,,,,,
-21.131649017333984,0.009247305803000927,0.20325477421283722,55.65098376710135,344848,15.350000000000083,0.0,667.2463688105345,0.3051742701527033,1.0,0,-1.400420069694519,0.0,0.0,41.62334860490636,9.929659983920829e-05,352.47628202637236,0.0,0.0,0.26655275523280647,0.0,,,,,,,,,,,,,,,,,,,,,,,,,,,,,,,,,,,,,,,,
-21.328433990478516,0.009222307242453098,0.16721005737781525,219.5446852783782,347462,55.34999999999899,0.0,1207.7895651543513,0.5318151934954268,0.0,2,-2.46604585647583,0.0,0.0,33.26879230539819,9.929142747560916e-05,1390.696730990541,1.0,0.0,0.773032336790726,0.0,,,,,,,,,,,,,,,,,,,,,,,,,,,,,,,,,,,,,,,,
,,,,,,,,,,,,,,,,,,,,,7498,19,0.15401791036128998,660,1027.98,437.63381527999996,357463,,,,,,,,,,,,,,,,,,,,,,,,,,,,,,,,,
-20.364707946777344,0.009133828803896904,0.1691514551639557,,349999,,,,,,,0.5250380039215088,,,,9.928640760261702e-05,,,,,,,,,,,,,0.0907394140958786,0.40390366315841675,1.395554780960083,17.201906204223633,0.4349135160446167,0.6401580572128296,0.24871677160263062,6.957438945770264,6.2845458984375,33.34696960449219,0.9971485733985901,0.4672905206680298,19.854286193847656,10.068299293518066,0.46974319219589233,0.013004882261157036,21.720291137695312,27.263774871826172,0.09201928973197937,10.592631340026855,0.25894099473953247,17.842754364013672,19.4188289642334,0.4189509153366089,1.5697681903839111,7.055573463439941,0.45595741271972656,0.03276786208152771,0.1475622057914734,0.7335377931594849,0.15181177854537964,0.28327757120132446,0.13131147623062134
-20.36126708984375,0.009100272320210934,0.16971567273139954,292.49478937876023,350950,60.69999999999869,0.0,1615.7200174648315,0.4190676139195507,0.0,4,-0.45119449496269226,1.0,0.0,33.365110027083404,9.92845259251093e-05,1462.1269049653124,0.0,0.0,1.0,0.0,,,,,,,,,,,,,,,,,,,,,,,,,,,,,,,,,,,,,,,,
-21.314048767089844,0.009086651727557182,0.21849574148654938,5.288988693187191,351042,1.6000000000000008,1.0,29.555563470348716,0.1331066300717749,0.0,0,-1.4453396797180176,0.0,0.0,23.032015978305633,9.928434389206346e-05,12.378916596675065,0.0,0.0,0.014492753623188406,0.0,,,,,,,,,,,,,,,,,,,,,,,,,,,,,,,,,,,,,,,,
-20.666284561157227,0.00901714339852333,0.17477428913116455,299.4530854803033,352429,18.100000000000122,0.0,636.1722105387598,0.41131080131969355,0.0,3,-0.29255497455596924,0.0,0.0,33.024491584466965,9.928159956636012e-05,570.8993922317346,1.0,0.0,0.2905052264808362,0.0,,,,,,,,,,,,,,,,,,,,,,,,,,,,,,,,,,,,,,,,
-20.078460693359375,0.00901999045163393,0.20885542035102844,0.0,352956,13.600000000000058,0.0,259.80022842250764,0.24098833949426454,0.0,0,1.0774556398391724,0.0,0.0,35.46064342049458,9.928055685130293e-05,127.24184325297168,1.0,0.0,0.10938845822566753,0.0,,,,,,,,,,,,,,,,,,,,,,,,,,,,,,,,,,,,,,,,
,,,,,,,,,,,,,,,,,,,,,7785,19,0.15297885239124298,664,1019.3,432.28731010999996,362957,,,,,,,,,,,,,,,,,,,,,,,,,,,,,,,,,
-20.827167510986328,0.0091073177754879,0.18294569849967957,226.31588371788322,354915,64.79999999999846,0.0,716.4366517122835,0.5164318090249765,0.0,2,-2.9874515533447266,0.0,0.0,26.338298082710754,9.927668084870631e-05,1012.2063456889541,1.0,0.0,0.3602455146364495,0.0,,,,,,,,,,,,,,,,,,,,,,,,,,,,,,,,,,,,,,,,
-21.850505828857422,0.009089750237762928,0.14566464722156525,2.509540628360697,355029,0.6,1.0,45.17130969045684,0.13577249349398965,0.0,0,-2.5574941635131836,0.0,0.0,28.4838165976499,9.927645529500076e-05,15.613836751808808,0.0,0.0,0.02160345655304849,0.0,,,,,,,,,,,,,,,,,,,,,,,,,,,,,,,,,,,,,,,,
-20.09724998474121,0.009079471230506897,0.2244950234889984,60.977176853012764,355342,0.0,0.0,154.00463819038123,0.37196876629353887,0.0,0,-0.06619152426719666,0.0,0.0,35.37971039992495,9.927583601290533e-05,116.7981926161712,1.0,0.0,0.09660908509277032,0.0,,,,,,,,,,,,,,,,,,,,,,,,,,,,,,,,,,,,,,,,
-21.34674072265625,0.009090391919016838,0.185530424118042,98.61409566043292,356190,29.30000000000028,0.0,332.58222713530995,0.5295603872447988,0.0,0,1.4599225521087646,0.0,0.0,28.241661815981864,9.927415822324473e-05,449.5967687708342,1.0,0.0,0.2178157413056742,0.0,,,,,,,,,,,,,,,,,,,,,,,,,,,,,,,,,,,,,,,,
,,,,,,,,,,,,,,,,,,,,,7953,19,0.1524810791015625,668,1013.58,436.9185306900001,366191,,,,,,,,,,,,,,,,,,,,,,,,,,,,,,,,,
-21.77813148498535,0.009102827869355679,0.23059743642807007,2.626986849251815,356270,1.950000000000001,1.0,31.664936790475622,0.3096508362052212,0.0,0,0.2624342441558838,0.0,0.0,28.35671085676316,9.927399994193685e-05,25.08171773262292,0.0,0.0,0.020182291666666668,0.0,,,,,,,,,,,,,,,,,,,,,,,,,,,,,,,,,,,,,,,,
-20.84674835205078,0.00901454221457243,0.17501896619796753,227.4332788646013,358877,49.74999999999931,0.0,1293.6579046763945,0.533754518900433,1.0,3,2.1253557205200195,0.0,0.0,35.735642249111685,9.926884201921976e-05,1392.0317852923292,0.0,0.0,0.8265060240963855,0.0,,,,,,,,,,,,,,,,,,,,,,,,,,,,,,,,,,,,,,,,
-20.308509826660156,0.008978876285254955,0.20110072195529938,117.17568364776835,359397,0.0,1.0,295.1463625151664,0.5206932657769099,0.0,1,0.8776299953460693,0.0,0.0,40.83277415011423,9.926781322067241e-05,271.2811914697701,0.0,0.0,0.15988538681948425,0.0,,,,,,,,,,,,,,,,,,,,,,,,,,,,,,,,,,,,,,,,
-20.672739028930664,0.008968448266386986,0.20606669783592224,2.737979445194701,359466,0.39999999999999997,1.0,27.610550583340228,0.1886613601564205,0.0,0,-7.940932273864746,0.0,0.0,28.689459683751814,9.926767670742166e-05,13.206295210949435,0.0,0.0,0.012425218591808559,0.0,,,,,,,,,,,,,,,,,,,,,,,,,,,,,,,,,,,,,,,,
,,,,,,,,,,,,,,,,,,,,,8125,19,0.1519516408443451,672,974.76,421.89341388,369467,,,,,,,,,,,,,,,,,,,,,,,,,,,,,,,,,
-22.60940933227539,0.008942672051489353,0.20226970314979553,,359999,,,,,,,-0.29134729504585266,,,,9.926662219520011e-05,,,,,,,,,,,,,0.093618243932724,0.40901896357536316,1.6359249353408813,17.02301597595215,0.4294416308403015,0.6593449115753174,0.2763317823410034,7.232099533081055,5.926108360290527,33.174781799316406,0.8282986879348755,0.454388290643692,19.799171447753906,9.890846252441406,0.46300894021987915,0.010722179897129536,22.449365615844727,27.44136619567871,0.08576509356498718,11.500689506530762,0.2562967538833618,16.385540008544922,20.087350845336914,0.39370208978652954,1.644428014755249,6.625436305999756,0.48264703154563904,0.039307039231061935,0.14238902926445007,0.747208833694458,0.14932215213775635,0.29060304164886475,0.12803524732589722
-21.61166000366211,0.008934334851801395,0.1810159683227539,50.77308321232636,360668,1.0000000000000002,1.0,698.2931021107361,0.5188527694750509,0.0,0,0.30483344197273254,0.0,0.0,41.81872280373691,9.926529862216129e-05,624.1798816784863,0.0,0.0,0.43566726511071213,0.0,,,,,,,,,,,,,,,,,,,,,,,,,,,,,,,,,,,,,,,,
-21.649002075195312,0.008908050134778023,0.15762196481227875,143.71569038597752,361862,5.299999999999989,0.0,503.920658107847,0.18483272829214847,0.0,0,0.4495479464530945,0.0,0.0,30.389349008201254,9.926293639276789e-05,220.87511030911742,1.0,0.0,0.24369323915237134,0.0,,,,,,,,,,,,,,,,,,,,,,,,,,,,,,,,,,,,,,,,
-21.416622161865234,0.008809979073703289,0.16018661856651306,273.5266064487597,365326,37.6,0.0,1866.4547513159923,0.5109208242291706,0.0,3,0.5107540488243103,1.0,0.0,38.805952330521976,9.925608331760886e-05,1770.340655954076,0.0,0.0,1.0,0.0,,,,,,,,,,,,,,,,,,,,,,,,,,,,,,,,,,,,,,,,
-21.56242561340332,0.00880434364080429,0.2064214050769806,27.249721695652596,365596,2.1500000000000004,1.0,152.95439321547747,0.40385808019632735,0.0,0,-2.613917350769043,0.0,0.0,40.71634270703021,9.92555491675824e-05,109.44553973320471,0.0,0.0,0.08569838619922092,0.0,,,,,,,,,,,,,,,,,,,,,,,,,,,,,,,,,,,,,,,,
,,,,,,,,,,,,,,,,,,,,,8438,19,0.15077035129070282,676,999.21,433.56984458999995,375597,,,,,,,,,,,,,,,,,,,,,,,,,,,,,,,,,
-22.507295608520508,0.008802849799394608,0.15352079272270203,0.0,365913,14.850000000000076,1.0,89.94570955447853,0.37110427439948934,0.0,0,-1.4962270259857178,0.0,0.0,20.40258709076821,9.925492203772828e-05,118.01115925903761,0.0,0.0,0.059000602046959665,0.0,,,,,,,,,,,,,,,,,,,,,,,,,,,,,,,,,,,,,,,,
-21.8066349029541,0.008735419251024723,0.1857982873916626,274.88611158542795,367613,31.800000000000317,1.0,717.7781525366008,0.4625498784890701,0.0,2,-2.5985445976257324,0.0,0.0,30.402691659891726,9.92515589147548e-05,786.7973433099082,0.0,0.0,0.4521049420378279,0.0,,,,,,,,,,,,,,,,,,,,,,,,,,,,,,,,,,,,,,,,
-22.711524963378906,0.008723256178200245,0.1437196284532547,55.84736894962598,368808,11.300000000000026,0.0,567.4979898631573,0.3604455463147189,0.0,0,-3.2181835174560547,0.0,0.0,34.18873269191047,9.92491948714114e-05,431.0928733924038,1.0,0.0,0.23205844434894715,0.0,,,,,,,,,,,,,,,,,,,,,,,,,,,,,,,,,,,,,,,,
-20.8624324798584,0.008735273033380508,0.179340660572052,,369999,,,,,,,0.7248408794403076,,,,9.9246838769339e-05,,,,,,,,,,,,,0.10048819333314896,0.41970294713974,1.528469443321228,17.3760929107666,0.45484501123428345,0.6574046015739441,0.2741716802120209,7.424300193786621,6.3290886878967285,33.60499954223633,0.7895042896270752,0.47326213121414185,20.269214630126953,9.339512825012207,0.4843755066394806,0.010685971938073635,21.45477294921875,27.217164993286133,0.0963381677865982,11.35096263885498,0.27434462308883667,17.031686782836914,19.166536331176758,0.41138413548469543,1.5319944620132446,7.1176862716674805,0.4629494249820709,0.036918722093105316,0.15287309885025024,0.7250349521636963,0.16282442212104797,0.290391206741333,0.12641067802906036
-19.901321411132812,0.008959916420280933,0.16637663543224335,115.01820022570536,374323,98.69999999999654,0.0,1651.506649773568,0.15637119247439718,0.0,0,1.8939684629440308,1.0,0.0,21.5669598230123,9.923828502965452e-05,862.5434976887749,0.0,0.0,1.0,0.0,,,,,,,,,,,,,,,,,,,,,,,,,,,,,,,,,,,,,,,,
,,,,,,,,,,,,,,,,,,,,,8905,19,0.1490928679704666,680,1069.13,448.43954055,384324,,,,,,,,,,,,,,,,,,,,,,,,,,,,,,,,,
-21.85442352294922,0.008990610018372536,0.1575165092945099,40.53120297309453,374508,0.0,0.0,90.47625133395195,0.3753084656496082,0.0,0,1.7602910995483398,0.0,0.0,35.121191751790214,9.923791907079581e-05,69.80737461082713,1.0,0.0,0.05792488860598345,0.0,,,,,,,,,,,,,,,,,,,,,,,,,,,,,,,,,,,,,,,,
-21.099349975585938,0.009096593596041203,0.1521342396736145,0.0,374963,2.3,0.0,128.36051649972796,-0.09532616339685113,0.0,0,0.5833901166915894,0.0,0.0,20.33845206050769,9.92370190127042e-05,-43.468730508964114,1.0,0.0,0.061262959472196045,0.0,,,,,,,,,,,,,,,,,,,,,,,,,,,,,,,,,,,,,,,,
-20.105642318725586,0.009132304228842258,0.20111598074436188,0.0,375161,6.699999999999984,0.0,77.31977446726523,-0.012334448700180814,0.0,0,1.3384947776794434,0.0,0.0,28.054392707560908,9.923662734035413e-05,-2.454555291335982,1.0,0.0,0.04041780199818347,0.0,,,,,,,,,,,,,,,,,,,,,,,,,,,,,,,,,,,,,,,,
-21.319156646728516,0.009139924310147762,0.16173303127288818,2.6254393085401277,375302,1.0000000000000002,1.0,63.600999150425196,0.1432586739340289,0.0,0,1.0768967866897583,0.0,0.0,32.40717865120636,9.923634842263902e-05,20.342731698632104,0.0,0.0,0.02802893309222423,0.0,,,,,,,,,,,,,,,,,,,,,,,,,,,,,,,,,,,,,,,,
,,,,,,,,,,,,,,,,,,,,,8958,19,0.14888769388198853,684,1062.85,442.95212725000005,385303,,,,,,,,,,,,,,,,,,,,,,,,,,,,,,,,,
-20.674095153808594,0.009148780256509781,0.1986921727657318,10.429849359717068,375382,0.0,1.0,21.60245707537979,0.11613250005338567,0.0,0,0.6561167240142822,0.0,0.0,19.367423564078432,9.923619017162832e-05,9.40673250432424,0.0,0.0,0.013888888888888888,0.0,,,,,,,,,,,,,,,,,,,,,,,,,,,,,,,,,,,,,,,,
-22.050342559814453,0.009213379584252834,0.14368227124214172,0.0,375904,9.199999999999996,0.0,280.64646554458886,0.3605374368023556,0.0,0,1.3715732097625732,0.0,0.0,38.665688098170406,9.923515758689695e-05,188.56107944763198,1.0,0.0,0.18742368742368742,0.0,,,,,,,,,,,,,,,,,,,,,,,,,,,,,,,,,,,,,,,,
-20.272804260253906,0.009396061301231384,0.13347619771957397,,379999,,,,,,,0.6963576078414917,,,,9.922705732503365e-05,,,,,,,,,,,,,0.09673753380775452,0.37718716263771057,1.550776481628418,15.833415031433105,0.4539940357208252,0.674392819404602,0.28521206974983215,7.242896556854248,5.1172027587890625,33.99127197265625,0.6137701869010925,0.45289841294288635,21.217493057250977,10.117009162902832,0.4936200976371765,0.008197633549571037,20.192487716674805,28.309398651123047,0.0884857177734375,11.97252082824707,0.2833849787712097,16.757251739501953,20.459436416625977,0.39919501543045044,1.687569499015808,6.625069618225098,0.4873892664909363,0.036942943930625916,0.12190315127372742,0.7642975449562073,0.1655687689781189,0.26969480514526367,0.13512474298477173
-19.969940185546875,0.009410686790943146,0.21480903029441833,190.80506272210093,380211,0.0,0.0,1190.8884617006406,0.12745852526836843,0.0,0,2.0316929817199707,0.0,0.0,19.910914122679866,9.922663797986417e-05,549.0913268561312,1.0,0.0,0.7868421052631579,0.0,,,,,,,,,,,,,,,,,,,,,,,,,,,,,,,,,,,,,,,,
-19.749177932739258,0.009500917978584766,0.17320561408996582,152.47565011665318,381788,45.69999999999954,1.0,656.7042010417208,0.4677291403686986,0.0,2,1.2439625263214111,0.0,0.0,29.987770127479564,9.922351863360767e-05,738.0765835018065,0.0,0.0,0.4192756292203806,0.0,,,,,,,,,,,,,,,,,,,,,,,,,,,,,,,,,,,,,,,,
,,,,,,,,,,,,,,,,,,,,,9283,19,0.14800865948200226,688,1075.74,436.6576255600001,391789,,,,,,,,,,,,,,,,,,,,,,,,,,,,,,,,,
-20.64339828491211,0.009501996450126171,0.20038117468357086,7.471225018780696,381885,0.8500000000000002,1.0,34.074676408432424,0.10174267951496166,0.0,0,-2.9271340370178223,0.0,0.0,25.223565136676026,9.92233267667403e-05,9.970782592466243,0.0,0.0,0.021052631578947368,0.0,,,,,,,,,,,,,,,,,,,,,,,,,,,,,,,,,,,,,,,,
-21.212177276611328,0.00962402019649744,0.11904723197221756,212.34448788184994,383994,61.999999999998614,1.0,898.3413301589899,0.5667164630637683,0.0,3,1.8292996883392334,0.0,0.0,30.67118053661443,9.921915519197783e-05,1195.7717370645512,0.0,0.0,0.5996204933586338,0.0,,,,,,,,,,,,,,,,,,,,,,,,,,,,,,,,,,,,,,,,
-20.98406219482422,0.009699016809463501,0.1452082246541977,254.99906662909441,386382,47.049999999999464,1.0,1169.3367629535496,0.5414560330291137,0.0,3,-0.0718393325805664,0.0,0.0,35.26325356656449,9.921443186521662e-05,1293.5384629065527,0.0,0.0,0.792098445595855,0.0,,,,,,,,,,,,,,,,,,,,,,,,,,,,,,,,,,,,,,,,
-20.167922973632812,0.009694919921457767,0.5323997735977173,0.0,386468,0.0,0.0,35.45279677119106,-0.40088123755341565,0.0,0,1.7205065488815308,0.0,0.0,29.511859780581176,9.92142617642671e-05,-34.87666766714716,1.0,0.0,0.017994858611825194,0.0,,,,,,,,,,,,,,,,,,,,,,,,,,,,,,,,,,,,,,,,
,,,,,,,,,,,,,,,,,,,,,9524,19,0.14759866893291473,692,1089.45,448.44696878999997,396469,,,,,,,,,,,,,,,,,,,,,,,,,,,,,,,,,
-19.683155059814453,0.009687863290309906,0.17363163828849792,152.8800243654813,387457,15.200000000000081,0.0,496.11907942406833,0.3171833267117939,0.0,2,-2.605644702911377,0.0,0.0,36.10821733959292,9.921230561388103e-05,314.011493444676,1.0,0.0,0.1927512355848435,0.0,,,,,,,,,,,,,,,,,,,,,,,,,,,,,,,,,,,,,,,,
-20.41646957397461,0.00962153822183609,0.1403636485338211,328.01877406178556,389113,12.750000000000046,0.0,721.619187575765,0.4018933733373532,0.0,4,-1.3172212839126587,0.0,0.0,31.372277846891016,9.920903024267835e-05,665.9373196199942,1.0,0.0,0.27975460122699386,0.0,,,,,,,,,,,,,,,,,,,,,,,,,,,,,,,,,,,,,,,,
-20.912033081054688,0.009616140276193619,0.13759979605674744,10.149259969744355,389433,5.4999999999999885,0.0,123.7247183714062,0.15829716738068206,0.0,0,0.3049086332321167,0.0,0.0,27.81724719845864,9.92083973269717e-05,50.81339072919894,1.0,0.0,0.07711442786069651,0.0,,,,,,,,,,,,,,,,,,,,,,,,,,,,,,,,,,,,,,,,
-19.702789306640625,0.009609589353203773,0.15457260608673096,0.0,389510,3.1999999999999966,1.0,17.135725229629315,-0.04964023290596542,0.0,0,-7.7633867263793945,0.0,0.0,16.00029058471285,9.920824503193267e-05,-3.871938166665303,0.0,0.0,0.007139857202855943,0.0,,,,,,,,,,,,,,,,,,,,,,,,,,,,,,,,,,,,,,,,
,,,,,,,,,,,,,,,,,,,,,9677,19,0.14731068909168243,696,1045.95,420.7264572200001,399511,,,,,,,,,,,,,,,,,,,,,,,,,,,,,,,,,
-20.190200805664062,0.009623267687857151,0.11796246469020844,,389999,,,,,,,0.9615482091903687,,,,9.92072778622841e-05,,,,,,,,,,,,,0.09619270265102386,0.3541359305381775,1.7323070764541626,14.911187171936035,0.4316260814666748,0.6729995608329773,0.2963547706604004,7.337128639221191,5.118094444274902,32.92241668701172,0.7855199575424194,0.4419535994529724,20.953533172607422,9.676947593688965,0.46692144870758057,0.01029848214238882,21.78203773498535,28.33720588684082,0.08577372133731842,12.478263854980469,0.27470922470092773,16.156455993652344,21.266483306884766,0.38371068239212036,1.7422016859054565,6.542418003082275,0.5050721764564514,0.04114174097776413,0.12155310809612274,0.7699723243713379,0.15335789322853088,0.28557127714157104,0.12686866521835327
-19.44241714477539,0.009598635137081146,0.14401713013648987,137.52161927169294,391451,56.24999999999894,1.0,783.1665662550367,0.5177451692065546,0.0,0,1.404621958732605,0.0,0.0,29.05785548394763,9.92044060490424e-05,1005.461118599129,0.0,0.0,0.443441317047265,0.0,,,,,,,,,,,,,,,,,,,,,,,,,,,,,,,,,,,,,,,,
-20.84630012512207,0.009411283768713474,0.1452287882566452,478.8481216332206,394641,49.9499999999993,1.0,1475.575783145614,0.4564823844972913,0.0,4,-0.6800763010978699,0.0,0.0,33.31655073414361,9.919809690908928e-05,1456.6352889308564,0.0,0.0,0.7178538390379279,0.0,,,,,,,,,,,,,,,,,,,,,,,,,,,,,,,,,,,,,,,,
-20.50182342529297,0.009395021013915539,0.2601613700389862,138.5043278145781,394996,0.0,1.0,212.09145989641547,0.6095679461051517,0.0,1,-0.19298475980758667,0.0,0.0,42.97148890638091,9.919739480723717e-05,217.00618881343402,0.0,0.0,0.13345864661654136,0.0,,,,,,,,,,,,,,,,,,,,,,,,,,,,,,,,,,,,,,,,
-19.81551170349121,0.009366622194647789,0.17058460414409637,46.47504106541352,395255,1.0000000000000002,0.0,138.96864125598222,0.422972635892335,0.0,0,1.5367329120635986,0.0,0.0,38.56233238614697,9.919688257112349e-05,109.97288533200711,1.0,0.0,0.06693108577094695,0.0,,,,,,,,,,,,,,,,,,,,,,,,,,,,,,,,,,,,,,,,
,,,,,,,,,,,,,,,,,,,,,9969,19,0.14661020040512085,700,1054.7,426.73039045999997,405256,,,,,,,,,,,,,,,,,,,,,,,,,,,,,,,,,
-20.971994400024414,0.009236429817974567,0.18858379125595093,265.881002273893,398897,79.39999999999763,1.0,1796.8614928144962,0.4595760115833258,0.0,4,0.39309245347976685,0.0,0.0,35.530880513962515,9.918967976236618e-05,1674.235410198056,0.0,0.0,0.9636842105263158,0.0,,,,,,,,,,,,,,,,,,,,,,,,,,,,,,,,,,,,,,,,
-19.769237518310547,0.009227466769516468,0.15089991688728333,12.636985729272492,399017,2.1000000000000005,1.0,49.706853658892214,0.11004395624180204,0.0,0,1.3482900857925415,0.0,0.0,29.71245844514253,9.918944244200347e-05,13.315318705258047,0.0,0.0,0.025925925925925925,0.0,,,,,,,,,,,,,,,,,,,,,,,,,,,,,,,,,,,,,,,,
-20.302345275878906,0.009213349781930447,0.1561497449874878,0.0,399574,12.650000000000045,0.0,270.6497026756406,0.28170066791068826,0.0,0,-1.2440173625946045,0.0,0.0,34.94433387641855,9.918834088372256e-05,157.18897269416405,1.0,0.0,0.1467048710601719,0.0,,,,,,,,,,,,,,,,,,,,,,,,,,,,,,,,,,,,,,,,
-20.39437484741211,0.00918642245233059,0.13798660039901733,,399999,,,,,,,0.12717205286026,,,,9.91875003810903e-05,,,,,,,,,,,,,0.0954848974943161,0.3783171772956848,1.6497910022735596,15.699708938598633,0.429210364818573,0.6828721761703491,0.30890530347824097,7.245700359344482,5.44344425201416,32.56985855102539,0.7475032806396484,0.46290621161460876,21.51942253112793,9.476922035217285,0.4631098210811615,0.009850706905126572,21.86017417907715,28.338375091552734,0.08671768009662628,12.819198608398438,0.2835860848426819,17.03913116455078,19.01035499572754,0.41059333086013794,1.6263383626937866,6.580416202545166,0.4580940902233124,0.03975515067577362,0.1311711221933365,0.752842128276825,0.15310660004615784,0.28807657957077026,0.12488825619220734
-20.81206512451172,0.009159212931990623,0.11756353080272675,203.6260102148368,402312,73.44999999999797,1.0,1252.3223432861269,0.5462605918668277,0.0,3,-2.397434711456299,0.0,0.0,32.94112525100979,9.918292613186342e-05,1496.2077611232412,0.0,0.0,0.6208530805687204,0.0,,,,,,,,,,,,,,,,,,,,,,,,,,,,,,,,,,,,,,,,
,,,,,,,,,,,,,,,,,,,,,10337,19,0.14576023817062378,704,1114.72,457.24676372999994,412313,,,,,,,,,,,,,,,,,,,,,,,,,,,,,,,,,
-21.813249588012695,0.00913169514387846,0.12366999685764313,51.5132873806739,403319,44.399999999999615,0.0,307.24884209036827,0.5311112881103166,0.0,1,0.9935733079910278,0.0,0.0,21.97233566575176,9.918093469547974e-05,535.3601784151991,1.0,0.0,0.15381019167835436,0.0,,,,,,,,,,,,,,,,,,,,,,,,,,,,,,,,,,,,,,,,
-20.50475311279297,0.009029100649058819,0.18358606100082397,104.00828625954877,404329,33.850000000000215,1.0,410.73093095002696,0.44606929922249483,0.0,1,0.21542325615882874,0.0,0.0,29.274425488869117,9.917893734650019e-05,450.9760615139423,0.0,0.0,0.24361820199778025,0.0,,,,,,,,,,,,,,,,,,,,,,,,,,,,,,,,,,,,,,,,
-20.685523986816406,0.008961103856563568,0.17852681875228882,241.42955755941512,405427,5.799999999999987,0.0,603.3463017232716,0.4363387809010803,1.0,2,-1.0244319438934326,0.0,0.0,39.550871266719454,9.917676599400725e-05,479.5363202102873,0.0,0.0,0.2541836273179557,0.0,,,,,,,,,,,,,,,,,,,,,,,,,,,,,,,,,,,,,,,,
-20.805957794189453,0.008845877833664417,0.2950989603996277,160.693882377625,409260,32.00000000000032,0.0,2024.9873382756487,0.38092556850807574,0.0,2,0.3631971776485443,0.0,0.0,38.04996477873545,9.916918622306792e-05,1460.4686296599623,1.0,0.0,0.8223844282238443,0.0,,,,,,,,,,,,,,,,,,,,,,,,,,,,,,,,,,,,,,,,
,,,,,,,,,,,,,,,,,,,,,10684,19,0.14477793872356415,708,1160.42,480.46081191999997,419261,,,,,,,,,,,,,,,,,,,,,,,,,,,,,,,,,
-20.528379440307617,0.008813458494842052,0.17096957564353943,,409999,,,,,,,-0.004460275173187256,,,,9.91677248814523e-05,,,,,,,,,,,,,0.09116308391094208,0.3676462471485138,1.8166794776916504,15.869543075561523,0.43179917335510254,0.6331123113632202,0.29141664505004883,6.969846725463867,5.747078895568848,33.01307678222656,0.7777635455131531,0.46016618609428406,21.91631507873535,9.281723022460938,0.4759252965450287,0.01017286628484726,21.955646514892578,27.32845115661621,0.0795978456735611,12.579072952270508,0.28665751218795776,17.33430290222168,19.324872970581055,0.4015800654888153,1.5764350891113281,6.085629940032959,0.44769513607025146,0.04208661988377571,0.13314132392406464,0.7254221439361572,0.1421331912279129,0.28717195987701416,0.1214015856385231
-20.743022918701172,0.00869022961705923,0.13628065586090088,416.60510587586054,413892,116.74999999999551,0.0,2095.0588473305106,0.548034114505594,0.0,4,1.09111750125885,1.0,0.0,32.57436636132279,9.916002681530988e-05,2539.0420525044174,0.0,0.0,1.0,0.0,,,,,,,,,,,,,,,,,,,,,,,,,,,,,,,,,,,,,,,,
-21.889930725097656,0.008537927642464638,0.12617091834545135,174.6510768250708,417138,34.30000000000019,1.0,1807.283806825988,0.4446329040591384,0.0,2,0.4943615794181824,0.0,0.0,40.09718940561934,9.91536083645302e-05,1443.7230394800224,0.0,0.0,0.8590102707749766,0.0,,,,,,,,,,,,,,,,,,,,,,,,,,,,,,,,,,,,,,,,
-20.915821075439453,0.008502107113599777,0.11835870891809464,140.9461337572748,418882,15.80000000000009,0.0,972.0354766333476,0.4720657579989827,0.0,1,0.7233946323394775,0.0,0.0,40.13745438035297,9.915015996703179e-05,823.7547477082248,1.0,0.0,0.5255788906838987,0.0,,,,,,,,,,,,,,,,,,,,,,,,,,,,,,,,,,,,,,,,
-21.777463912963867,0.008510162122547626,0.16568265855312347,,419999,,,,,,,-2.942049980163574,,,,9.914795136337007e-05,,,,,,,,,,,,,0.0961332842707634,0.3750404417514801,1.7710785865783691,15.892183303833008,0.4308673143386841,0.6584566831588745,0.3011019229888916,7.206510543823242,5.8450398445129395,32.2994270324707,0.73259437084198,0.44317519664764404,20.854089736938477,9.590014457702637,0.46262502670288086,0.00977264903485775,23.213176727294922,27.90182876586914,0.08142845332622528,12.759069442749023,0.2781890034675598,16.271963119506836,19.558828353881836,0.3840028941631317,1.6335779428482056,6.10418176651001,0.46156975626945496,0.041795775294303894,0.13793739676475525,0.7239612340927124,0.14700499176979065,0.3096587061882019,0.1279287040233612
-20.053325653076172,0.008533011190593243,0.15197934210300446,408.38567469575224,421112,3.899999999999994,1.0,1209.2466576760635,0.4605599178135629,0.0,4,1.3727807998657227,0.0,0.0,39.04840741066744,9.914575069335454e-05,1027.509176642059,0.0,0.0,0.8268597761685319,0.0,,,,,,,,,,,,,,,,,,,,,,,,,,,,,,,,,,,,,,,,
,,,,,,,,,,,,,,,,,,,,,11298,19,0.14299246668815613,712,1241.71,519.72278938,431113,,,,,,,,,,,,,,,,,,,,,,,,,,,,,,,,,
-20.621604919433594,0.008533190004527569,0.1858856976032257,8.264508408499019,421318,0.0,1.0,91.61578840296715,0.2512198152197894,0.0,0,-0.8636736869812012,0.0,0.0,31.981751038348786,9.914534338425579e-05,52.00250175049641,0.0,0.0,0.04212454212454213,0.0,,,,,,,,,,,,,,,,,,,,,,,,,,,,,,,,,,,,,,,,
-21.67150115966797,0.008380353450775146,0.12766319513320923,328.6042509436046,425915,97.29999999999661,0.0,2159.37453911826,0.5489822095147936,0.0,5,-0.4018326997756958,1.0,0.0,33.829491578148165,9.913625428297972e-05,2524.220199349021,0.0,0.0,1.0,0.0,,,,,,,,,,,,,,,,,,,,,,,,,,,,,,,,,,,,,,,,
-22.093158721923828,0.008254832588136196,0.16724306344985962,267.808757353392,428941,46.4499999999995,1.0,1608.4489567633718,0.5181035653322893,0.0,4,1.7083914279937744,0.0,0.0,38.28181299209634,9.913027156167421e-05,1568.2994922608398,0.0,0.0,0.9858490566037735,0.0,,,,,,,,,,,,,,,,,,,,,,,,,,,,,,,,,,,,,,,,
-21.860061645507812,0.008242151699960232,0.11120283603668213,,429999,,,,,,,1.4595839977264404,,,,9.912817982684362e-05,,,,,,,,,,,,,0.08412045240402222,0.38992467522621155,1.835294246673584,16.006534576416016,0.438615620136261,0.6715356111526489,0.3054209351539612,6.29336404800415,5.541083335876465,32.8144645690918,0.8355792760848999,0.4451168179512024,20.92384147644043,10.307689666748047,0.4721750319004059,0.011168797500431538,21.88979721069336,27.566757202148438,0.09270046651363373,12.537629127502441,0.27967920899391174,15.999384880065918,20.5133113861084,0.38975048065185547,1.7568933963775635,6.935266494750977,0.499711275100708,0.04470839351415634,0.13498269021511078,0.7820227742195129,0.14398476481437683,0.2925906777381897,0.13777807354927063
-21.75862693786621,0.008306296542286873,0.13914147019386292,401.2558374844559,432661,101.84999999999636,0.0,1686.146403292194,0.5716045042608381,1.0,4,0.619545578956604,0.0,0.0,32.64253211540851,9.912291697777429e-05,2126.9403603545784,0.0,0.0,0.8471035137701804,0.0,,,,,,,,,,,,,,,,,,,,,,,,,,,,,,,,,,,,,,,,
,,,,,,,,,,,,,,,,,,,,,11906,19,0.14132800698280334,716,1339.24,575.2039796700001,442662,,,,,,,,,,,,,,,,,,,,,,,,,,,,,,,,,
-22.192962646484375,0.008305567316710949,0.12650656700134277,116.66587148301126,433689,30.200000000000294,1.0,420.36363986786455,0.5514578766194476,0.0,1,2.174072265625,0.0,0.0,29.44343642954258,9.912088463036771e-05,567.4501550414116,0.0,0.0,0.29700996677740865,0.0,,,,,,,,,,,,,,,,,,,,,,,,,,,,,,,,,,,,,,,,
-20.738750457763672,0.008293560706079006,0.1522292196750641,130.86612561678643,434993,0.0,0.0,778.8036900255829,0.4497285018568465,0.0,2,0.6716136336326599,0.0,0.0,42.990954377446315,9.911830666339713e-05,586.8956949231847,1.0,0.0,0.4938431626701231,0.0,,,,,,,,,,,,,,,,,,,,,,,,,,,,,,,,,,,,,,,,
-22.856534957885742,0.008283913135528564,0.12258964776992798,0.0,435891,20.75000000000016,1.0,298.26353521458805,0.20384346577436777,0.0,0,-2.508309841156006,0.0,0.0,23.9159591279561,9.91165313652437e-05,183.25527573115662,0.0,0.0,0.1733800350262697,0.0,,,,,,,,,,,,,,,,,,,,,,,,,,,,,,,,,,,,,,,,
-21.590621948242188,0.008271897211670876,0.12697623670101166,207.89336973902715,436653,6.449999999999985,0.0,401.70786499325186,0.3757832299949219,0.0,2,0.36483508348464966,0.0,0.0,37.94621026968722,9.911502494437652e-05,286.7226044861254,1.0,0.0,0.26140567200986436,0.0,,,,,,,,,,,,,,,,,,,,,,,,,,,,,,,,,,,,,,,,
,,,,,,,,,,,,,,,,,,,,,12124,19,0.14081788063049316,720,1352.45,579.6500774,446654,,,,,,,,,,,,,,,,,,,,,,,,,,,,,,,,,
-21.96082878112793,0.008270119316875935,0.13487091660499573,49.91474248144543,437131,4.94999999999999,0.0,277.98954065330327,0.37748372909524597,0.0,1,-0.25211936235427856,0.0,0.0,41.83883931335454,9.911407997757911e-05,180.8147062366228,1.0,0.0,0.12673267326732673,0.0,,,,,,,,,,,,,,,,,,,,,,,,,,,,,,,,,,,,,,,,
-20.81845474243164,0.008269073441624641,0.15192091464996338,2.7594604862831393,437215,0.0,1.0,31.07047333754599,0.14593901021105668,0.0,0,-0.9637176990509033,0.0,0.0,26.489478608018302,9.9113913916936e-05,12.404815867939817,0.0,0.0,0.014008133755083597,0.0,,,,,,,,,,,,,,,,,,,,,,,,,,,,,,,,,,,,,,,,
-22.040077209472656,0.008277982473373413,0.14149263501167297,0.0,437612,5.799999999999987,0.0,113.24371619476005,0.04938568799490536,0.0,0,-5.621249198913574,0.0,0.0,20.527399241253992,9.911312908459799e-05,19.65550382197233,1.0,0.0,0.04849785407725322,0.0,,,,,,,,,,,,,,,,,,,,,,,,,,,,,,,,,,,,,,,,
-21.29990005493164,0.008297278545796871,0.1377476155757904,85.68251460707901,437855,2.6499999999999986,0.0,136.33771010208875,0.3747149338467548,0.0,0,0.3461553454399109,0.0,0.0,40.300934004786974,9.911264869757932e-05,91.43044385860817,1.0,0.0,0.057490558120016785,0.0,,,,,,,,,,,,,,,,,,,,,,,,,,,,,,,,,,,,,,,,
,,,,,,,,,,,,,,,,,,,,,12187,19,0.14059491455554962,724,1335.21,568.8095551700001,447856,,,,,,,,,,,,,,,,,,,,,,,,,,,,,,,,,
-20.801654815673828,0.008464023470878601,0.14235973358154297,,439999,,,,,,,0.6795637607574463,,,,9.910841027187293e-05,,,,,,,,,,,,,0.09494723379611969,0.3848377764225006,1.7436444759368896,15.901312828063965,0.4433993101119995,0.6911062598228455,0.2818768620491028,7.1298322677612305,5.815435886383057,33.295997619628906,0.9560248851776123,0.4682263731956482,20.58378791809082,9.804940223693848,0.47502440214157104,0.012731283903121948,21.8234920501709,28.556182861328125,0.0853070616722107,11.647018432617188,0.27411216497421265,16.85964012145996,19.47676658630371,0.4080308675765991,1.6378145217895508,6.4059271812438965,0.47136956453323364,0.04219904541969299,0.14074304699897766,0.7668679356575012,0.1474922001361847,0.29062116146087646,0.1305713653564453
-21.842052459716797,0.008600067347288132,0.1413930505514145,470.57978259559184,441903,2.000000000000001,1.0,1122.0933571569622,0.1525431312196965,0.0,0,-0.29274848103523254,0.0,0.0,19.963123011764566,9.910464637316847e-05,617.6471383085511,0.0,0.0,0.4645447219983884,0.0,,,,,,,,,,,,,,,,,,,,,,,,,,,,,,,,,,,,,,,,
-20.382266998291016,0.008762030862271786,0.1642511487007141,371.9838285535052,444129,9.249999999999996,0.0,1280.4732233369723,0.5306616929149347,0.0,5,0.9115984439849854,0.0,0.0,41.420848655534186,9.910024602385732e-05,1181.7835901215597,0.0,1.0,0.8004807692307693,0.0,,,,,,,,,,,,,,,,,,,,,,,,,,,,,,,,,,,,,,,,
-21.434974670410156,0.008802051655948162,0.13094940781593323,161.911329488596,444729,2.1000000000000005,1.0,309.4976264964789,0.46091469208921315,0.0,1,-1.625257968902588,0.0,0.0,37.129183761905935,9.90990599626755e-05,277.0097299456171,0.0,0.0,0.17195325542570952,0.0,,,,,,,,,,,,,,,,,,,,,,,,,,,,,,,,,,,,,,,,
-21.218395233154297,0.00881233625113964,0.12087500095367432,53.81506544358273,445374,7.84999999999998,0.0,339.6698976783082,0.2976657385292068,0.0,1,2.372375011444092,0.0,0.0,37.90701525174354,9.909778495486123e-05,192.2920670898676,1.0,0.0,0.1763273258645884,0.0,,,,,,,,,,,,,,,,,,,,,,,,,,,,,,,,,,,,,,,,
,,,,,,,,,,,,,,,,,,,,,12566,19,0.13979725539684296,728,1393.83,584.0494597099998,455375,,,,,,,,,,,,,,,,,,,,,,,,,,,,,,,,,
-20.274707794189453,0.008827990852296352,0.18683132529258728,3.098053692405721,445550,0.5499999999999999,1.0,87.98498094361275,0.3100360638351158,0.0,0,1.4147348403930664,0.0,0.0,35.91049021205945,9.909743704718386e-05,54.8763832988155,0.0,0.0,0.04449042938437662,0.0,,,,,,,,,,,,,,,,,,,,,,,,,,,,,,,,,,,,,,,,
-20.830333709716797,0.009013639762997627,0.13746893405914307,198.72546174846602,448429,65.29999999999843,1.0,1272.0467717358842,0.39970920309651436,0.0,3,-2.383239269256592,0.0,0.0,31.81988133588069,9.909174607635372e-05,1151.1625049179613,0.0,0.0,0.8313404657016992,0.0,,,,,,,,,,,,,,,,,,,,,,,,,,,,,,,,,,,,,,,,
-20.01275634765625,0.009049108251929283,0.1576608568429947,258.70331472793146,449436,3.1999999999999966,0.0,603.1487620500848,0.5542325854570653,0.0,2,-0.46854743361473083,0.0,0.0,43.11354904877198,9.908975556020097e-05,558.6664461407219,1.0,0.0,0.2376607216922439,0.0,,,,,,,,,,,,,,,,,,,,,,,,,,,,,,,,,,,,,,,,
-20.11268424987793,0.009081043303012848,0.18021449446678162,,449999,,,,,,,0.0650281310081482,,,,9.908864269845804e-05,,,,,,,,,,,,,0.0852142870426178,0.371929407119751,1.9012787342071533,15.658639907836914,0.4411402940750122,0.6814832091331482,0.2927292585372925,6.572585105895996,5.600364685058594,34.025184631347656,1.02479887008667,0.451854407787323,21.588808059692383,9.299581527709961,0.4848201870918274,0.013286630623042583,21.70570182800293,28.691200256347656,0.07498162984848022,12.324226379394531,0.27990126609802246,16.700693130493164,19.123592376708984,0.3966805934906006,1.6943742036819458,5.783339023590088,0.4542301595211029,0.045159824192523956,0.1330217868089676,0.7656104564666748,0.14175689220428467,0.2814168334007263,0.120570108294487
-20.103595733642578,0.009091198444366455,0.15711240470409393,153.43378707088948,450140,6.199999999999986,0.0,400.87793338578194,0.44144109669332987,0.0,2,0.030170924961566925,0.0,0.0,40.96747832742119,9.908836398983985e-05,311.2159731687976,1.0,0.0,0.18743768693918245,0.0,,,,,,,,,,,,,,,,,,,,,,,,,,,,,,,,,,,,,,,,
,,,,,,,,,,,,,,,,,,,,,12817,19,0.1393055021762848,732,1428.97,601.7533117999999,460141,,,,,,,,,,,,,,,,,,,,,,,,,,,,,,,,,
-21.70585823059082,0.009212246164679527,0.20395460724830627,189.42937258306415,451435,5.949999999999987,0.0,642.6804800797254,0.3443145691527745,0.0,3,-0.28541305661201477,0.0,0.0,35.73425994264289,9.908580423762214e-05,446.23168162199573,1.0,0.0,0.3225979602791197,0.0,,,,,,,,,,,,,,,,,,,,,,,,,,,,,,,,,,,,,,,,
-20.30158805847168,0.009225777350366116,0.20527863502502441,40.855183497901095,451532,0.0,0.0,45.37344910390675,0.1369013142880887,0.0,0,-1.492950439453125,0.0,0.0,33.5652608753027,9.908561250462394e-05,13.41632880023269,1.0,0.0,0.017543859649122806,0.0,,,,,,,,,,,,,,,,,,,,,,,,,,,,,,,,,,,,,,,,
-20.796615600585938,0.00913283135741949,0.18584668636322021,239.5248461900893,454240,84.84999999999732,1.0,1158.709250247106,0.5774036742652805,0.0,3,-3.7652828693389893,0.0,0.0,30.81550642025242,9.90802598689638e-05,1564.1865535846448,0.0,0.0,0.8023872679045093,0.0,,,,,,,,,,,,,,,,,,,,,,,,,,,,,,,,,,,,,,,,
-20.813608169555664,0.009104274213314056,0.15627741813659668,33.56078442521172,454437,0.0,0.0,98.44490140024573,0.03422086088016223,0.0,0,0.6292293071746826,0.0,0.0,35.91285536485307,9.90798704842258e-05,6.7757304542721215,1.0,0.0,0.060907395898073334,0.0,,,,,,,,,,,,,,,,,,,,,,,,,,,,,,,,,,,,,,,,
,,,,,,,,,,,,,,,,,,,,,13035,19,0.13902956247329712,736,1407.54,596.23161206,464438,,,,,,,,,,,,,,,,,,,,,,,,,,,,,,,,,
-20.21567153930664,0.008972913958132267,0.15194803476333618,86.94964826982456,455651,36.70000000000005,1.0,564.1921822540462,0.4151615104188179,0.0,1,0.9589272737503052,0.0,0.0,33.45948469297463,9.907747094245664e-05,504.42123515886374,0.0,0.0,0.3608058608058608,0.0,,,,,,,,,,,,,,,,,,,,,,,,,,,,,,,,,,,,,,,,
-21.407522201538086,0.00895892083644867,0.15407288074493408,4.211930939654212,456138,15.550000000000086,1.0,182.8751730211079,0.27358741749528565,0.0,0,1.3105809688568115,0.0,0.0,27.061007521578258,9.907650836677482e-05,133.5106597376994,0.0,0.0,0.08509700176366843,0.0,,,,,,,,,,,,,,,,,,,,,,,,,,,,,,,,,,,,,,,,
-19.50786590576172,0.008760740049183369,0.14612330496311188,,459999,,,,,,,1.7814369201660156,,,,9.906887710659892e-05,,,,,,,,,,,,,0.08458293974399567,0.3420580327510834,1.9256006479263306,14.249083518981934,0.42171281576156616,0.6990894079208374,0.30515003204345703,6.585269927978516,5.9831461906433105,32.8327751159668,0.9710726737976074,0.47153496742248535,20.905261993408203,9.433125495910645,0.4622114896774292,0.012472713366150856,23.211700439453125,29.121912002563477,0.07784643769264221,12.711609840393066,0.26851269602775574,17.050039291381836,18.95861053466797,0.4092966914176941,1.620997428894043,6.060794353485107,0.45511311292648315,0.046225227415561676,0.14362910389900208,0.7643569707870483,0.1436760276556015,0.29813718795776367,0.121161550283432
-19.758590698242188,0.008699350990355015,0.13039079308509827,563.5347281796757,462483,138.04999999999714,1.0,1881.6564399050549,0.24902989474296702,0.0,0,0.30825942754745483,0.0,0.0,21.361503385049797,9.906396764082387e-05,1580.3437120388687,0.0,0.0,0.9905412506568576,0.0,,,,,,,,,,,,,,,,,,,,,,,,,,,,,,,,,,,,,,,,
-20.571704864501953,0.008691058494150639,0.13367187976837158,0.0,462758,4.049999999999994,0.0,148.66343094129115,0.20304312842891167,0.0,0,-0.003872200846672058,0.0,0.0,38.84139590641626,9.906342412857942e-05,56.039903446379626,1.0,0.0,0.07494646680942184,0.0,,,,,,,,,,,,,,,,,,,,,,,,,,,,,,,,,,,,,,,,
,,,,,,,,,,,,,,,,,,,,,13439,19,0.13797935843467712,740,1443.05,599.4449511799999,472759,,,,,,,,,,,,,,,,,,,,,,,,,,,,,,,,,
-20.31816864013672,0.008669184520840645,0.21179057657718658,515.1358675193225,465097,20.65000000000016,0.0,1304.6707505881786,0.5657683682360788,0.0,6,1.093915581703186,0.0,0.0,40.165577336054234,9.905880137046696e-05,1323.8979816724243,1.0,0.0,0.8011049723756906,0.0,,,,,,,,,,,,,,,,,,,,,,,,,,,,,,,,,,,,,,,,
-20.961544036865234,0.008589772507548332,0.13619983196258545,381.62479262067933,467961,42.449999999999726,1.0,1537.5019396059215,0.5591904998922641,0.0,5,0.09883470088243484,0.0,0.0,38.658193929079694,9.905314115930628e-05,1602.0807821913365,0.0,0.0,0.9359953024075162,0.0,,,,,,,,,,,,,,,,,,,,,,,,,,,,,,,,,,,,,,,,
-20.686237335205078,0.008396574296057224,0.12343538552522659,156.75568395563607,469729,57.69999999999886,1.0,742.8822672665119,0.560886625554616,0.0,2,0.14156021177768707,0.0,0.0,30.260613681272687,9.904964708774505e-05,992.2084406061157,0.0,0.0,0.3857421875,0.0,,,,,,,,,,,,,,,,,,,,,,,,,,,,,,,,,,,,,,,,
-20.340927124023438,0.008394284173846245,0.38262301683425903,1.9637628271153276,469947,3.4999999999999956,0.0,111.64343218225986,-0.03669555995818042,0.0,0,0.8858173489570618,0.0,0.0,36.80497296201374,9.904921626194389e-05,-8.036327630841512,1.0,0.0,0.048560378169316715,0.0,,,,,,,,,,,,,,,,,,,,,,,,,,,,,,,,,,,,,,,,
,,,,,,,,,,,,,,,,,,,,,13807,19,0.1371563822031021,744,1500.81,632.6473004000001,479948,,,,,,,,,,,,,,,,,,,,,,,,,,,,,,,,,
-21.022491455078125,0.008383507840335369,0.14793944358825684,,469999,,,,,,,0.047801434993743896,,,,9.904911349629558e-05,,,,,,,,,,,,,0.09003056585788727,0.3598366975784302,1.8943690061569214,14.779945373535156,0.4234781265258789,0.6752008199691772,0.3293963670730591,6.936391353607178,5.243122100830078,32.626808166503906,0.8084062337875366,0.48372983932495117,19.79953956604004,10.142054557800293,0.4497484564781189,0.010492670349776745,23.125446319580078,27.73322296142578,0.08516274392604828,13.529638290405273,0.25698718428611755,17.865211486816406,18.95449447631836,0.43495142459869385,1.5904797315597534,6.5613508224487305,0.46147143840789795,0.046120841056108475,0.12765051424503326,0.7693625092506409,0.15314826369285583,0.3001556396484375,0.1316383183002472
-20.262380599975586,0.008384930901229382,0.17053911089897156,2.5267943309713288,470102,0.49999999999999994,1.0,74.36570850480348,0.20297103819220885,0.0,0,-1.9055795669555664,0.0,0.0,34.466177764985844,9.904890994141958e-05,31.66348195798458,0.0,0.0,0.03821339950372209,0.0,,,,,,,,,,,,,,,,,,,,,,,,,,,,,,,,,,,,,,,,
-19.572147369384766,0.008329825475811958,0.16254651546478271,54.895698546394385,470607,7.199999999999982,0.0,293.7432800810784,0.25503212399766995,0.0,1,0.8072391748428345,0.0,0.0,41.852019515576934,9.904791193269097e-05,129.046254742821,1.0,0.0,0.13268765133171914,0.0,,,,,,,,,,,,,,,,,,,,,,,,,,,,,,,,,,,,,,,,
-20.777111053466797,0.008045235648751259,0.1799098551273346,328.25737332950314,474715,61.14999999999866,0.0,2259.1055172532797,0.5616661818664307,0.0,4,0.7459925413131714,1.0,0.0,39.60183469129198,9.903979366528289e-05,2307.8863412891637,0.0,0.0,1.0,0.0,,,,,,,,,,,,,,,,,,,,,,,,,,,,,,,,,,,,,,,,
-21.351730346679688,0.008004773408174515,0.1419847309589386,60.26355295480653,475203,5.04999999999999,0.0,245.99010023474693,0.27294681123860004,1.0,0,0.3017493486404419,0.0,0.0,36.25757760326905,9.90388292974132e-05,133.47099069567543,0.0,0.0,0.12065331928345627,0.0,,,,,,,,,,,,,,,,,,,,,,,,,,,,,,,,,,,,,,,,
,,,,,,,,,,,,,,,,,,,,,14073,19,0.13634619116783142,748,1493.91,637.3522550299999,485204,,,,,,,,,,,,,,,,,,,,,,,,,,,,,,,,,
-20.624488830566406,0.007981466129422188,0.16799312829971313,0.0,475414,3.2499999999999964,0.0,120.90177959669381,0.22031387505970657,0.0,0,1.444383978843689,0.0,0.0,41.12186519959097,9.903841232834067e-05,46.70654151265779,1.0,0.0,0.06063618290258449,0.0,,,,,,,,,,,,,,,,,,,,,,,,,,,,,,,,,,,,,,,,
-21.900054931640625,0.007947305217385292,0.19651584327220917,66.95283906866153,475804,0.0,0.0,136.4990529809147,0.11644994217106977,0.0,0,0.5655627250671387,0.0,0.0,25.1966320958342,9.903764162953365e-05,45.53192738888828,1.0,0.0,0.05851528384279476,0.0,,,,,,,,,,,,,,,,,,,,,,,,,,,,,,,,,,,,,,,,
-22.260684967041016,0.007948355749249458,0.2901158332824707,6.690638937872703,475891,1.5500000000000007,1.0,31.230068126693368,0.25110485651282094,0.0,0,0.8536466360092163,0.0,0.0,25.725647541935828,9.90374697048263e-05,22.09722737312824,0.0,0.0,0.01556420233463035,0.0,,,,,,,,,,,,,,,,,,,,,,,,,,,,,,,,,,,,,,,,
-21.109222412109375,0.007950511761009693,0.16475814580917358,81.58784653003143,476279,2.7499999999999982,0.0,227.57709259539843,0.41275984363719276,0.0,1,0.03332528471946716,0.0,0.0,42.17302365248372,9.903670296198056e-05,160.56357917486798,1.0,0.0,0.15826419910657308,0.0,,,,,,,,,,,,,,,,,,,,,,,,,,,,,,,,,,,,,,,,
,,,,,,,,,,,,,,,,,,,,,14129,19,0.13615848124027252,752,1442.14,606.87773977,486280,,,,,,,,,,,,,,,,,,,,,,,,,,,,,,,,,
-21.054096221923828,0.007902786135673523,0.16055288910865784,102.55334965949864,477261,38.64999999999994,1.0,328.03707983577624,0.5573797596669693,0.0,0,0.8305608034133911,0.0,0.0,24.060885233472778,9.903476240449921e-05,547.9043037526308,0.0,0.0,0.17561465127947817,0.0,,,,,,,,,,,,,,,,,,,,,,,,,,,,,,,,,,,,,,,,
-21.43455696105957,0.007899424992501736,0.19510945677757263,2.262957025142949,477334,0.0,1.0,26.96085993014276,0.14283537386195802,0.0,0,2.2522072792053223,0.0,0.0,26.483051286512943,9.903461814793421e-05,10.569817665784893,0.0,0.0,0.012178619756427604,0.0,,,,,,,,,,,,,,,,,,,,,,,,,,,,,,,,,,,,,,,,
-21.07403564453125,0.007888727821409702,0.20300327241420746,1.759516157095594,477452,0.5499999999999999,1.0,54.07690564263612,0.2613622566427565,0.0,0,0.1373492181301117,0.0,0.0,32.87146819041388,9.903438496631272e-05,31.102108540488018,0.0,0.0,0.02604920405209841,0.0,,,,,,,,,,,,,,,,,,,,,,,,,,,,,,,,,,,,,,,,
-20.5620174407959,0.007873781956732273,0.14890645444393158,95.88503476676271,477721,0.15000000000000002,1.0,153.10498247109354,0.4920311920251104,0.0,0,1.0065701007843018,0.0,0.0,40.916656336333524,9.90338533922918e-05,132.84842184677981,0.0,0.0,0.09871794871794871,0.0,,,,,,,,,,,,,,,,,,,,,,,,,,,,,,,,,,,,,,,,
,,,,,,,,,,,,,,,,,,,,,14204,19,0.13585832715034485,756,1349.56,567.10151039,487722,,,,,,,,,,,,,,,,,,,,,,,,,,,,,,,,,
-21.19470977783203,0.00786341167986393,0.16003191471099854,0.0,478265,9.750000000000004,0.0,276.0330782532692,0.40957549091538636,0.0,0,-2.0075602531433105,0.0,0.0,36.49743383663427,9.903277839196222e-05,223.21864254888558,1.0,0.0,0.11330255979857323,0.0,,,,,,,,,,,,,,,,,,,,,,,,,,,,,,,,,,,,,,,,
-20.394088745117188,0.007882609963417053,0.14373135566711426,130.6116008738333,479312,34.40000000000018,1.0,420.57780950237066,0.5705629531481046,0.0,1,-0.6506786346435547,0.0,0.0,28.923888388668132,9.90307094280527e-05,597.9499748992135,0.0,0.0,0.23575949367088608,0.0,,,,,,,,,,,,,,,,,,,,,,,,,,,,,,,,,,,,,,,,
-20.19750213623047,0.007874458096921444,0.18792152404785156,,479999,,,,,,,0.34672650694847107,,,,9.902935186754803e-05,,,,,,,,,,,,,0.09628912806510925,0.3867420256137848,2.2282469272613525,15.937451362609863,0.43277615308761597,0.6577377915382385,0.30318304896354675,7.218806743621826,5.228475570678711,32.445274353027344,0.8888025879859924,0.5054495334625244,19.556171417236328,10.624448776245117,0.4678654670715332,0.01185542531311512,23.060977935791016,27.105056762695312,0.08277319371700287,12.494026184082031,0.2608529031276703,18.600027084350586,18.406719207763672,0.45135271549224854,1.4288899898529053,6.205514907836914,0.44666188955307007,0.05407117307186127,0.12687544524669647,0.7222318053245544,0.14560149610042572,0.30760228633880615,0.14171579480171204
-20.98859405517578,0.007874987088143826,0.24268996715545654,171.99538743350578,480153,6.699999999999984,0.0,440.7579485150054,0.33501329512772304,0.0,1,-0.3270328640937805,0.0,0.0,37.736327189418915,9.902904755395825e-05,282.0811944975428,1.0,0.0,0.2760479041916168,0.0,,,,,,,,,,,,,,,,,,,,,,,,,,,,,,,,,,,,,,,,
-22.20274543762207,0.007954387925565243,0.12572398781776428,122.54807626574258,483274,64.2499999999985,0.0,1530.1253978768364,0.5786957759004163,0.0,3,0.5370945334434509,1.0,0.0,35.30251514347434,9.902288036488006e-05,1806.6882123610997,0.0,0.0,1.0,0.0,,,,,,,,,,,,,,,,,,,,,,,,,,,,,,,,,,,,,,,,
,,,,,,,,,,,,,,,,,,,,,14491,19,0.13483479619026184,760,1358.12,575.7410565499999,493275,,,,,,,,,,,,,,,,,,,,,,,,,,,,,,,,,
-21.785816192626953,0.007947335951030254,0.16465511918067932,32.68555660772788,483387,0.0,0.0,54.30154302623123,0.21665256858757032,0.0,0,0.6284996867179871,0.0,0.0,34.46973418071871,9.902265707713079e-05,24.698392818983017,1.0,0.0,0.03642384105960265,0.0,,,,,,,,,,,,,,,,,,,,,,,,,,,,,,,,,,,,,,,,
-21.450450897216797,0.00797068327665329,0.1772804707288742,159.83491853858615,483902,2.499999999999999,0.0,305.5625545559451,0.5029358441646654,0.0,2,-1.4309346675872803,0.0,0.0,42.69137454980877,9.90216394414777e-05,259.51489558896736,1.0,0.0,0.14906832298136646,0.0,,,,,,,,,,,,,,,,,,,,,,,,,,,,,,,,,,,,,,,,
-21.81775665283203,0.008007151074707508,0.13743802905082703,165.5788656355259,484890,2.4499999999999993,1.0,607.2437416277826,0.6172386173282145,0.0,2,1.1289677619934082,0.0,0.0,44.237288013240615,9.901968717652976e-05,610.4489925376041,0.0,0.0,0.3466375068343357,0.0,,,,,,,,,,,,,,,,,,,,,,,,,,,,,,,,,,,,,,,,
-21.72044563293457,0.008011001162230968,0.18411852419376373,107.92619222526287,485745,27.75000000000026,1.0,359.43615912552923,0.5440699508128785,0.0,0,0.22847360372543335,0.0,0.0,30.266458416099464,9.901799773209099e-05,465.72387789582393,0.0,0.0,0.20062370062370063,0.0,,,,,,,,,,,,,,,,,,,,,,,,,,,,,,,,,,,,,,,,
,,,,,,,,,,,,,,,,,,,,,14618,19,0.13447314500808716,764,1327.89,567.6195883799999,495746,,,,,,,,,,,,,,,,,,,,,,,,,,,,,,,,,
-21.513660430908203,0.008030950091779232,0.13763783872127533,102.17570160638068,486835,0.15000000000000002,1.0,674.3799512675032,0.6059643622388005,0.0,2,0.43047213554382324,0.0,0.0,44.52905172162344,9.901584395843134e-05,661.1071192025313,0.0,0.0,0.32306985294117646,0.0,,,,,,,,,,,,,,,,,,,,,,,,,,,,,,,,,,,,,,,,
-21.838254928588867,0.008030291646718979,0.13970862329006195,108.36230665918102,487794,34.000000000000206,1.0,361.2354410579428,0.523418374885276,0.0,1,-2.0488839149475098,0.0,0.0,27.127093853824245,9.901394905226735e-05,502.48163988986494,0.0,0.0,0.22679200940070504,0.0,,,,,,,,,,,,,,,,,,,,,,,,,,,,,,,,,,,,,,,,
-22.17159652709961,0.008028185926377773,0.12667417526245117,0.49451887684934626,487841,0.0,0.0,12.229794689454138,-0.43748329293474786,0.0,0,0.01250109076499939,0.0,0.0,18.688034676903353,9.901385618455051e-05,-20.999198060867897,1.0,0.0,0.005484460694698354,0.0,,,,,,,,,,,,,,,,,,,,,,,,,,,,,,,,,,,,,,,,
-21.131860733032227,0.008036489598453045,0.14259609580039978,3.450915289724352,487913,0.0,1.0,25.218273191712797,0.19052413942285154,0.0,0,1.1934640407562256,0.0,0.0,25.102555786969393,9.901371391919684e-05,13.908262177868163,0.0,0.0,0.011296882060551287,0.0,,,,,,,,,,,,,,,,,,,,,,,,,,,,,,,,,,,,,,,,
,,,,,,,,,,,,,,,,,,,,,14730,19,0.1340932548046112,768,1317.23,563.24455729,497914,,,,,,,,,,,,,,,,,,,,,,,,,,,,,,,,,
-22.157419204711914,0.008029403164982796,0.20270657539367676,0.0,488204,2.549999999999999,0.0,160.18658788874745,0.22153324275716885,0.0,0,1.428243637084961,0.0,0.0,39.552201210249386,9.901313893110563e-05,64.6877068850933,1.0,0.0,0.08599242833964305,0.0,,,,,,,,,,,,,,,,,,,,,,,,,,,,,,,,,,,,,,,,
-21.784740447998047,0.00806352123618126,0.17727865278720856,,489999,,,,,,,-0.8267123699188232,,,,9.900959222035624e-05,,,,,,,,,,,,,0.09317459166049957,0.37649643421173096,2.0491831302642822,15.22790241241455,0.44754284620285034,0.659241795539856,0.3125947117805481,6.995024681091309,5.750894069671631,33.599002838134766,0.8397230505943298,0.5400384068489075,18.927345275878906,10.2064847946167,0.46935516595840454,0.011185213923454285,22.767993927001953,26.663917541503906,0.08877086639404297,12.643312454223633,0.25211456418037415,19.6317138671875,18.03307342529297,0.48537677526474,1.3348714113235474,6.664417743682861,0.44585177302360535,0.05066424235701561,0.142185777425766,0.7208818197250366,0.15273678302764893,0.3032724857330322,0.13595163822174072
-21.749942779541016,0.008051836863160133,0.14601820707321167,82.43512547150954,490183,29.500000000000284,1.0,1072.24448024109,0.507419141886262,0.0,1,-0.15566909313201904,0.0,0.0,39.008786578639885,9.900922866141364e-05,1004.6899009347987,0.0,0.0,0.4821109123434705,0.0,,,,,,,,,,,,,,,,,,,,,,,,,,,,,,,,,,,,,,,,
-21.493995666503906,0.008055346086621284,0.1795843094587326,0.0,490304,2.000000000000001,0.0,39.957162014907226,0.08194752648798005,0.0,0,-0.36416536569595337,0.0,0.0,23.66184776374427,9.900898958225728e-05,9.997598231533566,1.0,0.0,0.018912529550827423,0.0,,,,,,,,,,,,,,,,,,,,,,,,,,,,,,,,,,,,,,,,
-21.815595626831055,0.008073054254055023,0.14408999681472778,369.9506188974961,493877,20.85000000000016,0.0,1623.0062098279595,0.3158330573718989,0.0,5,-0.291439950466156,0.0,0.0,32.716018427971655,9.900192996240087e-05,1128.7873470471666,1.0,0.0,0.6752618855761483,0.0,,,,,,,,,,,,,,,,,,,,,,,,,,,,,,,,,,,,,,,,
,,,,,,,,,,,,,,,,,,,,,15038,19,0.13312093913555145,772,1344.11,568.30889246,503878,,,,,,,,,,,,,,,,,,,,,,,,,,,,,,,,,
-21.51227569580078,0.008090457879006863,0.18606898188591003,0.0,494120,0.0,0.0,140.03362773172557,0.25467681841911494,0.0,0,0.708797037601471,0.0,0.0,41.39435785872166,9.900144984630831e-05,62.141143694264045,1.0,0.0,0.07777164920022063,0.0,,,,,,,,,,,,,,,,,,,,,,,,,,,,,,,,,,,,,,,,
-20.763830184936523,0.008115030825138092,0.18358094990253448,181.54331077090325,494602,1.6500000000000008,0.0,282.16030615381896,0.5722234562333636,0.0,3,2.3793752193450928,0.0,0.0,42.10547593017789,9.900049752073106e-05,276.3839293607146,1.0,0.0,0.17216828478964402,0.0,,,,,,,,,,,,,,,,,,,,,,,,,,,,,,,,,,,,,,,,
-21.371156692504883,0.008185677230358124,0.21679575741291046,192.63297244274824,495324,1.4500000000000006,0.0,444.66931516025215,0.5639037465251291,0.0,3,-1.0200217962265015,0.0,0.0,44.32070074355831,9.89990710167571e-05,407.70240873766835,1.0,0.0,0.20289156626506025,0.0,,,,,,,,,,,,,,,,,,,,,,,,,,,,,,,,,,,,,,,,
-21.6304931640625,0.008187772706151009,0.5208553075790405,39.24387238385493,495481,0.65,0.0,75.26168234436773,0.1754563388487303,0.0,0,2.5381298065185547,0.0,0.0,34.42931222047311,9.899876082266191e-05,27.722101538099388,1.0,0.0,0.03830439223697651,0.0,,,,,,,,,,,,,,,,,,,,,,,,,,,,,,,,,,,,,,,,
,,,,,,,,,,,,,,,,,,,,,15120,19,0.132864847779274,776,1298.85,548.80125622,505482,,,,,,,,,,,,,,,,,,,,,,,,,,,,,,,,,
-21.089054107666016,0.00842249859124422,0.2108633816242218,238.30348143039205,498658,70.04999999999816,0.0,1581.2943741027266,0.5410853146078513,0.0,4,0.29562756419181824,1.0,0.0,35.84681196268077,9.899248394263567e-05,1719.5691298237512,0.0,0.0,1.0,0.0,,,,,,,,,,,,,,,,,,,,,,,,,,,,,,,,,,,,,,,,
-21.998321533203125,0.008398659527301788,0.17813701927661896,,499999,,,,,,,-1.3887829780578613,,,,9.898983455472022e-05,,,,,,,,,,,,,0.09653397649526596,0.40081334114074707,2.171074390411377,15.983904838562012,0.448912650346756,0.6550499796867371,0.30726122856140137,7.173700332641602,5.529529094696045,33.35991287231445,0.9678523540496826,0.5226696729660034,19.5255069732666,10.04084587097168,0.48143917322158813,0.013024049811065197,22.558795928955078,26.122526168823242,0.08576447516679764,12.253171920776367,0.2627479135990143,19.026567459106445,18.913232803344727,0.4771113097667694,1.4196857213974,6.373389720916748,0.4742693305015564,0.05444198474287987,0.1386587917804718,0.742026686668396,0.1531696915626526,0.3035658001899719,0.13511614501476288
-21.650972366333008,0.008400654420256615,0.18210655450820923,169.74780972446854,500704,56.79999999999891,1.0,922.0562530728057,0.547571413243547,0.0,2,-3.650254964828491,0.0,0.0,32.45645117659806,9.898844171406716e-05,1120.8786829095407,0.0,0.0,0.42433493240296555,0.0,,,,,,,,,,,,,,,,,,,,,,,,,,,,,,,,,,,,,,,,
-22.024799346923828,0.00838934164494276,0.14467710256576538,156.4520297394616,501652,0.0,1.0,265.8547096233815,0.19959438222860365,0.0,0,2.264573574066162,0.0,0.0,20.195384476252418,9.898656880343827e-05,189.41506873494487,0.0,0.0,0.13500784929356358,0.0,,,,,,,,,,,,,,,,,,,,,,,,,,,,,,,,,,,,,,,,
-22.655305862426758,0.00838513858616352,0.1601940095424652,264.8835677769214,504655,70.84999999999812,0.0,1412.5958696519956,0.5891341724761071,0.0,3,-14.475174903869629,0.0,0.0,33.87543407891124,9.898063606169045e-05,1769.7590541182258,1.0,0.0,0.7157945271243399,0.0,,,,,,,,,,,,,,,,,,,,,,,,,,,,,,,,,,,,,,,,
,,,,,,,,,,,,,,,,,,,,,15586,19,0.131746307015419,780,1303.32,574.8127488299999,514656,,,,,,,,,,,,,,,,,,,,,,,,,,,,,,,,,
-22.207721710205078,0.008372637443244457,0.17282705008983612,81.40668396071814,505114,0.35,0.0,275.88795779272914,0.48304090424631546,0.0,0,-0.6894646883010864,0.0,0.0,43.238557933091,9.897972927474976e-05,222.19881595330511,1.0,0.0,0.12857142857142856,0.0,,,,,,,,,,,,,,,,,,,,,,,,,,,,,,,,,,,,,,,,
-21.080432891845703,0.008362550288438797,0.192952960729599,0.0,505181,3.349999999999996,0.0,24.696095030754805,-0.16765006190972181,1.0,0,0.18694329261779785,0.0,0.0,26.479065126487903,9.897959691186355e-05,-11.400204209861084,0.0,0.0,0.010629251700680272,0.0,,,,,,,,,,,,,,,,,,,,,,,,,,,,,,,,,,,,,,,,
-22.39772605895996,0.00835387408733368,0.17157240211963654,9.43487610322513,505438,3.149999999999997,1.0,79.55353041831404,0.17387614419905087,0.0,0,1.0457642078399658,0.0,0.0,22.307485315532173,9.897908919236396e-05,44.86004520335513,0.0,0.0,0.043010752688172046,0.0,,,,,,,,,,,,,,,,,,,,,,,,,,,,,,,,,,,,,,,,
-22.0782470703125,0.008247293531894684,0.15144148468971252,215.60497489074632,508568,64.74999999999847,0.0,1530.7183156653773,0.5737183023396137,0.0,3,1.1395089626312256,0.0,0.0,35.21917037375166,9.897290578754031e-05,1796.3120046253307,1.0,0.0,0.7294860234445446,0.0,,,,,,,,,,,,,,,,,,,,,,,,,,,,,,,,,,,,,,,,
,,,,,,,,,,,,,,,,,,,,,15785,19,0.1312120109796524,784,1332.66,594.8893262199999,518569,,,,,,,,,,,,,,,,,,,,,,,,,,,,,,,,,
-22.553531646728516,0.008236105553805828,0.1144460067152977,71.31779788353272,508789,2.000000000000001,0.0,123.38880322314799,0.3638063126720504,0.0,0,-0.37121790647506714,0.0,0.0,40.096952518393515,9.897246920303556e-05,80.76500141319518,1.0,0.0,0.0746987951807229,0.0,,,,,,,,,,,,,,,,,,,,,,,,,,,,,,,,,,,,,,,,
-21.97357177734375,0.008235489018261433,0.19460612535476685,0.0,508868,0.44999999999999996,0.0,34.04339094273746,-0.08678913987127519,0.0,0,-0.07580171525478363,0.0,0.0,30.930369997217127,9.897231313912613e-05,-6.943131189702015,1.0,0.0,0.020910209102091022,0.0,,,,,,,,,,,,,,,,,,,,,,,,,,,,,,,,,,,,,,,,
-22.772377014160156,0.008231821469962597,0.1692504584789276,0.0,508956,0.15000000000000002,0.0,33.220895662438124,-0.018623728593309904,0.0,0,-0.9353538155555725,0.0,0.0,27.067969126614976,9.89721392959296e-05,-1.6575118448045814,1.0,0.0,0.01572177227251072,0.0,,,,,,,,,,,,,,,,,,,,,,,,,,,,,,,,,,,,,,,,
-21.919885635375977,0.008216864429414272,0.19317543506622314,129.82921824907478,509442,5.449999999999989,0.0,283.8100449969061,0.46222952838085507,0.0,2,-0.364162802696228,0.0,0.0,42.01261021582799,9.897117921013081e-05,225.10578032147643,1.0,0.0,0.13306085376930063,0.0,,,,,,,,,,,,,,,,,,,,,,,,,,,,,,,,,,,,,,,,
,,,,,,,,,,,,,,,,,,,,,15832,19,0.13111820816993713,788,1276.54,583.0096698499998,519443,,,,,,,,,,,,,,,,,,,,,,,,,,,,,,,,,
-21.349666595458984,0.008197199553251266,0.18201196193695068,,509999,,,,,,,-1.510668158531189,,,,9.897007887064e-05,,,,,,,,,,,,,0.08577676117420197,0.3864251375198364,2.355520248413086,15.707565307617188,0.445048987865448,0.6492996215820312,0.31094032526016235,6.387799263000488,4.8690314292907715,33.142818450927734,1.2098968029022217,0.5329973101615906,20.18075942993164,10.350410461425781,0.47172194719314575,0.01624675653874874,22.500398635864258,26.392993927001953,0.08362987637519836,12.639227867126465,0.27099162340164185,19.662446975708008,18.373199462890625,0.48372000455856323,1.327265977859497,6.227921009063721,0.45200294256210327,0.057948652654886246,0.11978407204151154,0.7074291706085205,0.1441444456577301,0.3021402359008789,0.13898755609989166
-21.39765167236328,0.008128895424306393,0.12384151667356491,268.8022432033122,512274,36.850000000000044,1.0,1603.1205999376252,0.5875708550882884,0.0,5,-2.7014987468719482,0.0,0.0,40.76175681334079,9.896558472919268e-05,1664.588232465121,0.0,0.0,0.9744047619047619,0.0,,,,,,,,,,,,,,,,,,,,,,,,,,,,,,,,,,,,,,,,
-20.316482543945312,0.008132233284413815,0.2336755096912384,16.233180780653502,512461,0.39999999999999997,1.0,83.27691407967359,0.2880576194804298,0.0,0,-0.5675362348556519,0.0,0.0,32.03050155842665,9.896521532520442e-05,54.1548324623208,0.0,0.0,0.042907622412922765,0.0,,,,,,,,,,,,,,,,,,,,,,,,,,,,,,,,,,,,,,,,
-22.816879272460938,0.008121739141643047,0.17016956210136414,0.0,512700,0.0,0.0,142.53441534144804,0.39594220506881395,0.0,0,-0.10024434328079224,0.0,0.0,42.81065883917136,9.896474320026025e-05,95.02612921651534,1.0,0.0,0.0789330430048993,0.0,,,,,,,,,,,,,,,,,,,,,,,,,,,,,,,,,,,,,,,,
-21.49905776977539,0.008118676953017712,0.19608429074287415,43.76708846404344,513082,3.7999999999999945,0.0,230.6307191066444,0.42718978306481653,0.0,1,0.6236847043037415,0.0,0.0,43.41987726954082,9.896398859286723e-05,163.61368691382472,1.0,0.0,0.09578207381370826,0.0,,,,,,,,,,,,,,,,,,,,,,,,,,,,,,,,,,,,,,,,
,,,,,,,,,,,,,,,,,,,,,16023,19,0.1307482123374939,792,1266.14,578.1380367300001,523083,,,,,,,,,,,,,,,,,,,,,,,,,,,,,,,,,
-21.2106990814209,0.008111532777547836,0.15340657532215118,0.0,513173,0.0,0.0,29.58493740297854,-0.08581125431280195,0.0,0,0.953544020652771,0.0,0.0,23.289658458154094,9.896380883079952e-05,-7.89463539677778,1.0,0.0,0.01744186046511628,0.0,,,,,,,,,,,,,,,,,,,,,,,,,,,,,,,,,,,,,,,,
-21.335147857666016,0.00810375064611435,0.20925764739513397,260.16936780898567,516021,49.9999999999993,0.0,1433.596818689257,0.4878216117080155,0.0,4,1.471074104309082,0.0,0.0,36.24476232887695,9.895818295363382e-05,1389.8037717561363,1.0,0.0,0.8337066069428891,0.0,,,,,,,,,,,,,,,,,,,,,,,,,,,,,,,,,,,,,,,,
-21.353485107421875,0.007995079271495342,0.18119311332702637,,519999,,,,,,,1.0214169025421143,,,,9.895032516811554e-05,,,,,,,,,,,,,0.08875756710767746,0.35142263770103455,2.3301055431365967,14.337251663208008,0.4306153655052185,0.6702854633331299,0.3144885301589966,6.7256340980529785,5.126270294189453,32.63002395629883,0.9602099657058716,0.5202367901802063,20.41458511352539,11.141772270202637,0.47115758061408997,0.012671800330281258,21.79224395751953,27.34613609313965,0.08360931277275085,12.830422401428223,0.2694093585014343,19.273107528686523,18.756717681884766,0.47240620851516724,1.3970942497253418,6.335524082183838,0.45974886417388916,0.057113584131002426,0.1256508231163025,0.7268198132514954,0.14590704441070557,0.2875902056694031,0.14703691005706787
-21.34820556640625,0.00798836164176464,0.1529073268175125,241.28086026052122,520066,108.049999999996,1.0,1729.2219601124525,0.4332085164117382,0.0,2,-3.138659954071045,0.0,0.0,30.784922238227733,9.895019282499132e-05,1752.7616574018928,0.0,0.0,0.8382936507936508,0.0,,,,,,,,,,,,,,,,,,,,,,,,,,,,,,,,,,,,,,,,
-21.665361404418945,0.008009476587176323,0.16246138513088226,43.2304122091318,521218,29.000000000000277,1.0,564.8635658286512,0.548157442944391,0.0,1,-1.9377779960632324,0.0,0.0,35.301756227641654,9.89479173272762e-05,632.0255317148827,0.0,0.0,0.36119585112873703,0.0,,,,,,,,,,,,,,,,,,,,,,,,,,,,,,,,,,,,,,,,
,,,,,,,,,,,,,,,,,,,,,16446,19,0.12976013123989105,796,1317.08,605.5370969300001,531219,,,,,,,,,,,,,,,,,,,,,,,,,,,,,,,,,
-22.518098831176758,0.008009671233594418,0.17168456315994263,4.719802302697509,521291,1.3000000000000005,1.0,27.091613797470927,0.2101617760008132,0.0,0,-0.948766827583313,0.0,0.0,26.672651120220646,9.89477731342966e-05,15.551971424060177,0.0,0.0,0.010984540276647681,0.0,,,,,,,,,,,,,,,,,,,,,,,,,,,,,,,,,,,,,,,,
-22.42357635498047,0.008003249764442444,0.20277999341487885,3.356113419331326,521359,0.0,1.0,26.856898594647646,0.20460395827415429,0.0,0,0.5059841871261597,0.0,0.0,28.375923152074083,9.894763881764345e-05,14.117673120916646,0.0,0.0,0.011831726555652936,0.0,,,,,,,,,,,,,,,,,,,,,,,,,,,,,,,,,,,,,,,,
-21.78980255126953,0.008003261871635914,0.16485022008419037,192.31937102902927,522191,4.99999999999999,0.0,409.99762206245214,0.2705717528514011,0.0,2,0.9199079275131226,0.0,0.0,35.466052585222364,9.894599542130622e-05,225.38627012521712,1.0,0.0,0.27749029754204396,0.0,,,,,,,,,,,,,,,,,,,,,,,,,,,,,,,,,,,,,,,,
-20.723724365234375,0.008017275482416153,0.19056108593940735,283.3582019847005,526240,124.74999999999505,0.0,1731.7074719187804,0.5563567074119729,0.0,5,1.8928418159484863,1.0,0.0,30.804459241409592,9.89379978866233e-05,2253.24466501849,0.0,0.0,1.0,0.0,,,,,,,,,,,,,,,,,,,,,,,,,,,,,,,,,,,,,,,,
,,,,,,,,,,,,,,,,,,,,,16710,19,0.12920299172401428,800,1309.85,602.7296252799999,536241,,,,,,,,,,,,,,,,,,,,,,,,,,,,,,,,,
-21.45703125,0.008008567616343498,0.15168529748916626,203.69805926319572,527020,9.650000000000002,0.0,346.6751224119216,0.3861243167574093,0.0,2,0.6016309857368469,0.0,0.0,32.0051719282862,9.89364572775967e-05,301.5630913875367,1.0,0.0,0.177863436123348,0.0,,,,,,,,,,,,,,,,,,,,,,,,,,,,,,,,,,,,,,,,
-20.606761932373047,0.008041484281420708,0.14127281308174133,108.28704657120622,528040,30.350000000000296,1.0,440.01567308511585,0.6085967868211787,0.0,1,0.6711897850036621,0.0,0.0,31.060623580917387,9.893444265321414e-05,621.3773193444234,0.0,0.0,0.3062295081967213,0.0,,,,,,,,,,,,,,,,,,,,,,,,,,,,,,,,,,,,,,,,
-21.263914108276367,0.00803461205214262,0.16769367456436157,0.0,528169,2.6999999999999984,1.0,62.1104679973796,0.0006867570960977104,0.0,0,0.9570727348327637,0.0,0.0,34.54654943322445,9.893418786395195e-05,0.08927842249270235,0.0,0.0,0.03277807630306287,0.0,,,,,,,,,,,,,,,,,,,,,,,,,,,,,,,,,,,,,,,,
-20.699132919311523,0.008070264011621475,0.22895881533622742,110.65335608305853,528616,5.949999999999987,0.0,196.04678799584508,0.3177165371943883,0.0,0,-1.0578160285949707,0.0,0.0,31.567701633429017,9.893330499208275e-05,142.33700866308595,1.0,0.0,0.08446389496717724,0.0,,,,,,,,,,,,,,,,,,,,,,,,,,,,,,,,,,,,,,,,
,,,,,,,,,,,,,,,,,,,,,16834,19,0.12898367643356323,804,1263.04,579.97381764,538617,,,,,,,,,,,,,,,,,,,,,,,,,,,,,,,,,
-20.700746536254883,0.008076238445937634,0.15926972031593323,33.759264981296944,528759,0.0,0.0,73.71298197936267,0.21465809967560956,0.0,0,-3.854069709777832,0.0,0.0,37.00415005620832,9.893302255292472e-05,30.910766353287777,1.0,0.0,0.045084533500313086,0.0,,,,,,,,,,,,,,,,,,,,,,,,,,,,,,,,,,,,,,,,
-20.674301147460938,0.008079944178462029,0.19294105470180511,,529999,,,,,,,2.3390235900878906,,,,9.893057344714687e-05,,,,,,,,,,,,,0.08974284678697586,0.3619835376739502,2.463691473007202,14.730879783630371,0.44041842222213745,0.691277265548706,0.3333238363265991,6.746301174163818,4.749390125274658,33.107879638671875,1.2927833795547485,0.5048002004623413,19.890684127807617,10.620065689086914,0.4594962000846863,0.01719728484749794,22.689817428588867,28.131452560424805,0.07519210875034332,13.564577102661133,0.2645963430404663,18.1608829498291,18.199127197265625,0.4462693929672241,1.477728247642517,5.652468204498291,0.44720911979675293,0.06054055690765381,0.11670728772878647,0.7459574937820435,0.14278146624565125,0.3018319010734558,0.14127370715141296
-21.393718719482422,0.008068986237049103,0.20355841517448425,225.9824553848871,531793,82.09999999999748,0.0,1469.036716341041,0.5942620306163118,0.0,3,-0.027969397604465485,0.0,0.0,34.86731115524815,9.89270301980382e-05,1803.5852629205062,1.0,0.0,0.8224695283518813,0.0,,,,,,,,,,,,,,,,,,,,,,,,,,,,,,,,,,,,,,,,
-21.443161010742188,0.008055150508880615,0.15204662084579468,99.83950991453834,532224,4.449999999999992,0.0,257.4630707446486,0.4531465833608754,0.0,1,0.13603422045707703,0.0,0.0,42.95987035158911,9.892617895872912e-05,195.75932401189817,1.0,0.0,0.11136467366499316,0.0,,,,,,,,,,,,,,,,,,,,,,,,,,,,,,,,,,,,,,,,
-21.927244186401367,0.00806579738855362,0.13614842295646667,50.466745961990625,535743,86.84999999999721,0.0,1607.287459061481,0.5186747310427654,0.0,1,-0.9806012511253357,1.0,0.0,32.89321844772617,9.891922895461794e-05,1825.735053270534,0.0,0.0,1.0,0.0,,,,,,,,,,,,,,,,,,,,,,,,,,,,,,,,,,,,,,,,
,,,,,,,,,,,,,,,,,,,,,17217,19,0.12830092012882233,808,1264.83,589.27131165,545744,,,,,,,,,,,,,,,,,,,,,,,,,,,,,,,,,
-22.455142974853516,0.007979137822985649,0.15530632436275482,595.2900023570021,539260,21.40000000000017,1.0,2166.240775276907,0.6248387173224549,0.0,8,0.09733486920595169,0.0,0.0,44.3543399579172,9.891228314566894e-05,2198.1826075403965,0.0,0.0,0.8944124897288415,0.0,,,,,,,,,,,,,,,,,,,,,,,,,,,,,,,,,,,,,,,,
-22.569847106933594,0.007985067553818226,0.12876030802726746,1.7152206796051503,539375,0.49999999999999994,1.0,52.55439618695527,0.027060239412954466,0.0,0,-1.293759822845459,0.0,0.0,32.78994892550805,9.891205603350666e-05,3.138987771902718,0.0,0.0,0.033920417482061316,0.0,,,,,,,,,,,,,,,,,,,,,,,,,,,,,,,,,,,,,,,,
-22.3934326171875,0.007971493527293205,0.1384183168411255,,539999,,,,,,,0.7191786766052246,,,,9.891082370773397e-05,,,,,,,,,,,,,0.08348610997200012,0.37471550703048706,2.404123544692993,15.133916854858398,0.40923699736595154,0.6678248643875122,0.30175912380218506,6.537940502166748,5.248348236083984,32.04804992675781,1.1411330699920654,0.526829719543457,19.71837615966797,10.77543830871582,0.4439551532268524,0.014571676030755043,24.260061264038086,26.97194480895996,0.07047472894191742,12.187373161315918,0.25179341435432434,19.15079689025879,18.90349769592285,0.4741733968257904,1.3737244606018066,5.5189971923828125,0.4680502712726593,0.05952605605125427,0.12994900345802307,0.7237188816070557,0.13210317492485046,0.30978840589523315,0.1375967562198639
-22.65582275390625,0.007949534803628922,0.16143926978111267,124.8317233647203,540427,31.90000000000032,0.0,452.64711710065603,0.5770896392401698,0.0,2,1.352780818939209,0.0,0.0,30.97018140939498,9.890997846310734e-05,607.6753901198988,1.0,0.0,0.2947692307692308,0.0,,,,,,,,,,,,,,,,,,,,,,,,,,,,,,,,,,,,,,,,
-22.59154510498047,0.007948123849928379,0.13113346695899963,0.0,540714,1.7000000000000008,1.0,76.0265869605355,0.020153984890458634,0.0,0,-2.014158248901367,0.0,0.0,19.098122953622397,9.890941167727167e-05,5.804347648452087,0.0,0.0,0.039860488290981565,0.0,,,,,,,,,,,,,,,,,,,,,,,,,,,,,,,,,,,,,,,,
,,,,,,,,,,,,,,,,,,,,,17476,19,0.12783366441726685,812,1196.02,559.0780346799999,550715,,,,,,,,,,,,,,,,,,,,,,,,,,,,,,,,,
-22.30034637451172,0.007942982949316502,0.1643417328596115,63.34366832324691,541051,2.1000000000000005,0.0,200.26813171431422,0.338531548207283,1.0,0,2.013104200363159,0.0,0.0,42.71811115800209,9.890874615034254e-05,114.42366329406164,0.0,0.0,0.09586170770036669,0.0,,,,,,,,,,,,,,,,,,,,,,,,,,,,,,,,,,,,,,,,
-22.963756561279297,0.007957941852509975,0.14221376180648804,30.79391976296845,541593,4.099999999999993,0.0,174.1787999412045,0.16317369857585926,1.0,0,0.8436679840087891,0.0,0.0,23.17329397765863,9.890767578237561e-05,88.60331832669158,0.0,0.0,0.09258312020460358,0.0,,,,,,,,,,,,,,,,,,,,,,,,,,,,,,,,,,,,,,,,
-22.0886173248291,0.007958322763442993,0.22202330827713013,77.76806868107954,542000,2.3,0.0,233.2064312165603,0.5057415323928857,0.0,1,0.9519820213317871,0.0,0.0,41.19352368501024,9.890687202280286e-05,206.34254521629737,1.0,0.0,0.11141427921782629,0.0,,,,,,,,,,,,,,,,,,,,,,,,,,,,,,,,,,,,,,,,
-22.550508499145508,0.00796485599130392,0.34950512647628784,9.159436043693164,542173,1.900000000000001,0.0,96.22055536601692,0.33621710255033405,0.0,0,-2.3854587078094482,0.0,0.0,39.92086939536989,9.890653037660763e-05,58.501775843758125,1.0,0.0,0.05663716814159292,0.0,,,,,,,,,,,,,,,,,,,,,,,,,,,,,,,,,,,,,,,,
,,,,,,,,,,,,,,,,,,,,,17547,19,0.12768115103244781,816,1095.12,501.0409832599999,552174,,,,,,,,,,,,,,,,,,,,,,,,,,,,,,,,,
-22.388439178466797,0.00796227715909481,0.19854864478111267,0.0,542302,0.0,0.0,65.41753941494972,0.3206538481288481,0.0,0,0.3764093816280365,0.0,0.0,36.403809794256624,9.89062756234723e-05,41.68500025675026,1.0,0.0,0.029424877396344182,0.0,,,,,,,,,,,,,,,,,,,,,,,,,,,,,,,,,,,,,,,,
-21.187910079956055,0.007989016361534595,0.14959928393363953,80.12276319694315,543201,32.85000000000027,0.0,347.5601310369093,0.5699469879980297,0.0,1,1.0064785480499268,0.0,0.0,27.840936479188073,9.890450026000356e-05,512.9522891982267,1.0,0.0,0.21302113078241006,0.0,,,,,,,,,,,,,,,,,,,,,,,,,,,,,,,,,,,,,,,,
-21.401485443115234,0.007992049679160118,0.17817626893520355,330.3894243172103,544778,27.00000000000025,0.0,584.6261331643909,0.38394917366996184,0.0,1,-0.28918054699897766,0.0,0.0,26.7016010673267,9.89013860070435e-05,605.8717960511998,1.0,0.0,0.37719298245614036,0.0,,,,,,,,,,,,,,,,,,,,,,,,,,,,,,,,,,,,,,,,
-22.59748077392578,0.008016182109713554,0.134084552526474,126.19905513398604,546984,71.04999999999811,1.0,937.6600329792127,0.5247366822076731,0.0,2,2.3123514652252197,0.0,0.0,30.608240954886032,9.889702969021517e-05,1158.0938576323344,0.0,0.0,0.6202134337727558,0.0,,,,,,,,,,,,,,,,,,,,,,,,,,,,,,,,,,,,,,,,
,,,,,,,,,,,,,,,,,,,,,17810,19,0.12717701494693756,820,1103.31,507.98391562999996,556985,,,,,,,,,,,,,,,,,,,,,,,,,,,,,,,,,
-22.492313385009766,0.007991001941263676,0.20597420632839203,8.174342402904403,547447,5.549999999999988,0.0,176.9816438317066,0.2425435781098457,1.0,0,0.8641371130943298,0.0,0.0,27.51742418084971,9.889611538936192e-05,112.5402202429684,0.0,0.0,0.08403361344537816,0.0,,,,,,,,,,,,,,,,,,,,,,,,,,,,,,,,,,,,,,,,
-22.32705307006836,0.008001643233001232,0.25783541798591614,2.787935565110517,547535,2.1000000000000005,1.0,32.65753666590899,0.22343158043297268,0.0,0,1.4250057935714722,0.0,0.0,26.592588112274957,9.889594161343824e-05,19.885410658534568,0.0,0.0,0.016708860759493672,0.0,,,,,,,,,,,,,,,,,,,,,,,,,,,,,,,,,,,,,,,,
-23.660531997680664,0.0080092279240489,0.1539810299873352,16.630652368560806,547608,1.3500000000000005,1.0,28.445420360192657,0.21964939679325607,0.0,0,0.10981550812721252,0.0,0.0,28.02617008627678,9.889579745852709e-05,16.25405536270095,0.0,0.0,0.01859229747675963,0.0,,,,,,,,,,,,,,,,,,,,,,,,,,,,,,,,,,,,,,,,
-21.462987899780273,0.007997157983481884,0.1679224818944931,45.93777585708477,547923,0.0,0.0,189.37210933770984,0.3880003035410369,0.0,1,-0.3180079758167267,0.0,0.0,43.22343252382606,9.889517542142281e-05,122.60809591896765,1.0,0.0,0.10084451068057626,0.0,,,,,,,,,,,,,,,,,,,,,,,,,,,,,,,,,,,,,,,,
,,,,,,,,,,,,,,,,,,,,,17857,19,0.1271108090877533,824,1100.68,507.6540187,557924,,,,,,,,,,,,,,,,,,,,,,,,,,,,,,,,,
-22.676307678222656,0.007983331568539143,0.22228895127773285,116.21577714712807,549211,39.649999999999885,1.0,529.6889721038751,0.4968044601548424,0.0,0,-1.7854158878326416,0.0,0.0,29.61610299827753,9.889263200127487e-05,640.3809491395918,0.0,0.0,0.3760797342192691,0.0,,,,,,,,,,,,,,,,,,,,,,,,,,,,,,,,,,,,,,,,
-22.18781280517578,0.007956026121973991,0.16476547718048096,,549999,,,,,,,1.5163849592208862,,,,9.889107594987685e-05,,,,,,,,,,,,,0.09307876229286194,0.37861037254333496,2.791496753692627,15.414612770080566,0.42783021926879883,0.6663342714309692,0.30034351348876953,7.067862033843994,5.314772605895996,32.48694610595703,1.2541141510009766,0.5423229932785034,19.209550857543945,10.398233413696289,0.46685144305229187,0.01651580072939396,22.822607040405273,27.128904342651367,0.08903355896472931,12.228081703186035,0.25297626852989197,19.588991165161133,17.533140182495117,0.4811405837535858,1.3276294469833374,6.760692119598389,0.430645227432251,0.06856413930654526,0.13054029643535614,0.7200039625167847,0.15258187055587769,0.3005576729774475,0.13693740963935852
-22.906272888183594,0.007939696311950684,0.18490971624851227,94.52608189540688,550118,18.200000000000124,0.0,361.8674594024196,0.2800784050293009,0.0,2,-4.310338973999023,0.0,0.0,28.729296181634982,9.889084096348892e-05,254.31119176660525,1.0,0.0,0.172978505629478,0.0,,,,,,,,,,,,,,,,,,,,,,,,,,,,,,,,,,,,,,,,
-22.41735076904297,0.007926278747618198,0.16560637950897217,198.55321719956598,550532,2.1500000000000004,0.0,243.71747759636492,0.5614848722582356,1.0,1,1.7590909004211426,0.0,0.0,42.34292232789127,9.889002345000623e-05,233.01622198716777,0.0,0.0,0.12244897959183673,0.0,,,,,,,,,,,,,,,,,,,,,,,,,,,,,,,,,,,,,,,,
-22.499244689941406,0.00793344434350729,0.14823274314403534,108.85070082499941,551571,6.799999999999984,0.0,309.5859954627231,0.23356071855911142,0.0,0,-1.221418857574463,0.0,0.0,21.46049687640199,9.888797178257594e-05,242.90314730147588,1.0,0.0,0.15079726651480638,0.0,,,,,,,,,,,,,,,,,,,,,,,,,,,,,,,,,,,,,,,,
,,,,,,,,,,,,,,,,,,,,,18045,19,0.12664535641670227,828,1061.97,498.6716683200001,561572,,,,,,,,,,,,,,,,,,,,,,,,,,,,,,,,,
-21.774879455566406,0.007937216199934483,0.1585446000099182,101.49486701215896,553592,37.84999999999999,1.0,1081.2100144606084,0.5527694827956809,0.0,2,0.9437414407730103,0.0,0.0,38.51696842661632,9.888398106437123e-05,1117.6998942128669,0.0,0.0,0.5465465465465466,0.0,,,,,,,,,,,,,,,,,,,,,,,,,,,,,,,,,,,,,,,,
-22.63296127319336,0.007939574308693409,0.24570581316947937,89.26408724931484,555273,18.950000000000134,0.0,899.7689499182743,0.41726816447907633,0.0,0,-0.2683228552341461,0.0,0.0,38.55168185815998,9.888066178050488e-05,701.8450526538064,1.0,0.0,0.599488163787588,0.0,,,,,,,,,,,,,,,,,,,,,,,,,,,,,,,,,,,,,,,,
-22.41817855834961,0.007942418567836285,0.18912741541862488,38.84526345386843,555400,0.0,0.0,62.23920115549117,0.2701620230122931,0.0,0,1.2319271564483643,0.0,0.0,35.13439410713515,9.888041100999519e-05,34.580738945573515,1.0,0.0,0.03185378590078329,0.0,,,,,,,,,,,,,,,,,,,,,,,,,,,,,,,,,,,,,,,,
-21.263633728027344,0.007951372303068638,0.23232194781303406,147.89093200227595,555716,0.0,0.0,183.68557239416987,0.5602488730532819,0.0,2,0.8552172183990479,0.0,0.0,41.79845334574563,9.887978704696437e-05,177.59889275789035,1.0,0.0,0.08840353614144565,0.0,,,,,,,,,,,,,,,,,,,,,,,,,,,,,,,,,,,,,,,,
,,,,,,,,,,,,,,,,,,,,,18260,19,0.12617266178131104,832,1055.76,498.2321173300001,565717,,,,,,,,,,,,,,,,,,,,,,,,,,,,,,,,,
-22.123252868652344,0.007967066951096058,0.18751180171966553,39.30022250547572,556079,2.549999999999999,0.0,217.19740568753332,0.40077138915860777,0.0,1,0.6416579484939575,0.0,0.0,43.02979682742051,9.887907028174758e-05,145.88078565373323,1.0,0.0,0.08780487804878048,0.0,,,,,,,,,,,,,,,,,,,,,,,,,,,,,,,,,,,,,,,,
-22.257856369018555,0.00796501524746418,0.23756134510040283,121.47289972628788,557006,14.000000000000064,0.0,539.7410159492865,0.42278028631087833,0.0,2,2.1786837577819824,0.0,0.0,41.905917533561166,9.887723987663706e-05,392.3401056964951,1.0,0.0,0.21671693235674278,0.0,,,,,,,,,,,,,,,,,,,,,,,,,,,,,,,,,,,,,,,,
-22.30478858947754,0.007969760335981846,0.1754777729511261,0.0,557110,1.4000000000000006,0.0,47.97739545209333,-0.1393050025675762,0.0,0,1.0504324436187744,0.0,0.0,33.0484389238442,9.887703452480673e-05,-14.6270252695955,1.0,0.0,0.028503562945368172,0.0,,,,,,,,,,,,,,,,,,,,,,,,,,,,,,,,,,,,,,,,
-22.856197357177734,0.007934673689305782,0.1778692901134491,255.3755351952484,559948,75.79999999999784,0.0,1286.2781568020582,0.6123323281601043,0.0,5,-1.61769437789917,0.0,0.0,32.635327147628956,9.887143087200743e-05,1738.411479646536,1.0,0.0,0.8472222222222222,0.0,,,,,,,,,,,,,,,,,,,,,,,,,,,,,,,,,,,,,,,,
,,,,,,,,,,,,,,,,,,,,,18476,19,0.12570129334926605,836,1055.11,500.5426472799999,569949,,,,,,,,,,,,,,,,,,,,,,,,,,,,,,,,,
-21.89649200439453,0.007935025729238987,0.2314864993095398,,559999,,,,,,,-1.2963533401489258,,,,9.887133017357553e-05,,,,,,,,,,,,,0.09297417104244232,0.38262006640434265,2.6111738681793213,15.84508228302002,0.4242716133594513,0.6334503889083862,0.3056388795375824,6.893617153167725,5.063124179840088,31.457836151123047,1.1597731113433838,0.5201151371002197,19.630224227905273,11.706219673156738,0.45808717608451843,0.015641851350665092,22.368635177612305,26.23248291015625,0.09149161726236343,12.657134056091309,0.26475268602371216,18.705020904541016,18.885982513427734,0.45168060064315796,1.350947380065918,6.783692359924316,0.4560503661632538,0.06305347383022308,0.12226208299398422,0.7026481628417969,0.15232381224632263,0.301685631275177,0.1578817069530487
-22.771812438964844,0.007944421842694283,0.20090806484222412,348.17295981326333,561693,43.849999999999646,0.0,799.664588463027,0.5371859575969247,0.0,3,-5.178127288818359,0.0,0.0,32.99972852169989,9.886798543533956e-05,937.9266819642305,1.0,0.0,0.3787465940054496,0.0,,,,,,,,,,,,,,,,,,,,,,,,,,,,,,,,,,,,,,,,
-22.785728454589844,0.0079255485907197,0.18699033558368683,158.4283476489035,562739,4.049999999999994,1.0,655.8940441505983,0.6215351987435828,0.0,2,0.27815693616867065,0.0,0.0,45.13132742035512,9.886592017672575e-05,650.7473530845311,0.0,0.0,0.4276768941765811,0.0,,,,,,,,,,,,,,,,,,,,,,,,,,,,,,,,,,,,,,,,
-23.195880889892578,0.007891534827649593,0.17750230431556702,221.7131032519261,563922,19.150000000000137,0.0,657.9793888190761,0.4717643385330108,1.0,3,1.5082567930221558,0.0,0.0,40.03760110173696,9.886358444669469e-05,558.5689768230848,0.0,0.0,0.24959349593495936,0.0,,,,,,,,,,,,,,,,,,,,,,,,,,,,,,,,,,,,,,,,
-21.91697883605957,0.007893126457929611,0.167658269405365,62.47014753219484,564317,5.699999999999988,0.0,234.32386255264282,0.3636830865187061,0.0,1,-0.7980837821960449,0.0,0.0,42.648735946032325,9.886280455991824e-05,144.01850226140763,1.0,0.0,0.14861751152073732,0.0,,,,,,,,,,,,,,,,,,,,,,,,,,,,,,,,,,,,,,,,
,,,,,,,,,,,,,,,,,,,,,18703,19,0.1252221018075943,840,1015.59,500.71210732,574318,,,,,,,,,,,,,,,,,,,,,,,,,,,,,,,,,
-22.58048439025879,0.007750002201646566,0.23402813076972961,145.46184779981502,567028,58.84999999999879,1.0,1332.7500166399404,0.5872946664192177,0.0,3,-2.640103340148926,0.0,0.0,35.401741771684996,9.885745205334313e-05,1592.7431353289185,0.0,0.0,0.8740554156171285,0.0,,,,,,,,,,,,,,,,,,,,,,,,,,,,,,,,,,,,,,,,
-22.983165740966797,0.00771885272115469,0.1704493761062622,52.42036664801237,567335,0.0,1.0,184.48108450323343,0.5664850958980875,0.0,0,1.3062751293182373,0.0,0.0,43.2028719813172,9.88568459321214e-05,174.47740953661093,0.0,0.0,0.12070084360804673,0.0,,,,,,,,,,,,,,,,,,,,,,,,,,,,,,,,,,,,,,,,
-23.480026245117188,0.0077074551954865456,0.2542153596878052,6.037235967349246,567558,3.099999999999997,0.0,125.3229257920757,0.17710302115005655,0.0,0,-0.6286532878875732,0.0,0.0,40.40082052689039,9.885640565631377e-05,39.671076737612665,1.0,0.0,0.05662188099808062,0.0,,,,,,,,,,,,,,,,,,,,,,,,,,,,,,,,,,,,,,,,
-22.2843017578125,0.0076447841711342335,0.2453073412179947,110.79961632223215,568954,13.05000000000005,0.0,401.0615996362176,0.1931748776321505,0.0,0,-2.8025999069213867,0.0,0.0,20.710655409220255,9.885364951266411e-05,269.86530405211425,1.0,0.0,0.18689105403011513,0.0,,,,,,,,,,,,,,,,,,,,,,,,,,,,,,,,,,,,,,,,
,,,,,,,,,,,,,,,,,,,,,18939,19,0.12463925778865814,844,990.07,482.37702894,578955,,,,,,,,,,,,,,,,,,,,,,,,,,,,,,,,,
-21.826866149902344,0.007647252641618252,0.2042342722415924,205.2231961152786,569864,3.5499999999999954,0.0,448.03275114670396,0.30485259554724103,0.0,1,1.2073650360107422,0.0,0.0,35.438414124368315,9.885185290686409e-05,277.7207145435366,1.0,0.0,0.2785714285714286,0.0,,,,,,,,,,,,,,,,,,,,,,,,,,,,,,,,,,,,,,,,
-23.118305206298828,0.007649601902812719,0.1888015866279602,,569999,,,,,,,-1.2051950693130493,,,,9.885158637882997e-05,,,,,,,,,,,,,0.0871172547340393,0.42327070236206055,2.7768032550811768,17.144142150878906,0.4406614303588867,0.662806510925293,0.30324608087539673,6.578190326690674,4.961910247802734,33.27417755126953,1.1218657493591309,0.5004071593284607,20.175657272338867,10.413398742675781,0.4776800870895386,0.014857255853712559,21.76988410949707,26.84629249572754,0.0882912427186966,12.282668113708496,0.2671931982040405,17.976158142089844,18.01202392578125,0.4438123404979706,1.433514952659607,6.6668381690979,0.4446977972984314,0.06855633854866028,0.12250430881977081,0.7173411250114441,0.15021377801895142,0.2883061170578003,0.13790825009346008
-23.692380905151367,0.007657637819647789,0.18028682470321655,72.04518020543404,570530,10.000000000000007,0.0,303.54933901224285,0.2392471091273991,0.0,0,-1.099381446838379,0.0,0.0,32.80114062948664,9.885053803873287e-05,159.5778217879752,1.0,0.0,0.12494402149574563,0.0,,,,,,,,,,,,,,,,,,,,,,,,,,,,,,,,,,,,,,,,
-21.84874725341797,0.007645860314369202,0.22871682047843933,35.02786838552746,570698,2.000000000000001,0.0,42.42723751650192,0.10283740829371392,0.0,0,-4.403428077697754,0.0,0.0,18.124827523870515,9.885020636167358e-05,17.379522001637653,1.0,0.0,0.02734375,0.0,,,,,,,,,,,,,,,,,,,,,,,,,,,,,,,,,,,,,,,,
-21.957927703857422,0.007708583492785692,0.1844448447227478,223.16793593156834,573127,63.049999999998555,1.0,1110.026538129896,0.5660498605309903,0.0,3,0.1762731373310089,0.0,0.0,32.9077283553905,9.884541092669037e-05,1375.5011610903064,0.0,0.0,0.7143734643734644,0.0,,,,,,,,,,,,,,,,,,,,,,,,,,,,,,,,,,,,,,,,
,,,,,,,,,,,,,,,,,,,,,19159,19,0.12403272092342377,848,979.24,474.65943036,583128,,,,,,,,,,,,,,,,,,,,,,,,,,,,,,,,,
-22.616100311279297,0.007766168564558029,0.15742802619934082,233.42579157245885,574018,0.39999999999999997,0.0,360.31626329757273,0.3079012776751567,0.0,1,0.12316647171974182,0.0,0.0,29.11656861104436,9.884365190594936e-05,274.64793968623974,1.0,0.0,0.22951807228915663,0.0,,,,,,,,,,,,,,,,,,,,,,,,,,,,,,,,,,,,,,,,
-22.122879028320312,0.007783317938446999,0.3019635081291199,3.3046605683480657,574099,2.000000000000001,1.0,33.48487210762687,0.1608685981715571,0.0,0,1.6921401023864746,0.0,0.0,29.72631805440885,9.884349199575296e-05,13.191225050067683,0.0,0.0,0.014473089099954772,0.0,,,,,,,,,,,,,,,,,,,,,,,,,,,,,,,,,,,,,,,,
-23.032772064208984,0.0077693648636341095,0.17458778619766235,0.0,574280,4.299999999999993,1.0,99.83848556317389,0.18416118140302046,0.0,0,-0.7607407569885254,0.0,0.0,39.61493507975572,9.884313466603088e-05,33.51733501534972,0.0,0.0,0.051221804511278196,0.0,,,,,,,,,,,,,,,,,,,,,,,,,,,,,,,,,,,,,,,,
-22.700111389160156,0.007787391077727079,0.17606699466705322,73.10156202733347,574820,0.5499999999999999,0.0,292.02186584845185,0.4420456328221622,0.0,1,0.7365571856498718,0.0,0.0,38.9213805025661,9.884206860331412e-05,239.14668735678976,1.0,0.0,0.12929848693259974,0.0,,,,,,,,,,,,,,,,,,,,,,,,,,,,,,,,,,,,,,,,
,,,,,,,,,,,,,,,,,,,,,19249,19,0.12383811920881271,852,985.41,477.51660977,584821,,,,,,,,,,,,,,,,,,,,,,,,,,,,,,,,,
-22.282886505126953,0.0077701169066131115,0.19275200366973877,96.70060113590499,575813,35.30000000000013,0.0,363.60919780191034,0.4500280266485621,0.0,0,0.924457311630249,0.0,0.0,26.364186505209585,9.88401082475118e-05,447.32785848867076,1.0,0.0,0.23067846607669618,0.0,,,,,,,,,,,,,,,,,,,,,,,,,,,,,,,,,,,,,,,,
-22.915210723876953,0.00778787350282073,0.19481267035007477,71.36110995030123,577891,85.64999999999728,0.0,636.3631365252659,0.39683855575550187,0.0,0,0.9638816714286804,0.0,0.0,22.055096803378277,9.883600597503144e-05,825.0273574156884,1.0,0.0,0.24196141479099678,0.0,,,,,,,,,,,,,,,,,,,,,,,,,,,,,,,,,,,,,,,,
-23.16952133178711,0.007784636225551367,0.18824461102485657,178.74545810129246,578482,2.1500000000000004,0.0,369.00997528247535,0.6064070718303242,0.0,2,-1.3710620403289795,0.0,0.0,44.92570595418008,9.883483927120071e-05,358.9929865235519,1.0,0.0,0.14973958333333334,0.0,,,,,,,,,,,,,,,,,,,,,,,,,,,,,,,,,,,,,,,,
-22.54425811767578,0.0077841016463935375,0.13990651071071625,4.858669904257248,578596,0.5499999999999999,1.0,53.50704810395837,0.22372925239144498,0.0,0,0.4250897169113159,0.0,0.0,33.72333535887218,9.883461422252712e-05,25.728864025016172,0.0,0.0,0.02669683257918552,0.0,,,,,,,,,,,,,,,,,,,,,,,,,,,,,,,,,,,,,,,,
,,,,,,,,,,,,,,,,,,,,,19437,19,0.1233365386724472,856,1008.75,486.86199623,588597,,,,,,,,,,,,,,,,,,,,,,,,,,,,,,,,,
-22.14175033569336,0.0077838897705078125,0.2862251400947571,58.001847364127876,578744,0.0,0.0,75.47500008251518,0.35643621453453417,0.0,1,1.5922033786773682,0.0,0.0,36.63476402651201,9.883432205445786e-05,53.10899596564559,1.0,0.0,0.03776513191929643,0.0,,,,,,,,,,,,,,,,,,,,,,,,,,,,,,,,,,,,,,,,
-23.20549201965332,0.007775005418807268,0.2025553286075592,244.38874064514442,579564,0.0,0.0,367.493657046929,0.403076733996226,0.0,1,-0.036400191485881805,0.0,0.0,32.2789422493038,9.883270329328986e-05,330.92599861090156,1.0,0.0,0.18746652383502946,0.0,,,,,,,,,,,,,,,,,,,,,,,,,,,,,,,,,,,,,,,,
-21.878650665283203,0.007804966997355223,0.3028692603111267,,579999,,,,,,,0.9320712089538574,,,,9.883184456564016e-05,,,,,,,,,,,,,0.0988912433385849,0.40841227769851685,2.904047727584839,16.382387161254883,0.4366484582424164,0.6800787448883057,0.30719172954559326,7.356647491455078,4.784293174743652,32.482845306396484,1.1500953435897827,0.5028758645057678,19.319114685058594,10.656295776367188,0.4669857919216156,0.015460080467164516,22.782268524169922,27.279573440551758,0.08405191451311111,12.322190284729004,0.2596958875656128,17.814939498901367,18.512569427490234,0.444125771522522,1.4590004682540894,6.252730846405029,0.46151766180992126,0.07239779829978943,0.11927224695682526,0.7336961030960083,0.15324878692626953,0.30624911189079285,0.14324653148651123
-22.328081130981445,0.007810112088918686,0.19392427802085876,100.28929230753003,580394,26.45000000000024,1.0,359.53220407199115,0.5661912897039495,0.0,0,1.1220974922180176,0.0,0.0,31.190761978689494,9.883106480470075e-05,470.50496174398205,0.0,0.0,0.2142064372918979,0.0,,,,,,,,,,,,,,,,,,,,,,,,,,,,,,,,,,,,,,,,
-21.706912994384766,0.007808537222445011,0.33863574266433716,87.59917385627953,581355,1.850000000000001,1.0,604.1750157251954,0.5054080094856572,0.0,1,-4.152679443359375,0.0,0.0,45.25444511682084,9.882916772833891e-05,486.2025051252022,0.0,0.0,0.3659761456371626,0.0,,,,,,,,,,,,,,,,,,,,,,,,,,,,,,,,,,,,,,,,
,,,,,,,,,,,,,,,,,,,,,19577,19,0.12297563254833221,860,980.81,471.17132104999996,591356,,,,,,,,,,,,,,,,,,,,,,,,,,,,,,,,,
-22.894550323486328,0.007808730471879244,0.19936083257198334,0.0,581539,2.549999999999999,1.0,49.265538142994046,0.07693616089362591,0.0,0,-1.328226923942566,0.0,0.0,19.26607942838265,9.882880450248603e-05,14.233189765320795,0.0,0.0,0.023355576739752144,0.0,,,,,,,,,,,,,,,,,,,,,,,,,,,,,,,,,,,,,,,,
-21.697864532470703,0.007845067419111729,0.21430794894695282,313.0504318644721,583606,20.350000000000154,0.0,1170.6423726957291,0.47545064538139176,0.0,4,2.1910898685455322,0.0,0.0,40.778723853590684,9.882472417990085e-05,983.2319346487182,1.0,0.0,0.7517027863777089,0.0,,,,,,,,,,,,,,,,,,,,,,,,,,,,,,,,,,,,,,,,
-22.30518341064453,0.00795778725296259,0.16552162170410156,391.03552693588387,587411,62.94999999999856,0.0,1977.066707792692,0.49556731890801214,0.0,5,0.812140941619873,0.0,0.0,37.41641772652492,9.881721321237949e-05,1886.1292157638943,1.0,0.0,0.9571639586410635,0.0,,,,,,,,,,,,,,,,,,,,,,,,,,,,,,,,,,,,,,,,
-22.062152862548828,0.007951539009809494,0.21763142943382263,82.70174898199812,587835,1.1000000000000003,0.0,155.91568540246226,0.2251062822008188,0.0,0,0.46496111154556274,0.0,0.0,26.44915881811196,9.881637626556453e-05,95.67016993534799,1.0,0.0,0.07763830776383078,0.0,,,,,,,,,,,,,,,,,,,,,,,,,,,,,,,,,,,,,,,,
,,,,,,,,,,,,,,,,,,,,,19911,19,0.1222173348069191,864,1020.9,487.35782358000006,597836,,,,,,,,,,,,,,,,,,,,,,,,,,,,,,,,,
-22.067367553710938,0.007992674596607685,0.17363090813159943,,589999,,,,,,,0.07269851863384247,,,,9.881210473400616e-05,,,,,,,,,,,,,0.09624023735523224,0.4106871485710144,2.938096284866333,16.475309371948242,0.42989686131477356,0.6605052947998047,0.3053330183029175,6.992473125457764,5.011688709259033,31.234777450561523,1.3322882652282715,0.5087097883224487,19.965927124023438,11.01626968383789,0.45263928174972534,0.018336821347475052,23.861196517944336,26.49712562561035,0.07703482359647751,12.248875617980957,0.274799108505249,18.083066940307617,18.7458438873291,0.45076441764831543,1.3948849439620972,5.597076416015625,0.46728575229644775,0.07323919981718063,0.1249285340309143,0.7095916271209717,0.1529085636138916,0.3284112811088562,0.15162137150764465
-22.92725372314453,0.007966998033225536,0.1500818431377411,138.49846915826896,591003,76.5499999999978,1.0,1472.3145388495177,0.5763768800051654,0.0,2,2.0785183906555176,0.0,0.0,33.46866223902243,9.88101229643714e-05,1826.5383327363693,0.0,0.0,0.8393726338561385,0.0,,,,,,,,,,,,,,,,,,,,,,,,,,,,,,,,,,,,,,,,
-23.051057815551758,0.007964598014950752,0.1526201069355011,79.02140234385597,592079,37.99999999999998,0.0,404.62055099895224,0.5432394167199338,0.0,1,-1.0891395807266235,0.0,0.0,27.085445376797452,9.880799909797311e-05,585.0688518073687,1.0,0.0,0.19544419134396354,0.0,,,,,,,,,,,,,,,,,,,,,,,,,,,,,,,,,,,,,,,,
-23.276020050048828,0.0079411081969738,0.1776578724384308,203.29714895120395,593313,2.2,0.0,629.9612820823677,0.42177354335297707,0.0,3,-0.1520688831806183,0.0,0.0,36.76823909978911,9.880556339095956e-05,520.8903260409267,1.0,0.0,0.40495356037151703,0.0,,,,,,,,,,,,,,,,,,,,,,,,,,,,,,,,,,,,,,,,
-22.095046997070312,0.007939223200082779,0.24721746146678925,11.626909660885975,593395,1.2000000000000004,1.0,30.2509431715589,0.19799986466370678,0.0,0,-0.4767549932003021,0.0,0.0,26.45704426606334,9.880540153791602e-05,16.433988767087662,0.0,0.0,0.019672131147540985,0.0,,,,,,,,,,,,,,,,,,,,,,,,,,,,,,,,,,,,,,,,
,,,,,,,,,,,,,,,,,,,,,20199,19,0.12171264737844467,868,1054.82,505.2800193300001,603396,,,,,,,,,,,,,,,,,,,,,,,,,,,,,,,,,
-21.782955169677734,0.007952279411256313,0.17059439420700073,78.65595849328191,593814,0.8500000000000002,1.0,155.63143403083086,0.14567070411219427,0.0,0,0.2006177008152008,0.0,0.0,26.73605515973836,9.88045745104196e-05,61.18169572712159,0.0,0.0,0.07983623336745138,0.0,,,,,,,,,,,,,,,,,,,,,,,,,,,,,,,,,,,,,,,,
-23.41417121887207,0.00793213490396738,0.1806359440088272,267.332742396002,594843,8.299999999999983,0.0,505.6756032779813,0.4273356198141333,0.0,2,1.1695104837417603,0.0,0.0,35.37310318918054,9.880254347197491e-05,440.1556884085573,1.0,0.0,0.23007159904534608,0.0,,,,,,,,,,,,,,,,,,,,,,,,,,,,,,,,,,,,,,,,
-23.687667846679688,0.007978551089763641,0.12998993694782257,256.9999056250796,597304,51.249999999999226,0.0,1033.1679478129372,0.38049612135299016,0.0,3,-0.5792646408081055,0.0,0.0,30.235176971128563,9.879768603946983e-05,936.7814507710617,1.0,0.0,0.6311475409836066,0.0,,,,,,,,,,,,,,,,,,,,,,,,,,,,,,,,,,,,,,,,
-21.433534622192383,0.007968931458890438,0.15830720961093903,22.351499153832517,597385,0.0,1.0,33.479508470743895,0.2195118021454216,0.0,0,0.518047571182251,0.0,0.0,29.663939631440314,9.879752616664886e-05,17.99996777592457,0.0,0.0,0.017027863777089782,0.0,,,,,,,,,,,,,,,,,,,,,,,,,,,,,,,,,,,,,,,,
,,,,,,,,,,,,,,,,,,,,,20414,19,0.12134084105491638,872,1035.08,497.76400305999994,607386,,,,,,,,,,,,,,,,,,,,,,,,,,,,,,,,,
-22.383636474609375,0.008022843860089779,0.14813002943992615,143.852319576987,598951,47.14999999999946,0.0,659.2881193179637,0.5564893315896411,0.0,2,-1.1639991998672485,0.0,0.0,30.317477477847252,9.879443531766435e-05,872.0187826009676,1.0,0.0,0.4486592544146501,0.0,,,,,,,,,,,,,,,,,,,,,,,,,,,,,,,,,,,,,,,,
-23.309818267822266,0.008011260069906712,0.16889724135398865,53.92220348004291,599106,0.0,0.0,82.8183615510352,0.33549432427664133,0.0,1,-1.7395098209381104,0.0,0.0,38.295164012140766,9.87941293933644e-05,52.33711458715605,1.0,0.0,0.054354178842782,0.0,,,,,,,,,,,,,,,,,,,,,,,,,,,,,,,,,,,,,,,,
-22.147205352783203,0.008024354465305805,0.22302263975143433,6.318489876412002,599188,0.0,1.0,29.573427194729447,0.20240992313960424,0.0,0,-0.8422784805297852,0.0,0.0,25.835544507020867,9.879396754973373e-05,16.80002362058715,0.0,0.0,0.01619207146845338,0.0,,,,,,,,,,,,,,,,,,,,,,,,,,,,,,,,,,,,,,,,
-22.664579391479492,0.008042369969189167,0.20995095372200012,,599999,,,,,,,-3.386989116668701,,,,9.879236688392793e-05,,,,,,,,,,,,,0.09293232858181,0.3909825086593628,2.7764692306518555,15.844206809997559,0.4578525125980377,0.6587679386138916,0.29096025228500366,6.794792652130127,5.606086730957031,33.47610855102539,1.1863512992858887,0.5133178234100342,20.635889053344727,10.75250244140625,0.4873881936073303,0.016225717961788177,21.22652244567871,26.695964813232422,0.08107497543096542,11.790897369384766,0.28223690390586853,17.988136291503906,19.298233032226562,0.4438875913619995,1.3917262554168701,5.9278364181518555,0.4762164354324341,0.06851405650377274,0.13833963871002197,0.7143979072570801,0.14723385870456696,0.2903149724006653,0.14706189930438995
-22.429563522338867,0.008093980140984058,0.16085335612297058,83.40244591589158,601993,32.20000000000031,0.0,1368.4768480584025,0.3518416874308039,0.0,1,-4.372585296630859,0.0,0.0,35.12774733529328,9.878843139357713e-05,987.2677749308358,1.0,0.0,0.7693138843868179,0.0,,,,,,,,,,,,,,,,,,,,,,,,,,,,,,,,,,,,,,,,
,,,,,,,,,,,,,,,,,,,,,20668,19,0.12092313170433044,876,1065.12,509.30974488999993,611994,,,,,,,,,,,,,,,,,,,,,,,,,,,,,,,,,
-23.4429931640625,0.008142092265188694,0.1660086214542389,100.08475190188035,604052,80.64999999999756,1.0,752.2650227951817,0.5356144997231341,0.0,2,-3.4799821376800537,0.0,0.0,26.31017689118222,9.87843676976067e-05,1103.3658694296564,0.0,0.0,0.3440721649484536,0.0,,,,,,,,,,,,,,,,,,,,,,,,,,,,,,,,,,,,,,,,
-24.069324493408203,0.008158170618116856,0.13608400523662567,17.214680923166,604142,0.0,1.0,33.41684203501791,0.20204102860421713,0.0,0,1.5032379627227783,0.0,0.0,26.641955678815307,9.878419007318136e-05,18.38573360298376,0.0,0.0,0.017590618336886993,0.0,,,,,,,,,,,,,,,,,,,,,,,,,,,,,,,,,,,,,,,,
-22.179271697998047,0.00815545953810215,0.2728688716888428,9.756335640733242,604307,0.65,0.0,76.99440653249621,0.17553607923235806,0.0,0,-0.3272719979286194,0.0,0.0,33.52212484567835,9.878386442881848e-05,29.13898915257144,1.0,0.0,0.031875766244380876,0.0,,,,,,,,,,,,,,,,,,,,,,,,,,,,,,,,,,,,,,,,
-22.828575134277344,0.008173976093530655,0.1597646176815033,22.194542769407942,604618,0.0,1.0,93.10180696751922,0.19716333028591423,0.0,0,0.202370285987854,0.0,0.0,21.54904371285499,9.878325064000115e-05,61.514959049205245,0.0,0.0,0.04113224237063246,0.0,,,,,,,,,,,,,,,,,,,,,,,,,,,,,,,,,,,,,,,,
,,,,,,,,,,,,,,,,,,,,,20805,19,0.12061622738838196,880,999.63,473.43886083000007,614619,,,,,,,,,,,,,,,,,,,,,,,,,,,,,,,,,
-22.334850311279297,0.008232712745666504,0.15413734316825867,209.97657041761823,606713,80.94999999999754,1.0,741.7678988550324,0.5502856024678832,0.0,1,0.6802914142608643,0.0,0.0,25.50087387685635,9.877911600321453e-05,1153.3986227726832,0.0,0.0,0.37690839694656486,0.0,,,,,,,,,,,,,,,,,,,,,,,,,,,,,,,,,,,,,,,,
-22.281391143798828,0.008247392252087593,0.17656210064888,282.1515933225879,607691,2.6999999999999984,0.0,574.8014227254316,0.5157887340801606,0.0,2,-0.09427621215581894,0.0,0.0,42.30470745813864,9.877718587796632e-05,504.9571706644772,1.0,0.0,0.23498920086393088,0.0,,,,,,,,,,,,,,,,,,,,,,,,,,,,,,,,,,,,,,,,
-22.276166915893555,0.008329666219651699,0.4838868975639343,,609999,,,,,,,-0.35266655683517456,,,,9.877263101540548e-05,,,,,,,,,,,,,0.10203634202480316,0.39529722929000854,2.581057548522949,16.254358291625977,0.4358254671096802,0.6435403823852539,0.29561659693717957,7.352514266967773,5.41099739074707,31.40462303161621,1.1493066549301147,0.49085429310798645,20.970380783081055,11.139830589294434,0.46980494260787964,0.015949787572026253,22.236896514892578,26.461950302124023,0.07974773645401001,12.155556678771973,0.2910216450691223,17.75542449951172,19.380647659301758,0.43180233240127563,1.464381217956543,5.746446132659912,0.47132691740989685,0.06276992708444595,0.1315925419330597,0.7187978029251099,0.15553195774555206,0.30859804153442383,0.1545957624912262
-22.7316837310791,0.008341752924025059,0.13813860714435577,274.2605446600976,610240,54.14999999999906,1.0,1298.0330802898388,0.501260041628116,0.0,5,0.08315172046422958,0.0,0.0,36.66946022190784,9.87721554054273e-05,1278.2131061516957,0.0,0.0,0.6952112676056338,0.0,,,,,,,,,,,,,,,,,,,,,,,,,,,,,,,,,,,,,,,,
-22.245954513549805,0.008397955447435379,0.21863669157028198,342.3492436040681,611451,1.1500000000000004,0.0,755.998891425319,0.5695113597913912,1.0,4,-2.014209747314453,0.0,0.0,44.940912008901336,9.876976553204558e-05,690.2477680671661,0.0,0.0,0.4236706689536878,0.0,,,,,,,,,,,,,,,,,,,,,,,,,,,,,,,,,,,,,,,,
,,,,,,,,,,,,,,,,,,,,,21151,19,0.11991669237613678,884,1028.83,489.18959985000004,621452,,,,,,,,,,,,,,,,,,,,,,,,,,,,,,,,,
-21.96108055114746,0.00825367122888565,0.17450250685214996,300.05670673144544,615460,140.69999999999774,1.0,1595.804984437069,0.5354829431924804,0.0,3,0.5995084047317505,0.0,0.0,28.66985497712098,9.876185409414412e-05,2147.286602201846,0.0,0.0,0.8333333333333334,0.0,,,,,,,,,,,,,,,,,,,,,,,,,,,,,,,,,,,,,,,,
-23.091325759887695,0.008234644308686256,0.12395790219306946,0.0,615832,18.400000000000126,1.0,106.84114142274484,0.3783924773297783,0.0,0,-0.9320151805877686,0.0,0.0,20.67644614613335,9.876111999831825e-05,141.1403940440073,0.0,0.0,0.054460093896713614,0.0,,,,,,,,,,,,,,,,,,,,,,,,,,,,,,,,,,,,,,,,
-23.058563232421875,0.008237315341830254,0.1654759645462036,4.243333978183666,616179,0.7500000000000001,1.0,197.16673922073096,0.47946361725660186,0.0,0,-2.237173318862915,0.0,0.0,40.86110063026707,9.876043523936119e-05,166.85333880529745,0.0,0.0,0.09727047146401985,0.0,,,,,,,,,,,,,,,,,,,,,,,,,,,,,,,,,,,,,,,,
-23.097606658935547,0.008296582847833633,0.1469038426876068,97.2171817339365,617207,26.700000000000244,0.0,495.13598472066224,0.3070725296572397,0.0,1,0.613119900226593,0.0,0.0,34.66683536498016,9.875840663028846e-05,315.97763301729964,1.0,0.0,0.2680131004366812,0.0,,,,,,,,,,,,,,,,,,,,,,,,,,,,,,,,,,,,,,,,
,,,,,,,,,,,,,,,,,,,,,21448,19,0.1193830668926239,888,1077.65,513.92847866,627208,,,,,,,,,,,,,,,,,,,,,,,,,,,,,,,,,
-22.231321334838867,0.008324500173330307,0.2333378940820694,95.48369499923307,617689,2.25,0.0,266.22545273508877,0.4672706885795466,1.0,1,-0.20686912536621094,0.0,0.0,39.731895920057504,9.875745548032731e-05,225.691742583921,0.0,0.0,0.1282183316168898,0.0,,,,,,,,,,,,,,,,,,,,,,,,,,,,,,,,,,,,,,,,
-22.448427200317383,0.008348987437784672,0.17560705542564392,105.52727621329444,618395,2.0500000000000007,0.0,450.38997814129107,0.4569695877853942,0.0,1,1.6267354488372803,0.0,0.0,45.8993677069756,9.875606231047838e-05,323.0774985642737,1.0,0.0,0.2507042253521127,0.0,,,,,,,,,,,,,,,,,,,,,,,,,,,,,,,,,,,,,,,,
-22.975597381591797,0.008411545306444168,0.14659839868545532,,619999,,,,,,,2.093215227127075,,,,9.87528971284388e-05,,,,,,,,,,,,,0.09483654797077179,0.3800206184387207,2.918287515640259,15.214616775512695,0.44245263934135437,0.6857855319976807,0.3087249994277954,6.991346836090088,5.302645683288574,32.617591857910156,1.081724762916565,0.5118521451950073,20.578317642211914,9.816183090209961,0.47227948904037476,0.014673429541289806,22.429540634155273,27.45631217956543,0.08797208964824677,12.360204696655273,0.27914172410964966,17.98419189453125,18.763736724853516,0.4491972029209137,1.4492863416671753,6.485299110412598,0.4686681628227234,0.07289104908704758,0.13244596123695374,0.7418203353881836,0.15557371079921722,0.3042532801628113,0.13315501809120178
-22.943275451660156,0.008426390588283539,0.17432299256324768,326.4481880202749,620403,27.950000000000262,0.0,902.6348454197869,0.362283316546255,0.0,2,-0.5705023407936096,0.0,0.0,32.37196419549095,9.875209992104987e-05,727.8271829414263,1.0,0.0,0.3575302461410096,0.0,,,,,,,,,,,,,,,,,,,,,,,,,,,,,,,,,,,,,,,,
-22.89235496520996,0.00841046217828989,0.1676255613565445,255.69198956016146,624119,93.69999999999682,0.0,1721.3002066649497,0.5045499518819356,0.0,2,0.7764532566070557,0.0,0.0,33.35870112936116,9.874476734338763e-05,1875.4121711451546,1.0,0.0,0.9241706161137441,0.0,,,,,,,,,,,,,,,,,,,,,,,,,,,,,,,,,,,,,,,,
,,,,,,,,,,,,,,,,,,,,,21803,19,0.11884885281324387,892,1110.37,525.67473579,634120,,,,,,,,,,,,,,,,,,,,,,,,,,,,,,,,,
-20.80729866027832,0.00850493274629116,0.13332638144493103,0.0,627641,65.19999999999844,1.0,1011.8486516261473,0.12144750086109152,0.0,0,1.9889042377471924,0.0,0.0,20.694404849031397,9.873781782778725e-05,427.8595455336254,0.0,0.0,0.6421383647798742,0.0,,,,,,,,,,,,,,,,,,,,,,,,,,,,,,,,,,,,,,,,
-23.35828971862793,0.008512402884662151,0.14003664255142212,1.803993325356009,627727,1.4000000000000006,0.0,29.92013224726543,-0.009832734869684522,0.0,0,1.098589301109314,0.0,0.0,24.901110745440604,9.873764813797633e-05,-0.8554479336625533,1.0,0.0,0.014005602240896359,0.0,,,,,,,,,,,,,,,,,,,,,,,,,,,,,,,,,,,,,,,,
-22.098217010498047,0.008507512509822845,0.1534905731678009,0.0,627797,0.9500000000000003,1.0,28.534101899713278,-0.11263924257525774,0.0,0,-3.028488874435425,0.0,0.0,29.27084238666623,9.873751001847096e-05,-7.9973862228433,0.0,0.0,0.012724879333040808,0.0,,,,,,,,,,,,,,,,,,,,,,,,,,,,,,,,,,,,,,,,
-22.583393096923828,0.008518907241523266,0.1677229106426239,200.69565970778666,628520,5.649999999999988,0.0,371.4325183983892,0.3333682035044558,0.0,2,-0.7327402234077454,0.0,0.0,36.97553020923864,9.873608344697482e-05,241.358579337226,1.0,0.0,0.20034642032332564,0.0,,,,,,,,,,,,,,,,,,,,,,,,,,,,,,,,,,,,,,,,
,,,,,,,,,,,,,,,,,,,,,22045,19,0.11849966645240784,896,1073.02,494.61028683999996,638521,,,,,,,,,,,,,,,,,,,,,,,,,,,,,,,,,
-21.572998046875,0.008543547242879868,0.12310083210468292,79.468914165817,629498,40.14999999999986,0.0,332.6235891599208,0.5495923152526915,0.0,0,-2.3407444953918457,0.0,0.0,24.481234323169694,9.873415374433788e-05,538.050876632385,1.0,0.0,0.22454142947501582,0.0,,,,,,,,,,,,,,,,,,,,,,,,,,,,,,,,,,,,,,,,
-22.25505256652832,0.008559340611100197,0.19044390320777893,,629999,,,,,,,-2.0485262870788574,,,,9.87331652230279e-05,,,,,,,,,,,,,0.09194835275411606,0.39090949296951294,2.4725608825683594,15.835200309753418,0.44323617219924927,0.6921762228012085,0.2871363162994385,6.802183151245117,5.31061315536499,32.78985595703125,0.9711450934410095,0.4928417503833771,20.58242416381836,10.547179222106934,0.47165220975875854,0.013127431273460388,22.336824417114258,28.03909683227539,0.08070458471775055,11.631492614746094,0.2782224416732788,17.495954513549805,19.215076446533203,0.431907057762146,1.5062870979309082,5.970387935638428,0.47434550523757935,0.06103791296482086,0.13109837472438812,0.7423611879348755,0.14412567019462585,0.3019375205039978,0.14257125556468964
-21.902751922607422,0.008637201972305775,0.16125380992889404,150.74759907125812,632357,91.59999999999694,0.0,1256.1945518145803,0.5780673467388289,0.0,2,1.5383191108703613,0.0,0.0,31.641865665863065,9.872851272844632e-05,1653.2726116730505,1.0,0.0,0.6875,0.0,,,,,,,,,,,,,,,,,,,,,,,,,,,,,,,,,,,,,,,,
-22.855867385864258,0.008589575998485088,0.21204417943954468,181.09276637838317,635503,64.99999999999845,1.0,1685.4412807449698,0.562603452918421,0.0,3,2.0157103538513184,0.0,0.0,38.58079287836641,9.872230562776032e-05,1770.513066334271,0.0,0.0,0.7711978465679677,0.0,,,,,,,,,,,,,,,,,,,,,,,,,,,,,,,,,,,,,,,,
-22.910274505615234,0.00858116615563631,0.1384853571653366,1.8323583400418966,635575,1.900000000000001,1.0,26.85827894299291,0.07541901388935893,0.0,0,-0.9093865156173706,0.0,0.0,26.76468033435755,9.8722163573079e-05,5.505588013923202,0.0,0.0,0.014689265536723164,0.0,,,,,,,,,,,,,,,,,,,,,,,,,,,,,,,,,,,,,,,,
,,,,,,,,,,,,,,,,,,,,,22415,19,0.1180056631565094,900,1093.35,509.2007021299999,645576,,,,,,,,,,,,,,,,,,,,,,,,,,,,,,,,,
-22.75864028930664,0.008484036661684513,0.16668199002742767,601.7039992169879,638978,29.050000000000278,0.0,1557.6801170352846,0.3870402956055257,0.0,3,0.5627046823501587,0.0,0.0,32.96224142915525,9.871544963356826e-05,1317.4851662412095,1.0,0.0,0.6549957301451751,0.0,,,,,,,,,,,,,,,,,,,,,,,,,,,,,,,,,,,,,,,,
-21.41293716430664,0.008455931209027767,0.19380149245262146,,639999,,,,,,,2.156665325164795,,,,9.871343529917278e-05,,,,,,,,,,,,,0.10314222425222397,0.40029940009117126,2.937967538833618,15.873598098754883,0.437802255153656,0.682482123374939,0.3022150993347168,7.490943431854248,5.091352462768555,31.796403884887695,1.3622493743896484,0.5173197388648987,19.818737030029297,10.635075569152832,0.46010637283325195,0.01875670813024044,22.746095657348633,27.0633602142334,0.08468575775623322,11.984131813049316,0.2728826701641083,18.346895217895508,18.702699661254883,0.46267086267471313,1.4163249731063843,6.15049934387207,0.4716435372829437,0.07408948242664337,0.12839341163635254,0.7326928377151489,0.15937116742134094,0.31318923830986023,0.14643354713916779
-22.28839111328125,0.008387729525566101,0.15577329695224762,328.0899447282463,641607,18.60000000000013,0.0,1550.5341531075537,0.5098768770193258,0.0,5,1.1883153915405273,0.0,0.0,42.47042762645481,9.871026291235216e-05,1340.976186560827,1.0,0.0,0.7907676869041645,0.0,,,,,,,,,,,,,,,,,,,,,,,,,,,,,,,,,,,,,,,,
-22.096195220947266,0.008313540369272232,0.15786932408809662,48.945648311333734,642918,39.999999999999865,0.0,574.973989084363,0.42891609437353057,0.0,1,-1.1525706052780151,0.0,0.0,31.577089866425133,9.87076765080274e-05,562.7379158180721,1.0,0.0,0.2249488752556237,0.0,,,,,,,,,,,,,,,,,,,,,,,,,,,,,,,,,,,,,,,,
-22.630386352539062,0.008162595331668854,0.16140535473823547,188.49247975853206,647438,122.1999999999952,0.0,2045.99105893448,0.5880617227404078,0.0,4,-0.3164950907230377,1.0,0.0,32.6002249405847,9.869875949414047e-05,2658.6270485093837,0.0,0.0,1.0,0.0,,,,,,,,,,,,,,,,,,,,,,,,,,,,,,,,,,,,,,,,
,,,,,,,,,,,,,,,,,,,,,23032,19,0.11698222160339355,904,1188.22,557.34543665,657439,,,,,,,,,,,,,,,,,,,,,,,,,,,,,,,,,
-22.54429054260254,0.008167320862412453,0.1644485741853714,26.133736498288858,647723,4.799999999999991,1.0,137.29901926661842,0.2740344680435326,0.0,0,0.43447646498680115,0.0,0.0,34.64415184602031,9.869819726236377e-05,78.37385786045033,0.0,0.0,0.07202944269190326,0.0,,,,,,,,,,,,,,,,,,,,,,,,,,,,,,,,,,,,,,,,
-22.699934005737305,0.008074658922851086,0.12038812041282654,53.06837118003983,649073,46.349999999999504,0.0,579.0649425480515,0.5337475568700828,0.0,0,1.559904932975769,0.0,0.0,30.886138078679945,9.869553408108001e-05,721.0929493314819,1.0,0.0,0.37330873308733087,0.0,,,,,,,,,,,,,,,,,,,,,,,,,,,,,,,,,,,,,,,,
-22.95855712890625,0.008036389946937561,0.130615234375,,649999,,,,,,,1.8632142543792725,,,,9.869370735687346e-05,,,,,,,,,,,,,0.08456987142562866,0.37947750091552734,2.413832187652588,15.294151306152344,0.42560094594955444,0.677770733833313,0.3119605481624603,6.204740524291992,5.417476177215576,31.22557830810547,1.007003664970398,0.47926151752471924,20.891857147216797,11.003586769104004,0.45809459686279297,0.013725340366363525,23.45867347717285,27.316320419311523,0.08462195843458176,12.573002815246582,0.2847535312175751,16.901081085205078,20.084138870239258,0.4193485379219055,1.544058918952942,6.208561420440674,0.4983263909816742,0.059891849756240845,0.1344180703163147,0.7400079965591431,0.14273610711097717,0.3197389245033264,0.14997757971286774
-22.316957473754883,0.008035911247134209,0.17116029560565948,96.7696195026839,650186,4.94999999999999,1.0,632.1071097841486,0.5738869680481323,0.0,0,1.700932264328003,0.0,0.0,40.878787050205666,9.869333846322648e-05,639.3100824056194,0.0,0.0,0.3235438081253059,0.0,,,,,,,,,,,,,,,,,,,,,,,,,,,,,,,,,,,,,,,,
-22.018173217773438,0.008012124337255955,0.1850915402173996,37.52754374336036,650856,5.549999999999988,0.0,198.4751837644726,0.10642111077339823,1.0,0,0.9647224545478821,0.0,0.0,21.347353084153358,9.869201676440483e-05,71.40856532895022,0.0,0.0,0.10093549975381585,0.0,,,,,,,,,,,,,,,,,,,,,,,,,,,,,,,,,,,,,,,,
,,,,,,,,,,,,,,,,,,,,,23205,19,0.11662214249372482,908,1151.13,533.8849665100001,660857,,,,,,,,,,,,,,,,,,,,,,,,,,,,,,,,,
-22.723461151123047,0.00800334569066763,0.18691140413284302,523.7750455748701,653548,24.100000000000207,0.0,1605.1322163585573,0.5638028484360417,0.0,5,-0.8018078804016113,1.0,0.0,42.936428976019755,9.868670638657095e-05,1518.32107083826,0.0,0.0,1.0,0.0,,,,,,,,,,,,,,,,,,,,,,,,,,,,,,,,,,,,,,,,
-22.97678565979004,0.008054539561271667,0.16507065296173096,185.82877138598823,655396,5.999999999999987,0.0,1027.2485967380926,0.4832202121638947,0.0,4,1.3418796062469482,0.0,0.0,40.02390266217238,9.868306100972724e-05,893.4741722910413,1.0,0.0,0.47695749440715884,0.0,,,,,,,,,,,,,,,,,,,,,,,,,,,,,,,,,,,,,,,,
-21.46327781677246,0.008065585978329182,0.15579792857170105,196.69660427388908,656397,11.900000000000034,1.0,517.3175204927102,0.547597326178177,0.0,3,0.4346877932548523,0.0,0.0,37.20385289671991,9.868108645885906e-05,548.6925208305333,0.0,0.0,0.26093224411340704,0.0,,,,,,,,,,,,,,,,,,,,,,,,,,,,,,,,,,,,,,,,
-23.44580078125,0.008090904913842678,0.20489934086799622,0.0,657081,2.25,1.0,299.63638948462903,0.19246783903747192,0.0,0,-0.2945728003978729,0.0,0.0,31.520624703614153,9.867973722672789e-05,131.84046974066825,0.0,0.0,0.12358184764991896,0.0,,,,,,,,,,,,,,,,,,,,,,,,,,,,,,,,,,,,,,,,
,,,,,,,,,,,,,,,,,,,,,23526,19,0.11603198200464249,912,1163.67,536.66123564,667082,,,,,,,,,,,,,,,,,,,,,,,,,,,,,,,,,
-22.69344711303711,0.008092192932963371,0.16997045278549194,38.80868314396681,657239,0.25,0.0,87.43801323883235,0.41990067722871877,0.0,1,1.0752595663070679,0.0,0.0,39.74819268037242,9.867942556331393e-05,66.76420767936628,1.0,0.0,0.05792276964047936,0.0,,,,,,,,,,,,,,,,,,,,,,,,,,,,,,,,,,,,,,,,
-23.228782653808594,0.00809543114155531,0.13258975744247437,7.389754575910635,658111,42.39999999999973,1.0,231.99117410276085,0.246379710498546,0.0,0,-1.4883012771606445,0.0,0.0,19.15843281248687,9.867770550577612e-05,215.08948726523067,0.0,0.0,0.12228129531174481,0.0,,,,,,,,,,,,,,,,,,,,,,,,,,,,,,,,,,,,,,,,
-21.883014678955078,0.008288108743727207,0.13253635168075562,,659999,,,,,,,0.28676092624664307,,,,9.86739813961299e-05,,,,,,,,,,,,,0.08799652010202408,0.3877313733100891,2.4879682064056396,16.024089813232422,0.4345967769622803,0.6529392004013062,0.30595874786376953,6.393168926239014,5.123763084411621,31.57455062866211,1.066164493560791,0.4708373248577118,20.35338020324707,10.994951248168945,0.4622756540775299,0.014674846082925797,23.044885635375977,26.98455047607422,0.09047018736600876,12.64460563659668,0.28014692664146423,17.356338500976562,19.378679275512695,0.41996750235557556,1.5474648475646973,6.572886943817139,0.4689016342163086,0.06020082160830498,0.12397856265306473,0.7286041975021362,0.15098747611045837,0.3171932101249695,0.15133613348007202
-22.574708938598633,0.008336806669831276,0.2852014899253845,295.04682599504537,660679,66.69999999999835,1.0,1256.24873858504,0.5739875664172513,0.0,4,2.040196657180786,0.0,0.0,35.2312917148159,9.867264010275359e-05,1474.5740581259188,0.0,0.0,0.7876960193003619,0.0,,,,,,,,,,,,,,,,,,,,,,,,,,,,,,,,,,,,,,,,
-21.866178512573242,0.008367907255887985,0.12564486265182495,86.91563865229594,661284,2.4499999999999993,0.0,377.60502280201763,0.5002230918468504,0.0,1,0.9974408149719238,0.0,0.0,44.91027312824666,9.867144675384929e-05,303.1351936591914,1.0,0.0,0.18032786885245902,0.0,,,,,,,,,,,,,,,,,,,,,,,,,,,,,,,,,,,,,,,,
,,,,,,,,,,,,,,,,,,,,,23741,19,0.11558584123849869,916,1191.11,552.57929098,671285,,,,,,,,,,,,,,,,,,,,,,,,,,,,,,,,,
-22.66712188720703,0.008373519405722618,0.17768405377864838,0.0,661798,20.10000000000015,0.0,159.56163908459712,0.257181758976814,0.0,0,0.9963740706443787,0.0,0.0,22.347931969050453,9.867043290609863e-05,132.44860587305922,1.0,0.0,0.10549589387239419,0.0,,,,,,,,,,,,,,,,,,,,,,,,,,,,,,,,,,,,,,,,
-21.87317657470703,0.008466130122542381,0.1738179475069046,123.30002241463764,662843,37.10000000000003,0.0,398.9750273579266,0.5764384569108392,0.0,2,1.9979017972946167,0.0,0.0,27.484016114717882,9.86683716948091e-05,602.9546259287378,1.0,0.0,0.2222222222222222,0.0,,,,,,,,,,,,,,,,,,,,,,,,,,,,,,,,,,,,,,,,
-22.940589904785156,0.008476470597088337,0.16495473682880402,293.62209585625544,664417,0.35,0.0,869.3617049083114,0.4915923181521288,0.0,3,0.9170531630516052,0.0,0.0,39.76801780304238,9.866526709778628e-05,774.2579010896028,1.0,0.0,0.45319693094629154,0.0,,,,,,,,,,,,,,,,,,,,,,,,,,,,,,,,,,,,,,,,
-22.544864654541016,0.008517582900822163,0.17405620217323303,335.9080580559374,666866,65.9999999999984,1.0,1144.3146428633481,0.6203723240463527,0.0,4,0.3219131827354431,0.0,0.0,33.648070011992175,9.86604367264626e-05,1519.9121939135641,0.0,0.0,0.7249544626593807,0.0,,,,,,,,,,,,,,,,,,,,,,,,,,,,,,,,,,,,,,,,
,,,,,,,,,,,,,,,,,,,,,24028,19,0.115212582051754,920,1198.82,559.6891335700001,676867,,,,,,,,,,,,,,,,,,,,,,,,,,,,,,,,,
-22.693397521972656,0.00853544007986784,0.23545080423355103,234.79640910855298,668411,33.70000000000022,0.0,627.0912654735148,0.3270072612663682,0.0,2,1.795804500579834,0.0,0.0,29.22533201060934,9.865738945248648e-05,505.5532259178052,1.0,0.0,0.2900838677849038,0.0,,,,,,,,,,,,,,,,,,,,,,,,,,,,,,,,,,,,,,,,
-23.004013061523438,0.008552078157663345,0.18204128742218018,45.548197528186535,668791,0.0,0.0,233.69349488150328,0.5109069423130161,0.0,0,1.1474709510803223,0.0,0.0,44.23303823870521,9.865663996840009e-05,194.65554502125914,1.0,0.0,0.1261505143475907,0.0,,,,,,,,,,,,,,,,,,,,,,,,,,,,,,,,,,,,,,,,
-22.663265228271484,0.008572325110435486,0.16214214265346527,129.3467279329795,669213,5.349999999999989,0.0,252.8482707887888,0.3485567275905715,0.0,2,1.9316260814666748,0.0,0.0,43.085947097090276,9.865580764995212e-05,147.43949577081173,1.0,0.0,0.1701863354037267,0.0,,,,,,,,,,,,,,,,,,,,,,,,,,,,,,,,,,,,,,,,
-21.752458572387695,0.008600202389061451,0.29108262062072754,,669999,,,,,,,1.7721788883209229,,,,9.865425741694211e-05,,,,,,,,,,,,,0.08863075077533722,0.3766607940196991,2.527153968811035,15.543225288391113,0.44904065132141113,0.6647008061408997,0.2965603768825531,6.457448959350586,5.7561492919921875,32.716148376464844,0.9067864418029785,0.48054438829421997,19.59420394897461,10.446837425231934,0.47219210863113403,0.012445962056517601,22.897737503051758,27.4294376373291,0.09581445157527924,12.237813949584961,0.2689373195171356,17.482383728027344,19.023832321166992,0.42365264892578125,1.4940024614334106,6.980837821960449,0.4610067903995514,0.061240822076797485,0.13948944211006165,0.7179344892501831,0.15174663066864014,0.3142794966697693,0.14338651299476624
-22.372726440429688,0.008605141192674637,0.17057576775550842,0.0,670314,2.3999999999999995,1.0,354.5184942772612,0.03434140275424554,0.0,0,-2.6333072185516357,0.0,0.0,23.185542313796766,9.86536361437903e-05,37.844225835178584,0.0,0.0,0.22785622593068036,0.0,,,,,,,,,,,,,,,,,,,,,,,,,,,,,,,,,,,,,,,,
,,,,,,,,,,,,,,,,,,,,,24223,19,0.11499626189470291,924,1223.91,565.83076111,680315,,,,,,,,,,,,,,,,,,,,,,,,,,,,,,,,,
-22.640939712524414,0.008605949580669403,0.14989757537841797,245.2696459824919,673063,72.19999999999804,1.0,1305.4209856344387,0.579678213886531,0.0,3,0.08267796039581299,0.0,0.0,34.19613903766521,9.86482143863085e-05,1594.11508818796,0.0,0.0,0.7782779966235228,0.0,,,,,,,,,,,,,,,,,,,,,,,,,,,,,,,,,,,,,,,,
-21.82546615600586,0.008622939698398113,0.15455976128578186,280.36092515647005,674532,27.70000000000026,0.0,636.5244995793328,0.36799459815396524,1.0,3,1.2156338691711426,0.0,0.0,31.202460660887745,9.864531718988182e-05,540.9520592863289,0.0,0.0,0.25340715502555367,0.0,,,,,,,,,,,,,,,,,,,,,,,,,,,,,,,,,,,,,,,,
-21.584152221679688,0.008730930276215076,0.19059087336063385,160.75314705771294,678407,103.09999999999629,1.0,1669.169963620603,0.45790246391275574,0.0,2,1.4314842224121094,0.0,0.0,31.026970213955153,9.863767502871219e-05,1774.8299501258412,0.0,0.0,0.8532663316582915,0.0,,,,,,,,,,,,,,,,,,,,,,,,,,,,,,,,,,,,,,,,
-23.158443450927734,0.008730472065508366,0.1268404722213745,,679999,,,,,,,-3.527083396911621,,,,9.86345354193101e-05,,,,,,,,,,,,,0.08176455646753311,0.35234153270721436,2.3202970027923584,14.381985664367676,0.43938690423965454,0.6932528018951416,0.3087695240974426,6.036093711853027,5.90875244140625,32.436798095703125,0.9405477046966553,0.46985924243927,21.88525390625,9.706793785095215,0.46910810470581055,0.012740600854158401,22.01194953918457,28.297405242919922,0.0945853590965271,12.603449821472168,0.29645630717277527,16.737241744995117,19.750877380371094,0.41004252433776855,1.5881625413894653,6.98256254196167,0.48387300968170166,0.05684451758861542,0.14475740492343903,0.7462128400802612,0.14785587787628174,0.2981725335121155,0.131487637758255
-22.937925338745117,0.008713777177035809,0.15074419975280762,218.2106474763764,681582,53.4499999999991,1.0,1653.3605772098526,0.624766152810424,0.0,4,1.3920259475708008,0.0,0.0,37.50122960380739,9.863141360875289e-05,1984.2573013259068,0.0,0.0,0.8361469712015889,0.0,,,,,,,,,,,,,,,,,,,,,,,,,,,,,,,,,,,,,,,,
,,,,,,,,,,,,,,,,,,,,,24802,19,0.11420105397701263,928,1300.11,611.06633021,691583,,,,,,,,,,,,,,,,,,,,,,,,,,,,,,,,,
-23.94070816040039,0.008679607883095741,0.13868574798107147,33.09533086187587,682200,25.10000000000022,0.0,221.037279330194,0.33769701002692104,0.0,0,1.2916030883789062,0.0,0.0,25.74869826220979,9.863019487369877e-05,209.03444920666414,1.0,0.0,0.09979123173277661,0.0,,,,,,,,,,,,,,,,,,,,,,,,,,,,,,,,,,,,,,,,
-23.575790405273438,0.008690175600349903,0.1407400220632553,0.0,682280,2.0500000000000007,0.0,34.6363339247182,-0.05407204058148197,0.0,0,1.491110920906067,0.0,0.0,31.014056698769142,9.863003710919646e-05,-4.37983528710004,1.0,0.0,0.017998941238750663,0.0,,,,,,,,,,,,,,,,,,,,,,,,,,,,,,,,,,,,,,,,
-24.29983139038086,0.008686845190823078,0.1464628279209137,40.87735472514125,682565,0.0,0.0,158.53459015954286,0.3525793026811338,0.0,1,-0.751564621925354,0.0,0.0,39.96382289226927,9.862947507418768e-05,100.83768056680427,1.0,0.0,0.06393244873341375,0.0,,,,,,,,,,,,,,,,,,,,,,,,,,,,,,,,,,,,,,,,
-23.84132194519043,0.008492949418723583,0.12491496652364731,93.93349936253385,685131,73.89999999999795,0.0,1149.7830920917913,0.5723454714161801,0.0,2,-1.2975565195083618,0.0,0.0,32.2674449754364,9.862441485953794e-05,1469.2108251253342,1.0,0.0,0.7287009063444109,0.0,,,,,,,,,,,,,,,,,,,,,,,,,,,,,,,,,,,,,,,,
,,,,,,,,,,,,,,,,,,,,,24984,19,0.11399292200803757,932,1294.15,608.4926993199999,695132,,,,,,,,,,,,,,,,,,,,,,,,,,,,,,,,,
-24.49099349975586,0.008493112400174141,0.32512643933296204,17.201295281515197,685217,0.0,1.0,31.887591177830473,0.23253798254325753,0.0,0,1.6336382627487183,0.0,0.0,26.611442197426708,9.862424526769791e-05,20.230804481263405,0.0,0.0,0.015252621544327931,0.0,,,,,,,,,,,,,,,,,,,,,,,,,,,,,,,,,,,,,,,,
-22.562089920043945,0.008419064804911613,0.14558818936347961,171.45410380139498,686854,45.74999999999954,1.0,688.1505958838388,0.5515197666066114,0.0,2,-0.5358374714851379,0.0,0.0,30.27602768369964,9.86210171346883e-05,903.3893777016294,0.0,0.0,0.3149049093321539,0.0,,,,,,,,,,,,,,,,,,,,,,,,,,,,,,,,,,,,,,,,
-22.821123123168945,0.008381033316254616,0.15089136362075806,14.051892787895271,687332,4.199999999999993,0.0,190.77355119306594,0.26202475973883554,1.0,0,1.503598928451538,0.0,0.0,28.75755788476793,9.862007453775389e-05,125.50985991490222,0.0,0.0,0.09928716904276985,0.0,,,,,,,,,,,,,,,,,,,,,,,,,,,,,,,,,,,,,,,,
-23.008689880371094,0.008365171030163765,0.19188910722732544,0.0,688075,33.05000000000026,1.0,234.3092868849635,0.3901844071554489,0.0,0,1.5333870649337769,0.0,0.0,22.708302262131305,9.861860938037764e-05,290.297198923654,0.0,0.0,0.09780844155844155,0.0,,,,,,,,,,,,,,,,,,,,,,,,,,,,,,,,,,,,,,,,
,,,,,,,,,,,,,,,,,,,,,25144,19,0.11381635069847107,936,1281.27,599.2703389499999,698076,,,,,,,,,,,,,,,,,,,,,,,,,,,,,,,,,
-23.765926361083984,0.008348052389919758,0.13857224583625793,28.475942847378892,688342,0.0,0.0,107.3408918576315,0.11970162011373169,0.0,0,1.1271109580993652,0.0,0.0,28.939937229281156,9.861808287292908e-05,32.08003419048009,1.0,0.0,0.056553911205074,0.0,,,,,,,,,,,,,,,,,,,,,,,,,,,,,,,,,,,,,,,,
-23.51309585571289,0.00830275658518076,0.1469884216785431,99.5857704370058,689302,37.6,1.0,329.2094580307603,0.5689155982152467,0.0,0,2.005610466003418,0.0,0.0,24.703722238630306,9.861618982411046e-05,546.7278898848521,0.0,0.0,0.15723270440251572,0.0,,,,,,,,,,,,,,,,,,,,,,,,,,,,,,,,,,,,,,,,
-23.527469635009766,0.008293944410979748,0.26699143648147583,93.79661655265322,689820,7.94999999999998,0.0,296.1266978243366,0.39712087183717626,0.0,2,0.027865499258041382,0.0,0.0,41.135899355898864,9.861516837410417e-05,206.10573248349448,1.0,0.0,0.1484118291347207,0.0,,,,,,,,,,,,,,,,,,,,,,,,,,,,,,,,,,,,,,,,
-22.671398162841797,0.008294071070849895,0.32916343212127686,5.781395000563564,689940,0.49999999999999994,1.0,54.64080277271569,0.20916722069759347,0.0,0,1.4849072694778442,0.0,0.0,32.726296803513684,9.861493174551762e-05,25.30923370440881,0.0,0.0,0.03346797461050202,0.0,,,,,,,,,,,,,,,,,,,,,,,,,,,,,,,,,,,,,,,,
,,,,,,,,,,,,,,,,,,,,,25242,19,0.11369723081588745,940,1256.23,584.46009026,699941,,,,,,,,,,,,,,,,,,,,,,,,,,,,,,,,,
-22.33222007751465,0.008293078280985355,0.14708632230758667,,689999,,,,,,,0.17444643378257751,,,,9.861481540323388e-05,,,,,,,,,,,,,0.0987318754196167,0.36972036957740784,2.4437594413757324,14.86486530303955,0.41640186309814453,0.667594850063324,0.3463311195373535,7.105287075042725,6.031110763549805,29.96656036376953,0.9582233428955078,0.4881535470485687,21.159221649169922,11.035680770874023,0.4564475417137146,0.013315041549503803,23.407896041870117,26.841114044189453,0.08847479522228241,13.924482345581055,0.29401904344558716,17.127965927124023,18.766700744628906,0.4260084629058838,1.5277899503707886,6.367131233215332,0.46676719188690186,0.06078142300248146,0.15000638365745544,0.7457960844039917,0.15113098919391632,0.3252656161785126,0.15334686636924744
-23.066606521606445,0.008284186013042927,0.17581188678741455,3.357584193437034,690625,17.700000000000117,1.0,279.0817523756996,0.39171548195166844,0.0,0,-3.6668639183044434,0.0,0.0,29.346501199371584,9.861358099613282e-05,268.71682061884457,0.0,0.0,0.11776691116544417,0.0,,,,,,,,,,,,,,,,,,,,,,,,,,,,,,,,,,,,,,,,
-23.083988189697266,0.008196530863642693,0.16721254587173462,235.3927268127508,693471,70.79999999999812,1.0,1358.0660370215774,0.5826971163345775,0.0,5,-0.3405388593673706,0.0,0.0,34.36444784092449,9.860796907708644e-05,1658.9386902045424,0.0,0.0,0.9433333333333334,0.0,,,,,,,,,,,,,,,,,,,,,,,,,,,,,,,,,,,,,,,,
-23.762710571289062,0.00791847426444292,0.15677180886268616,261.31492921824224,697007,56.04999999999895,0.0,1851.9462705422193,0.5833796728330359,0.0,4,-11.965160369873047,1.0,0.0,37.7186181866021,9.860099679689628e-05,2063.4139028104482,0.0,0.0,1.0,0.0,,,,,,,,,,,,,,,,,,,,,,,,,,,,,,,,,,,,,,,,
-23.907609939575195,0.007841723971068859,0.12811270356178284,273.65753015271713,698384,20.85000000000016,0.0,775.3663604957983,0.5632426257193853,0.0,4,0.8056830167770386,0.0,0.0,40.53615559547817,9.859828169711958e-05,776.148338241313,1.0,0.0,0.5147435897435897,0.0,,,,,,,,,,,,,,,,,,,,,,,,,,,,,,,,,,,,,,,,
,,,,,,,,,,,,,,,,,,,,,25679,19,0.11293666064739227,944,1294.3,611.36569912,708385,,,,,,,,,,,,,,,,,,,,,,,,,,,,,,,,,
-22.636550903320312,0.007813379168510437,0.21346279978752136,113.21962900172768,699314,6.799999999999984,1.0,522.8749764843378,0.4703086028746364,0.0,1,-0.39707326889038086,0.0,0.0,40.46750063425642,9.859644799085877e-05,437.85730927628646,0.0,0.0,0.3062360801781737,0.0,,,,,,,,,,,,,,,,,,,,,,,,,,,,,,,,,,,,,,,,
-22.768903732299805,0.007807985879480839,0.13728483021259308,0.0,699449,2.1500000000000004,0.0,73.07085968926549,0.15986446998249668,0.0,0,0.6066572666168213,0.0,0.0,38.79936516055941,9.859618180911636e-05,21.741567917619548,1.0,0.0,0.03545051698670606,0.0,,,,,,,,,,,,,,,,,,,,,,,,,,,,,,,,,,,,,,,,
-23.760475158691406,0.0078120450489223,0.18554532527923584,24.153310090513386,699556,0.2,0.0,46.35650131246075,0.15321983510507237,0.0,0,-0.7766462564468384,0.0,0.0,31.14248687186986,9.859597083569561e-05,16.547742191347815,1.0,0.0,0.02418054809242343,0.0,,,,,,,,,,,,,,,,,,,,,,,,,,,,,,,,,,,,,,,,
-23.56121826171875,0.007809520233422518,0.3392314314842224,78.9036520376316,699972,3.1999999999999966,0.0,236.1208601044491,0.41555825781895395,0.0,1,0.5440647602081299,0.0,0.0,40.823626372082416,9.859515060473875e-05,173.2877935105038,1.0,0.0,0.10955477738869435,0.0,,,,,,,,,,,,,,,,,,,,,,,,,,,,,,,,,,,,,,,,
,,,,,,,,,,,,,,,,,,,,,25762,19,0.11277542263269424,948,1268.45,599.55711081,709973,,,,,,,,,,,,,,,,,,,,,,,,,,,,,,,,,
-23.135419845581055,0.007810503244400024,0.2086283266544342,,699999,,,,,,,-5.287574768066406,,,,9.859509736871342e-05,,,,,,,,,,,,,0.08321801573038101,0.36846786737442017,2.67661714553833,15.303397178649902,0.41413795948028564,0.6428093314170837,0.31072068214416504,6.299182891845703,5.579906940460205,31.3481502532959,1.1521726846694946,0.4952470660209656,20.76718521118164,9.98290729522705,0.45311254262924194,0.015221262350678444,23.82749366760254,26.697486877441406,0.08749476075172424,12.905011177062988,0.27435365319252014,18.45932960510254,18.378257751464844,0.4444548785686493,1.3829749822616577,6.62291145324707,0.44250285625457764,0.06444630771875381,0.13435031473636627,0.6849142909049988,0.13918417692184448,0.31478315591812134,0.1318833976984024
-23.017257690429688,0.007786455564200878,0.17148077487945557,16.513799347080244,701104,39.54999999999989,0.0,366.34349010232836,0.34569795026819605,0.0,0,1.3985259532928467,0.0,0.0,23.31352240592058,9.859291864747753e-05,391.67577765386613,1.0,0.0,0.1534090909090909,0.0,,,,,,,,,,,,,,,,,,,,,,,,,,,,,,,,,,,,,,,,
-23.301025390625,0.007790629286319017,0.17794622480869293,551.4926298970631,704875,15.15000000000008,0.0,2394.671024190262,0.6146644551709717,0.0,7,0.021753162145614624,0.0,0.0,45.725079092730006,9.858548357374574e-05,2318.514324904905,1.0,0.0,0.9967118783394986,0.0,,,,,,,,,,,,,,,,,,,,,,,,,,,,,,,,,,,,,,,,
-23.3281192779541,0.007793285883963108,0.3851698040962219,68.88891591256478,705303,1.5000000000000007,0.0,223.73383130133152,0.4111983025492834,0.0,0,1.272847056388855,0.0,0.0,37.598542126036875,9.858463972744213e-05,176.40407179364257,1.0,0.0,0.10236220472440945,0.0,,,,,,,,,,,,,,,,,,,,,,,,,,,,,,,,,,,,,,,,
-22.786216735839844,0.007785374764353037,0.15012839436531067,360.4282457879479,709422,133.39999999999608,0.0,1676.1782732196152,0.5707048790480385,0.0,5,1.0042582750320435,0.0,0.0,29.305318649634287,9.857651887813553e-05,2351.3041016779184,1.0,0.0,0.853055286129971,0.0,,,,,,,,,,,,,,,,,,,,,,,,,,,,,,,,,,,,,,,,
,,,,,,,,,,,,,,,,,,,,,26244,19,0.11185169219970703,952,1346.02,646.32992244,719423,,,,,,,,,,,,,,,,,,,,,,,,,,,,,,,,,
-23.683025360107422,0.00777654442936182,0.1531042456626892,,709999,,,,,,,-2.8564586639404297,,,,9.857538131574875e-05,,,,,,,,,,,,,0.0811864584684372,0.38817018270492554,2.4589338302612305,15.579813957214355,0.4179632365703583,0.6615421772003174,0.31856057047843933,5.916445255279541,6.014266490936279,30.4589786529541,0.8613713979721069,0.49357444047927856,20.713241577148438,11.007556915283203,0.45953965187072754,0.01181988324970007,23.412199020385742,26.552026748657227,0.10470283031463623,12.785923957824707,0.2842305898666382,17.41733169555664,19.191707611083984,0.43395179510116577,1.5102225542068481,7.6301960945129395,0.4781602919101715,0.06126419082283974,0.14984509348869324,0.745407223701477,0.1504630446434021,0.32126614451408386,0.15104754269123077
-22.59103012084961,0.0077075655572116375,0.14827165007591248,157.920563664558,712738,87.19999999999719,0.0,1579.4117975011468,0.600345673112094,0.0,4,-1.9248480796813965,0.0,0.0,34.29979364466019,9.856998143454515e-05,1991.3465977128155,0.0,1.0,0.7801932367149759,0.0,,,,,,,,,,,,,,,,,,,,,,,,,,,,,,,,,,,,,,,,
-23.915203094482422,0.007709859404712915,0.1290733963251114,0.0,712977,0.0,0.0,143.6157230567187,0.43057394436900104,0.0,0,-0.44517800211906433,0.0,0.0,43.192419069365,9.85695102580965e-05,103.33774664856026,1.0,0.0,0.068343616516374,0.0,,,,,,,,,,,,,,,,,,,,,,,,,,,,,,,,,,,,,,,,
-24.257951736450195,0.007698184344917536,0.14699827134609222,0.0,713057,0.7500000000000001,1.0,30.009057166986167,-0.11791149771253581,0.0,0,-5.243812561035156,0.0,0.0,26.942014289795303,9.856935254238329e-05,-9.550831314715401,0.0,0.0,0.013602457218078104,0.0,,,,,,,,,,,,,,,,,,,,,,,,,,,,,,,,,,,,,,,,
-23.96812629699707,0.007687524426728487,0.2096768021583557,0.0,713627,20.550000000000157,1.0,232.2219951711595,0.507867757383654,0.0,0,-3.8473494052886963,0.0,0.0,29.314787281094247,9.856822882159738e-05,289.99248946606644,0.0,0.0,0.12140115163147792,0.0,,,,,,,,,,,,,,,,,,,,,,,,,,,,,,,,,,,,,,,,
,,,,,,,,,,,,,,,,,,,,,26460,19,0.11139576137065887,956,1350.31,653.51141181,723628,,,,,,,,,,,,,,,,,,,,,,,,,,,,,,,,,
-24.11191177368164,0.007662959862500429,0.14120323956012726,95.37002687055488,715240,67.6499999999983,0.0,551.9275824306533,0.5626121550070122,0.0,2,-0.3298836350440979,0.0,0.0,24.635850392188214,9.856504892380434e-05,908.0560181813177,1.0,0.0,0.2874454677653902,0.0,,,,,,,,,,,,,,,,,,,,,,,,,,,,,,,,,,,,,,,,
-22.61419677734375,0.00766786839812994,0.17202627658843994,7.506797752947651,715302,0.35,1.0,23.426775267347693,0.16143361941884454,0.0,0,1.768216609954834,0.0,0.0,27.13837762088307,9.856492669689576e-05,10.170318023387207,0.0,0.0,0.011208576998050682,0.0,,,,,,,,,,,,,,,,,,,,,,,,,,,,,,,,,,,,,,,,
-24.115957260131836,0.00760542182251811,0.13595229387283325,147.19111668553256,717990,99.89999999999647,0.0,1057.959702200722,0.6080052087830823,0.0,2,0.2955499291419983,0.0,0.0,28.34509129068024,9.855962764222723e-05,1634.9260064177083,1.0,0.0,0.5309859154929577,0.0,,,,,,,,,,,,,,,,,,,,,,,,,,,,,,,,,,,,,,,,
-23.503707885742188,0.00748562952503562,0.11332029104232788,,719999,,,,,,,-2.018561840057373,,,,9.855566724433985e-05,,,,,,,,,,,,,0.08444520086050034,0.3875446915626526,2.420217752456665,15.574627876281738,0.4151308834552765,0.6443954110145569,0.3376765847206116,6.050044059753418,6.494795322418213,29.741891860961914,0.9172714948654175,0.5157389640808105,20.907054901123047,11.296646118164062,0.4588020145893097,0.012803076766431332,24.0972957611084,25.89693260192871,0.09756205976009369,13.57052993774414,0.2918161451816559,18.02027130126953,18.022628784179688,0.4483998417854309,1.3614532947540283,6.989796161651611,0.4484585225582123,0.06022246927022934,0.16161051392555237,0.7021545171737671,0.14355602860450745,0.336344838142395,0.15767613053321838
